;FLAVOR:Marlin
;TIME:3721
;Filament used: 4.60476m
;Layer height: 0.28
;MINX:111.86
;MINY:101.86
;MINZ:0.28
;MAXX:188.14
;MAXY:198.14
;MAXZ:7
;TARGET_MACHINE.NAME:Artillery Sidewinder X1
;Generated with Cura_SteamEngine 5.13.0
M140 S60
M105
M190 S60
M104 S200
M105
M109 S200
G28 ; home all axes
 M117 Purge extruder
 G92 E0 ; reset extruder
 G1 Z1.0 F3000 ; move z up little to prevent scratching of surface
 G1 X2 Y20 Z0.3 F5000.0 ; move to start-line position
 G1 X2 Y200.0 Z0.3 F1500.0 E15 ; draw 1st line
 G1 X2 Y200.0 Z0.4 F5000.0 ; move to side a little
 G1 X2 Y20 Z0.4 F1500.0 E30 ; draw 2nd line
 G92 E0 ; reset extruder
 G1 Z1.0 F3000 ; move z up little to prevent scratching of surface
M82 ;absolute extrusion mode
G92 E0
G92 E0
G1 F1500 E-2
;LAYER_COUNT:25
;LAYER:0
M107
G0 F6000 X113.959 Y104.567 Z0.28
;TYPE:SKIRT
G1 F1500 E0
G1 F1200 X114.865 Y103.616 E0.06728
G1 X116.637 Y102.551 E0.17317
G1 X118.737 Y101.86 E0.28641
G1 X180.9 Y101.86 E3.47044
G1 X182.716 Y102.319 E3.56638
G1 X183.785 Y102.726 E3.62497
G1 X185.433 Y103.959 E3.73039
G1 X186.384 Y104.865 E3.79767
G1 X187.449 Y106.637 E3.90356
G1 X188.14 Y108.737 E4.0168
G1 X188.14 Y117.9 E4.48613
G1 X187.681 Y119.716 E4.58207
G1 X187.274 Y120.785 E4.64066
G1 X186.041 Y122.433 E4.74608
G1 X185.135 Y123.384 E4.81336
G1 X183.363 Y124.449 E4.91926
G1 X181.263 Y125.14 E5.03249
G1 X177.14 Y125.14 E5.24368
G1 X177.14 Y190.856 E8.60969
G1 X176.681 Y192.793 E8.71165
G1 X175.645 Y194.864 E8.83026
G1 X173.804 Y196.653 E8.96175
G1 X171.71 Y197.763 E9.08314
G1 X169.747 Y198.14 E9.18552
G1 X158.1 Y198.14 E9.78209
G1 X156.284 Y197.681 E9.87803
G1 X155.215 Y197.274 E9.93662
G1 X153.567 Y196.041 E10.04204
G1 X152.616 Y195.135 E10.10932
G1 X151.551 Y193.363 E10.21522
G1 X150.86 Y191.263 E10.32845
G1 X150.86 Y125.14 E13.71531
G1 X150.14 Y125.14 E13.75219
G1 X150.14 Y190.9 E17.12046
G1 X149.681 Y192.716 E17.2164
G1 X149.274 Y193.785 E17.27499
G1 X148.041 Y195.433 E17.38041
G1 X147.135 Y196.384 E17.44769
G1 X145.363 Y197.449 E17.55358
G1 X143.263 Y198.14 E17.66682
G1 X130.1 Y198.14 E18.34104
G1 X128.284 Y197.681 E18.43698
G1 X127.215 Y197.274 E18.49557
G1 X125.567 Y196.041 E18.60099
G1 X124.616 Y195.135 E18.66827
G1 X123.551 Y193.363 E18.77416
G1 X122.86 Y191.263 E18.8874
G1 X122.86 Y125.14 E22.27426
G1 X119.1 Y125.14 E22.46685
G1 X117.284 Y124.681 E22.56279
G1 X116.215 Y124.274 E22.62138
G1 X114.567 Y123.041 E22.7268
G1 X113.616 Y122.135 E22.79408
G1 X112.551 Y120.363 E22.89997
G1 X111.86 Y118.263 E23.01321
G1 X111.86 Y109.1 E23.48254
G1 X112.319 Y107.284 E23.57849
G1 X112.726 Y106.215 E23.63707
G1 X113.959 Y104.567 E23.7425
G0 F6000 X114.278 Y104.871
G1 F1200 X115.145 Y103.961 E23.80688
G1 X116.822 Y102.953 E23.9071
G1 X118.807 Y102.3 E24.01413
G1 X180.843 Y102.3 E27.19165
G1 X182.608 Y102.746 E27.2849
G1 X183.571 Y103.116 E27.33774
G1 X185.129 Y104.278 E27.43729
G1 X186.039 Y105.145 E27.50167
G1 X187.047 Y106.822 E27.60189
G1 X187.7 Y108.807 E27.70892
G1 X187.7 Y117.843 E28.17175
G1 X187.254 Y119.608 E28.265
G1 X186.884 Y120.571 E28.31784
G1 X185.722 Y122.129 E28.41739
G1 X184.855 Y123.039 E28.48177
G1 X183.178 Y124.047 E28.58199
G1 X181.193 Y124.7 E28.68902
G1 X176.7 Y124.7 E28.91916
G1 X176.7 Y190.806 E32.30515
G1 X176.266 Y192.639 E32.40163
G1 X175.285 Y194.6 E32.51394
G1 X173.541 Y196.294 E32.63847
G1 X171.561 Y197.344 E32.75327
G1 X169.706 Y197.7 E32.85002
G1 X158.157 Y197.7 E33.44156
G1 X156.392 Y197.254 E33.53481
G1 X155.429 Y196.884 E33.58765
G1 X153.871 Y195.722 E33.6872
G1 X152.961 Y194.855 E33.75158
G1 X151.953 Y193.178 E33.8518
G1 X151.3 Y191.193 E33.95883
G1 X151.3 Y124.7 E37.36465
G1 X149.7 Y124.7 E37.4466
G1 X149.7 Y190.843 E40.83448
G1 X149.254 Y192.608 E40.92773
G1 X148.884 Y193.571 E40.98057
G1 X147.722 Y195.129 E41.08012
G1 X146.855 Y196.039 E41.1445
G1 X145.178 Y197.047 E41.24472
G1 X143.193 Y197.7 E41.35175
G1 X130.157 Y197.7 E42.01947
G1 X128.392 Y197.254 E42.11271
G1 X127.429 Y196.884 E42.16555
G1 X125.871 Y195.722 E42.26511
G1 X124.961 Y194.855 E42.32949
G1 X123.953 Y193.178 E42.42971
G1 X123.3 Y191.193 E42.53674
G1 X123.3 Y124.7 E45.94255
G1 X119.157 Y124.7 E46.15476
G1 X117.392 Y124.254 E46.248
G1 X116.429 Y123.884 E46.30084
G1 X114.871 Y122.722 E46.4004
G1 X113.961 Y121.855 E46.46478
G1 X112.953 Y120.178 E46.565
G1 X112.3 Y118.193 E46.67203
G1 X112.3 Y109.157 E47.13486
G1 X112.746 Y107.392 E47.2281
G1 X113.116 Y106.429 E47.28094
G1 X114.278 Y104.871 E47.3805
G0 F6000 X114.597 Y105.174
G1 F1200 X115.422 Y104.308 E47.44176
G1 X117.006 Y103.356 E47.53642
G1 X118.878 Y102.74 E47.63736
G1 X180.786 Y102.74 E50.80833
G1 X182.5 Y103.173 E50.89888
G1 X183.357 Y103.505 E50.94595
G1 X184.826 Y104.597 E51.03971
G1 X185.692 Y105.422 E51.10097
G1 X186.644 Y107.006 E51.19563
G1 X187.26 Y108.878 E51.29657
G1 X187.26 Y117.786 E51.75285
G1 X186.827 Y119.5 E51.8434
G1 X186.495 Y120.357 E51.89047
G1 X185.403 Y121.826 E51.98423
G1 X184.578 Y122.692 E52.04549
G1 X182.994 Y123.644 E52.14015
G1 X181.122 Y124.26 E52.24109
G1 X176.26 Y124.26 E52.49013
G1 X176.26 Y190.756 E55.89609
G1 X175.851 Y192.485 E55.9871
G1 X174.924 Y194.338 E56.09322
G1 X173.28 Y195.934 E56.21058
G1 X171.412 Y196.925 E56.31889
G1 X169.665 Y197.26 E56.41001
G1 X158.214 Y197.26 E56.99653
G1 X156.5 Y196.827 E57.08708
G1 X155.643 Y196.495 E57.13416
G1 X154.174 Y195.403 E57.22791
G1 X153.308 Y194.578 E57.28918
G1 X152.356 Y192.994 E57.38384
G1 X151.74 Y191.122 E57.48478
G1 X151.74 Y124.26 E60.90949
G1 X149.26 Y124.26 E61.03652
G1 X149.26 Y190.786 E64.44402
G1 X148.827 Y192.5 E64.53457
G1 X148.495 Y193.357 E64.58165
G1 X147.403 Y194.826 E64.6754
G1 X146.578 Y195.692 E64.73667
G1 X144.994 Y196.644 E64.83132
G1 X143.122 Y197.26 E64.93227
G1 X130.214 Y197.26 E65.59342
G1 X128.5 Y196.827 E65.68397
G1 X127.643 Y196.495 E65.73105
G1 X126.174 Y195.403 E65.8248
G1 X125.308 Y194.578 E65.88607
G1 X124.356 Y192.994 E65.98073
G1 X123.74 Y191.122 E66.08167
G1 X123.74 Y124.26 E69.50638
G1 X119.214 Y124.26 E69.73821
G1 X117.5 Y123.827 E69.82876
G1 X116.643 Y123.495 E69.87583
G1 X115.174 Y122.403 E69.96959
G1 X114.308 Y121.578 E70.03085
G1 X113.356 Y119.994 E70.12551
G1 X112.74 Y118.122 E70.22645
G1 X112.74 Y109.214 E70.68272
G1 X113.173 Y107.5 E70.77327
G1 X113.505 Y106.643 E70.82035
G1 X114.597 Y105.174 E70.9141
G0 F6000 X114.916 Y105.478
G1 F1200 X115.702 Y104.653 E70.97247
G1 X117.191 Y103.758 E71.06145
G1 X118.948 Y103.18 E71.15619
G1 X180.729 Y103.18 E74.32065
G1 X182.392 Y103.6 E74.40851
G1 X183.141 Y103.893 E74.4497
G1 X184.522 Y104.916 E74.53773
G1 X185.347 Y105.702 E74.5961
G1 X186.242 Y107.191 E74.68508
G1 X186.82 Y108.948 E74.77982
G1 X186.82 Y117.729 E75.22959
G1 X186.4 Y119.392 E75.31744
G1 X186.107 Y120.141 E75.35864
G1 X185.084 Y121.522 E75.44667
G1 X184.298 Y122.347 E75.50503
G1 X182.809 Y123.242 E75.59402
G1 X181.052 Y123.82 E75.68876
G1 X175.82 Y123.82 E75.95674
G1 X175.82 Y190.706 E79.38268
G1 X175.436 Y192.331 E79.46821
G1 X174.563 Y194.076 E79.56815
G1 X173.019 Y195.574 E79.67834
G1 X171.263 Y196.506 E79.78017
G1 X169.624 Y196.82 E79.86565
G1 X158.271 Y196.82 E80.44715
G1 X156.608 Y196.4 E80.53501
G1 X155.859 Y196.107 E80.5762
G1 X154.478 Y195.084 E80.66423
G1 X153.653 Y194.298 E80.7226
G1 X152.758 Y192.809 E80.81158
G1 X152.18 Y191.052 E80.90632
G1 X152.18 Y123.82 E84.34998
G1 X148.82 Y123.82 E84.52209
G1 X148.82 Y190.729 E87.94921
G1 X148.4 Y192.392 E88.03706
G1 X148.107 Y193.141 E88.07825
G1 X147.084 Y194.522 E88.16628
G1 X146.298 Y195.347 E88.22465
G1 X144.809 Y196.242 E88.31363
G1 X143.052 Y196.82 E88.40837
G1 X130.271 Y196.82 E89.06302
G1 X128.608 Y196.4 E89.15088
G1 X127.859 Y196.107 E89.19207
G1 X126.478 Y195.084 E89.2801
G1 X125.653 Y194.298 E89.33847
G1 X124.758 Y192.809 E89.42745
G1 X124.18 Y191.052 E89.52219
G1 X124.18 Y123.82 E92.96586
G1 X119.271 Y123.82 E93.2173
G1 X117.608 Y123.4 E93.30515
G1 X116.859 Y123.107 E93.34635
G1 X115.478 Y122.084 E93.43438
G1 X114.653 Y121.298 E93.49274
G1 X113.758 Y119.809 E93.58173
G1 X113.18 Y118.052 E93.67646
G1 X113.18 Y109.271 E94.12623
G1 X113.6 Y107.608 E94.21409
G1 X113.893 Y106.859 E94.25528
G1 X114.916 Y105.478 E94.34331
G0 F6000 X115.235 Y105.781
G1 F1200 X115.979 Y105 E94.39856
G1 X117.375 Y104.161 E94.48199
G1 X119.019 Y103.62 E94.57063
G1 X180.673 Y103.62 E97.72859
G1 X182.232 Y104.01 E97.8109
G1 X182.927 Y104.282 E97.84913
G1 X184.219 Y105.235 E97.93136
G1 X185 Y105.979 E97.98661
G1 X185.839 Y107.375 E98.07004
G1 X186.38 Y109.019 E98.15869
G1 X186.38 Y117.673 E98.60195
G1 X185.99 Y119.232 E98.68426
G1 X185.718 Y119.927 E98.72249
G1 X184.765 Y121.219 E98.80472
G1 X184.021 Y122 E98.85997
G1 X182.625 Y122.839 E98.9434
G1 X180.981 Y123.38 E99.03204
G1 X175.38 Y123.38 E99.31893
G1 X175.38 Y190.656 E102.76485
G1 X175.02 Y192.181 E102.84511
G1 X174.204 Y193.812 E102.93852
G1 X172.758 Y195.214 E103.04168
G1 X171.114 Y196.087 E103.13703
G1 X169.583 Y196.38 E103.21687
G1 X158.327 Y196.38 E103.79341
G1 X156.768 Y195.99 E103.87572
G1 X156.073 Y195.718 E103.91395
G1 X154.781 Y194.765 E103.99618
G1 X154 Y194.021 E104.05143
G1 X153.161 Y192.625 E104.13485
G1 X152.62 Y190.981 E104.2235
G1 X152.62 Y123.38 E107.68607
G1 X148.38 Y123.38 E107.90324
G1 X148.38 Y190.673 E111.35003
G1 X147.99 Y192.232 E111.43234
G1 X147.718 Y192.927 E111.47057
G1 X146.765 Y194.219 E111.5528
G1 X146.021 Y195 E111.60805
G1 X144.625 Y195.839 E111.69148
G1 X142.981 Y196.38 E111.78013
G1 X130.327 Y196.38 E112.42827
G1 X128.768 Y195.99 E112.51058
G1 X128.073 Y195.718 E112.54881
G1 X126.781 Y194.765 E112.63104
G1 X126 Y194.021 E112.68629
G1 X125.161 Y192.625 E112.76972
G1 X124.62 Y190.981 E112.85837
G1 X124.62 Y123.38 E116.32093
G1 X119.327 Y123.38 E116.59204
G1 X117.768 Y122.99 E116.67436
G1 X117.073 Y122.718 E116.71258
G1 X115.781 Y121.765 E116.79482
G1 X115 Y121.021 E116.85006
G1 X114.161 Y119.625 E116.93349
G1 X113.62 Y117.981 E117.02214
G1 X113.62 Y109.327 E117.4654
G1 X114.01 Y107.768 E117.54771
G1 X114.282 Y107.073 E117.58594
G1 X115.235 Y105.781 E117.66817
G0 F6000 X115.554 Y106.085
G1 F1200 X116.259 Y105.345 E117.72053
G1 X117.56 Y104.563 E117.79827
G1 X119.089 Y104.06 E117.88072
G1 X180.619 Y104.06 E121.03232
G1 X182.072 Y104.42 E121.109
G1 X182.714 Y104.671 E121.14431
G1 X183.915 Y105.554 E121.22066
G1 X184.655 Y106.259 E121.27301
G1 X185.437 Y107.56 E121.35076
G1 X185.94 Y109.089 E121.4332
G1 X185.94 Y117.619 E121.87012
G1 X185.58 Y119.072 E121.94679
G1 X185.329 Y119.714 E121.9821
G1 X184.446 Y120.915 E122.05845
G1 X183.741 Y121.655 E122.1108
G1 X182.44 Y122.437 E122.18855
G1 X180.911 Y122.94 E122.271
G1 X174.94 Y122.94 E122.57683
G1 X174.94 Y190.606 E126.04273
G1 X174.604 Y192.031 E126.11772
G1 X173.845 Y193.548 E126.2046
G1 X172.497 Y194.854 E126.30074
G1 X170.965 Y195.668 E126.3896
G1 X169.542 Y195.94 E126.4638
G1 X158.381 Y195.94 E127.03548
G1 X156.928 Y195.58 E127.11215
G1 X156.286 Y195.329 E127.14746
G1 X155.085 Y194.446 E127.22381
G1 X154.345 Y193.741 E127.27616
G1 X153.563 Y192.44 E127.35391
G1 X153.06 Y190.911 E127.43636
G1 X153.06 Y122.94 E130.91787
G1 X147.94 Y122.94 E131.18012
G1 X147.94 Y190.619 E134.64668
G1 X147.58 Y192.072 E134.72336
G1 X147.329 Y192.714 E134.75866
G1 X146.446 Y193.915 E134.83502
G1 X145.741 Y194.655 E134.88737
G1 X144.44 Y195.437 E134.96512
G1 X142.911 Y195.94 E135.04756
G1 X130.381 Y195.94 E135.68936
G1 X128.928 Y195.58 E135.76603
G1 X128.286 Y195.329 E135.80134
G1 X127.085 Y194.446 E135.87769
G1 X126.345 Y193.741 E135.93004
G1 X125.563 Y192.44 E136.00779
G1 X125.06 Y190.911 E136.09024
G1 X125.06 Y122.94 E139.57175
G1 X119.381 Y122.94 E139.86263
G1 X117.928 Y122.58 E139.93931
G1 X117.286 Y122.329 E139.97462
G1 X116.085 Y121.446 E140.05097
G1 X115.345 Y120.741 E140.10332
G1 X114.563 Y119.44 E140.18107
G1 X114.06 Y117.911 E140.26351
G1 X114.06 Y109.381 E140.70043
G1 X114.42 Y107.928 E140.7771
G1 X114.671 Y107.286 E140.81241
G1 X115.554 Y106.085 E140.88876
G0 F6000 X115.873 Y106.389
G1 F1200 X116.539 Y105.69 E140.93821
G1 X117.745 Y104.965 E141.01029
G1 X119.159 Y104.5 E141.08653
G1 X180.566 Y104.5 E144.23183
G1 X181.912 Y104.83 E144.30282
G1 X182.5 Y105.06 E144.33516
G1 X183.611 Y105.873 E144.40567
G1 X184.31 Y106.539 E144.45513
G1 X185.035 Y107.745 E144.5272
G1 X185.5 Y109.159 E144.60344
G1 X185.5 Y117.566 E145.03405
G1 X185.17 Y118.912 E145.10504
G1 X184.94 Y119.5 E145.13738
G1 X184.127 Y120.611 E145.20789
G1 X183.461 Y121.31 E145.25735
G1 X182.255 Y122.035 E145.32942
G1 X180.841 Y122.5 E145.40566
G1 X174.5 Y122.5 E145.73045
G1 X174.5 Y190.556 E149.21632
G1 X174.188 Y191.881 E149.28605
G1 X173.486 Y193.284 E149.3664
G1 X172.235 Y194.495 E149.45558
G1 X170.817 Y195.249 E149.53784
G1 X169.502 Y195.5 E149.60642
G1 X158.434 Y195.5 E150.17333
G1 X157.088 Y195.17 E150.24431
G1 X156.5 Y194.94 E150.27665
G1 X155.389 Y194.127 E150.34716
G1 X154.69 Y193.461 E150.39662
G1 X153.965 Y192.255 E150.46869
G1 X153.5 Y190.841 E150.54493
G1 X153.5 Y122.5 E154.0454
G1 X147.5 Y122.5 E154.35273
G1 X147.5 Y190.566 E157.83911
G1 X147.17 Y191.912 E157.91009
G1 X146.94 Y192.5 E157.94243
G1 X146.127 Y193.611 E158.01295
G1 X145.461 Y194.31 E158.0624
G1 X144.255 Y195.035 E158.13447
G1 X142.841 Y195.5 E158.21072
G1 X130.434 Y195.5 E158.84621
G1 X129.088 Y195.17 E158.91719
G1 X128.5 Y194.94 E158.94953
G1 X127.389 Y194.127 E159.02005
G1 X126.69 Y193.461 E159.0695
G1 X125.965 Y192.255 E159.14158
G1 X125.5 Y190.841 E159.21782
G1 X125.5 Y122.5 E162.71829
G1 X119.434 Y122.5 E163.02899
G1 X118.088 Y122.17 E163.09998
G1 X117.5 Y121.94 E163.13232
G1 X116.389 Y121.127 E163.20283
G1 X115.69 Y120.461 E163.25228
G1 X114.965 Y119.255 E163.32436
G1 X114.5 Y117.841 E163.4006
G1 X114.5 Y109.434 E163.83121
G1 X114.83 Y108.088 E163.9022
G1 X115.06 Y107.5 E163.93454
G1 X115.873 Y106.389 E164.00505
G0 F6000 X116.192 Y106.693
G1 F1200 X116.819 Y106.035 E164.05161
G1 X117.929 Y105.368 E164.11794
G1 X119.23 Y104.94 E164.18809
G1 X180.512 Y104.94 E167.32699
G1 X181.752 Y105.24 E167.39233
G1 X182.286 Y105.449 E167.42171
G1 X183.307 Y106.192 E167.48638
G1 X183.965 Y106.819 E167.53294
G1 X184.632 Y107.929 E167.59927
G1 X185.06 Y109.23 E167.66942
G1 X185.06 Y117.512 E168.09363
G1 X184.76 Y118.752 E168.15897
G1 X184.551 Y119.286 E168.18835
G1 X183.808 Y120.307 E168.25302
G1 X183.181 Y120.965 E168.29958
G1 X182.071 Y121.632 E168.36591
G1 X180.77 Y122.06 E168.43606
G1 X174.06 Y122.06 E168.77975
G1 X174.06 Y190.506 E172.2856
G1 X173.772 Y191.731 E172.35005
G1 X173.127 Y193.02 E172.42388
G1 X171.973 Y194.136 E172.50611
G1 X170.67 Y194.829 E172.5817
G1 X169.461 Y195.06 E172.64475
G1 X158.488 Y195.06 E173.20679
G1 X157.248 Y194.76 E173.27214
G1 X156.714 Y194.551 E173.30151
G1 X155.693 Y193.808 E173.36619
G1 X155.035 Y193.181 E173.41274
G1 X154.368 Y192.071 E173.47907
G1 X153.94 Y190.77 E173.54922
G1 X153.94 Y122.06 E177.06859
G1 X147.06 Y122.06 E177.42099
G1 X147.06 Y190.512 E180.92714
G1 X146.76 Y191.752 E180.99249
G1 X146.551 Y192.286 E181.02186
G1 X145.808 Y193.307 E181.08654
G1 X145.181 Y193.965 E181.13309
G1 X144.071 Y194.632 E181.19942
G1 X142.77 Y195.06 E181.26957
G1 X130.488 Y195.06 E181.89866
G1 X129.248 Y194.76 E181.96401
G1 X128.714 Y194.551 E181.99338
G1 X127.693 Y193.808 E182.05806
G1 X127.035 Y193.181 E182.10461
G1 X126.368 Y192.071 E182.17094
G1 X125.94 Y190.77 E182.24109
G1 X125.94 Y122.06 E185.76046
G1 X119.488 Y122.06 E186.09094
G1 X118.248 Y121.76 E186.15628
G1 X117.714 Y121.551 E186.18566
G1 X116.693 Y120.808 E186.25033
G1 X116.035 Y120.181 E186.29689
G1 X115.368 Y119.071 E186.36322
G1 X114.94 Y117.77 E186.43337
G1 X114.94 Y109.488 E186.85758
G1 X115.24 Y108.248 E186.92292
G1 X115.449 Y107.714 E186.9523
G1 X116.192 Y106.693 E187.01697
G0 F6000 X116.548 Y106.952
G1 F1200 X117.096 Y106.382 E187.05747
G1 X118.114 Y105.77 E187.11831
G1 X119.3 Y105.38 E187.18226
G1 X180.46 Y105.38 E190.31491
G1 X181.591 Y105.65 E190.37447
G1 X182.073 Y105.839 E190.40099
G1 X183.048 Y106.548 E190.46274
G1 X183.618 Y107.096 E190.50324
G1 X184.23 Y108.114 E190.56408
G1 X184.62 Y109.3 E190.62803
G1 X184.62 Y117.46 E191.04599
G1 X184.35 Y118.591 E191.10555
G1 X184.161 Y119.073 E191.13206
G1 X183.452 Y120.048 E191.19381
G1 X182.904 Y120.618 E191.23431
G1 X181.886 Y121.23 E191.29515
G1 X180.7 Y121.62 E191.3591
G1 X173.62 Y121.62 E191.72174
G1 X173.62 Y190.456 E195.24756
G1 X173.356 Y191.577 E195.30655
G1 X172.766 Y192.757 E195.37413
G1 X171.711 Y193.777 E195.44929
G1 X170.522 Y194.41 E195.51828
G1 X169.421 Y194.62 E195.5757
G1 X158.54 Y194.62 E196.13303
G1 X157.409 Y194.35 E196.19258
G1 X156.927 Y194.161 E196.2191
G1 X155.952 Y193.452 E196.28085
G1 X155.382 Y192.904 E196.32135
G1 X154.77 Y191.886 E196.38219
G1 X154.38 Y190.7 E196.44614
G1 X154.38 Y121.62 E199.98446
G1 X146.62 Y121.62 E200.38193
G1 X146.62 Y190.46 E203.90796
G1 X146.35 Y191.591 E203.96752
G1 X146.161 Y192.073 E203.99403
G1 X145.452 Y193.048 E204.05578
G1 X144.904 Y193.618 E204.09628
G1 X143.886 Y194.23 E204.15712
G1 X142.7 Y194.62 E204.22107
G1 X130.54 Y194.62 E204.84391
G1 X129.409 Y194.35 E204.90347
G1 X128.927 Y194.161 E204.92999
G1 X127.952 Y193.452 E204.99174
G1 X127.382 Y192.904 E205.03224
G1 X126.77 Y191.886 E205.09308
G1 X126.38 Y190.7 E205.15703
G1 X126.38 Y121.62 E208.69534
G1 X119.54 Y121.62 E209.04569
G1 X118.409 Y121.35 E209.10525
G1 X117.927 Y121.161 E209.13177
G1 X116.952 Y120.452 E209.19352
G1 X116.382 Y119.904 E209.23402
G1 X115.77 Y118.886 E209.29486
G1 X115.38 Y117.7 E209.35881
G1 X115.38 Y109.54 E209.77677
G1 X115.65 Y108.409 E209.83632
G1 X115.839 Y107.927 E209.86284
G1 X116.548 Y106.952 E209.92459
G0 F6000 X116.904 Y107.211
G1 F1200 X117.372 Y106.73 E209.95897
G1 X118.298 Y106.173 E210.01432
G1 X119.371 Y105.82 E210.07217
G1 X180.409 Y105.82 E213.19858
G1 X181.43 Y106.06 E213.2523
G1 X181.86 Y106.229 E213.27596
G1 X182.789 Y106.904 E213.33478
G1 X183.27 Y107.372 E213.36916
G1 X183.827 Y108.298 E213.42451
G1 X184.18 Y109.371 E213.48236
G1 X184.18 Y117.409 E213.89407
G1 X183.94 Y118.43 E213.9478
G1 X183.771 Y118.86 E213.97146
G1 X183.096 Y119.789 E214.03028
G1 X182.628 Y120.27 E214.06465
G1 X181.702 Y120.827 E214.12
G1 X180.629 Y121.18 E214.17786
G1 X173.18 Y121.18 E214.5594
G1 X173.18 Y190.406 E218.1052
G1 X172.94 Y191.427 E218.15892
G1 X172.407 Y192.492 E218.21992
G1 X171.449 Y193.418 E218.28817
G1 X170.375 Y193.99 E218.35049
G1 X169.38 Y194.18 E218.40238
G1 X158.591 Y194.18 E218.955
G1 X157.57 Y193.94 E219.00872
G1 X157.14 Y193.771 E219.03239
G1 X156.211 Y193.096 E219.0912
G1 X155.73 Y192.628 E219.12558
G1 X155.173 Y191.702 E219.18093
G1 X154.82 Y190.629 E219.23879
G1 X154.82 Y121.18 E222.79601
G1 X146.18 Y121.18 E223.23855
G1 X146.18 Y190.409 E226.7845
G1 X145.94 Y191.43 E226.83822
G1 X145.771 Y191.86 E226.86189
G1 X145.096 Y192.789 E226.92071
G1 X144.628 Y193.27 E226.95508
G1 X143.702 Y193.827 E227.01043
G1 X142.629 Y194.18 E227.06829
G1 X130.591 Y194.18 E227.68488
G1 X129.57 Y193.94 E227.7386
G1 X129.14 Y193.771 E227.76227
G1 X128.211 Y193.096 E227.82109
G1 X127.73 Y192.628 E227.85546
G1 X127.173 Y191.702 E227.91081
G1 X126.82 Y190.629 E227.96867
G1 X126.82 Y121.18 E231.52589
G1 X119.591 Y121.18 E231.89616
G1 X118.57 Y120.94 E231.94988
G1 X118.14 Y120.771 E231.97355
G1 X117.211 Y120.096 E232.03237
G1 X116.73 Y119.628 E232.06674
G1 X116.173 Y118.702 E232.12209
G1 X115.82 Y117.629 E232.17995
G1 X115.82 Y109.591 E232.59166
G1 X116.06 Y108.57 E232.64538
G1 X116.229 Y108.14 E232.66905
G1 X116.904 Y107.211 E232.72787
G0 F6000 X117.219 Y107.518
G1 F1200 X117.647 Y107.078 E232.75931
G1 X118.483 Y106.575 E232.80928
G1 X119.441 Y106.26 E232.86093
G1 X180.357 Y106.26 E235.98109
G1 X181.269 Y106.47 E236.02902
G1 X181.649 Y106.619 E236.04993
G1 X182.482 Y107.219 E236.10251
G1 X182.922 Y107.647 E236.13395
G1 X183.425 Y108.483 E236.18393
G1 X183.74 Y109.441 E236.23558
G1 X183.74 Y117.357 E236.64104
G1 X183.53 Y118.269 E236.68898
G1 X183.381 Y118.649 E236.70989
G1 X182.781 Y119.482 E236.76247
G1 X182.353 Y119.922 E236.79391
G1 X181.517 Y120.425 E236.84388
G1 X180.559 Y120.74 E236.89554
G1 X172.74 Y120.74 E237.29603
G1 X172.74 Y190.356 E240.8618
G1 X172.524 Y191.273 E240.91006
G1 X172.046 Y192.229 E240.96481
G1 X171.187 Y193.059 E241.02599
G1 X170.227 Y193.571 E241.08172
G1 X169.34 Y193.74 E241.12797
G1 X158.643 Y193.74 E241.67587
G1 X157.731 Y193.53 E241.72381
G1 X157.351 Y193.381 E241.74471
G1 X156.518 Y192.781 E241.7973
G1 X156.078 Y192.353 E241.82874
G1 X155.575 Y191.517 E241.87871
G1 X155.26 Y190.559 E241.93037
G1 X155.26 Y120.74 E245.50654
G1 X145.74 Y120.74 E245.99416
G1 X145.74 Y190.357 E249.55998
G1 X145.53 Y191.269 E249.60792
G1 X145.381 Y191.649 E249.62882
G1 X144.781 Y192.482 E249.68141
G1 X144.353 Y192.922 E249.71285
G1 X143.517 Y193.425 E249.76282
G1 X142.559 Y193.74 E249.81448
G1 X130.643 Y193.74 E250.42482
G1 X129.731 Y193.53 E250.47276
G1 X129.351 Y193.381 E250.49366
G1 X128.518 Y192.781 E250.54624
G1 X128.078 Y192.353 E250.57769
G1 X127.575 Y191.517 E250.62766
G1 X127.26 Y190.559 E250.67931
G1 X127.26 Y120.74 E254.25548
G1 X119.643 Y120.74 E254.64563
G1 X118.731 Y120.53 E254.69357
G1 X118.351 Y120.381 E254.71447
G1 X117.518 Y119.781 E254.76706
G1 X117.078 Y119.353 E254.7985
G1 X116.575 Y118.517 E254.84847
G1 X116.26 Y117.559 E254.90012
G1 X116.26 Y109.643 E255.30559
G1 X116.47 Y108.731 E255.35352
G1 X116.619 Y108.351 E255.37443
G1 X117.219 Y107.518 E255.42701
G0 F6000 X117.534 Y107.825
G1 F1200 X117.009 Y108.562 E255.47336
G1 X116.899 Y108.83 E255.4882
G1 X116.7 Y109.694 E255.53361
G1 X116.7 Y117.488 E255.93283
G1 X116.978 Y118.333 E255.97839
G1 X117.426 Y119.078 E256.02292
G1 X117.825 Y119.466 E256.05142
G1 X118.562 Y119.991 E256.09777
G1 X118.83 Y120.101 E256.11261
G1 X119.694 Y120.3 E256.15802
G1 X127.7 Y120.3 E256.5681
G1 X127.7 Y190.488 E260.16317
G1 X127.978 Y191.333 E260.20873
G1 X128.426 Y192.078 E260.25326
G1 X128.825 Y192.466 E260.28176
G1 X129.562 Y192.991 E260.32811
G1 X129.83 Y193.101 E260.34295
G1 X130.694 Y193.3 E260.38836
G1 X142.488 Y193.3 E260.99246
G1 X143.333 Y193.022 E261.03802
G1 X144.078 Y192.574 E261.08255
G1 X144.466 Y192.175 E261.11106
G1 X144.991 Y191.438 E261.15741
G1 X145.101 Y191.17 E261.17224
G1 X145.3 Y190.306 E261.21766
G1 X145.3 Y120.3 E264.80341
G1 X155.7 Y120.3 E265.3361
G1 X155.7 Y190.488 E268.93117
G1 X155.978 Y191.333 E268.97674
G1 X156.426 Y192.078 E269.02127
G1 X156.825 Y192.466 E269.04977
G1 X157.562 Y192.991 E269.09612
G1 X157.83 Y193.101 E269.11096
G1 X158.694 Y193.3 E269.15637
G1 X169.299 Y193.3 E269.69957
G1 X170.079 Y193.151 E269.74024
G1 X170.925 Y192.7 E269.78935
G1 X171.687 Y191.964 E269.84361
G1 X172.108 Y191.123 E269.89178
G1 X172.3 Y190.306 E269.93477
G1 X172.3 Y120.3 E273.52052
G1 X180.488 Y120.3 E273.93991
G1 X181.333 Y120.022 E273.98548
G1 X182.078 Y119.574 E274.03
G1 X182.466 Y119.175 E274.05851
G1 X182.991 Y118.438 E274.10486
G1 X183.101 Y118.17 E274.1197
G1 X183.3 Y117.306 E274.16511
G1 X183.3 Y109.512 E274.56432
G1 X183.022 Y108.667 E274.60989
G1 X182.574 Y107.922 E274.65442
G1 X182.175 Y107.534 E274.68292
G1 X181.438 Y107.009 E274.72927
G1 X181.17 Y106.899 E274.74411
G1 X180.306 Y106.7 E274.78952
G1 X119.512 Y106.7 E277.90343
G1 X118.667 Y106.978 E277.94899
G1 X117.922 Y107.426 E277.99352
G1 X117.534 Y107.825 E278.02203
G0 F6000 X117.892 Y108.081
G1 F1200 X118.197 Y107.774 E278.04419
G1 X118.852 Y107.38 E278.08334
G1 X119.582 Y107.14 E278.1227
G1 X180.255 Y107.14 E281.23041
G1 X181.071 Y107.328 E281.2733
G1 X181.225 Y107.397 E281.28195
G1 X181.919 Y107.892 E281.32561
G1 X182.226 Y108.197 E281.34777
G1 X182.62 Y108.852 E281.38693
G1 X182.86 Y109.582 E281.42629
G1 X182.86 Y117.255 E281.8193
G1 X182.672 Y118.071 E281.86219
G1 X182.603 Y118.225 E281.87084
G1 X182.108 Y118.919 E281.9145
G1 X181.803 Y119.226 E281.93666
G1 X181.148 Y119.62 E281.97582
G1 X180.418 Y119.86 E282.01518
G1 X171.86 Y119.86 E282.45352
G1 X171.86 Y190.256 E286.05925
G1 X171.692 Y190.969 E286.09677
G1 X171.327 Y191.699 E286.13857
G1 X170.661 Y192.342 E286.18599
G1 X169.931 Y192.732 E286.22838
G1 X169.259 Y192.86 E286.26342
G1 X158.745 Y192.86 E286.80195
G1 X157.929 Y192.672 E286.84485
G1 X157.775 Y192.603 E286.85349
G1 X157.081 Y192.108 E286.89715
G1 X156.774 Y191.803 E286.91932
G1 X156.38 Y191.148 E286.95847
G1 X156.14 Y190.418 E286.99783
G1 X156.14 Y119.86 E290.61185
G1 X144.86 Y119.86 E291.18962
G1 X144.86 Y190.255 E294.7953
G1 X144.672 Y191.071 E294.83819
G1 X144.603 Y191.225 E294.84683
G1 X144.108 Y191.919 E294.89049
G1 X143.803 Y192.226 E294.91266
G1 X143.148 Y192.62 E294.95181
G1 X142.418 Y192.86 E294.99117
G1 X130.745 Y192.86 E295.58907
G1 X129.929 Y192.672 E295.63196
G1 X129.775 Y192.603 E295.6406
G1 X129.081 Y192.108 E295.68427
G1 X128.774 Y191.803 E295.70643
G1 X128.38 Y191.148 E295.74558
G1 X128.14 Y190.418 E295.78494
G1 X128.14 Y119.86 E299.39897
G1 X119.745 Y119.86 E299.82896
G1 X118.929 Y119.672 E299.87185
G1 X118.775 Y119.603 E299.8805
G1 X118.081 Y119.108 E299.92416
G1 X117.774 Y118.803 E299.94633
G1 X117.38 Y118.148 E299.98548
G1 X117.14 Y117.418 E300.02484
G1 X117.14 Y109.745 E300.41785
G1 X117.328 Y108.929 E300.46074
G1 X117.397 Y108.775 E300.46939
G1 X117.892 Y108.081 E300.51305
G0 F6000 X118.204 Y108.391
G1 F1200 X117.757 Y109.028 E300.55291
G1 X117.58 Y109.796 E300.59328
G1 X117.58 Y117.348 E300.9801
G1 X117.782 Y117.963 E301.01325
G1 X118.123 Y118.53 E301.04714
G1 X118.391 Y118.796 E301.06648
G1 X119.028 Y119.243 E301.10634
G1 X119.796 Y119.42 E301.14671
G1 X128.58 Y119.42 E301.59663
G1 X128.58 Y190.348 E305.22961
G1 X128.782 Y190.963 E305.26276
G1 X129.123 Y191.53 E305.29665
G1 X129.391 Y191.796 E305.316
G1 X130.028 Y192.243 E305.35585
G1 X130.796 Y192.42 E305.39622
G1 X142.348 Y192.42 E305.98792
G1 X142.963 Y192.218 E306.02108
G1 X143.53 Y191.877 E306.05497
G1 X143.796 Y191.609 E306.07431
G1 X144.243 Y190.972 E306.11417
G1 X144.42 Y190.204 E306.15454
G1 X144.42 Y119.42 E309.78014
G1 X156.58 Y119.42 E310.40298
G1 X156.58 Y190.348 E314.03596
G1 X156.782 Y190.963 E314.06911
G1 X157.123 Y191.53 E314.103
G1 X157.391 Y191.796 E314.12234
G1 X158.028 Y192.243 E314.1622
G1 X158.796 Y192.42 E314.20257
G1 X169.219 Y192.42 E314.73644
G1 X169.781 Y192.313 E314.76575
G1 X170.398 Y191.983 E314.80159
G1 X170.969 Y191.432 E314.84223
G1 X171.276 Y190.819 E314.87734
G1 X171.42 Y190.206 E314.9096
G1 X171.42 Y119.42 E318.5353
G1 X180.348 Y119.42 E318.9926
G1 X180.963 Y119.218 E319.02575
G1 X181.53 Y118.877 E319.05964
G1 X181.796 Y118.609 E319.07898
G1 X182.243 Y117.972 E319.11884
G1 X182.42 Y117.204 E319.15921
G1 X182.42 Y109.652 E319.54603
G1 X182.218 Y109.037 E319.57919
G1 X181.877 Y108.47 E319.61308
G1 X181.609 Y108.204 E319.63242
G1 X180.972 Y107.757 E319.67228
G1 X180.204 Y107.58 E319.71264
G1 X119.652 Y107.58 E322.81416
G1 X119.037 Y107.782 E322.84731
G1 X118.47 Y108.123 E322.8812
G1 X118.204 Y108.391 E322.90054
G0 F6000 X118.516 Y108.701
G1 F1200 X118.743 Y108.472 E322.91706
G1 X119.222 Y108.184 E322.94569
G1 X119.722 Y108.02 E322.97264
G1 X180.153 Y108.02 E326.06795
G1 X180.792 Y108.167 E326.10154
G1 X181.299 Y108.516 E326.13306
G1 X181.528 Y108.743 E326.14958
G1 X181.816 Y109.222 E326.17821
G1 X181.98 Y109.722 E326.20516
G1 X181.98 Y117.153 E326.58578
G1 X181.833 Y117.792 E326.61936
G1 X181.484 Y118.299 E326.65089
G1 X181.257 Y118.528 E326.66741
G1 X180.778 Y118.816 E326.69603
G1 X180.278 Y118.98 E326.72299
G1 X170.98 Y118.98 E327.19924
G1 X170.98 Y190.156 E330.84491
G1 X170.86 Y190.665 E330.8717
G1 X170.608 Y191.169 E330.90056
G1 X170.137 Y191.623 E330.93407
G1 X169.631 Y191.894 E330.96347
G1 X169.179 Y191.98 E330.98704
G1 X158.847 Y191.98 E331.51625
G1 X158.208 Y191.833 E331.54983
G1 X157.701 Y191.484 E331.58136
G1 X157.472 Y191.257 E331.59788
G1 X157.184 Y190.778 E331.6265
G1 X157.02 Y190.278 E331.65346
G1 X157.02 Y118.98 E335.30538
G1 X143.98 Y118.98 E335.9733
G1 X143.98 Y190.153 E339.61883
G1 X143.833 Y190.792 E339.65241
G1 X143.484 Y191.299 E339.68394
G1 X143.257 Y191.528 E339.70045
G1 X142.778 Y191.816 E339.72908
G1 X142.278 Y191.98 E339.75603
G1 X130.847 Y191.98 E340.34154
G1 X130.208 Y191.833 E340.37512
G1 X129.701 Y191.484 E340.40665
G1 X129.472 Y191.257 E340.42316
G1 X129.184 Y190.778 E340.45179
G1 X129.02 Y190.278 E340.47874
G1 X129.02 Y118.98 E344.13067
G1 X119.847 Y118.98 E344.60052
G1 X119.208 Y118.833 E344.6341
G1 X118.701 Y118.484 E344.66563
G1 X118.472 Y118.257 E344.68215
G1 X118.184 Y117.778 E344.71077
G1 X118.02 Y117.278 E344.73773
G1 X118.02 Y109.847 E345.11835
G1 X118.167 Y109.208 E345.15193
G1 X118.516 Y108.701 E345.18346
G0 F6000 X118.878 Y108.95
G1 F1200 X119.013 Y108.823 E345.19295
G1 X119.407 Y108.586 E345.2165
G1 X119.792 Y108.46 E345.23725
G1 X180.102 Y108.46 E348.32637
G1 X180.614 Y108.578 E348.35328
G1 X181.05 Y108.878 E348.38039
G1 X181.177 Y109.013 E348.38988
G1 X181.414 Y109.407 E348.41343
G1 X181.54 Y109.792 E348.43418
G1 X181.54 Y117.102 E348.8086
G1 X181.422 Y117.614 E348.83552
G1 X181.122 Y118.05 E348.86262
G1 X180.987 Y118.177 E348.87212
G1 X180.593 Y118.414 E348.89567
G1 X180.208 Y118.54 E348.91642
G1 X170.54 Y118.54 E349.41162
G1 X170.54 Y190.106 E353.07727
G1 X170.444 Y190.515 E353.09879
G1 X170.249 Y190.904 E353.12108
G1 X169.876 Y191.263 E353.14759
G1 X169.481 Y191.475 E353.17056
G1 X169.139 Y191.54 E353.18839
G1 X158.898 Y191.54 E353.71294
G1 X158.386 Y191.422 E353.73985
G1 X157.95 Y191.122 E353.76696
G1 X157.823 Y190.987 E353.77645
G1 X157.586 Y190.593 E353.8
G1 X157.46 Y190.208 E353.82075
G1 X157.46 Y118.54 E357.49163
G1 X143.54 Y118.54 E358.20462
G1 X143.54 Y190.102 E361.87007
G1 X143.422 Y190.614 E361.89698
G1 X143.122 Y191.05 E361.92409
G1 X142.987 Y191.177 E361.93358
G1 X142.593 Y191.414 E361.95714
G1 X142.208 Y191.54 E361.97788
G1 X130.898 Y191.54 E362.55719
G1 X130.386 Y191.422 E362.5841
G1 X129.95 Y191.122 E362.61121
G1 X129.823 Y190.987 E362.6207
G1 X129.586 Y190.593 E362.64425
G1 X129.46 Y190.208 E362.665
G1 X129.46 Y118.54 E366.33588
G1 X119.898 Y118.54 E366.82565
G1 X119.386 Y118.422 E366.85257
G1 X118.95 Y118.122 E366.87967
G1 X118.823 Y117.987 E366.88917
G1 X118.586 Y117.593 E366.91272
G1 X118.46 Y117.208 E366.93347
G1 X118.46 Y109.898 E367.30789
G1 X118.578 Y109.386 E367.3348
G1 X118.878 Y108.95 E367.36191
G0 F6000 X119.24 Y109.2
G1 F1200 X119.634 Y108.963 E367.38546
G1 X119.861 Y108.9 E367.39753
G1 X180.051 Y108.9 E370.4805
G1 X180.434 Y108.988 E370.50062
G1 X180.8 Y109.24 E370.52339
G1 X181.037 Y109.634 E370.54694
G1 X181.1 Y109.861 E370.559
G1 X181.1 Y117.051 E370.92728
G1 X181.012 Y117.434 E370.94741
G1 X180.76 Y117.8 E370.97017
G1 X180.366 Y118.037 E370.99372
G1 X180.139 Y118.1 E371.00578
G1 X170.1 Y118.1 E371.51999
G1 X170.1 Y190.053 E375.20547
G1 X170.027 Y190.366 E375.22193
G1 X169.889 Y190.64 E375.23764
G1 X169.614 Y190.904 E375.25717
G1 X169.332 Y191.056 E375.27358
G1 X169.139 Y191.1 E375.28372
G1 X158.949 Y191.1 E375.80565
G1 X158.566 Y191.012 E375.82578
G1 X158.2 Y190.76 E375.84854
G1 X157.963 Y190.366 E375.87209
G1 X157.9 Y190.139 E375.88416
G1 X157.9 Y118.1 E379.57404
G1 X143.1 Y118.1 E380.33211
G1 X143.1 Y190.051 E384.01748
G1 X143.012 Y190.434 E384.03761
G1 X142.76 Y190.8 E384.06037
G1 X142.366 Y191.037 E384.08392
G1 X142.139 Y191.1 E384.09599
G1 X130.949 Y191.1 E384.66915
G1 X130.566 Y191.012 E384.68927
G1 X130.2 Y190.76 E384.71203
G1 X129.963 Y190.366 E384.73558
G1 X129.9 Y190.139 E384.74765
G1 X129.9 Y118.1 E388.43753
G1 X119.949 Y118.1 E388.94723
G1 X119.566 Y118.012 E388.96736
G1 X119.2 Y117.76 E388.99012
G1 X118.963 Y117.366 E389.01367
G1 X118.9 Y117.139 E389.02574
G1 X118.9 Y109.949 E389.39401
G1 X118.988 Y109.566 E389.41414
G1 X119.24 Y109.2 E389.4369
G0 F6000 X119.819 Y109.875
G1 F1200 X119.94 Y109.78 E389.44478
G1 X180 Y109.78 E392.52109
G1 X180.125 Y109.819 E392.5278
G1 X180.22 Y109.94 E392.53568
G1 X180.22 Y117 E392.89729
G1 X180.181 Y117.125 E392.904
G1 X180.06 Y117.22 E392.91188
G1 X169.22 Y117.22 E393.46711
G1 X169.22 Y190 E397.19495
G1 X169.181 Y190.125 E397.20166
G1 X169.06 Y190.22 E397.20954
G1 X159 Y190.22 E397.72481
G1 X158.875 Y190.181 E397.73152
G1 X158.78 Y190.06 E397.7394
G1 X158.78 Y117.22 E401.47031
G1 X142.22 Y117.22 E402.31852
G1 X142.22 Y190 E406.04636
G1 X142.181 Y190.125 E406.05307
G1 X142.06 Y190.22 E406.06095
G1 X131 Y190.22 E406.62745
G1 X130.875 Y190.181 E406.63415
G1 X130.78 Y190.06 E406.64203
G1 X130.78 Y117.22 E410.37294
G1 X120 Y117.22 E410.9251
G1 X119.875 Y117.181 E410.93181
G1 X119.78 Y117.06 E410.93969
G1 X119.78 Y110 E411.3013
G1 X119.819 Y109.875 E411.30801
G0 F6000 X119.399 Y109.744
G1 F1200 X119.547 Y109.529 E411.32138
G1 X119.861 Y109.34 E411.34015
G1 X180 Y109.34 E414.42051
G1 X180.256 Y109.399 E414.43396
G1 X180.471 Y109.547 E414.44733
G1 X180.66 Y109.861 E414.46611
G1 X180.66 Y117 E414.83177
G1 X180.601 Y117.256 E414.84523
G1 X180.453 Y117.471 E414.8586
G1 X180.139 Y117.66 E414.87737
G1 X169.66 Y117.66 E415.41411
G1 X169.66 Y190 E419.11941
G1 X169.598 Y190.266 E419.1334
G1 X169.509 Y190.418 E419.14242
G1 X169.332 Y190.566 E419.15424
G1 X169.139 Y190.66 E419.16523
G1 X159 Y190.66 E419.68456
G1 X158.744 Y190.601 E419.69801
G1 X158.529 Y190.453 E419.71138
G1 X158.34 Y190.139 E419.73016
G1 X158.34 Y117.66 E423.44257
G1 X142.66 Y117.66 E424.24571
G1 X142.66 Y190 E427.95101
G1 X142.601 Y190.256 E427.96447
G1 X142.453 Y190.471 E427.97784
G1 X142.139 Y190.66 E427.99661
G1 X131 Y190.66 E428.56716
G1 X130.744 Y190.601 E428.58061
G1 X130.529 Y190.453 E428.59398
G1 X130.34 Y190.139 E428.61275
G1 X130.34 Y117.66 E432.32517
G1 X120 Y117.66 E432.85479
G1 X119.744 Y117.601 E432.86825
G1 X119.529 Y117.453 E432.88162
G1 X119.34 Y117.139 E432.90039
G1 X119.34 Y110 E433.26605
G1 X119.399 Y109.744 E433.27951
G1 F1500 E431.27951
;MESH:motor-slide.stl
G0 F6000 X119.335 Y109.744
G0 X119.347 Y117.653
G0 X130.347 Y190.653
G0 X142.653 Y190.653
G0 X142.665 Y189.34
G0 X141.34 Y189.34
;TYPE:WALL-INNER
G1 F1500 E433.27951
G1 F1200 X141.344 Y116.92 E436.98891
G1 X141.388 Y116.751 E436.99785
G1 X141.506 Y116.561 E437.00931
G1 X141.718 Y116.403 E437.02285
G1 X141.914 Y116.34 E437.0334
G1 X159.12 Y116.34 E437.9147
G1 X159.419 Y116.489 E437.93181
G1 X159.581 Y116.685 E437.94483
G1 X159.66 Y116.914 E437.95724
G1 X159.66 Y189.34 E441.66694
G1 X168.34 Y189.34 E442.11154
G1 X168.34 Y116.924 E445.82073
G1 X168.419 Y116.685 E445.83362
G1 X168.581 Y116.489 E445.84665
G1 X168.913 Y116.34 E445.86529
G1 X179.34 Y116.34 E446.39937
G1 X179.34 Y110.66 E446.6903
G1 X120.66 Y110.66 E449.69592
G1 X120.66 Y116.34 E449.98686
G1 X131.101 Y116.34 E450.52165
G1 X131.283 Y116.403 E450.53152
G1 X131.494 Y116.561 E450.54502
G1 X131.612 Y116.751 E450.55647
G1 X131.656 Y116.92 E450.56542
G1 X131.66 Y189.34 E454.27482
G1 X141.34 Y189.34 E454.77063
G0 F6000 X141.78 Y189.78
;TYPE:WALL-OUTER
G1 F1200 X141.781 Y116.937 E458.50169
G1 X141.866 Y116.824 E458.50894
G1 X141.951 Y116.785 E458.51373
G1 X159.052 Y116.786 E459.38965
G1 X159.14 Y116.829 E459.39467
G1 X159.22 Y116.944 E459.40184
G1 X159.22 Y189.78 E463.13255
G1 X168.78 Y189.78 E463.62222
G1 X168.783 Y116.962 E467.352
G1 X168.86 Y116.829 E467.35987
G1 X168.962 Y116.783 E467.3656
G1 X179.78 Y116.78 E467.9197
G1 X179.78 Y110.22 E468.25571
G1 X120.22 Y110.22 E471.30641
G1 X120.22 Y116.78 E471.64242
G1 X131.049 Y116.785 E472.19709
G1 X131.134 Y116.824 E472.20188
G1 X131.219 Y116.973 E472.21066
G1 X131.22 Y189.78 E475.93988
G1 X141.78 Y189.78 E476.48077
G0 F6000 X140.944 Y188.944
;TYPE:SKIN
G1 F1200 X132.056 Y188.944 E476.93602
G1 X132.047 Y116.867 E480.62785
G1 X131.975 Y116.597 E480.64216
G1 X131.788 Y116.3 E480.66014
G1 X131.49 Y116.068 E480.67948
G1 X131.164 Y115.944 E480.69735
G1 X121.056 Y115.944 E481.21508
G1 X121.056 Y111.056 E481.46545
G1 X178.944 Y111.056 E484.43051
G1 X178.944 Y115.944 E484.68088
G1 X168.797 Y115.949 E485.20061
G1 X168.33 Y116.18 E485.2273
G1 X168.07 Y116.491 E485.24806
G1 X167.946 Y116.868 E485.26839
G1 X167.944 Y188.944 E488.96017
G1 X160.056 Y188.944 E489.36419
G1 X160.054 Y116.857 E493.05653
G1 X159.925 Y116.493 E493.07631
G1 X159.667 Y116.18 E493.09709
G1 X159.199 Y115.949 E493.12382
G1 X141.834 Y115.947 E494.01327
G1 X141.539 Y116.047 E494.02922
G1 X141.206 Y116.292 E494.0504
G1 X141.021 Y116.598 E494.06871
G1 X140.949 Y116.867 E494.08298
G1 X140.944 Y188.944 E497.77481
G1 F1500 E495.77481
G0 F6000 X140.944 Y190.665
G0 X132.721 Y190.665
G0 X132.721 Y188.724
G1 F1500 E497.77481
G1 F1200 X132.275 Y188.278 E497.80711
G0 F6000 X132.275 Y187.656
G1 F1200 X133.343 Y188.724 E497.88447
G0 F6000 X133.966 Y188.724
G1 F1200 X132.275 Y187.033 E498.00697
G0 F6000 X132.275 Y186.411
G1 F1200 X134.588 Y188.724 E498.17451
G0 F6000 X135.21 Y188.724
G1 F1200 X132.275 Y185.789 E498.38711
G0 F6000 X132.275 Y185.167
G1 F1200 X135.832 Y188.724 E498.64477
G0 F6000 X136.455 Y188.724
G1 F1200 X132.275 Y184.544 E498.94756
G0 F6000 X132.274 Y183.921
G1 F1200 X137.077 Y188.724 E499.29547
G0 F6000 X137.699 Y188.724
G1 F1200 X132.274 Y183.299 E499.68844
G0 F6000 X132.274 Y182.677
G1 F1200 X138.321 Y188.724 E500.12647
G0 F6000 X138.944 Y188.724
G1 F1200 X132.274 Y182.055 E500.60959
G0 F6000 X132.274 Y181.432
G1 F1200 X139.566 Y188.724 E501.1378
G0 F6000 X140.188 Y188.724
G1 F1200 X132.274 Y180.81 E501.71106
G0 F6000 X132.274 Y180.188
G1 F1200 X140.725 Y188.638 E502.32319
G0 F6000 X140.725 Y188.016
G1 F1200 X132.274 Y179.566 E502.93532
G0 F6000 X132.274 Y178.943
G1 F1200 X140.725 Y187.394 E503.54748
G0 F6000 X140.725 Y186.772
G1 F1200 X132.274 Y178.32 E504.15968
G0 F6000 X132.274 Y177.698
G1 F1200 X140.725 Y186.149 E504.77185
G0 F6000 X140.725 Y185.527
G1 F1200 X132.274 Y177.076 E505.38401
G0 F6000 X132.274 Y176.454
G1 F1200 X140.725 Y184.905 E505.99617
G0 F6000 X140.725 Y184.283
G1 F1200 X132.274 Y175.831 E506.60837
G0 F6000 X132.274 Y175.209
G1 F1200 X140.725 Y183.66 E507.22054
G0 F6000 X140.725 Y183.038
G1 F1200 X132.274 Y174.587 E507.8327
G0 F6000 X132.273 Y173.964
G1 F1200 X140.725 Y182.416 E508.44494
G0 F6000 X140.725 Y181.794
G1 F1200 X132.273 Y173.342 E509.05718
G0 F6000 X132.273 Y172.719
G1 F1200 X140.726 Y181.172 E509.66948
G0 F6000 X140.726 Y180.55
G1 F1200 X132.273 Y172.097 E510.28179
G0 F6000 X132.273 Y171.475
G1 F1200 X140.726 Y179.928 E510.8941
G0 F6000 X140.726 Y179.305
G1 F1200 X132.273 Y170.853 E511.50637
G0 F6000 X132.273 Y170.23
G1 F1200 X140.726 Y178.683 E512.11868
G0 F6000 X140.726 Y178.061
G1 F1200 X132.273 Y169.608 E512.73099
G0 F6000 X132.272 Y168.985
G1 F1200 X140.726 Y177.439 E513.34337
G0 F6000 X140.726 Y176.816
G1 F1200 X132.272 Y168.363 E513.95572
G0 F6000 X132.272 Y167.741
G1 F1200 X140.726 Y176.194 E514.56806
G0 F6000 X140.726 Y175.572
G1 F1200 X132.272 Y167.118 E515.18045
G0 F6000 X132.272 Y166.496
G1 F1200 X140.726 Y174.95 E515.79283
G0 F6000 X140.726 Y174.328
G1 F1200 X132.272 Y165.874 E516.40521
G0 F6000 X132.272 Y165.252
G1 F1200 X140.726 Y173.706 E517.01759
G0 F6000 X140.726 Y173.083
G1 F1200 X132.271 Y164.629 E517.63001
G0 F6000 X132.271 Y164.006
G1 F1200 X140.726 Y172.461 E518.24246
G0 F6000 X140.726 Y171.839
G1 F1200 X132.271 Y163.384 E518.85491
G0 F6000 X132.271 Y162.762
G1 F1200 X140.726 Y171.217 E519.46737
G0 F6000 X140.726 Y170.594
G1 F1200 X132.271 Y162.14 E520.07979
G0 F6000 X132.271 Y161.517
G1 F1200 X140.726 Y169.972 E520.69224
G0 F6000 X140.726 Y169.35
G1 F1200 X132.271 Y160.895 E521.30469
G0 F6000 X132.271 Y160.273
G1 F1200 X140.726 Y168.728 E521.91715
G0 F6000 X140.726 Y168.105
G1 F1200 X132.271 Y159.65 E522.5296
G0 F6000 X132.271 Y159.028
G1 F1200 X140.726 Y167.483 E523.14206
G0 F6000 X140.727 Y166.862
G1 F1200 X132.271 Y158.405 E523.75462
G0 F6000 X132.271 Y157.783
G1 F1200 X140.727 Y166.239 E524.36714
G0 F6000 X140.727 Y165.617
G1 F1200 X132.271 Y157.161 E524.97967
G0 F6000 X132.271 Y156.539
G1 F1200 X140.727 Y164.995 E525.5922
G0 F6000 X140.727 Y164.373
G1 F1200 X132.271 Y155.916 E526.20476
G0 F6000 X132.271 Y155.294
G1 F1200 X140.727 Y163.75 E526.81729
G0 F6000 X140.727 Y163.128
G1 F1200 X132.27 Y154.671 E527.42988
G0 F6000 X132.27 Y154.049
G1 F1200 X140.727 Y162.506 E528.04248
G0 F6000 X140.727 Y161.884
G1 F1200 X132.27 Y153.427 E528.65508
G0 F6000 X132.27 Y152.804
G1 F1200 X140.727 Y161.261 E529.26768
G0 F6000 X140.727 Y160.639
G1 F1200 X132.27 Y152.182 E529.88028
G0 F6000 X132.27 Y151.56
G1 F1200 X140.727 Y160.017 E530.49288
G0 F6000 X140.728 Y159.395
G1 F1200 X132.27 Y150.938 E531.10551
G0 F6000 X132.269 Y150.315
G1 F1200 X140.728 Y158.773 E531.71822
G0 F6000 X140.728 Y158.151
G1 F1200 X132.269 Y149.692 E532.33096
G0 F6000 X132.269 Y149.07
G1 F1200 X140.728 Y157.529 E532.94371
G0 F6000 X140.728 Y156.906
G1 F1200 X132.269 Y148.448 E533.55641
G0 F6000 X132.269 Y147.826
G1 F1200 X140.728 Y156.284 E534.16912
G0 F6000 X140.728 Y155.662
G1 F1200 X132.269 Y147.203 E534.78186
G0 F6000 X132.269 Y146.581
G1 F1200 X140.728 Y155.04 E535.39461
G0 F6000 X140.728 Y154.417
G1 F1200 X132.269 Y145.959 E536.00732
G0 F6000 X132.269 Y145.336
G1 F1200 X140.728 Y153.795 E536.62006
G0 F6000 X140.728 Y153.173
G1 F1200 X132.269 Y144.714 E537.2328
G0 F6000 X132.269 Y144.091
G1 F1200 X140.728 Y152.551 E537.84558
G0 F6000 X140.728 Y151.929
G1 F1200 X132.269 Y143.469 E538.45836
G0 F6000 X132.269 Y142.847
G1 F1200 X140.728 Y151.307 E539.07114
G0 F6000 X140.728 Y150.684
G1 F1200 X132.269 Y142.225 E539.68389
G0 F6000 X132.269 Y141.602
G1 F1200 X140.728 Y150.062 E540.29667
G0 F6000 X140.728 Y149.44
G1 F1200 X132.269 Y140.98 E540.90945
G0 F6000 X132.268 Y140.357
G1 F1200 X140.728 Y148.818 E541.5223
G0 F6000 X140.728 Y148.195
G1 F1200 X132.268 Y139.735 E542.13511
G0 F6000 X132.268 Y139.113
G1 F1200 X140.728 Y147.573 E542.74793
G0 F6000 X140.728 Y146.951
G1 F1200 X132.268 Y138.49 E543.36078
G0 F6000 X132.268 Y137.868
G1 F1200 X140.728 Y146.329 E543.97363
G0 F6000 X140.728 Y145.706
G1 F1200 X132.268 Y137.246 E544.58645
G0 F6000 X132.268 Y136.624
G1 F1200 X140.729 Y145.085 E545.19934
G0 F6000 X140.729 Y144.463
G1 F1200 X132.267 Y136.001 E545.8123
G0 F6000 X132.267 Y135.378
G1 F1200 X140.729 Y143.84 E546.42526
G0 F6000 X140.729 Y143.218
G1 F1200 X132.267 Y134.756 E547.03822
G0 F6000 X132.267 Y134.134
G1 F1200 X140.729 Y142.596 E547.65118
G0 F6000 X140.729 Y141.974
G1 F1200 X132.267 Y133.512 E548.26414
G0 F6000 X132.267 Y132.889
G1 F1200 X140.729 Y141.351 E548.8771
G0 F6000 X140.729 Y140.729
G1 F1200 X132.267 Y132.267 E549.49006
G0 F6000 X132.267 Y131.645
G1 F1200 X140.729 Y140.107 E550.10303
G0 F6000 X140.729 Y139.485
G1 F1200 X132.266 Y131.022 E550.71606
G0 F6000 X132.266 Y130.4
G1 F1200 X140.729 Y138.862 E551.32906
G0 F6000 X140.73 Y138.241
G1 F1200 X132.266 Y129.777 E551.94216
G0 F6000 X132.266 Y129.155
G1 F1200 X140.73 Y137.619 E552.55527
G0 F6000 X140.73 Y136.996
G1 F1200 X132.266 Y128.533 E553.16834
G0 F6000 X132.266 Y127.911
G1 F1200 X140.73 Y136.374 E553.78141
G0 F6000 X140.73 Y135.752
G1 F1200 X132.266 Y127.288 E554.39451
G0 F6000 X132.266 Y126.666
G1 F1200 X140.73 Y135.13 E555.00762
G0 F6000 X140.73 Y134.507
G1 F1200 X132.266 Y126.043 E555.62072
G0 F6000 X132.266 Y125.421
G1 F1200 X140.73 Y133.885 E556.23383
G0 F6000 X140.73 Y133.263
G1 F1200 X132.266 Y124.799 E556.84693
G0 F6000 X132.266 Y124.176
G1 F1200 X140.73 Y132.641 E557.46008
G0 F6000 X140.73 Y132.018
G1 F1200 X132.266 Y123.554 E558.07318
G0 F6000 X132.266 Y122.932
G1 F1200 X140.73 Y131.396 E558.68629
G0 F6000 X140.731 Y130.774
G1 F1200 X132.266 Y122.31 E559.29943
G0 F6000 X132.266 Y121.687
G1 F1200 X140.731 Y130.152 E559.91261
G0 F6000 X140.731 Y129.53
G1 F1200 X132.265 Y121.064 E560.52586
G0 F6000 X132.265 Y120.442
G1 F1200 X140.731 Y128.908 E561.13911
G0 F6000 X140.731 Y128.285
G1 F1200 X132.265 Y119.82 E561.75232
G0 F6000 X132.265 Y119.198
G1 F1200 X140.731 Y127.663 E562.36554
G0 F6000 X140.731 Y127.041
G1 F1200 X132.265 Y118.575 E562.97879
G0 F6000 X132.265 Y117.953
G1 F1200 X140.731 Y126.419 E563.59204
G0 F6000 X140.731 Y125.796
G1 F1200 X132.265 Y117.331 E564.20525
G0 F6000 X132.218 Y116.661
G1 F1200 X140.731 Y125.174 E564.82191
G0 F6000 X140.731 Y124.552
G1 F1200 X127.455 Y111.276 E565.78358
G0 F6000 X128.077 Y111.276
G1 F1200 X140.731 Y123.93 E566.7002
G0 F6000 X140.731 Y123.308
G1 F1200 X128.699 Y111.276 E567.57176
G0 F6000 X129.321 Y111.276
G1 F1200 X140.731 Y122.686 E568.39826
G0 F6000 X140.731 Y122.064
G1 F1200 X129.944 Y111.276 E569.17968
G0 F6000 X130.566 Y111.276
G1 F1200 X140.731 Y121.441 E569.916
G0 F6000 X140.731 Y120.819
G1 F1200 X131.188 Y111.276 E570.60726
G0 F6000 X131.81 Y111.276
G1 F1200 X140.731 Y120.197 E571.25347
G0 F6000 X140.731 Y119.575
G1 F1200 X132.433 Y111.276 E571.85459
G0 F6000 X133.055 Y111.276
G1 F1200 X140.731 Y118.952 E572.41061
G0 F6000 X140.731 Y118.33
G1 F1200 X133.677 Y111.276 E572.92158
G0 F6000 X134.299 Y111.276
G1 F1200 X140.731 Y117.708 E573.3875
G0 F6000 X140.731 Y117.086
G1 F1200 X134.922 Y111.276 E573.80832
G0 F6000 X135.544 Y111.276
G1 F1200 X140.81 Y116.543 E574.18981
G0 F6000 X141.037 Y116.147
G1 F1200 X136.166 Y111.276 E574.54265
G0 F6000 X136.788 Y111.276
G1 F1200 X141.393 Y115.881 E574.87622
G0 F6000 X141.864 Y115.729
G1 F1200 X137.411 Y111.276 E575.19878
G0 F6000 X138.033 Y111.276
G1 F1200 X142.486 Y115.729 E575.52134
G0 F6000 X143.109 Y115.729
G1 F1200 X138.655 Y111.276 E575.84394
G0 F6000 X139.277 Y111.276
G1 F1200 X143.731 Y115.729 E576.16654
G0 F6000 X144.352 Y115.729
G1 F1200 X139.9 Y111.276 E576.48906
G0 F6000 X140.522 Y111.276
G1 F1200 X144.975 Y115.729 E576.81163
G0 F6000 X145.597 Y115.729
G1 F1200 X141.144 Y111.276 E577.13419
G0 F6000 X141.766 Y111.276
G1 F1200 X146.218 Y115.728 E577.45668
G0 F6000 X146.841 Y115.728
G1 F1200 X142.389 Y111.276 E577.77916
G0 F6000 X143.011 Y111.276
G1 F1200 X147.463 Y115.728 E578.10165
G0 F6000 X148.085 Y115.728
G1 F1200 X143.633 Y111.276 E578.42414
G0 F6000 X144.255 Y111.276
G1 F1200 X148.707 Y115.727 E578.7466
G0 F6000 X149.329 Y115.727
G1 F1200 X144.878 Y111.276 E579.06901
G0 F6000 X145.5 Y111.276
G1 F1200 X149.951 Y115.727 E579.39143
G0 F6000 X150.573 Y115.727
G1 F1200 X146.122 Y111.276 E579.71384
G0 F6000 X146.744 Y111.276
G1 F1200 X151.195 Y115.727 E580.03626
G0 F6000 X151.817 Y115.727
G1 F1200 X147.367 Y111.276 E580.35864
G0 F6000 X147.989 Y111.276
G1 F1200 X152.439 Y115.727 E580.68102
G0 F6000 X153.061 Y115.726
G1 F1200 X148.611 Y111.276 E581.00337
G0 F6000 X149.233 Y111.276
G1 F1200 X153.683 Y115.726 E581.32571
G0 F6000 X154.306 Y115.726
G1 F1200 X149.856 Y111.276 E581.64805
G0 F6000 X150.478 Y111.276
G1 F1200 X154.927 Y115.725 E581.97033
G0 F6000 X155.549 Y115.725
G1 F1200 X151.1 Y111.276 E582.2926
G0 F6000 X151.722 Y111.276
G1 F1200 X156.172 Y115.725 E582.61491
G0 F6000 X156.794 Y115.725
G1 F1200 X152.345 Y111.276 E582.93718
G0 F6000 X152.967 Y111.276
G1 F1200 X157.415 Y115.724 E583.25938
G0 F6000 X158.038 Y115.724
G1 F1200 X153.589 Y111.276 E583.58161
G0 F6000 X154.212 Y111.276
G1 F1200 X158.66 Y115.724 E583.90381
G0 F6000 X159.31 Y115.752
G1 F1200 X154.834 Y111.276 E584.22804
G0 F6000 X155.456 Y111.276
G1 F1200 X167.729 Y123.549 E585.11706
G0 F6000 X167.729 Y124.171
G1 F1200 X160.22 Y116.662 E585.66098
G0 F6000 X160.271 Y117.336
G1 F1200 X167.729 Y124.794 E586.20122
G0 F6000 X167.729 Y125.416
G1 F1200 X160.271 Y117.958 E586.74145
G0 F6000 X160.271 Y118.58
G1 F1200 X167.729 Y126.038 E587.28169
G0 F6000 X167.729 Y126.661
G1 F1200 X160.271 Y119.203 E587.82192
G0 F6000 X160.271 Y119.825
G1 F1200 X167.729 Y127.282 E588.36212
G0 F6000 X167.729 Y127.904
G1 F1200 X160.271 Y120.447 E588.90232
G0 F6000 X160.271 Y121.069
G1 F1200 X167.729 Y128.527 E589.44255
G0 F6000 X167.729 Y129.149
G1 F1200 X160.271 Y121.692 E589.98275
G0 F6000 X160.271 Y122.314
G1 F1200 X167.729 Y129.771 E590.52295
G0 F6000 X167.729 Y130.393
G1 F1200 X160.271 Y122.936 E591.06315
G0 F6000 X160.271 Y123.558
G1 F1200 X167.729 Y131.016 E591.60338
G0 F6000 X167.729 Y131.638
G1 F1200 X160.271 Y124.181 E592.14358
G0 F6000 X160.271 Y124.803
G1 F1200 X167.729 Y132.26 E592.68378
G0 F6000 X167.729 Y132.882
G1 F1200 X160.271 Y125.425 E593.22397
G0 F6000 X160.271 Y126.047
G1 F1200 X167.729 Y133.505 E593.76421
G0 F6000 X167.729 Y134.127
G1 F1200 X160.271 Y126.67 E594.30441
G0 F6000 X160.271 Y127.292
G1 F1200 X167.729 Y134.749 E594.8446
G0 F6000 X167.729 Y135.371
G1 F1200 X160.271 Y127.914 E595.3848
G0 F6000 X160.271 Y128.536
G1 F1200 X167.729 Y135.994 E595.92504
G0 F6000 X167.729 Y136.616
G1 F1200 X160.272 Y129.159 E596.4652
G0 F6000 X160.272 Y129.782
G1 F1200 X167.729 Y137.238 E597.00532
G0 F6000 X167.728 Y137.86
G1 F1200 X160.272 Y130.404 E597.54541
G0 F6000 X160.272 Y131.026
G1 F1200 X167.728 Y138.482 E598.0855
G0 F6000 X167.728 Y139.104
G1 F1200 X160.272 Y131.648 E598.62559
G0 F6000 X160.272 Y132.271
G1 F1200 X167.728 Y139.726 E599.16565
G0 F6000 X167.728 Y140.349
G1 F1200 X160.272 Y132.893 E599.70574
G0 F6000 X160.272 Y133.515
G1 F1200 X167.728 Y140.971 E600.24582
G0 F6000 X167.728 Y141.593
G1 F1200 X160.272 Y134.137 E600.78591
G0 F6000 X160.272 Y134.76
G1 F1200 X167.728 Y142.215 E601.32597
G0 F6000 X167.728 Y142.838
G1 F1200 X160.272 Y135.382 E601.86606
G0 F6000 X160.272 Y136.004
G1 F1200 X167.728 Y143.46 E602.40615
G0 F6000 X167.728 Y144.082
G1 F1200 X160.272 Y136.626 E602.94624
G0 F6000 X160.272 Y137.249
G1 F1200 X167.728 Y144.704 E603.48629
G0 F6000 X167.728 Y145.327
G1 F1200 X160.272 Y137.871 E604.02638
G0 F6000 X160.272 Y138.493
G1 F1200 X167.728 Y145.949 E604.56647
G0 F6000 X167.728 Y146.571
G1 F1200 X160.272 Y139.115 E605.10656
G0 F6000 X160.272 Y139.738
G1 F1200 X167.728 Y147.193 E605.64661
G0 F6000 X167.727 Y147.815
G1 F1200 X160.272 Y140.36 E606.18663
G0 F6000 X160.273 Y140.983
G1 F1200 X167.727 Y148.437 E606.72657
G0 F6000 X167.727 Y149.06
G1 F1200 X160.273 Y141.605 E607.26655
G0 F6000 X160.273 Y142.227
G1 F1200 X167.727 Y149.682 E607.80653
G0 F6000 X167.727 Y150.304
G1 F1200 X160.273 Y142.85 E608.34648
G0 F6000 X160.273 Y143.472
G1 F1200 X167.727 Y150.926 E608.88642
G0 F6000 X167.727 Y151.549
G1 F1200 X160.273 Y144.094 E609.4264
G0 F6000 X160.273 Y144.716
G1 F1200 X167.727 Y152.171 E609.96638
G0 F6000 X167.727 Y152.793
G1 F1200 X160.273 Y145.339 E610.50633
G0 F6000 X160.273 Y145.961
G1 F1200 X167.727 Y153.415 E611.04627
G0 F6000 X167.727 Y154.038
G1 F1200 X160.273 Y146.583 E611.58625
G0 F6000 X160.273 Y147.205
G1 F1200 X167.727 Y154.66 E612.12623
G0 F6000 X167.727 Y155.282
G1 F1200 X160.273 Y147.828 E612.66618
G0 F6000 X160.273 Y148.45
G1 F1200 X167.727 Y155.904 E613.20612
G0 F6000 X167.727 Y156.527
G1 F1200 X160.273 Y149.072 E613.7461
G0 F6000 X160.273 Y149.695
G1 F1200 X167.727 Y157.149 E614.28605
G0 F6000 X167.727 Y157.771
G1 F1200 X160.273 Y150.317 E614.82599
G0 F6000 X160.273 Y150.939
G1 F1200 X167.726 Y158.393 E615.3659
G0 F6000 X167.726 Y159.015
G1 F1200 X160.273 Y151.561 E615.90581
G0 F6000 X160.273 Y152.184
G1 F1200 X167.726 Y159.637 E616.44568
G0 F6000 X167.726 Y160.259
G1 F1200 X160.274 Y152.806 E616.98552
G0 F6000 X160.274 Y153.429
G1 F1200 X167.726 Y160.882 E617.52535
G0 F6000 X167.726 Y161.504
G1 F1200 X160.274 Y154.051 E618.06519
G0 F6000 X160.274 Y154.673
G1 F1200 X167.726 Y162.126 E618.60502
G0 F6000 X167.726 Y162.748
G1 F1200 X160.274 Y155.295 E619.14486
G0 F6000 X160.274 Y155.918
G1 F1200 X167.726 Y163.371 E619.6847
G0 F6000 X167.726 Y163.993
G1 F1200 X160.274 Y156.54 E620.22453
G0 F6000 X160.274 Y157.162
G1 F1200 X167.726 Y164.615 E620.76437
G0 F6000 X167.726 Y165.237
G1 F1200 X160.274 Y157.785 E621.30417
G0 F6000 X160.274 Y158.407
G1 F1200 X167.726 Y165.86 E621.844
G0 F6000 X167.726 Y166.482
G1 F1200 X160.274 Y159.029 E622.38384
G0 F6000 X160.274 Y159.651
G1 F1200 X167.726 Y167.104 E622.92367
G0 F6000 X167.726 Y167.726
G1 F1200 X160.274 Y160.274 E623.46347
G0 F6000 X160.274 Y160.896
G1 F1200 X167.726 Y168.348 E624.00327
G0 F6000 X167.726 Y168.97
G1 F1200 X160.274 Y161.518 E624.54307
G0 F6000 X160.274 Y162.14
G1 F1200 X167.726 Y169.592 E625.08287
G0 F6000 X167.726 Y170.215
G1 F1200 X160.274 Y162.763 E625.62267
G0 F6000 X160.274 Y163.385
G1 F1200 X167.726 Y170.837 E626.16247
G0 F6000 X167.726 Y171.459
G1 F1200 X160.274 Y164.007 E626.70227
G0 F6000 X160.274 Y164.629
G1 F1200 X167.726 Y172.082 E627.24211
G0 F6000 X167.726 Y172.704
G1 F1200 X160.274 Y165.252 E627.78191
G0 F6000 X160.274 Y165.875
G1 F1200 X167.726 Y173.326 E628.32167
G0 F6000 X167.726 Y173.948
G1 F1200 X160.274 Y166.497 E628.86143
G0 F6000 X160.274 Y167.119
G1 F1200 X167.726 Y174.571 E629.40123
G0 F6000 X167.726 Y175.193
G1 F1200 X160.274 Y167.741 E629.94103
G0 F6000 X160.274 Y168.364
G1 F1200 X167.726 Y175.815 E630.4808
G0 F6000 X167.726 Y176.437
G1 F1200 X160.274 Y168.986 E631.02056
G0 F6000 X160.274 Y169.608
G1 F1200 X167.726 Y177.06 E631.56036
G0 F6000 X167.726 Y177.682
G1 F1200 X160.274 Y170.23 E632.10016
G0 F6000 X160.274 Y170.853
G1 F1200 X167.726 Y178.304 E632.63992
G0 F6000 X167.725 Y178.926
G1 F1200 X160.274 Y171.475 E633.17965
G0 F6000 X160.274 Y172.097
G1 F1200 X167.725 Y179.548 E633.71938
G0 F6000 X167.725 Y180.17
G1 F1200 X160.274 Y172.719 E634.2591
G0 F6000 X160.274 Y173.342
G1 F1200 X167.725 Y180.792 E634.7988
G0 F6000 X167.725 Y181.415
G1 F1200 X160.274 Y173.964 E635.33852
G0 F6000 X160.274 Y174.586
G1 F1200 X167.725 Y182.037 E635.87825
G0 F6000 X167.725 Y182.659
G1 F1200 X160.274 Y175.208 E636.41798
G0 F6000 X160.274 Y175.831
G1 F1200 X167.725 Y183.281 E636.95767
G0 F6000 X167.725 Y183.904
G1 F1200 X160.274 Y176.453 E637.49739
G0 F6000 X160.275 Y177.076
G1 F1200 X167.725 Y184.526 E638.03705
G0 F6000 X167.725 Y185.148
G1 F1200 X160.275 Y177.698 E638.5767
G0 F6000 X160.275 Y178.32
G1 F1200 X167.725 Y185.77 E639.11636
G0 F6000 X167.725 Y186.393
G1 F1200 X160.275 Y178.943 E639.65601
G0 F6000 X160.275 Y179.565
G1 F1200 X167.725 Y187.015 E640.19567
G0 F6000 X167.725 Y187.637
G1 F1200 X160.275 Y180.187 E640.73532
G0 F6000 X160.275 Y180.809
G1 F1200 X167.725 Y188.259 E641.27498
G0 F6000 X167.567 Y188.724
G1 F1200 X160.275 Y181.432 E641.80319
G0 F6000 X160.275 Y182.054
G1 F1200 X166.945 Y188.724 E642.28634
G0 F6000 X166.323 Y188.724
G1 F1200 X160.275 Y182.676 E642.72444
G0 F6000 X160.275 Y183.298
G1 F1200 X165.701 Y188.724 E643.11748
G0 F6000 X165.078 Y188.724
G1 F1200 X160.275 Y183.921 E643.4654
G0 F6000 X160.275 Y184.543
G1 F1200 X164.456 Y188.724 E643.76826
G0 F6000 X163.834 Y188.724
G1 F1200 X160.275 Y185.165 E644.02606
G0 F6000 X160.275 Y185.787
G1 F1200 X163.212 Y188.724 E644.23881
G0 F6000 X162.589 Y188.724
G1 F1200 X160.275 Y186.41 E644.40642
G0 F6000 X160.275 Y187.032
G1 F1200 X161.967 Y188.724 E644.52899
G0 F6000 X161.345 Y188.724
G1 F1200 X160.275 Y187.654 E644.60649
G0 F6000 X160.275 Y188.276
G1 F1200 X160.723 Y188.724 E644.63895
G1 F1500 E642.63895
G0 F6000 X160.723 Y190.665
G0 X169.653 Y190.653
G0 X169.665 Y122.927
G0 X167.729 Y122.927
G1 F1500 E644.63895
G1 F1200 X156.078 Y111.276 E645.48291
G0 F6000 X156.701 Y111.276
G1 F1200 X167.729 Y122.305 E646.28178
G0 F6000 X167.729 Y121.682
G1 F1200 X157.323 Y111.276 E647.03556
G0 F6000 X157.945 Y111.276
G1 F1200 X167.729 Y121.06 E647.74428
G0 F6000 X167.729 Y120.438
G1 F1200 X158.567 Y111.276 E648.40795
G0 F6000 X159.19 Y111.276
G1 F1200 X167.729 Y119.816 E649.02652
G0 F6000 X167.729 Y119.193
G1 F1200 X159.812 Y111.276 E649.6
G0 F6000 X160.434 Y111.276
G1 F1200 X167.729 Y118.571 E650.12843
G0 F6000 X167.729 Y117.949
G1 F1200 X161.056 Y111.276 E650.6118
G0 F6000 X161.679 Y111.276
G1 F1200 X167.729 Y117.327 E651.05008
G0 F6000 X167.76 Y116.735
G1 F1200 X162.301 Y111.276 E651.44551
G0 F6000 X162.923 Y111.276
G1 F1200 X167.942 Y116.295 E651.80907
G0 F6000 X168.241 Y115.972
G1 F1200 X163.545 Y111.276 E652.14924
G0 F6000 X164.168 Y111.276
G1 F1200 X168.657 Y115.765 E652.47441
G0 F6000 X169.238 Y115.724
G1 F1200 X164.79 Y111.276 E652.79661
G0 F6000 X165.412 Y111.276
G1 F1200 X169.86 Y115.724 E653.11881
G0 F6000 X170.482 Y115.724
G1 F1200 X166.034 Y111.276 E653.44101
G0 F6000 X166.657 Y111.276
G1 F1200 X171.104 Y115.724 E653.76317
G0 F6000 X171.727 Y115.724
G1 F1200 X167.279 Y111.276 E654.08537
G0 F6000 X167.901 Y111.276
G1 F1200 X172.349 Y115.724 E654.40757
G0 F6000 X172.971 Y115.724
G1 F1200 X168.523 Y111.276 E654.72977
G0 F6000 X169.146 Y111.276
G1 F1200 X173.593 Y115.724 E655.05193
G0 F6000 X174.216 Y115.724
G1 F1200 X169.768 Y111.276 E655.37413
G0 F6000 X170.39 Y111.276
G1 F1200 X174.838 Y115.724 E655.69633
G0 F6000 X175.46 Y115.724
G1 F1200 X171.012 Y111.276 E656.01853
G0 F6000 X171.635 Y111.276
G1 F1200 X176.082 Y115.724 E656.34069
G0 F6000 X176.705 Y115.724
G1 F1200 X172.257 Y111.276 E656.66289
G0 F6000 X172.879 Y111.276
G1 F1200 X177.327 Y115.724 E656.98509
G0 F6000 X177.949 Y115.724
G1 F1200 X173.501 Y111.276 E657.30729
G0 F6000 X174.124 Y111.276
G1 F1200 X178.571 Y115.724 E657.62945
G0 F6000 X178.724 Y115.254
G1 F1200 X174.746 Y111.276 E657.9176
G0 F6000 X175.368 Y111.276
G1 F1200 X178.724 Y114.632 E658.1607
G0 F6000 X178.724 Y114.01
G1 F1200 X175.99 Y111.276 E658.35874
G0 F6000 X176.613 Y111.276
G1 F1200 X178.724 Y113.387 E658.51166
G0 F6000 X178.724 Y112.765
G1 F1200 X177.235 Y111.276 E658.61952
G0 F6000 X177.857 Y111.276
G1 F1200 X178.724 Y112.143 E658.68232
G0 F6000 X178.724 Y111.521
G1 F1200 X178.479 Y111.276 E658.70007
G1 F1500 E656.70007
G0 F6000 X178.479 Y109.335
G0 X119.347 Y109.347
G0 X119.347 Y117.653
G0 X130.347 Y117.653
G0 X131.329 Y115.772
G1 F1500 E658.70007
G1 F1200 X126.832 Y111.276 E659.02578
G0 F6000 X126.21 Y111.276
G1 F1200 X130.658 Y115.724 E659.34798
G0 F6000 X130.036 Y115.724
G1 F1200 X125.588 Y111.276 E659.67018
G0 F6000 X124.966 Y111.276
G1 F1200 X129.413 Y115.724 E659.99234
G0 F6000 X128.791 Y115.724
G1 F1200 X124.343 Y111.276 E660.31454
G0 F6000 X123.721 Y111.276
G1 F1200 X128.169 Y115.724 E660.63674
G0 F6000 X127.547 Y115.724
G1 F1200 X123.099 Y111.276 E660.95894
G0 F6000 X122.477 Y111.276
G1 F1200 X126.924 Y115.724 E661.2811
G0 F6000 X126.302 Y115.724
G1 F1200 X121.854 Y111.276 E661.6033
G0 F6000 X121.276 Y111.32
G1 F1200 X125.68 Y115.724 E661.92231
G0 F6000 X125.057 Y115.724
G1 F1200 X121.276 Y111.942 E662.19623
G0 F6000 X121.276 Y112.564
G1 F1200 X124.435 Y115.724 E662.4251
G0 F6000 X123.813 Y115.724
G1 F1200 X121.276 Y113.187 E662.60887
G0 F6000 X121.276 Y113.809
G1 F1200 X123.191 Y115.724 E662.74759
G0 F6000 X122.568 Y115.724
G1 F1200 X121.276 Y114.431 E662.84121
G0 F6000 X121.276 Y115.053
G1 F1200 X121.946 Y115.724 E662.88978
G1 F1500 E660.88978
;MESH:NONMESH
G0 F300 Z0.56
G0 F6000 X121.946 Y117.665
G0 X130.347 Y190.653
G0 X142.653 Y190.653
G0 X142.665 Y189.34
G0 X141.34 Y189.34
;TIME_ELAPSED:685.737372
;LAYER:1
M106 S85
;TYPE:WALL-INNER
;MESH:motor-slide.stl
G1 F1500 E662.88978
G1 X141.344 Y116.92 E666.59918
G1 X141.388 Y116.751 E666.60812
G1 X141.506 Y116.561 E666.61958
G1 X141.718 Y116.403 E666.63312
G1 X141.914 Y116.34 E666.64367
G1 X159.12 Y116.34 E667.52497
G1 X159.419 Y116.489 E667.54208
G1 X159.581 Y116.685 E667.5551
G1 X159.66 Y116.914 E667.56751
G1 X159.66 Y189.34 E671.27721
G1 X168.34 Y189.34 E671.72181
G1 X168.34 Y116.924 E675.431
G1 X168.419 Y116.685 E675.44389
G1 X168.581 Y116.489 E675.45692
G1 X168.913 Y116.34 E675.47556
G1 X179.34 Y116.34 E676.00964
G1 X179.34 Y110.66 E676.30057
G1 X120.66 Y110.66 E679.30619
G1 X120.66 Y116.34 E679.59713
G1 X131.101 Y116.34 E680.13192
G1 X131.283 Y116.403 E680.14179
G1 X131.494 Y116.561 E680.15529
G1 X131.612 Y116.751 E680.16674
G1 X131.656 Y116.92 E680.17569
G1 X131.66 Y189.34 E683.88509
G1 X141.34 Y189.34 E684.3809
G0 F7500 X141.78 Y189.78
;TYPE:WALL-OUTER
G1 F1500 X141.781 Y116.937 E688.11196
G1 X141.866 Y116.824 E688.11921
G1 X141.951 Y116.785 E688.124
G1 X159.052 Y116.786 E688.99992
G1 X159.14 Y116.829 E689.00494
G1 X159.22 Y116.944 E689.01211
G1 X159.22 Y189.78 E692.74282
G1 X168.78 Y189.78 E693.23249
G1 X168.783 Y116.962 E696.96227
G1 X168.86 Y116.829 E696.97014
G1 X168.962 Y116.783 E696.97587
G1 X179.78 Y116.78 E697.52997
G1 X179.78 Y110.22 E697.86598
G1 X120.22 Y110.22 E700.91668
G1 X120.22 Y116.78 E701.25269
G1 X131.049 Y116.785 E701.80736
G1 X131.134 Y116.824 E701.81215
G1 X131.219 Y116.973 E701.82093
G1 X131.22 Y189.78 E705.55015
G1 X141.78 Y189.78 E706.09104
G0 F7500 X140.944 Y188.944
;TYPE:SKIN
G1 F1500 X132.056 Y188.944 E706.54629
G1 X132.047 Y116.867 E710.23812
G1 X131.975 Y116.597 E710.25243
G1 X131.788 Y116.3 E710.27041
G1 X131.49 Y116.068 E710.28975
G1 X131.164 Y115.944 E710.30762
G1 X121.056 Y115.944 E710.82535
G1 X121.056 Y111.056 E711.07572
G1 X178.944 Y111.056 E714.04078
G1 X178.944 Y115.944 E714.29115
G1 X168.797 Y115.949 E714.81088
G1 X168.33 Y116.18 E714.83757
G1 X168.07 Y116.491 E714.85833
G1 X167.946 Y116.868 E714.87866
G1 X167.944 Y188.944 E718.57044
G1 X160.056 Y188.944 E718.97446
G1 X160.054 Y116.857 E722.6668
G1 X159.925 Y116.493 E722.68658
G1 X159.667 Y116.18 E722.70736
G1 X159.199 Y115.949 E722.73409
G1 X141.834 Y115.947 E723.62354
G1 X141.539 Y116.047 E723.63949
G1 X141.206 Y116.292 E723.66067
G1 X141.021 Y116.598 E723.67898
G1 X140.949 Y116.867 E723.69325
G1 X140.944 Y188.944 E727.38508
G1 F1500 E725.38508
G0 F7500 X142.665 Y188.944
G0 X158.347 Y190.653
G0 X167.205 Y190.665
G0 X167.205 Y188.724
G1 F1500 E727.38508
G1 X167.724 Y188.205 E727.42267
G0 F7500 X167.724 Y187.583
G1 F1500 X166.583 Y188.724 E727.50532
G0 F7500 X165.961 Y188.724
G1 F1500 X167.724 Y186.96 E727.63306
G0 F7500 X167.724 Y186.338
G1 F1500 X165.339 Y188.724 E727.80586
G0 F7500 X164.716 Y188.724
G1 F1500 X167.724 Y185.716 E728.02375
G0 F7500 X167.724 Y185.094
G1 F1500 X164.094 Y188.724 E728.2867
G0 F7500 X163.472 Y188.724
G1 F1500 X167.724 Y184.471 E728.59473
G0 F7500 X167.724 Y183.849
G1 F1500 X162.85 Y188.724 E728.94783
G0 F7500 X162.227 Y188.724
G1 F1500 X167.724 Y183.227 E729.34601
G0 F7500 X167.724 Y182.605
G1 F1500 X161.605 Y188.724 E729.78926
G0 F7500 X160.983 Y188.724
G1 F1500 X167.724 Y181.982 E730.27759
G0 F7500 X167.724 Y181.36
G1 F1500 X160.361 Y188.724 E730.81098
G0 F7500 X160.276 Y188.187
G1 F1500 X167.724 Y180.738 E731.35052
G0 F7500 X167.724 Y180.116
G1 F1500 X160.276 Y187.564 E731.89003
G0 F7500 X160.276 Y186.942
G1 F1500 X167.724 Y179.493 E732.42958
G0 F7500 X167.724 Y178.871
G1 F1500 X160.276 Y186.32 E732.96913
G0 F7500 X160.276 Y185.698
G1 F1500 X167.725 Y178.248 E733.50874
G0 F7500 X167.725 Y177.626
G1 F1500 X160.276 Y185.075 E734.04833
G0 F7500 X160.276 Y184.453
G1 F1500 X167.725 Y177.004 E734.58791
G0 F7500 X167.725 Y176.381
G1 F1500 X160.276 Y183.831 E735.12753
G0 F7500 X160.276 Y183.209
G1 F1500 X167.725 Y175.759 E735.66715
G0 F7500 X167.725 Y175.137
G1 F1500 X160.276 Y182.586 E736.20673
G0 F7500 X160.276 Y181.964
G1 F1500 X167.725 Y174.515 E736.74631
G0 F7500 X167.725 Y173.892
G1 F1500 X160.276 Y181.342 E737.28593
G0 F7500 X160.276 Y180.72
G1 F1500 X167.725 Y173.27 E737.82555
G0 F7500 X167.725 Y172.648
G1 F1500 X160.276 Y180.097 E738.36513
G0 F7500 X160.276 Y179.475
G1 F1500 X167.725 Y172.026 E738.90471
G0 F7500 X167.725 Y171.403
G1 F1500 X160.276 Y178.853 E739.44433
G0 F7500 X160.275 Y178.231
G1 F1500 X167.725 Y170.781 E739.98399
G0 F7500 X167.725 Y170.159
G1 F1500 X160.275 Y177.609 E740.52364
G0 F7500 X160.275 Y176.987
G1 F1500 X167.725 Y169.537 E741.06329
G0 F7500 X167.725 Y168.914
G1 F1500 X160.275 Y176.364 E741.60295
G0 F7500 X160.275 Y175.742
G1 F1500 X167.725 Y168.292 E742.1426
G0 F7500 X167.726 Y167.669
G1 F1500 X160.275 Y175.12 E742.68233
G0 F7500 X160.275 Y174.498
G1 F1500 X167.726 Y167.047 E743.22206
G0 F7500 X167.726 Y166.425
G1 F1500 X160.275 Y173.875 E743.76175
G0 F7500 X160.275 Y173.253
G1 F1500 X167.726 Y165.802 E744.30148
G0 F7500 X167.726 Y165.18
G1 F1500 X160.275 Y172.631 E744.8412
G0 F7500 X160.275 Y172.009
G1 F1500 X167.726 Y164.558 E745.38093
G0 F7500 X167.726 Y163.936
G1 F1500 X160.275 Y171.386 E745.92062
G0 F7500 X160.275 Y170.764
G1 F1500 X167.726 Y163.313 E746.46035
G0 F7500 X167.726 Y162.691
G1 F1500 X160.275 Y170.142 E747.00008
G0 F7500 X160.275 Y169.52
G1 F1500 X167.726 Y162.069 E747.5398
G0 F7500 X167.726 Y161.447
G1 F1500 X160.275 Y168.897 E748.07949
G0 F7500 X160.275 Y168.275
G1 F1500 X167.726 Y160.824 E748.61922
G0 F7500 X167.726 Y160.202
G1 F1500 X160.274 Y167.654 E749.15902
G0 F7500 X160.274 Y167.031
G1 F1500 X167.726 Y159.58 E749.69878
G0 F7500 X167.726 Y158.958
G1 F1500 X160.274 Y166.409 E750.23855
G0 F7500 X160.274 Y165.787
G1 F1500 X167.726 Y158.335 E750.77835
G0 F7500 X167.726 Y157.712
G1 F1500 X160.274 Y165.165 E751.31818
G0 F7500 X160.274 Y164.542
G1 F1500 X167.726 Y157.09 E751.85798
G0 F7500 X167.726 Y156.468
G1 F1500 X160.274 Y163.92 E752.39778
G0 F7500 X160.274 Y163.298
G1 F1500 X167.726 Y155.846 E752.93758
G0 F7500 X167.726 Y155.223
G1 F1500 X160.274 Y162.676 E753.47742
G0 F7500 X160.274 Y162.053
G1 F1500 X167.726 Y154.601 E754.01722
G0 F7500 X167.726 Y153.979
G1 F1500 X160.274 Y161.431 E754.55702
G0 F7500 X160.274 Y160.809
G1 F1500 X167.726 Y153.357 E755.09682
G0 F7500 X167.726 Y152.734
G1 F1500 X160.274 Y160.187 E755.63665
G0 F7500 X160.274 Y159.564
G1 F1500 X167.726 Y152.112 E756.17645
G0 F7500 X167.726 Y151.49
G1 F1500 X160.274 Y158.942 E756.71625
G0 F7500 X160.274 Y158.32
G1 F1500 X167.726 Y150.868 E757.25605
G0 F7500 X167.726 Y150.245
G1 F1500 X160.274 Y157.698 E757.79589
G0 F7500 X160.274 Y157.076
G1 F1500 X167.726 Y149.623 E758.33572
G0 F7500 X167.726 Y149.001
G1 F1500 X160.274 Y156.454 E758.87556
G0 F7500 X160.274 Y155.831
G1 F1500 X167.726 Y148.379 E759.41536
G0 F7500 X167.726 Y147.756
G1 F1500 X160.274 Y155.209 E759.95519
G0 F7500 X160.274 Y154.587
G1 F1500 X167.727 Y147.133 E760.4951
G0 F7500 X167.727 Y146.511
G1 F1500 X160.274 Y153.965 E761.03501
G0 F7500 X160.274 Y153.342
G1 F1500 X167.727 Y145.889 E761.57488
G0 F7500 X167.727 Y145.267
G1 F1500 X160.274 Y152.72 E762.11476
G0 F7500 X160.274 Y152.098
G1 F1500 X167.727 Y144.644 E762.65466
G0 F7500 X167.727 Y144.022
G1 F1500 X160.274 Y151.476 E763.19457
G0 F7500 X160.274 Y150.853
G1 F1500 X167.727 Y143.4 E763.73444
G0 F7500 X167.727 Y142.778
G1 F1500 X160.274 Y150.231 E764.27432
G0 F7500 X160.274 Y149.609
G1 F1500 X167.727 Y142.155 E764.81422
G0 F7500 X167.727 Y141.533
G1 F1500 X160.274 Y148.987 E765.35413
G0 F7500 X160.274 Y148.364
G1 F1500 X167.727 Y140.911 E765.894
G0 F7500 X167.727 Y140.289
G1 F1500 X160.274 Y147.742 E766.43388
G0 F7500 X160.273 Y147.121
G1 F1500 X167.727 Y139.666 E766.97386
G0 F7500 X167.727 Y139.044
G1 F1500 X160.273 Y146.498 E767.5138
G0 F7500 X160.273 Y145.876
G1 F1500 X167.727 Y138.422 E768.05375
G0 F7500 X167.727 Y137.8
G1 F1500 X160.273 Y145.254 E768.59369
G0 F7500 X160.273 Y144.632
G1 F1500 X167.728 Y137.177 E769.13371
G0 F7500 X167.728 Y136.554
G1 F1500 X160.273 Y144.009 E769.67372
G0 F7500 X160.273 Y143.387
G1 F1500 X167.728 Y135.932 E770.21374
G0 F7500 X167.728 Y135.31
G1 F1500 X160.273 Y142.765 E770.75376
G0 F7500 X160.273 Y142.143
G1 F1500 X167.728 Y134.688 E771.29378
G0 F7500 X167.728 Y134.065
G1 F1500 X160.273 Y141.52 E771.83379
G0 F7500 X160.273 Y140.898
G1 F1500 X167.728 Y133.443 E772.37381
G0 F7500 X167.728 Y132.821
G1 F1500 X160.273 Y140.276 E772.91383
G0 F7500 X160.273 Y139.654
G1 F1500 X167.728 Y132.199 E773.45384
G0 F7500 X167.728 Y131.576
G1 F1500 X160.273 Y139.031 E773.99386
G0 F7500 X160.273 Y138.409
G1 F1500 X167.728 Y130.954 E774.53388
G0 F7500 X167.728 Y130.332
G1 F1500 X160.273 Y137.787 E775.07389
G0 F7500 X160.272 Y137.165
G1 F1500 X167.728 Y129.71 E775.61395
G0 F7500 X167.728 Y129.087
G1 F1500 X160.272 Y136.543 E776.15404
G0 F7500 X160.272 Y135.921
G1 F1500 X167.728 Y128.465 E776.69413
G0 F7500 X167.728 Y127.843
G1 F1500 X160.272 Y135.299 E777.23422
G0 F7500 X160.272 Y134.676
G1 F1500 X167.728 Y127.221 E777.77427
G0 F7500 X167.729 Y126.598
G1 F1500 X160.272 Y134.054 E778.31439
G0 F7500 X160.272 Y133.432
G1 F1500 X167.729 Y125.975 E778.85456
G0 F7500 X167.729 Y125.353
G1 F1500 X160.272 Y132.81 E779.39472
G0 F7500 X160.272 Y132.187
G1 F1500 X167.729 Y124.731 E779.93484
G0 F7500 X167.729 Y124.109
G1 F1500 X160.272 Y131.565 E780.47497
G0 F7500 X160.272 Y130.943
G1 F1500 X167.729 Y123.486 E781.01513
G0 F7500 X167.729 Y122.864
G1 F1500 X160.272 Y130.32 E781.55526
G0 F7500 X160.272 Y129.698
G1 F1500 X167.729 Y122.242 E782.09538
G0 F7500 X167.729 Y121.62
G1 F1500 X160.272 Y129.076 E782.63551
G0 F7500 X160.272 Y128.454
G1 F1500 X167.729 Y120.997 E783.17567
G0 F7500 X167.729 Y120.375
G1 F1500 X160.272 Y127.831 E783.71579
G0 F7500 X160.272 Y127.209
G1 F1500 X167.729 Y119.753 E784.25592
G0 F7500 X167.729 Y119.131
G1 F1500 X160.271 Y126.588 E784.79612
G0 F7500 X160.271 Y125.965
G1 F1500 X167.729 Y118.508 E785.33632
G0 F7500 X167.729 Y117.886
G1 F1500 X160.271 Y125.343 E785.87651
G0 F7500 X160.271 Y124.721
G1 F1500 X167.729 Y117.264 E786.41671
G0 F7500 X167.816 Y116.555
G1 F1500 X160.271 Y124.099 E786.96321
G0 F7500 X160.271 Y123.476
G1 F1500 X172.472 Y111.276 E787.84698
G0 F7500 X173.094 Y111.276
G1 F1500 X168.551 Y115.819 E788.17606
G0 F7500 X169.268 Y115.724
G1 F1500 X173.716 Y111.276 E788.49826
G0 F7500 X174.339 Y111.276
G1 F1500 X169.89 Y115.724 E788.82049
G0 F7500 X170.512 Y115.724
G1 F1500 X174.961 Y111.276 E789.14273
G0 F7500 X175.583 Y111.276
G1 F1500 X171.135 Y115.724 E789.46493
G0 F7500 X171.757 Y115.724
G1 F1500 X176.205 Y111.276 E789.78713
G0 F7500 X176.828 Y111.276
G1 F1500 X172.379 Y115.724 E790.10936
G0 F7500 X173.001 Y115.724
G1 F1500 X177.45 Y111.276 E790.4316
G0 F7500 X178.072 Y111.276
G1 F1500 X173.624 Y115.724 E790.7538
G0 F7500 X174.246 Y115.724
G1 F1500 X178.694 Y111.276 E791.076
G0 F7500 X178.724 Y111.869
G1 F1500 X174.868 Y115.724 E791.35528
G0 F7500 X175.49 Y115.724
G1 F1500 X178.724 Y112.491 E791.5895
G0 F7500 X178.724 Y113.113
G1 F1500 X176.113 Y115.724 E791.77864
G0 F7500 X176.735 Y115.724
G1 F1500 X178.724 Y113.735 E791.92271
G0 F7500 X178.724 Y114.358
G1 F1500 X177.357 Y115.724 E792.0217
G0 F7500 X177.979 Y115.724
G1 F1500 X178.724 Y114.98 E792.07563
G0 F7500 X178.724 Y115.602
G1 F1500 X178.602 Y115.724 E792.08446
G1 F1500 E790.08446
G0 F7500 X180.665 Y115.724
G0 X180.653 Y109.347
G0 X171.85 Y109.335
G0 X171.85 Y111.276
G1 F1500 E792.08446
G1 X160.271 Y122.854 E792.92317
G0 F7500 X160.271 Y122.232
G1 F1500 X171.227 Y111.276 E793.71679
G0 F7500 X170.605 Y111.276
G1 F1500 X160.271 Y121.61 E794.46536
G0 F7500 X160.271 Y120.987
G1 F1500 X169.983 Y111.276 E795.16883
G0 F7500 X169.361 Y111.276
G1 F1500 X160.271 Y120.365 E795.82724
G0 F7500 X160.271 Y119.743
G1 F1500 X168.738 Y111.276 E796.44056
G0 F7500 X168.116 Y111.276
G1 F1500 X160.271 Y119.121 E797.00883
G0 F7500 X160.271 Y118.498
G1 F1500 X167.494 Y111.276 E797.53201
G0 F7500 X166.872 Y111.276
G1 F1500 X160.271 Y117.876 E798.01013
G0 F7500 X160.271 Y117.254
G1 F1500 X166.249 Y111.276 E798.44315
G0 F7500 X165.627 Y111.276
G1 F1500 X160.225 Y116.678 E798.83446
G0 F7500 X160.019 Y116.262
G1 F1500 X165.005 Y111.276 E799.19563
G0 F7500 X164.383 Y111.276
G1 F1500 X159.709 Y115.95 E799.5342
G0 F7500 X159.292 Y115.744
G1 F1500 X163.76 Y111.276 E799.85785
G0 F7500 X163.138 Y111.276
G1 F1500 X158.689 Y115.725 E800.18012
G0 F7500 X158.067 Y115.725
G1 F1500 X162.516 Y111.276 E800.50239
G0 F7500 X161.894 Y111.276
G1 F1500 X157.444 Y115.725 E800.8247
G0 F7500 X156.821 Y115.726
G1 F1500 X161.271 Y111.276 E801.14704
G0 F7500 X160.649 Y111.276
G1 F1500 X156.199 Y115.726 E801.46939
G0 F7500 X155.577 Y115.726
G1 F1500 X160.027 Y111.276 E801.79173
G0 F7500 X159.404 Y111.276
G1 F1500 X154.955 Y115.726 E802.11404
G0 F7500 X154.332 Y115.727
G1 F1500 X158.782 Y111.276 E802.43642
G0 F7500 X158.16 Y111.276
G1 F1500 X153.709 Y115.727 E802.75883
G0 F7500 X153.087 Y115.727
G1 F1500 X157.538 Y111.276 E803.08125
G0 F7500 X156.915 Y111.276
G1 F1500 X152.464 Y115.727 E803.40367
G0 F7500 X151.842 Y115.727
G1 F1500 X156.293 Y111.276 E803.72608
G0 F7500 X155.671 Y111.276
G1 F1500 X151.22 Y115.727 E804.0485
G0 F7500 X150.597 Y115.727
G1 F1500 X155.049 Y111.276 E804.37095
G0 F7500 X154.426 Y111.276
G1 F1500 X149.975 Y115.728 E804.69341
G0 F7500 X149.352 Y115.728
G1 F1500 X153.804 Y111.276 E805.0159
G0 F7500 X153.182 Y111.276
G1 F1500 X148.73 Y115.728 E805.33838
G0 F7500 X148.107 Y115.729
G1 F1500 X152.56 Y111.276 E805.66095
G0 F7500 X151.937 Y111.276
G1 F1500 X147.485 Y115.729 E805.98347
G0 F7500 X146.863 Y115.729
G1 F1500 X151.315 Y111.276 E806.306
G0 F7500 X150.693 Y111.276
G1 F1500 X146.24 Y115.729 E806.62856
G0 F7500 X145.617 Y115.729
G1 F1500 X150.071 Y111.276 E806.95116
G0 F7500 X149.448 Y111.276
G1 F1500 X144.995 Y115.729 E807.27372
G0 F7500 X144.373 Y115.729
G1 F1500 X148.826 Y111.276 E807.59628
G0 F7500 X148.204 Y111.276
G1 F1500 X143.75 Y115.73 E807.91891
G0 F7500 X143.128 Y115.73
G1 F1500 X147.582 Y111.276 E808.24155
G0 F7500 X146.959 Y111.276
G1 F1500 X142.505 Y115.73 E808.56418
G0 F7500 X141.883 Y115.73
G1 F1500 X146.337 Y111.276 E808.88681
G0 F7500 X145.715 Y111.276
G1 F1500 X132.266 Y124.724 E809.86098
G0 F7500 X132.266 Y124.102
G1 F1500 X145.093 Y111.276 E810.79009
G0 F7500 X144.47 Y111.276
G1 F1500 X132.266 Y123.48 E811.67411
G0 F7500 X132.266 Y122.858
G1 F1500 X143.848 Y111.276 E812.51308
G0 F7500 X143.226 Y111.276
G1 F1500 X132.266 Y122.235 E813.30695
G0 F7500 X132.266 Y121.614
G1 F1500 X142.604 Y111.276 E814.0558
G0 F7500 X141.981 Y111.276
G1 F1500 X132.266 Y120.992 E814.75956
G0 F7500 X132.266 Y120.369
G1 F1500 X141.359 Y111.276 E815.41823
G0 F7500 X140.737 Y111.276
G1 F1500 X132.266 Y119.747 E816.03184
G0 F7500 X132.266 Y119.125
G1 F1500 X140.115 Y111.276 E816.6004
G0 F7500 X139.492 Y111.276
G1 F1500 X132.266 Y118.503 E817.12386
G0 F7500 X132.266 Y117.88
G1 F1500 X138.87 Y111.276 E817.60224
G0 F7500 X138.248 Y111.276
G1 F1500 X132.266 Y117.258 E818.03555
G0 F7500 X132.223 Y116.679
G1 F1500 X137.626 Y111.276 E818.42693
G0 F7500 X137.003 Y111.276
G1 F1500 X132.023 Y116.256 E818.78767
G0 F7500 X131.703 Y115.954
G1 F1500 X136.381 Y111.276 E819.12653
G0 F7500 X135.759 Y111.276
G1 F1500 X131.281 Y115.753 E819.45086
G0 F7500 X130.689 Y115.724
G1 F1500 X135.137 Y111.276 E819.77306
G0 F7500 X134.514 Y111.276
G1 F1500 X130.067 Y115.724 E820.09523
G0 F7500 X129.444 Y115.724
G1 F1500 X133.892 Y111.276 E820.41742
G0 F7500 X133.27 Y111.276
G1 F1500 X128.822 Y115.724 E820.73962
G0 F7500 X128.2 Y115.724
G1 F1500 X132.648 Y111.276 E821.06182
G0 F7500 X132.025 Y111.276
G1 F1500 X127.578 Y115.724 E821.38399
G0 F7500 X126.955 Y115.724
G1 F1500 X131.403 Y111.276 E821.70619
G0 F7500 X130.781 Y111.276
G1 F1500 X126.333 Y115.724 E822.02838
G0 F7500 X125.711 Y115.724
G1 F1500 X130.159 Y111.276 E822.35058
G0 F7500 X129.536 Y111.276
G1 F1500 X125.089 Y115.724 E822.67275
G0 F7500 X124.466 Y115.724
G1 F1500 X128.914 Y111.276 E822.99495
G0 F7500 X128.292 Y111.276
G1 F1500 X123.844 Y115.724 E823.31714
G0 F7500 X123.222 Y115.724
G1 F1500 X127.67 Y111.276 E823.63934
G0 F7500 X127.047 Y111.276
G1 F1500 X122.6 Y115.724 E823.96151
G0 F7500 X121.977 Y115.724
G1 F1500 X126.425 Y111.276 E824.28371
G0 F7500 X125.803 Y111.276
G1 F1500 X121.355 Y115.724 E824.60591
G0 F7500 X121.276 Y115.181
G1 F1500 X125.181 Y111.276 E824.88877
G0 F7500 X124.558 Y111.276
G1 F1500 X121.276 Y114.558 E825.12651
G0 F7500 X121.276 Y113.936
G1 F1500 X123.936 Y111.276 E825.31919
G0 F7500 X123.314 Y111.276
G1 F1500 X121.276 Y113.314 E825.46682
G0 F7500 X121.276 Y112.692
G1 F1500 X122.692 Y111.276 E825.56939
G0 F7500 X122.069 Y111.276
G1 F1500 X121.276 Y112.069 E825.62683
G0 F7500 X121.276 Y111.447
G1 F1500 X121.447 Y111.276 E825.63922
G1 F1500 E823.63922
G0 F7500 X121.447 Y109.335
G0 X119.347 Y109.347
G0 X119.347 Y117.653
G0 X130.335 Y125.347
G0 X132.266 Y125.347
G1 F1500 E825.63922
G1 X140.731 Y116.883 E826.25236
G0 F7500 X140.731 Y117.505
G1 F1500 X132.266 Y125.969 E826.8655
G0 F7500 X132.267 Y126.59
G1 F1500 X140.731 Y118.127 E827.47857
G0 F7500 X140.731 Y118.749
G1 F1500 X132.267 Y127.213 E828.09168
G0 F7500 X132.267 Y127.835
G1 F1500 X140.731 Y119.372 E828.70475
G0 F7500 X140.731 Y119.994
G1 F1500 X132.267 Y128.457 E829.31782
G0 F7500 X132.267 Y129.08
G1 F1500 X140.731 Y120.616 E829.93092
G0 F7500 X140.731 Y121.238
G1 F1500 X132.267 Y129.702 E830.54403
G0 F7500 X132.267 Y130.324
G1 F1500 X140.731 Y121.861 E831.1571
G0 F7500 X140.731 Y122.483
G1 F1500 X132.267 Y130.946 E831.77017
G0 F7500 X132.268 Y131.568
G1 F1500 X140.731 Y123.105 E832.3832
G0 F7500 X140.731 Y123.727
G1 F1500 X132.268 Y132.19 E832.99623
G0 F7500 X132.268 Y132.812
G1 F1500 X140.73 Y124.35 E833.60919
G0 F7500 X140.73 Y124.973
G1 F1500 X132.268 Y133.435 E834.22215
G0 F7500 X132.268 Y134.057
G1 F1500 X140.73 Y125.595 E834.83512
G0 F7500 X140.73 Y126.217
G1 F1500 X132.268 Y134.679 E835.44808
G0 F7500 X132.268 Y135.301
G1 F1500 X140.73 Y126.839 E836.06104
G0 F7500 X140.73 Y127.462
G1 F1500 X132.268 Y135.924 E836.674
G0 F7500 X132.269 Y136.545
G1 F1500 X140.73 Y128.084 E837.28689
G0 F7500 X140.73 Y128.706
G1 F1500 X132.269 Y137.167 E837.89978
G0 F7500 X132.269 Y137.79
G1 F1500 X140.73 Y129.328 E838.5127
G0 F7500 X140.73 Y129.951
G1 F1500 X132.269 Y138.412 E839.12559
G0 F7500 X132.269 Y139.034
G1 F1500 X140.73 Y130.573 E839.73848
G0 F7500 X140.73 Y131.195
G1 F1500 X132.269 Y139.656 E840.35137
G0 F7500 X132.269 Y140.279
G1 F1500 X140.729 Y131.818 E840.96422
G0 F7500 X140.729 Y132.44
G1 F1500 X132.269 Y140.9 E841.57703
G0 F7500 X132.269 Y141.522
G1 F1500 X140.729 Y133.063 E842.18981
G0 F7500 X140.729 Y133.685
G1 F1500 X132.269 Y142.145 E842.80263
G0 F7500 X132.269 Y142.767
G1 F1500 X140.729 Y134.307 E843.41545
G0 F7500 X140.729 Y134.929
G1 F1500 X132.269 Y143.389 E844.02826
G0 F7500 X132.269 Y144.011
G1 F1500 X140.729 Y135.552 E844.64104
G0 F7500 X140.729 Y136.174
G1 F1500 X132.269 Y144.634 E845.25386
G0 F7500 X132.269 Y145.256
G1 F1500 X140.729 Y136.796 E845.86667
G0 F7500 X140.729 Y137.418
G1 F1500 X132.27 Y145.878 E846.47945
G0 F7500 X132.27 Y146.5
G1 F1500 X140.729 Y138.041 E847.0922
G0 F7500 X140.728 Y138.664
G1 F1500 X132.27 Y147.122 E847.70487
G0 F7500 X132.27 Y147.744
G1 F1500 X140.728 Y139.286 E848.31754
G0 F7500 X140.728 Y139.908
G1 F1500 X132.27 Y148.367 E848.93025
G0 F7500 X132.27 Y148.989
G1 F1500 X140.728 Y140.53 E849.54295
G0 F7500 X140.728 Y141.153
G1 F1500 X132.27 Y149.611 E850.15562
G0 F7500 X132.27 Y150.233
G1 F1500 X140.728 Y141.775 E850.7683
G0 F7500 X140.728 Y142.397
G1 F1500 X132.271 Y150.855 E851.38093
G0 F7500 X132.271 Y151.477
G1 F1500 X140.728 Y143.019 E851.99357
G0 F7500 X140.728 Y143.642
G1 F1500 X132.271 Y152.099 E852.60616
G0 F7500 X132.271 Y152.722
G1 F1500 X140.728 Y144.264 E853.2188
G0 F7500 X140.728 Y144.886
G1 F1500 X132.271 Y153.344 E853.83143
G0 F7500 X132.271 Y153.966
G1 F1500 X140.728 Y145.508 E854.44407
G0 F7500 X140.728 Y146.131
G1 F1500 X132.271 Y154.588 E855.05667
G0 F7500 X132.271 Y155.21
G1 F1500 X140.728 Y146.754 E855.66923
G0 F7500 X140.728 Y147.376
G1 F1500 X132.271 Y155.832 E856.28179
G0 F7500 X132.271 Y156.454
G1 F1500 X140.728 Y147.998 E856.89435
G0 F7500 X140.728 Y148.62
G1 F1500 X132.271 Y157.077 E857.50695
G0 F7500 X132.271 Y157.699
G1 F1500 X140.728 Y149.243 E858.11952
G0 F7500 X140.728 Y149.865
G1 F1500 X132.271 Y158.321 E858.73208
G0 F7500 X132.271 Y158.943
G1 F1500 X140.728 Y150.487 E859.34464
G0 F7500 X140.728 Y151.109
G1 F1500 X132.271 Y159.566 E859.95724
G0 F7500 X132.272 Y160.187
G1 F1500 X140.728 Y151.732 E860.56973
G0 F7500 X140.728 Y152.354
G1 F1500 X132.272 Y160.81 E861.18226
G0 F7500 X132.272 Y161.432
G1 F1500 X140.727 Y152.977 E861.79471
G0 F7500 X140.727 Y153.599
G1 F1500 X132.272 Y162.054 E862.40716
G0 F7500 X132.272 Y162.676
G1 F1500 X140.727 Y154.221 E863.01962
G0 F7500 X140.727 Y154.844
G1 F1500 X132.272 Y163.299 E863.63207
G0 F7500 X132.272 Y163.921
G1 F1500 X140.727 Y155.466 E864.24452
G0 F7500 X140.727 Y156.088
G1 F1500 X132.272 Y164.543 E864.85698
G0 F7500 X132.273 Y165.165
G1 F1500 X140.727 Y156.71 E865.4694
G0 F7500 X140.727 Y157.333
G1 F1500 X132.273 Y165.787 E866.08178
G0 F7500 X132.273 Y166.409
G1 F1500 X140.727 Y157.955 E866.69416
G0 F7500 X140.727 Y158.577
G1 F1500 X132.273 Y167.031 E867.30654
G0 F7500 X132.273 Y167.654
G1 F1500 X140.727 Y159.199 E867.91896
G0 F7500 X140.727 Y159.822
G1 F1500 X132.273 Y168.276 E868.53134
G0 F7500 X132.273 Y168.898
G1 F1500 X140.726 Y160.445 E869.14365
G0 F7500 X140.726 Y161.067
G1 F1500 X132.273 Y169.52 E869.75596
G0 F7500 X132.274 Y170.142
G1 F1500 X140.726 Y161.689 E870.36823
G0 F7500 X140.726 Y162.311
G1 F1500 X132.274 Y170.764 E870.9805
G0 F7500 X132.274 Y171.386
G1 F1500 X140.726 Y162.934 E871.59274
G0 F7500 X140.726 Y163.556
G1 F1500 X132.274 Y172.009 E872.20501
G0 F7500 X132.274 Y172.631
G1 F1500 X140.726 Y164.178 E872.81728
G0 F7500 X140.726 Y164.8
G1 F1500 X132.274 Y173.253 E873.42956
G0 F7500 X132.274 Y173.875
G1 F1500 X140.726 Y165.423 E874.04179
G0 F7500 X140.726 Y166.045
G1 F1500 X132.274 Y174.497 E874.65403
G0 F7500 X132.274 Y175.119
G1 F1500 X140.726 Y166.667 E875.26627
G0 F7500 X140.726 Y167.29
G1 F1500 X132.274 Y175.741 E875.87847
G0 F7500 X132.274 Y176.364
G1 F1500 X140.726 Y167.912 E876.4907
G0 F7500 X140.726 Y168.535
G1 F1500 X132.274 Y176.986 E877.1029
G0 F7500 X132.274 Y177.608
G1 F1500 X140.726 Y169.157 E877.7151
G0 F7500 X140.726 Y169.779
G1 F1500 X132.274 Y178.231 E878.32734
G0 F7500 X132.274 Y178.853
G1 F1500 X140.726 Y170.401 E878.93958
G0 F7500 X140.726 Y171.024
G1 F1500 X132.275 Y179.474 E879.5517
G0 F7500 X132.275 Y180.097
G1 F1500 X140.726 Y171.646 E880.16387
G0 F7500 X140.726 Y172.268
G1 F1500 X132.275 Y180.719 E880.77603
G0 F7500 X132.275 Y181.341
G1 F1500 X140.726 Y172.89 E881.3882
G0 F7500 X140.726 Y173.513
G1 F1500 X132.275 Y181.963 E882.00032
G0 F7500 X132.275 Y182.586
G1 F1500 X140.726 Y174.135 E882.61249
G0 F7500 X140.725 Y174.758
G1 F1500 X132.275 Y183.208 E883.22458
G0 F7500 X132.275 Y183.83
G1 F1500 X140.725 Y175.38 E883.83667
G0 F7500 X140.725 Y176.002
G1 F1500 X132.276 Y184.452 E884.44873
G0 F7500 X132.276 Y185.074
G1 F1500 X140.725 Y176.625 E885.06075
G0 F7500 X140.725 Y177.247
G1 F1500 X132.276 Y185.696 E885.67277
G0 F7500 X132.276 Y186.318
G1 F1500 X140.725 Y177.869 E886.28478
G0 F7500 X140.725 Y178.491
G1 F1500 X132.276 Y186.941 E886.89684
G0 F7500 X132.276 Y187.563
G1 F1500 X140.725 Y179.114 E887.50886
G0 F7500 X140.725 Y179.736
G1 F1500 X132.276 Y188.185 E888.12088
G0 F7500 X132.359 Y188.724
G1 F1500 X140.725 Y180.358 E888.72689
G0 F7500 X140.725 Y180.98
G1 F1500 X132.981 Y188.724 E889.28784
G0 F7500 X133.604 Y188.724
G1 F1500 X140.724 Y181.603 E889.80362
G0 F7500 X140.724 Y182.226
G1 F1500 X134.226 Y188.724 E890.27432
G0 F7500 X134.848 Y188.724
G1 F1500 X140.724 Y182.848 E890.69996
G0 F7500 X140.724 Y183.47
G1 F1500 X135.47 Y188.724 E891.08054
G0 F7500 X136.093 Y188.724
G1 F1500 X140.724 Y184.092 E891.41603
G0 F7500 X140.724 Y184.715
G1 F1500 X136.715 Y188.724 E891.70643
G0 F7500 X137.337 Y188.724
G1 F1500 X140.724 Y185.337 E891.95178
G0 F7500 X140.724 Y185.959
G1 F1500 X137.959 Y188.724 E892.15206
G0 F7500 X138.582 Y188.724
G1 F1500 X140.724 Y186.581 E892.30726
G0 F7500 X140.724 Y187.204
G1 F1500 X139.204 Y188.724 E892.41736
G0 F7500 X139.826 Y188.724
G1 F1500 X140.724 Y187.826 E892.48241
G0 F7500 X140.724 Y188.448
G1 F1500 X140.448 Y188.724 E892.5024
;MESH:NONMESH
G0 F300 Z0.84
G0 F7500 X141.34 Y189.34
;TIME_ELAPSED:895.948877
;LAYER:2
M106 S170
;TYPE:WALL-INNER
;MESH:motor-slide.stl
G1 F1800 X141.344 Y116.92 E896.2118
G1 X141.388 Y116.751 E896.22075
G1 X141.506 Y116.561 E896.2322
G1 X141.718 Y116.403 E896.24574
G1 X141.914 Y116.34 E896.25629
G1 X159.12 Y116.34 E897.13759
G1 X159.419 Y116.489 E897.1547
G1 X159.581 Y116.685 E897.16773
G1 X159.66 Y116.914 E897.18014
G1 X159.66 Y189.34 E900.88984
G1 X168.34 Y189.34 E901.33443
G1 X168.34 Y116.924 E905.04363
G1 X168.419 Y116.685 E905.05652
G1 X168.581 Y116.489 E905.06954
G1 X168.913 Y116.34 E905.08818
G1 X179.34 Y116.34 E905.62226
G1 X179.34 Y110.66 E905.91319
G1 X120.66 Y110.66 E908.91882
G1 X120.66 Y116.34 E909.20975
G1 X131.101 Y116.34 E909.74455
G1 X131.283 Y116.403 E909.75441
G1 X131.494 Y116.561 E909.76791
G1 X131.612 Y116.751 E909.77937
G1 X131.656 Y116.92 E909.78831
G1 X131.66 Y189.34 E913.49771
G1 X141.34 Y189.34 E913.99352
G0 F9000 X141.78 Y189.78
;TYPE:WALL-OUTER
G1 F1800 X141.781 Y116.937 E917.72459
G1 X141.866 Y116.824 E917.73183
G1 X141.951 Y116.785 E917.73662
G1 X159.052 Y116.786 E918.61254
G1 X159.14 Y116.829 E918.61756
G1 X159.22 Y116.944 E918.62474
G1 X159.22 Y189.78 E922.35544
G1 X168.78 Y189.78 E922.84511
G1 X168.783 Y116.962 E926.57489
G1 X168.86 Y116.829 E926.58276
G1 X168.962 Y116.783 E926.58849
G1 X179.78 Y116.78 E927.1426
G1 X179.78 Y110.22 E927.47861
G1 X120.22 Y110.22 E930.52931
G1 X120.22 Y116.78 E930.86531
G1 X131.049 Y116.785 E931.41998
G1 X131.134 Y116.824 E931.42477
G1 X131.219 Y116.973 E931.43356
G1 X131.22 Y189.78 E935.16278
G1 X141.78 Y189.78 E935.70367
G0 F9000 X140.944 Y188.944
;TYPE:SKIN
G1 F1800 X132.056 Y188.944 E936.15891
G1 X132.047 Y116.867 E939.85074
G1 X131.975 Y116.597 E939.86506
G1 X131.788 Y116.3 E939.88303
G1 X131.49 Y116.068 E939.90238
G1 X131.164 Y115.944 E939.92024
G1 X121.056 Y115.944 E940.43798
G1 X121.056 Y111.056 E940.68835
G1 X178.944 Y111.056 E943.6534
G1 X178.944 Y115.944 E943.90377
G1 X168.797 Y115.949 E944.42351
G1 X168.33 Y116.18 E944.45019
G1 X168.07 Y116.491 E944.47096
G1 X167.946 Y116.868 E944.49128
G1 X167.944 Y188.944 E948.18306
G1 X160.056 Y188.944 E948.58709
G1 X160.054 Y116.857 E952.27943
G1 X159.925 Y116.493 E952.29921
G1 X159.667 Y116.18 E952.31998
G1 X159.199 Y115.949 E952.34672
G1 X141.834 Y115.947 E953.23616
G1 X141.539 Y116.047 E953.25212
G1 X141.206 Y116.292 E953.27329
G1 X141.021 Y116.598 E953.29161
G1 X140.949 Y116.867 E953.30587
G1 X140.944 Y188.944 E956.9977
G1 F1500 E954.9977
G0 F9000 X140.944 Y190.665
G0 X132.721 Y190.665
G0 X132.721 Y188.724
G1 F1500 E956.9977
G1 F1800 X132.275 Y188.278 E957.03001
G0 F9000 X132.275 Y187.656
G1 F1800 X133.343 Y188.724 E957.10737
G0 F9000 X133.966 Y188.724
G1 F1800 X132.275 Y187.033 E957.22986
G0 F9000 X132.275 Y186.411
G1 F1800 X134.588 Y188.724 E957.39741
G0 F9000 X135.21 Y188.724
G1 F1800 X132.275 Y185.789 E957.61001
G0 F9000 X132.275 Y185.167
G1 F1800 X135.832 Y188.724 E957.86767
G0 F9000 X136.455 Y188.724
G1 F1800 X132.275 Y184.544 E958.17045
G0 F9000 X132.274 Y183.921
G1 F1800 X137.077 Y188.724 E958.51837
G0 F9000 X137.699 Y188.724
G1 F1800 X132.274 Y183.299 E958.91134
G0 F9000 X132.274 Y182.677
G1 F1800 X138.321 Y188.724 E959.34936
G0 F9000 X138.944 Y188.724
G1 F1800 X132.274 Y182.055 E959.83248
G0 F9000 X132.274 Y181.432
G1 F1800 X139.566 Y188.724 E960.36069
G0 F9000 X140.188 Y188.724
G1 F1800 X132.274 Y180.81 E960.93396
G0 F9000 X132.274 Y180.188
G1 F1800 X140.725 Y188.638 E961.54608
G0 F9000 X140.725 Y188.016
G1 F1800 X132.274 Y179.566 E962.15821
G0 F9000 X132.274 Y178.943
G1 F1800 X140.725 Y187.394 E962.77038
G0 F9000 X140.725 Y186.772
G1 F1800 X132.274 Y178.32 E963.38258
G0 F9000 X132.274 Y177.698
G1 F1800 X140.725 Y186.149 E963.99474
G0 F9000 X140.725 Y185.527
G1 F1800 X132.274 Y177.076 E964.6069
G0 F9000 X132.274 Y176.454
G1 F1800 X140.725 Y184.905 E965.21907
G0 F9000 X140.725 Y184.283
G1 F1800 X132.274 Y175.831 E965.83127
G0 F9000 X132.274 Y175.209
G1 F1800 X140.725 Y183.66 E966.44343
G0 F9000 X140.725 Y183.038
G1 F1800 X132.274 Y174.587 E967.0556
G0 F9000 X132.273 Y173.964
G1 F1800 X140.725 Y182.416 E967.66783
G0 F9000 X140.725 Y181.794
G1 F1800 X132.273 Y173.342 E968.28007
G0 F9000 X132.273 Y172.719
G1 F1800 X140.726 Y181.172 E968.89238
G0 F9000 X140.726 Y180.55
G1 F1800 X132.273 Y172.097 E969.50469
G0 F9000 X132.273 Y171.475
G1 F1800 X140.726 Y179.928 E970.117
G0 F9000 X140.726 Y179.305
G1 F1800 X132.273 Y170.853 E970.72927
G0 F9000 X132.273 Y170.23
G1 F1800 X140.726 Y178.683 E971.34158
G0 F9000 X140.726 Y178.061
G1 F1800 X132.273 Y169.608 E971.95389
G0 F9000 X132.272 Y168.985
G1 F1800 X140.726 Y177.439 E972.56627
G0 F9000 X140.726 Y176.816
G1 F1800 X132.272 Y168.363 E973.17861
G0 F9000 X132.272 Y167.741
G1 F1800 X140.726 Y176.194 E973.79096
G0 F9000 X140.726 Y175.572
G1 F1800 X132.272 Y167.118 E974.40334
G0 F9000 X132.272 Y166.496
G1 F1800 X140.726 Y174.95 E975.01572
G0 F9000 X140.726 Y174.328
G1 F1800 X132.272 Y165.874 E975.6281
G0 F9000 X132.272 Y165.252
G1 F1800 X140.726 Y173.706 E976.24048
G0 F9000 X140.726 Y173.083
G1 F1800 X132.271 Y164.629 E976.8529
G0 F9000 X132.271 Y164.006
G1 F1800 X140.726 Y172.461 E977.46535
G0 F9000 X140.726 Y171.839
G1 F1800 X132.271 Y163.384 E978.07781
G0 F9000 X132.271 Y162.762
G1 F1800 X140.726 Y171.217 E978.69026
G0 F9000 X140.726 Y170.594
G1 F1800 X132.271 Y162.14 E979.30268
G0 F9000 X132.271 Y161.517
G1 F1800 X140.726 Y169.972 E979.91513
G0 F9000 X140.726 Y169.35
G1 F1800 X132.271 Y160.895 E980.52759
G0 F9000 X132.271 Y160.273
G1 F1800 X140.726 Y168.728 E981.14004
G0 F9000 X140.726 Y168.105
G1 F1800 X132.271 Y159.65 E981.7525
G0 F9000 X132.271 Y159.028
G1 F1800 X140.726 Y167.483 E982.36495
G0 F9000 X140.727 Y166.862
G1 F1800 X132.271 Y158.405 E982.97751
G0 F9000 X132.271 Y157.783
G1 F1800 X140.727 Y166.239 E983.59004
G0 F9000 X140.727 Y165.617
G1 F1800 X132.271 Y157.161 E984.20256
G0 F9000 X132.271 Y156.539
G1 F1800 X140.727 Y164.995 E984.81509
G0 F9000 X140.727 Y164.373
G1 F1800 X132.271 Y155.916 E985.42765
G0 F9000 X132.271 Y155.294
G1 F1800 X140.727 Y163.75 E986.04018
G0 F9000 X140.727 Y163.128
G1 F1800 X132.27 Y154.671 E986.65278
G0 F9000 X132.27 Y154.049
G1 F1800 X140.727 Y162.506 E987.26538
G0 F9000 X140.727 Y161.884
G1 F1800 X132.27 Y153.427 E987.87798
G0 F9000 X132.27 Y152.804
G1 F1800 X140.727 Y161.261 E988.49057
G0 F9000 X140.727 Y160.639
G1 F1800 X132.27 Y152.182 E989.10317
G0 F9000 X132.27 Y151.56
G1 F1800 X140.727 Y160.017 E989.71577
G0 F9000 X140.728 Y159.395
G1 F1800 X132.27 Y150.938 E990.32841
G0 F9000 X132.269 Y150.315
G1 F1800 X140.728 Y158.773 E990.94111
G0 F9000 X140.728 Y158.151
G1 F1800 X132.269 Y149.692 E991.55386
G0 F9000 X132.269 Y149.07
G1 F1800 X140.728 Y157.529 E992.1666
G0 F9000 X140.728 Y156.906
G1 F1800 X132.269 Y148.448 E992.77931
G0 F9000 X132.269 Y147.826
G1 F1800 X140.728 Y156.284 E993.39202
G0 F9000 X140.728 Y155.662
G1 F1800 X132.269 Y147.203 E994.00476
G0 F9000 X132.269 Y146.581
G1 F1800 X140.728 Y155.04 E994.6175
G0 F9000 X140.728 Y154.417
G1 F1800 X132.269 Y145.959 E995.23021
G0 F9000 X132.269 Y145.336
G1 F1800 X140.728 Y153.795 E995.84295
G0 F9000 X140.728 Y153.173
G1 F1800 X132.269 Y144.714 E996.4557
G0 F9000 X132.269 Y144.091
G1 F1800 X140.728 Y152.551 E997.06848
G0 F9000 X140.728 Y151.929
G1 F1800 X132.269 Y143.469 E997.68126
G0 F9000 X132.269 Y142.847
G1 F1800 X140.728 Y151.307 E998.29404
G0 F9000 X140.728 Y150.684
G1 F1800 X132.269 Y142.225 E998.90678
G0 F9000 X132.269 Y141.602
G1 F1800 X140.728 Y150.062 E999.51956
G0 F9000 X140.728 Y149.44
G1 F1800 X132.269 Y140.98 E1000.13234
G0 F9000 X132.268 Y140.357
G1 F1800 X140.728 Y148.818 E1000.74519
G0 F9000 X140.728 Y148.195
G1 F1800 X132.268 Y139.735 E1001.35801
G0 F9000 X132.268 Y139.113
G1 F1800 X140.728 Y147.573 E1001.97082
G0 F9000 X140.728 Y146.951
G1 F1800 X132.268 Y138.49 E1002.58368
G0 F9000 X132.268 Y137.868
G1 F1800 X140.728 Y146.329 E1003.19653
G0 F9000 X140.728 Y145.706
G1 F1800 X132.268 Y137.246 E1003.80934
G0 F9000 X132.268 Y136.624
G1 F1800 X140.729 Y145.085 E1004.42223
G0 F9000 X140.729 Y144.463
G1 F1800 X132.267 Y136.001 E1005.03519
G0 F9000 X132.267 Y135.378
G1 F1800 X140.729 Y143.84 E1005.64815
G0 F9000 X140.729 Y143.218
G1 F1800 X132.267 Y134.756 E1006.26111
G0 F9000 X132.267 Y134.134
G1 F1800 X140.729 Y142.596 E1006.87408
G0 F9000 X140.729 Y141.974
G1 F1800 X132.267 Y133.512 E1007.48704
G0 F9000 X132.267 Y132.889
G1 F1800 X140.729 Y141.351 E1008.1
G0 F9000 X140.729 Y140.729
G1 F1800 X132.267 Y132.267 E1008.71296
G0 F9000 X132.267 Y131.645
G1 F1800 X140.729 Y140.107 E1009.32592
G0 F9000 X140.729 Y139.485
G1 F1800 X132.266 Y131.022 E1009.93895
G0 F9000 X132.266 Y130.4
G1 F1800 X140.729 Y138.862 E1010.55195
G0 F9000 X140.73 Y138.241
G1 F1800 X132.266 Y129.777 E1011.16506
G0 F9000 X132.266 Y129.155
G1 F1800 X140.73 Y137.619 E1011.77816
G0 F9000 X140.73 Y136.996
G1 F1800 X132.266 Y128.533 E1012.39123
G0 F9000 X132.266 Y127.911
G1 F1800 X140.73 Y136.374 E1013.0043
G0 F9000 X140.73 Y135.752
G1 F1800 X132.266 Y127.288 E1013.61741
G0 F9000 X132.266 Y126.666
G1 F1800 X140.73 Y135.13 E1014.23051
G0 F9000 X140.73 Y134.507
G1 F1800 X132.266 Y126.043 E1014.84362
G0 F9000 X132.266 Y125.421
G1 F1800 X140.73 Y133.885 E1015.45672
G0 F9000 X140.73 Y133.263
G1 F1800 X132.266 Y124.799 E1016.06983
G0 F9000 X132.266 Y124.176
G1 F1800 X140.73 Y132.641 E1016.68297
G0 F9000 X140.73 Y132.018
G1 F1800 X132.266 Y123.554 E1017.29608
G0 F9000 X132.266 Y122.932
G1 F1800 X140.73 Y131.396 E1017.90918
G0 F9000 X140.731 Y130.774
G1 F1800 X132.266 Y122.31 E1018.52232
G0 F9000 X132.266 Y121.687
G1 F1800 X140.731 Y130.152 E1019.1355
G0 F9000 X140.731 Y129.53
G1 F1800 X132.265 Y121.064 E1019.74875
G0 F9000 X132.265 Y120.442
G1 F1800 X140.731 Y128.908 E1020.362
G0 F9000 X140.731 Y128.285
G1 F1800 X132.265 Y119.82 E1020.97522
G0 F9000 X132.265 Y119.198
G1 F1800 X140.731 Y127.663 E1021.58843
G0 F9000 X140.731 Y127.041
G1 F1800 X132.265 Y118.575 E1022.20168
G0 F9000 X132.265 Y117.953
G1 F1800 X140.731 Y126.419 E1022.81493
G0 F9000 X140.731 Y125.796
G1 F1800 X132.265 Y117.331 E1023.42815
G0 F9000 X132.218 Y116.661
G1 F1800 X140.731 Y125.174 E1024.0448
G0 F9000 X140.731 Y124.552
G1 F1800 X127.455 Y111.276 E1025.00648
G0 F9000 X128.077 Y111.276
G1 F1800 X140.731 Y123.93 E1025.92309
G0 F9000 X140.731 Y123.308
G1 F1800 X128.699 Y111.276 E1026.79465
G0 F9000 X129.321 Y111.276
G1 F1800 X140.731 Y122.686 E1027.62116
G0 F9000 X140.731 Y122.064
G1 F1800 X129.944 Y111.276 E1028.40257
G0 F9000 X130.566 Y111.276
G1 F1800 X140.731 Y121.441 E1029.13889
G0 F9000 X140.731 Y120.819
G1 F1800 X131.188 Y111.276 E1029.83016
G0 F9000 X131.81 Y111.276
G1 F1800 X140.731 Y120.197 E1030.47636
G0 F9000 X140.731 Y119.575
G1 F1800 X132.433 Y111.276 E1031.07748
G0 F9000 X133.055 Y111.276
G1 F1800 X140.731 Y118.952 E1031.63351
G0 F9000 X140.731 Y118.33
G1 F1800 X133.677 Y111.276 E1032.14448
G0 F9000 X134.299 Y111.276
G1 F1800 X140.731 Y117.708 E1032.61039
G0 F9000 X140.731 Y117.086
G1 F1800 X134.922 Y111.276 E1033.03121
G0 F9000 X135.544 Y111.276
G1 F1800 X140.81 Y116.543 E1033.4127
G0 F9000 X141.037 Y116.147
G1 F1800 X136.166 Y111.276 E1033.76554
G0 F9000 X136.788 Y111.276
G1 F1800 X141.393 Y115.881 E1034.09911
G0 F9000 X141.864 Y115.729
G1 F1800 X137.411 Y111.276 E1034.42168
G0 F9000 X138.033 Y111.276
G1 F1800 X142.486 Y115.729 E1034.74424
G0 F9000 X143.109 Y115.729
G1 F1800 X138.655 Y111.276 E1035.06683
G0 F9000 X139.277 Y111.276
G1 F1800 X143.731 Y115.729 E1035.38943
G0 F9000 X144.352 Y115.729
G1 F1800 X139.9 Y111.276 E1035.71196
G0 F9000 X140.522 Y111.276
G1 F1800 X144.975 Y115.729 E1036.03452
G0 F9000 X145.597 Y115.729
G1 F1800 X141.144 Y111.276 E1036.35708
G0 F9000 X141.766 Y111.276
G1 F1800 X146.218 Y115.728 E1036.67957
G0 F9000 X146.841 Y115.728
G1 F1800 X142.389 Y111.276 E1037.00206
G0 F9000 X143.011 Y111.276
G1 F1800 X147.463 Y115.728 E1037.32455
G0 F9000 X148.085 Y115.728
G1 F1800 X143.633 Y111.276 E1037.64704
G0 F9000 X144.255 Y111.276
G1 F1800 X148.707 Y115.727 E1037.96949
G0 F9000 X149.329 Y115.727
G1 F1800 X144.878 Y111.276 E1038.29191
G0 F9000 X145.5 Y111.276
G1 F1800 X149.951 Y115.727 E1038.61432
G0 F9000 X150.573 Y115.727
G1 F1800 X146.122 Y111.276 E1038.93674
G0 F9000 X146.744 Y111.276
G1 F1800 X151.195 Y115.727 E1039.25916
G0 F9000 X151.817 Y115.727
G1 F1800 X147.367 Y111.276 E1039.58154
G0 F9000 X147.989 Y111.276
G1 F1800 X152.439 Y115.727 E1039.90392
G0 F9000 X153.061 Y115.726
G1 F1800 X148.611 Y111.276 E1040.22626
G0 F9000 X149.233 Y111.276
G1 F1800 X153.683 Y115.726 E1040.5486
G0 F9000 X154.306 Y115.726
G1 F1800 X149.856 Y111.276 E1040.87095
G0 F9000 X150.478 Y111.276
G1 F1800 X154.927 Y115.725 E1041.19322
G0 F9000 X155.549 Y115.725
G1 F1800 X151.1 Y111.276 E1041.51549
G0 F9000 X151.722 Y111.276
G1 F1800 X156.172 Y115.725 E1041.8378
G0 F9000 X156.794 Y115.725
G1 F1800 X152.345 Y111.276 E1042.16007
G0 F9000 X152.967 Y111.276
G1 F1800 X157.415 Y115.724 E1042.48227
G0 F9000 X158.038 Y115.724
G1 F1800 X153.589 Y111.276 E1042.80451
G0 F9000 X154.212 Y111.276
G1 F1800 X158.66 Y115.724 E1043.12671
G0 F9000 X159.31 Y115.752
G1 F1800 X154.834 Y111.276 E1043.45093
G0 F9000 X155.456 Y111.276
G1 F1800 X167.729 Y123.549 E1044.33995
G0 F9000 X167.729 Y124.171
G1 F1800 X160.219 Y116.661 E1044.88395
G0 F9000 X160.271 Y117.335
G1 F1800 X167.729 Y124.794 E1045.42422
G0 F9000 X167.729 Y125.416
G1 F1800 X160.271 Y117.957 E1045.96449
G0 F9000 X160.271 Y118.58
G1 F1800 X167.729 Y126.038 E1046.50473
G0 F9000 X167.729 Y126.661
G1 F1800 X160.271 Y119.202 E1047.045
G0 F9000 X160.271 Y119.824
G1 F1800 X167.729 Y127.282 E1047.58523
G0 F9000 X167.729 Y127.904
G1 F1800 X160.271 Y120.446 E1048.12547
G0 F9000 X160.271 Y121.069
G1 F1800 X167.729 Y128.527 E1048.6657
G0 F9000 X167.729 Y129.149
G1 F1800 X160.271 Y121.691 E1049.20593
G0 F9000 X160.271 Y122.313
G1 F1800 X167.729 Y129.771 E1049.74617
G0 F9000 X167.729 Y130.393
G1 F1800 X160.271 Y122.935 E1050.2864
G0 F9000 X160.271 Y123.558
G1 F1800 X167.729 Y131.016 E1050.82664
G0 F9000 X167.729 Y131.638
G1 F1800 X160.271 Y124.18 E1051.36687
G0 F9000 X160.271 Y124.802
G1 F1800 X167.729 Y132.26 E1051.90711
G0 F9000 X167.729 Y132.882
G1 F1800 X160.271 Y125.424 E1052.44734
G0 F9000 X160.271 Y126.047
G1 F1800 X167.729 Y133.505 E1052.98757
G0 F9000 X167.729 Y134.127
G1 F1800 X160.271 Y126.669 E1053.52781
G0 F9000 X160.271 Y127.292
G1 F1800 X167.729 Y134.749 E1054.06801
G0 F9000 X167.729 Y135.371
G1 F1800 X160.271 Y127.914 E1054.6082
G0 F9000 X160.271 Y128.536
G1 F1800 X167.729 Y135.994 E1055.14844
G0 F9000 X167.729 Y136.616
G1 F1800 X160.271 Y129.159 E1055.68864
G0 F9000 X160.271 Y129.781
G1 F1800 X167.729 Y137.238 E1056.22883
G0 F9000 X167.728 Y137.86
G1 F1800 X160.271 Y130.403 E1056.769
G0 F9000 X160.271 Y131.025
G1 F1800 X167.728 Y138.482 E1057.30916
G0 F9000 X167.728 Y139.104
G1 F1800 X160.271 Y131.648 E1057.84928
G0 F9000 X160.271 Y132.27
G1 F1800 X167.728 Y139.726 E1058.38941
G0 F9000 X167.728 Y140.349
G1 F1800 X160.271 Y132.892 E1058.92957
G0 F9000 X160.271 Y133.514
G1 F1800 X167.728 Y140.971 E1059.46973
G0 F9000 X167.728 Y141.593
G1 F1800 X160.271 Y134.137 E1060.00986
G0 F9000 X160.271 Y134.759
G1 F1800 X167.728 Y142.215 E1060.54998
G0 F9000 X167.728 Y142.838
G1 F1800 X160.271 Y135.381 E1061.09015
G0 F9000 X160.271 Y136.004
G1 F1800 X167.728 Y143.46 E1061.63027
G0 F9000 X167.728 Y144.082
G1 F1800 X160.271 Y136.626 E1062.1704
G0 F9000 X160.271 Y137.248
G1 F1800 X167.728 Y144.704 E1062.71052
G0 F9000 X167.728 Y145.327
G1 F1800 X160.272 Y137.871 E1063.25061
G0 F9000 X160.272 Y138.493
G1 F1800 X167.728 Y145.949 E1063.7907
G0 F9000 X167.728 Y146.571
G1 F1800 X160.272 Y139.115 E1064.33079
G0 F9000 X160.272 Y139.738
G1 F1800 X167.728 Y147.193 E1064.87084
G0 F9000 X167.727 Y147.815
G1 F1800 X160.272 Y140.36 E1065.41086
G0 F9000 X160.272 Y140.982
G1 F1800 X167.727 Y148.437 E1065.95088
G0 F9000 X167.727 Y149.06
G1 F1800 X160.272 Y141.604 E1066.49093
G0 F9000 X160.272 Y142.227
G1 F1800 X167.727 Y149.682 E1067.03095
G0 F9000 X167.727 Y150.304
G1 F1800 X160.272 Y142.849 E1067.57096
G0 F9000 X160.272 Y143.471
G1 F1800 X167.727 Y150.926 E1068.11098
G0 F9000 X167.727 Y151.549
G1 F1800 X160.272 Y144.094 E1068.651
G0 F9000 X160.272 Y144.716
G1 F1800 X167.727 Y152.171 E1069.19102
G0 F9000 X167.727 Y152.793
G1 F1800 X160.272 Y145.338 E1069.73103
G0 F9000 X160.272 Y145.96
G1 F1800 X167.727 Y153.415 E1070.27105
G0 F9000 X167.727 Y154.038
G1 F1800 X160.272 Y146.583 E1070.81107
G0 F9000 X160.272 Y147.205
G1 F1800 X167.727 Y154.66 E1071.35108
G0 F9000 X167.727 Y155.282
G1 F1800 X160.273 Y147.828 E1071.89103
G0 F9000 X160.273 Y148.45
G1 F1800 X167.727 Y155.904 E1072.43097
G0 F9000 X167.727 Y156.527
G1 F1800 X160.273 Y149.072 E1072.97095
G0 F9000 X160.273 Y149.695
G1 F1800 X167.727 Y157.149 E1073.5109
G0 F9000 X167.727 Y157.771
G1 F1800 X160.273 Y150.317 E1074.05084
G0 F9000 X160.273 Y150.939
G1 F1800 X167.726 Y158.393 E1074.59075
G0 F9000 X167.726 Y159.015
G1 F1800 X160.273 Y151.561 E1075.13066
G0 F9000 X160.273 Y152.184
G1 F1800 X167.726 Y159.637 E1075.67053
G0 F9000 X167.726 Y160.259
G1 F1800 X160.273 Y152.806 E1076.2104
G0 F9000 X160.273 Y153.428
G1 F1800 X167.726 Y160.882 E1076.75031
G0 F9000 X167.726 Y161.504
G1 F1800 X160.273 Y154.05 E1077.29022
G0 F9000 X160.273 Y154.673
G1 F1800 X167.726 Y162.126 E1077.83009
G0 F9000 X167.726 Y162.748
G1 F1800 X160.273 Y155.295 E1078.36996
G0 F9000 X160.273 Y155.917
G1 F1800 X167.726 Y163.371 E1078.90987
G0 F9000 X167.726 Y163.993
G1 F1800 X160.273 Y156.539 E1079.44978
G0 F9000 X160.273 Y157.162
G1 F1800 X167.726 Y164.615 E1079.98965
G0 F9000 X167.726 Y165.237
G1 F1800 X160.273 Y157.784 E1080.52952
G0 F9000 X160.274 Y158.407
G1 F1800 X167.726 Y165.86 E1081.06936
G0 F9000 X167.726 Y166.482
G1 F1800 X160.274 Y159.029 E1081.6092
G0 F9000 X160.274 Y159.651
G1 F1800 X167.726 Y167.104 E1082.14903
G0 F9000 X167.726 Y167.726
G1 F1800 X160.274 Y160.274 E1082.68883
G0 F9000 X160.274 Y160.896
G1 F1800 X167.726 Y168.348 E1083.22863
G0 F9000 X167.726 Y168.97
G1 F1800 X160.274 Y161.518 E1083.76843
G0 F9000 X160.274 Y162.14
G1 F1800 X167.726 Y169.592 E1084.30823
G0 F9000 X167.726 Y170.215
G1 F1800 X160.274 Y162.763 E1084.84803
G0 F9000 X160.274 Y163.385
G1 F1800 X167.726 Y170.837 E1085.38783
G0 F9000 X167.726 Y171.459
G1 F1800 X160.274 Y164.007 E1085.92763
G0 F9000 X160.274 Y164.629
G1 F1800 X167.726 Y172.082 E1086.46746
G0 F9000 X167.726 Y172.704
G1 F1800 X160.274 Y165.252 E1087.00726
G0 F9000 X160.274 Y165.874
G1 F1800 X167.726 Y173.326 E1087.54706
G0 F9000 X167.726 Y173.948
G1 F1800 X160.274 Y166.496 E1088.08686
G0 F9000 X160.274 Y167.118
G1 F1800 X167.726 Y174.571 E1088.6267
G0 F9000 X167.726 Y175.193
G1 F1800 X160.274 Y167.741 E1089.1665
G0 F9000 X160.274 Y168.364
G1 F1800 X167.726 Y175.815 E1089.70626
G0 F9000 X167.726 Y176.437
G1 F1800 X160.274 Y168.986 E1090.24603
G0 F9000 X160.274 Y169.608
G1 F1800 X167.726 Y177.06 E1090.78583
G0 F9000 X167.726 Y177.682
G1 F1800 X160.274 Y170.23 E1091.32562
G0 F9000 X160.274 Y170.853
G1 F1800 X167.726 Y178.304 E1091.86539
G0 F9000 X167.725 Y178.926
G1 F1800 X160.274 Y171.475 E1092.40512
G0 F9000 X160.274 Y172.097
G1 F1800 X167.725 Y179.548 E1092.94484
G0 F9000 X167.725 Y180.17
G1 F1800 X160.274 Y172.719 E1093.48457
G0 F9000 X160.274 Y173.342
G1 F1800 X167.725 Y180.792 E1094.02426
G0 F9000 X167.725 Y181.415
G1 F1800 X160.274 Y173.964 E1094.56399
G0 F9000 X160.274 Y174.586
G1 F1800 X167.725 Y182.037 E1095.10371
G0 F9000 X167.725 Y182.659
G1 F1800 X160.274 Y175.208 E1095.64344
G0 F9000 X160.274 Y175.831
G1 F1800 X167.725 Y183.281 E1096.18313
G0 F9000 X167.725 Y183.904
G1 F1800 X160.274 Y176.453 E1096.72286
G0 F9000 X160.274 Y177.075
G1 F1800 X167.725 Y184.526 E1097.26259
G0 F9000 X167.725 Y185.148
G1 F1800 X160.274 Y177.697 E1097.80231
G0 F9000 X160.274 Y178.32
G1 F1800 X167.725 Y185.77 E1098.34201
G0 F9000 X167.725 Y186.393
G1 F1800 X160.275 Y178.943 E1098.88166
G0 F9000 X160.275 Y179.565
G1 F1800 X167.725 Y187.015 E1099.42132
G0 F9000 X167.725 Y187.637
G1 F1800 X160.275 Y180.187 E1099.96097
G0 F9000 X160.275 Y180.809
G1 F1800 X167.725 Y188.259 E1100.50062
G0 F9000 X167.567 Y188.724
G1 F1800 X160.275 Y181.432 E1101.02883
G0 F9000 X160.275 Y182.054
G1 F1800 X166.945 Y188.724 E1101.51199
G0 F9000 X166.323 Y188.724
G1 F1800 X160.275 Y182.676 E1101.95009
G0 F9000 X160.275 Y183.298
G1 F1800 X165.701 Y188.724 E1102.34313
G0 F9000 X165.078 Y188.724
G1 F1800 X160.275 Y183.921 E1102.69104
G0 F9000 X160.275 Y184.543
G1 F1800 X164.456 Y188.724 E1102.9939
G0 F9000 X163.834 Y188.724
G1 F1800 X160.275 Y185.165 E1103.2517
G0 F9000 X160.275 Y185.787
G1 F1800 X163.212 Y188.724 E1103.46445
G0 F9000 X162.589 Y188.724
G1 F1800 X160.275 Y186.41 E1103.63207
G0 F9000 X160.275 Y187.032
G1 F1800 X161.967 Y188.724 E1103.75463
G0 F9000 X161.345 Y188.724
G1 F1800 X160.275 Y187.654 E1103.83214
G0 F9000 X160.275 Y188.276
G1 F1800 X160.723 Y188.724 E1103.86459
G1 F1500 E1101.86459
G0 F9000 X160.723 Y190.665
G0 X169.653 Y190.653
G0 X169.665 Y122.927
G0 X167.729 Y122.927
G1 F1500 E1103.86459
G1 F1800 X156.078 Y111.276 E1104.70856
G0 F9000 X156.701 Y111.276
G1 F1800 X167.729 Y122.305 E1105.50743
G0 F9000 X167.729 Y121.682
G1 F1800 X157.323 Y111.276 E1106.2612
G0 F9000 X157.945 Y111.276
G1 F1800 X167.729 Y121.06 E1106.96993
G0 F9000 X167.729 Y120.438
G1 F1800 X158.567 Y111.276 E1107.63359
G0 F9000 X159.19 Y111.276
G1 F1800 X167.729 Y119.816 E1108.25217
G0 F9000 X167.729 Y119.193
G1 F1800 X159.812 Y111.276 E1108.82565
G0 F9000 X160.434 Y111.276
G1 F1800 X167.729 Y118.571 E1109.35408
G0 F9000 X167.729 Y117.949
G1 F1800 X161.056 Y111.276 E1109.83745
G0 F9000 X161.679 Y111.276
G1 F1800 X167.729 Y117.327 E1110.27573
G0 F9000 X167.76 Y116.735
G1 F1800 X162.301 Y111.276 E1110.67116
G0 F9000 X162.923 Y111.276
G1 F1800 X167.942 Y116.295 E1111.03472
G0 F9000 X168.241 Y115.972
G1 F1800 X163.545 Y111.276 E1111.37488
G0 F9000 X164.168 Y111.276
G1 F1800 X168.657 Y115.765 E1111.70005
G0 F9000 X169.238 Y115.724
G1 F1800 X164.79 Y111.276 E1112.02225
G0 F9000 X165.412 Y111.276
G1 F1800 X169.86 Y115.724 E1112.34445
G0 F9000 X170.482 Y115.724
G1 F1800 X166.034 Y111.276 E1112.66665
G0 F9000 X166.657 Y111.276
G1 F1800 X171.104 Y115.724 E1112.98881
G0 F9000 X171.727 Y115.724
G1 F1800 X167.279 Y111.276 E1113.31101
G0 F9000 X167.901 Y111.276
G1 F1800 X172.349 Y115.724 E1113.63321
G0 F9000 X172.971 Y115.724
G1 F1800 X168.523 Y111.276 E1113.95541
G0 F9000 X169.146 Y111.276
G1 F1800 X173.593 Y115.724 E1114.27758
G0 F9000 X174.216 Y115.724
G1 F1800 X169.768 Y111.276 E1114.59977
G0 F9000 X170.39 Y111.276
G1 F1800 X174.838 Y115.724 E1114.92197
G0 F9000 X175.46 Y115.724
G1 F1800 X171.012 Y111.276 E1115.24417
G0 F9000 X171.635 Y111.276
G1 F1800 X176.082 Y115.724 E1115.56634
G0 F9000 X176.705 Y115.724
G1 F1800 X172.257 Y111.276 E1115.88854
G0 F9000 X172.879 Y111.276
G1 F1800 X177.327 Y115.724 E1116.21073
G0 F9000 X177.949 Y115.724
G1 F1800 X173.501 Y111.276 E1116.53293
G0 F9000 X174.124 Y111.276
G1 F1800 X178.571 Y115.724 E1116.8551
G0 F9000 X178.724 Y115.254
G1 F1800 X174.746 Y111.276 E1117.14325
G0 F9000 X175.368 Y111.276
G1 F1800 X178.724 Y114.632 E1117.38635
G0 F9000 X178.724 Y114.01
G1 F1800 X175.99 Y111.276 E1117.58439
G0 F9000 X176.613 Y111.276
G1 F1800 X178.724 Y113.387 E1117.73731
G0 F9000 X178.724 Y112.765
G1 F1800 X177.235 Y111.276 E1117.84516
G0 F9000 X177.857 Y111.276
G1 F1800 X178.724 Y112.143 E1117.90797
G0 F9000 X178.724 Y111.521
G1 F1800 X178.479 Y111.276 E1117.92571
G1 F1500 E1115.92571
G0 F9000 X178.479 Y109.335
G0 X119.347 Y109.347
G0 X119.347 Y117.653
G0 X130.347 Y117.653
G0 X131.329 Y115.772
G1 F1500 E1117.92571
G1 F1800 X126.832 Y111.276 E1118.25143
G0 F9000 X126.21 Y111.276
G1 F1800 X130.658 Y115.724 E1118.57363
G0 F9000 X130.036 Y115.724
G1 F1800 X125.588 Y111.276 E1118.89582
G0 F9000 X124.966 Y111.276
G1 F1800 X129.413 Y115.724 E1119.21799
G0 F9000 X128.791 Y115.724
G1 F1800 X124.343 Y111.276 E1119.54019
G0 F9000 X123.721 Y111.276
G1 F1800 X128.169 Y115.724 E1119.86239
G0 F9000 X127.547 Y115.724
G1 F1800 X123.099 Y111.276 E1120.18459
G0 F9000 X122.477 Y111.276
G1 F1800 X126.924 Y115.724 E1120.50675
G0 F9000 X126.302 Y115.724
G1 F1800 X121.854 Y111.276 E1120.82895
G0 F9000 X121.276 Y111.32
G1 F1800 X125.68 Y115.724 E1121.14796
G0 F9000 X125.057 Y115.724
G1 F1800 X121.276 Y111.942 E1121.42188
G0 F9000 X121.276 Y112.564
G1 F1800 X124.435 Y115.724 E1121.65074
G0 F9000 X123.813 Y115.724
G1 F1800 X121.276 Y113.187 E1121.83452
G0 F9000 X121.276 Y113.809
G1 F1800 X123.191 Y115.724 E1121.97323
G0 F9000 X122.568 Y115.724
G1 F1800 X121.276 Y114.431 E1122.06686
G0 F9000 X121.276 Y115.053
G1 F1800 X121.946 Y115.724 E1122.11543
G1 F1500 E1120.11543
;MESH:NONMESH
G0 F300 Z1.12
G0 F9000 X121.946 Y117.665
G0 X130.347 Y190.653
G0 X142.653 Y190.653
G0 X142.665 Y189.34
G0 X141.34 Y189.34
;TIME_ELAPSED:1081.659458
;LAYER:3
M106 S255
;TYPE:WALL-INNER
;MESH:motor-slide.stl
G1 F1500 E1122.11543
G1 F1800 X141.344 Y116.92 E1125.82482
G1 X141.388 Y116.751 E1125.83377
G1 X141.506 Y116.561 E1125.84522
G1 X141.718 Y116.403 E1125.85877
G1 X141.914 Y116.34 E1125.86931
G1 X159.12 Y116.34 E1126.75061
G1 X159.419 Y116.489 E1126.76773
G1 X159.581 Y116.685 E1126.78075
G1 X159.66 Y116.914 E1126.79316
G1 X159.66 Y189.34 E1130.50286
G1 X168.34 Y189.34 E1130.94746
G1 X168.34 Y116.924 E1134.65665
G1 X168.419 Y116.685 E1134.66954
G1 X168.581 Y116.489 E1134.68257
G1 X168.913 Y116.34 E1134.7012
G1 X179.34 Y116.34 E1135.23528
G1 X179.34 Y110.66 E1135.52622
G1 X120.66 Y110.66 E1138.53184
G1 X120.66 Y116.34 E1138.82277
G1 X131.101 Y116.34 E1139.35757
G1 X131.283 Y116.403 E1139.36743
G1 X131.494 Y116.561 E1139.38093
G1 X131.612 Y116.751 E1139.39239
G1 X131.656 Y116.92 E1139.40134
G1 X131.66 Y189.34 E1143.11073
G1 X141.34 Y189.34 E1143.60655
G0 F9000 X141.78 Y189.78
;TYPE:WALL-OUTER
G1 F1800 X141.781 Y116.937 E1147.33761
G1 X141.866 Y116.824 E1147.34485
G1 X141.951 Y116.785 E1147.34964
G1 X159.052 Y116.786 E1148.22557
G1 X159.14 Y116.829 E1148.23058
G1 X159.22 Y116.944 E1148.23776
G1 X159.22 Y189.78 E1151.96846
G1 X168.78 Y189.78 E1152.45813
G1 X168.783 Y116.962 E1156.18791
G1 X168.86 Y116.829 E1156.19579
G1 X168.962 Y116.783 E1156.20152
G1 X179.78 Y116.78 E1156.75562
G1 X179.78 Y110.22 E1157.09163
G1 X120.22 Y110.22 E1160.14233
G1 X120.22 Y116.78 E1160.47834
G1 X131.049 Y116.785 E1161.033
G1 X131.134 Y116.824 E1161.03779
G1 X131.219 Y116.973 E1161.04658
G1 X131.22 Y189.78 E1164.7758
G1 X141.78 Y189.78 E1165.31669
G0 F9000 X140.944 Y188.944
;TYPE:SKIN
G1 F1800 X132.056 Y188.944 E1165.77194
G1 X132.047 Y116.867 E1169.46376
G1 X131.975 Y116.597 E1169.47808
G1 X131.788 Y116.3 E1169.49605
G1 X131.49 Y116.068 E1169.5154
G1 X131.164 Y115.944 E1169.53326
G1 X121.056 Y115.944 E1170.051
G1 X121.056 Y111.056 E1170.30137
G1 X178.944 Y111.056 E1173.26643
G1 X178.944 Y115.944 E1173.51679
G1 X168.797 Y115.949 E1174.03653
G1 X168.33 Y116.18 E1174.06321
G1 X168.07 Y116.491 E1174.08398
G1 X167.946 Y116.868 E1174.10431
G1 X167.944 Y188.944 E1177.79608
G1 X160.056 Y188.944 E1178.20011
G1 X160.054 Y116.857 E1181.89245
G1 X159.925 Y116.493 E1181.91223
G1 X159.667 Y116.18 E1181.93301
G1 X159.199 Y115.949 E1181.95974
G1 X141.834 Y115.947 E1182.84919
G1 X141.539 Y116.047 E1182.86514
G1 X141.206 Y116.292 E1182.88632
G1 X141.021 Y116.598 E1182.90463
G1 X140.949 Y116.867 E1182.91889
G1 X140.944 Y188.944 E1186.61072
G1 F1500 E1184.61072
G0 F9000 X142.665 Y188.944
G0 X158.347 Y190.653
G0 X167.205 Y190.665
G0 X167.205 Y188.724
G1 F1500 E1186.61072
G1 F1800 X167.724 Y188.205 E1186.64832
G0 F9000 X167.724 Y187.583
G1 F1800 X166.583 Y188.724 E1186.73097
G0 F9000 X165.961 Y188.724
G1 F1800 X167.724 Y186.96 E1186.85871
G0 F9000 X167.724 Y186.338
G1 F1800 X165.339 Y188.724 E1187.03151
G0 F9000 X164.716 Y188.724
G1 F1800 X167.724 Y185.716 E1187.2494
G0 F9000 X167.724 Y185.094
G1 F1800 X164.094 Y188.724 E1187.51234
G0 F9000 X163.472 Y188.724
G1 F1800 X167.724 Y184.471 E1187.82038
G0 F9000 X167.724 Y183.849
G1 F1800 X162.85 Y188.724 E1188.17347
G0 F9000 X162.227 Y188.724
G1 F1800 X167.724 Y183.227 E1188.57166
G0 F9000 X167.724 Y182.605
G1 F1800 X161.605 Y188.724 E1189.0149
G0 F9000 X160.983 Y188.724
G1 F1800 X167.724 Y181.982 E1189.50323
G0 F9000 X167.724 Y181.36
G1 F1800 X160.361 Y188.724 E1190.03662
G0 F9000 X160.276 Y188.187
G1 F1800 X167.724 Y180.738 E1190.57617
G0 F9000 X167.724 Y180.116
G1 F1800 X160.276 Y187.564 E1191.11568
G0 F9000 X160.276 Y186.942
G1 F1800 X167.724 Y179.493 E1191.65523
G0 F9000 X167.724 Y178.871
G1 F1800 X160.276 Y186.32 E1192.19477
G0 F9000 X160.276 Y185.698
G1 F1800 X167.725 Y178.248 E1192.73439
G0 F9000 X167.725 Y177.626
G1 F1800 X160.276 Y185.075 E1193.27397
G0 F9000 X160.276 Y184.453
G1 F1800 X167.725 Y177.004 E1193.81356
G0 F9000 X167.725 Y176.381
G1 F1800 X160.276 Y183.831 E1194.35317
G0 F9000 X160.276 Y183.209
G1 F1800 X167.725 Y175.759 E1194.89279
G0 F9000 X167.725 Y175.137
G1 F1800 X160.276 Y182.586 E1195.43237
G0 F9000 X160.276 Y181.964
G1 F1800 X167.725 Y174.515 E1195.97196
G0 F9000 X167.725 Y173.892
G1 F1800 X160.276 Y181.342 E1196.51158
G0 F9000 X160.276 Y180.72
G1 F1800 X167.725 Y173.27 E1197.05119
G0 F9000 X167.725 Y172.648
G1 F1800 X160.276 Y180.097 E1197.59078
G0 F9000 X160.276 Y179.475
G1 F1800 X167.725 Y172.026 E1198.13036
G0 F9000 X167.725 Y171.403
G1 F1800 X160.276 Y178.853 E1198.66998
G0 F9000 X160.275 Y178.231
G1 F1800 X167.725 Y170.781 E1199.20963
G0 F9000 X167.725 Y170.159
G1 F1800 X160.275 Y177.609 E1199.74929
G0 F9000 X160.275 Y176.987
G1 F1800 X167.725 Y169.537 E1200.28894
G0 F9000 X167.725 Y168.914
G1 F1800 X160.275 Y176.364 E1200.8286
G0 F9000 X160.275 Y175.742
G1 F1800 X167.725 Y168.292 E1201.36825
G0 F9000 X167.726 Y167.669
G1 F1800 X160.275 Y175.12 E1201.90798
G0 F9000 X160.275 Y174.498
G1 F1800 X167.726 Y167.047 E1202.44771
G0 F9000 X167.726 Y166.425
G1 F1800 X160.275 Y173.875 E1202.9874
G0 F9000 X160.275 Y173.253
G1 F1800 X167.726 Y165.802 E1203.52712
G0 F9000 X167.726 Y165.18
G1 F1800 X160.275 Y172.631 E1204.06685
G0 F9000 X160.275 Y172.009
G1 F1800 X167.726 Y164.558 E1204.60658
G0 F9000 X167.726 Y163.936
G1 F1800 X160.275 Y171.386 E1205.14627
G0 F9000 X160.275 Y170.764
G1 F1800 X167.726 Y163.313 E1205.686
G0 F9000 X167.726 Y162.691
G1 F1800 X160.275 Y170.142 E1206.22572
G0 F9000 X160.275 Y169.52
G1 F1800 X167.726 Y162.069 E1206.76545
G0 F9000 X167.726 Y161.447
G1 F1800 X160.275 Y168.897 E1207.30514
G0 F9000 X160.275 Y168.275
G1 F1800 X167.726 Y160.824 E1207.84487
G0 F9000 X167.726 Y160.202
G1 F1800 X160.274 Y167.654 E1208.38467
G0 F9000 X160.274 Y167.031
G1 F1800 X167.726 Y159.58 E1208.92443
G0 F9000 X167.726 Y158.958
G1 F1800 X160.274 Y166.409 E1209.46419
G0 F9000 X160.274 Y165.787
G1 F1800 X167.726 Y158.335 E1210.00399
G0 F9000 X167.726 Y157.712
G1 F1800 X160.274 Y165.165 E1210.54383
G0 F9000 X160.274 Y164.542
G1 F1800 X167.726 Y157.09 E1211.08363
G0 F9000 X167.726 Y156.468
G1 F1800 X160.274 Y163.92 E1211.62343
G0 F9000 X160.274 Y163.298
G1 F1800 X167.726 Y155.846 E1212.16323
G0 F9000 X167.726 Y155.223
G1 F1800 X160.274 Y162.676 E1212.70306
G0 F9000 X160.274 Y162.053
G1 F1800 X167.726 Y154.601 E1213.24286
G0 F9000 X167.726 Y153.979
G1 F1800 X160.274 Y161.431 E1213.78266
G0 F9000 X160.274 Y160.809
G1 F1800 X167.726 Y153.357 E1214.32246
G0 F9000 X167.726 Y152.734
G1 F1800 X160.274 Y160.187 E1214.8623
G0 F9000 X160.274 Y159.564
G1 F1800 X167.726 Y152.112 E1215.4021
G0 F9000 X167.726 Y151.49
G1 F1800 X160.274 Y158.942 E1215.9419
G0 F9000 X160.274 Y158.32
G1 F1800 X167.726 Y150.868 E1216.4817
G0 F9000 X167.726 Y150.245
G1 F1800 X160.274 Y157.698 E1217.02153
G0 F9000 X160.274 Y157.076
G1 F1800 X167.726 Y149.623 E1217.56137
G0 F9000 X167.726 Y149.001
G1 F1800 X160.274 Y156.454 E1218.10121
G0 F9000 X160.274 Y155.831
G1 F1800 X167.726 Y148.379 E1218.64101
G0 F9000 X167.726 Y147.756
G1 F1800 X160.274 Y155.209 E1219.18084
G0 F9000 X160.274 Y154.587
G1 F1800 X167.727 Y147.133 E1219.72075
G0 F9000 X167.727 Y146.511
G1 F1800 X160.274 Y153.965 E1220.26066
G0 F9000 X160.274 Y153.342
G1 F1800 X167.727 Y145.889 E1220.80053
G0 F9000 X167.727 Y145.267
G1 F1800 X160.274 Y152.72 E1221.3404
G0 F9000 X160.274 Y152.098
G1 F1800 X167.727 Y144.644 E1221.88031
G0 F9000 X167.727 Y144.022
G1 F1800 X160.274 Y151.476 E1222.42022
G0 F9000 X160.274 Y150.853
G1 F1800 X167.727 Y143.4 E1222.96009
G0 F9000 X167.727 Y142.778
G1 F1800 X160.274 Y150.231 E1223.49996
G0 F9000 X160.274 Y149.609
G1 F1800 X167.727 Y142.155 E1224.03987
G0 F9000 X167.727 Y141.533
G1 F1800 X160.274 Y148.987 E1224.57978
G0 F9000 X160.274 Y148.364
G1 F1800 X167.727 Y140.911 E1225.11965
G0 F9000 X167.727 Y140.289
G1 F1800 X160.274 Y147.742 E1225.65952
G0 F9000 X160.273 Y147.121
G1 F1800 X167.727 Y139.666 E1226.1995
G0 F9000 X167.727 Y139.044
G1 F1800 X160.273 Y146.498 E1226.73945
G0 F9000 X160.273 Y145.876
G1 F1800 X167.727 Y138.422 E1227.27939
G0 F9000 X167.727 Y137.8
G1 F1800 X160.273 Y145.254 E1227.81934
G0 F9000 X160.273 Y144.632
G1 F1800 X167.728 Y137.177 E1228.35935
G0 F9000 X167.728 Y136.554
G1 F1800 X160.273 Y144.009 E1228.89937
G0 F9000 X160.273 Y143.387
G1 F1800 X167.728 Y135.932 E1229.43939
G0 F9000 X167.728 Y135.31
G1 F1800 X160.273 Y142.765 E1229.97941
G0 F9000 X160.273 Y142.143
G1 F1800 X167.728 Y134.688 E1230.51942
G0 F9000 X167.728 Y134.065
G1 F1800 X160.273 Y141.52 E1231.05944
G0 F9000 X160.273 Y140.898
G1 F1800 X167.728 Y133.443 E1231.59946
G0 F9000 X167.728 Y132.821
G1 F1800 X160.273 Y140.276 E1232.13947
G0 F9000 X160.273 Y139.654
G1 F1800 X167.728 Y132.199 E1232.67949
G0 F9000 X167.728 Y131.576
G1 F1800 X160.273 Y139.031 E1233.21951
G0 F9000 X160.273 Y138.409
G1 F1800 X167.728 Y130.954 E1233.75952
G0 F9000 X167.728 Y130.332
G1 F1800 X160.273 Y137.787 E1234.29954
G0 F9000 X160.272 Y137.165
G1 F1800 X167.728 Y129.71 E1234.83959
G0 F9000 X167.728 Y129.087
G1 F1800 X160.272 Y136.543 E1235.37968
G0 F9000 X160.272 Y135.921
G1 F1800 X167.728 Y128.465 E1235.91977
G0 F9000 X167.728 Y127.843
G1 F1800 X160.272 Y135.299 E1236.45986
G0 F9000 X160.272 Y134.676
G1 F1800 X167.728 Y127.221 E1236.99992
G0 F9000 X167.729 Y126.598
G1 F1800 X160.272 Y134.054 E1237.54004
G0 F9000 X160.272 Y133.432
G1 F1800 X167.729 Y125.975 E1238.0802
G0 F9000 X167.729 Y125.353
G1 F1800 X160.272 Y132.81 E1238.62036
G0 F9000 X160.272 Y132.187
G1 F1800 X167.729 Y124.731 E1239.16049
G0 F9000 X167.729 Y124.109
G1 F1800 X160.272 Y131.565 E1239.70062
G0 F9000 X160.272 Y130.943
G1 F1800 X167.729 Y123.486 E1240.24078
G0 F9000 X167.729 Y122.864
G1 F1800 X160.272 Y130.32 E1240.7809
G0 F9000 X160.272 Y129.698
G1 F1800 X167.729 Y122.242 E1241.32103
G0 F9000 X167.729 Y121.62
G1 F1800 X160.272 Y129.076 E1241.86115
G0 F9000 X160.272 Y128.454
G1 F1800 X167.729 Y120.997 E1242.40132
G0 F9000 X167.729 Y120.375
G1 F1800 X160.272 Y127.831 E1242.94144
G0 F9000 X160.272 Y127.209
G1 F1800 X167.729 Y119.753 E1243.48157
G0 F9000 X167.729 Y119.131
G1 F1800 X160.271 Y126.588 E1244.02177
G0 F9000 X160.271 Y125.965
G1 F1800 X167.729 Y118.508 E1244.56196
G0 F9000 X167.729 Y117.886
G1 F1800 X160.271 Y125.343 E1245.10216
G0 F9000 X160.271 Y124.721
G1 F1800 X167.729 Y117.264 E1245.64236
G0 F9000 X167.816 Y116.555
G1 F1800 X160.271 Y124.099 E1246.18886
G0 F9000 X160.271 Y123.476
G1 F1800 X172.472 Y111.276 E1247.07263
G0 F9000 X173.094 Y111.276
G1 F1800 X168.551 Y115.819 E1247.40171
G0 F9000 X169.268 Y115.724
G1 F1800 X173.716 Y111.276 E1247.72391
G0 F9000 X174.339 Y111.276
G1 F1800 X169.89 Y115.724 E1248.04614
G0 F9000 X170.512 Y115.724
G1 F1800 X174.961 Y111.276 E1248.36838
G0 F9000 X175.583 Y111.276
G1 F1800 X171.135 Y115.724 E1248.69058
G0 F9000 X171.757 Y115.724
G1 F1800 X176.205 Y111.276 E1249.01277
G0 F9000 X176.828 Y111.276
G1 F1800 X172.379 Y115.724 E1249.33501
G0 F9000 X173.001 Y115.724
G1 F1800 X177.45 Y111.276 E1249.65725
G0 F9000 X178.072 Y111.276
G1 F1800 X173.624 Y115.724 E1249.97944
G0 F9000 X174.246 Y115.724
G1 F1800 X178.694 Y111.276 E1250.30164
G0 F9000 X178.724 Y111.869
G1 F1800 X174.868 Y115.724 E1250.58092
G0 F9000 X175.49 Y115.724
G1 F1800 X178.724 Y112.491 E1250.81515
G0 F9000 X178.724 Y113.113
G1 F1800 X176.113 Y115.724 E1251.00428
G0 F9000 X176.735 Y115.724
G1 F1800 X178.724 Y113.735 E1251.14836
G0 F9000 X178.724 Y114.358
G1 F1800 X177.357 Y115.724 E1251.24734
G0 F9000 X177.979 Y115.724
G1 F1800 X178.724 Y114.98 E1251.30127
G0 F9000 X178.724 Y115.602
G1 F1800 X178.602 Y115.724 E1251.31011
G1 F1500 E1249.31011
G0 F9000 X180.665 Y115.724
G0 X180.653 Y109.347
G0 X171.85 Y109.335
G0 X171.85 Y111.276
G1 F1500 E1251.31011
G1 F1800 X160.271 Y122.854 E1252.14882
G0 F9000 X160.271 Y122.232
G1 F1800 X171.227 Y111.276 E1252.94244
G0 F9000 X170.605 Y111.276
G1 F1800 X160.271 Y121.61 E1253.691
G0 F9000 X160.271 Y120.987
G1 F1800 X169.983 Y111.276 E1254.39447
G0 F9000 X169.361 Y111.276
G1 F1800 X160.271 Y120.365 E1255.05289
G0 F9000 X160.271 Y119.743
G1 F1800 X168.738 Y111.276 E1255.66621
G0 F9000 X168.116 Y111.276
G1 F1800 X160.271 Y119.121 E1256.23448
G0 F9000 X160.271 Y118.498
G1 F1800 X167.494 Y111.276 E1256.75765
G0 F9000 X166.872 Y111.276
G1 F1800 X160.271 Y117.876 E1257.23577
G0 F9000 X160.271 Y117.254
G1 F1800 X166.249 Y111.276 E1257.6688
G0 F9000 X165.627 Y111.276
G1 F1800 X160.225 Y116.678 E1258.0601
G0 F9000 X160.019 Y116.262
G1 F1800 X165.005 Y111.276 E1258.42127
G0 F9000 X164.383 Y111.276
G1 F1800 X159.709 Y115.95 E1258.75984
G0 F9000 X159.292 Y115.744
G1 F1800 X163.76 Y111.276 E1259.08349
G0 F9000 X163.138 Y111.276
G1 F1800 X158.689 Y115.725 E1259.40576
G0 F9000 X158.067 Y115.725
G1 F1800 X162.516 Y111.276 E1259.72804
G0 F9000 X161.894 Y111.276
G1 F1800 X157.444 Y115.725 E1260.05034
G0 F9000 X156.821 Y115.726
G1 F1800 X161.271 Y111.276 E1260.37269
G0 F9000 X160.649 Y111.276
G1 F1800 X156.199 Y115.726 E1260.69503
G0 F9000 X155.577 Y115.726
G1 F1800 X160.027 Y111.276 E1261.01738
G0 F9000 X159.404 Y111.276
G1 F1800 X154.955 Y115.726 E1261.33968
G0 F9000 X154.332 Y115.727
G1 F1800 X158.782 Y111.276 E1261.66206
G0 F9000 X158.16 Y111.276
G1 F1800 X153.709 Y115.727 E1261.98448
G0 F9000 X153.087 Y115.727
G1 F1800 X157.538 Y111.276 E1262.3069
G0 F9000 X156.915 Y111.276
G1 F1800 X152.464 Y115.727 E1262.62931
G0 F9000 X151.842 Y115.727
G1 F1800 X156.293 Y111.276 E1262.95173
G0 F9000 X155.671 Y111.276
G1 F1800 X151.22 Y115.727 E1263.27415
G0 F9000 X150.597 Y115.727
G1 F1800 X155.049 Y111.276 E1263.5966
G0 F9000 X154.426 Y111.276
G1 F1800 X149.975 Y115.728 E1263.91905
G0 F9000 X149.352 Y115.728
G1 F1800 X153.804 Y111.276 E1264.24154
G0 F9000 X153.182 Y111.276
G1 F1800 X148.73 Y115.728 E1264.56403
G0 F9000 X148.107 Y115.729
G1 F1800 X152.56 Y111.276 E1264.88659
G0 F9000 X151.937 Y111.276
G1 F1800 X147.485 Y115.729 E1265.20912
G0 F9000 X146.863 Y115.729
G1 F1800 X151.315 Y111.276 E1265.53164
G0 F9000 X150.693 Y111.276
G1 F1800 X146.24 Y115.729 E1265.8542
G0 F9000 X145.617 Y115.729
G1 F1800 X150.071 Y111.276 E1266.1768
G0 F9000 X149.448 Y111.276
G1 F1800 X144.995 Y115.729 E1266.49936
G0 F9000 X144.373 Y115.729
G1 F1800 X148.826 Y111.276 E1266.82192
G0 F9000 X148.204 Y111.276
G1 F1800 X143.75 Y115.73 E1267.14456
G0 F9000 X143.128 Y115.73
G1 F1800 X147.582 Y111.276 E1267.46719
G0 F9000 X146.959 Y111.276
G1 F1800 X142.505 Y115.73 E1267.78983
G0 F9000 X141.883 Y115.73
G1 F1800 X146.337 Y111.276 E1268.11246
G0 F9000 X145.715 Y111.276
G1 F1800 X132.266 Y124.724 E1269.08663
G0 F9000 X132.266 Y124.102
G1 F1800 X145.093 Y111.276 E1270.01574
G0 F9000 X144.47 Y111.276
G1 F1800 X132.266 Y123.48 E1270.89976
G0 F9000 X132.266 Y122.858
G1 F1800 X143.848 Y111.276 E1271.73872
G0 F9000 X143.226 Y111.276
G1 F1800 X132.266 Y122.235 E1272.53259
G0 F9000 X132.266 Y121.614
G1 F1800 X142.604 Y111.276 E1273.28145
G0 F9000 X141.981 Y111.276
G1 F1800 X132.266 Y120.992 E1273.98521
G0 F9000 X132.266 Y120.369
G1 F1800 X141.359 Y111.276 E1274.64388
G0 F9000 X140.737 Y111.276
G1 F1800 X132.266 Y119.747 E1275.25749
G0 F9000 X132.266 Y119.125
G1 F1800 X140.115 Y111.276 E1275.82605
G0 F9000 X139.492 Y111.276
G1 F1800 X132.266 Y118.503 E1276.34951
G0 F9000 X132.266 Y117.88
G1 F1800 X138.87 Y111.276 E1276.82788
G0 F9000 X138.248 Y111.276
G1 F1800 X132.266 Y117.258 E1277.2612
G0 F9000 X132.223 Y116.679
G1 F1800 X137.626 Y111.276 E1277.65258
G0 F9000 X137.003 Y111.276
G1 F1800 X132.023 Y116.256 E1278.01331
G0 F9000 X131.703 Y115.954
G1 F1800 X136.381 Y111.276 E1278.35217
G0 F9000 X135.759 Y111.276
G1 F1800 X131.281 Y115.753 E1278.67651
G0 F9000 X130.689 Y115.724
G1 F1800 X135.137 Y111.276 E1278.99871
G0 F9000 X134.514 Y111.276
G1 F1800 X130.067 Y115.724 E1279.32087
G0 F9000 X129.444 Y115.724
G1 F1800 X133.892 Y111.276 E1279.64307
G0 F9000 X133.27 Y111.276
G1 F1800 X128.822 Y115.724 E1279.96527
G0 F9000 X128.2 Y115.724
G1 F1800 X132.648 Y111.276 E1280.28747
G0 F9000 X132.025 Y111.276
G1 F1800 X127.578 Y115.724 E1280.60963
G0 F9000 X126.955 Y115.724
G1 F1800 X131.403 Y111.276 E1280.93183
G0 F9000 X130.781 Y111.276
G1 F1800 X126.333 Y115.724 E1281.25403
G0 F9000 X125.711 Y115.724
G1 F1800 X130.159 Y111.276 E1281.57623
G0 F9000 X129.536 Y111.276
G1 F1800 X125.089 Y115.724 E1281.89839
G0 F9000 X124.466 Y115.724
G1 F1800 X128.914 Y111.276 E1282.22059
G0 F9000 X128.292 Y111.276
G1 F1800 X123.844 Y115.724 E1282.54279
G0 F9000 X123.222 Y115.724
G1 F1800 X127.67 Y111.276 E1282.86499
G0 F9000 X127.047 Y111.276
G1 F1800 X122.6 Y115.724 E1283.18715
G0 F9000 X121.977 Y115.724
G1 F1800 X126.425 Y111.276 E1283.50935
G0 F9000 X125.803 Y111.276
G1 F1800 X121.355 Y115.724 E1283.83155
G0 F9000 X121.276 Y115.181
G1 F1800 X125.181 Y111.276 E1284.11442
G0 F9000 X124.558 Y111.276
G1 F1800 X121.276 Y114.558 E1284.35216
G0 F9000 X121.276 Y113.936
G1 F1800 X123.936 Y111.276 E1284.54484
G0 F9000 X123.314 Y111.276
G1 F1800 X121.276 Y113.314 E1284.69246
G0 F9000 X121.276 Y112.692
G1 F1800 X122.692 Y111.276 E1284.79504
G0 F9000 X122.069 Y111.276
G1 F1800 X121.276 Y112.069 E1284.85248
G0 F9000 X121.276 Y111.447
G1 F1800 X121.447 Y111.276 E1284.86486
G1 F1500 E1282.86486
G0 F9000 X121.447 Y109.335
G0 X119.347 Y109.347
G0 X119.347 Y117.653
G0 X130.335 Y125.347
G0 X132.266 Y125.347
G1 F1500 E1284.86486
G1 F1800 X140.731 Y116.883 E1285.47801
G0 F9000 X140.731 Y117.505
G1 F1800 X132.266 Y125.969 E1286.09115
G0 F9000 X132.267 Y126.59
G1 F1800 X140.731 Y118.127 E1286.70422
G0 F9000 X140.731 Y118.749
G1 F1800 X132.267 Y127.213 E1287.31732
G0 F9000 X132.267 Y127.835
G1 F1800 X140.731 Y119.372 E1287.93039
G0 F9000 X140.731 Y119.994
G1 F1800 X132.267 Y128.457 E1288.54346
G0 F9000 X132.267 Y129.08
G1 F1800 X140.731 Y120.616 E1289.15657
G0 F9000 X140.731 Y121.238
G1 F1800 X132.267 Y129.702 E1289.76967
G0 F9000 X132.267 Y130.324
G1 F1800 X140.731 Y121.861 E1290.38274
G0 F9000 X140.731 Y122.483
G1 F1800 X132.267 Y130.946 E1290.99581
G0 F9000 X132.268 Y131.568
G1 F1800 X140.731 Y123.105 E1291.60885
G0 F9000 X140.731 Y123.727
G1 F1800 X132.268 Y132.19 E1292.22188
G0 F9000 X132.268 Y132.812
G1 F1800 X140.73 Y124.35 E1292.83484
G0 F9000 X140.73 Y124.973
G1 F1800 X132.268 Y133.435 E1293.4478
G0 F9000 X132.268 Y134.057
G1 F1800 X140.73 Y125.595 E1294.06076
G0 F9000 X140.73 Y126.217
G1 F1800 X132.268 Y134.679 E1294.67372
G0 F9000 X132.268 Y135.301
G1 F1800 X140.73 Y126.839 E1295.28668
G0 F9000 X140.73 Y127.462
G1 F1800 X132.268 Y135.924 E1295.89964
G0 F9000 X132.269 Y136.545
G1 F1800 X140.73 Y128.084 E1296.51253
G0 F9000 X140.73 Y128.706
G1 F1800 X132.269 Y137.167 E1297.12542
G0 F9000 X132.269 Y137.79
G1 F1800 X140.73 Y129.328 E1297.73835
G0 F9000 X140.73 Y129.951
G1 F1800 X132.269 Y138.412 E1298.35123
G0 F9000 X132.269 Y139.034
G1 F1800 X140.73 Y130.573 E1298.96412
G0 F9000 X140.73 Y131.195
G1 F1800 X132.269 Y139.656 E1299.57701
G0 F9000 X132.269 Y140.279
G1 F1800 X140.729 Y131.818 E1300.18986
G0 F9000 X140.729 Y132.44
G1 F1800 X132.269 Y140.9 E1300.80268
G0 F9000 X132.269 Y141.522
G1 F1800 X140.729 Y133.063 E1301.41546
G0 F9000 X140.729 Y133.685
G1 F1800 X132.269 Y142.145 E1302.02828
G0 F9000 X132.269 Y142.767
G1 F1800 X140.729 Y134.307 E1302.64109
G0 F9000 X140.729 Y134.929
G1 F1800 X132.269 Y143.389 E1303.25391
G0 F9000 X132.269 Y144.011
G1 F1800 X140.729 Y135.552 E1303.86669
G0 F9000 X140.729 Y136.174
G1 F1800 X132.269 Y144.634 E1304.4795
G0 F9000 X132.269 Y145.256
G1 F1800 X140.729 Y136.796 E1305.09232
G0 F9000 X140.729 Y137.418
G1 F1800 X132.27 Y145.878 E1305.7051
G0 F9000 X132.27 Y146.5
G1 F1800 X140.729 Y138.041 E1306.31784
G0 F9000 X140.728 Y138.664
G1 F1800 X132.27 Y147.122 E1306.93051
G0 F9000 X132.27 Y147.744
G1 F1800 X140.728 Y139.286 E1307.54318
G0 F9000 X140.728 Y139.908
G1 F1800 X132.27 Y148.367 E1308.15589
G0 F9000 X132.27 Y148.989
G1 F1800 X140.728 Y140.53 E1308.7686
G0 F9000 X140.728 Y141.153
G1 F1800 X132.27 Y149.611 E1309.38127
G0 F9000 X132.27 Y150.233
G1 F1800 X140.728 Y141.775 E1309.99394
G0 F9000 X140.728 Y142.397
G1 F1800 X132.271 Y150.855 E1310.60658
G0 F9000 X132.271 Y151.477
G1 F1800 X140.728 Y143.019 E1311.21921
G0 F9000 X140.728 Y143.642
G1 F1800 X132.271 Y152.099 E1311.83181
G0 F9000 X132.271 Y152.722
G1 F1800 X140.728 Y144.264 E1312.44445
G0 F9000 X140.728 Y144.886
G1 F1800 X132.271 Y153.344 E1313.05708
G0 F9000 X132.271 Y153.966
G1 F1800 X140.728 Y145.508 E1313.66972
G0 F9000 X140.728 Y146.131
G1 F1800 X132.271 Y154.588 E1314.28231
G0 F9000 X132.271 Y155.21
G1 F1800 X140.728 Y146.754 E1314.89488
G0 F9000 X140.728 Y147.376
G1 F1800 X132.271 Y155.832 E1315.50744
G0 F9000 X132.271 Y156.454
G1 F1800 X140.728 Y147.998 E1316.12
G0 F9000 X140.728 Y148.62
G1 F1800 X132.271 Y157.077 E1316.7326
G0 F9000 X132.271 Y157.699
G1 F1800 X140.728 Y149.243 E1317.34516
G0 F9000 X140.728 Y149.865
G1 F1800 X132.271 Y158.321 E1317.95772
G0 F9000 X132.271 Y158.943
G1 F1800 X140.728 Y150.487 E1318.57029
G0 F9000 X140.728 Y151.109
G1 F1800 X132.271 Y159.566 E1319.18289
G0 F9000 X132.272 Y160.187
G1 F1800 X140.728 Y151.732 E1319.79538
G0 F9000 X140.728 Y152.354
G1 F1800 X132.272 Y160.81 E1320.4079
G0 F9000 X132.272 Y161.432
G1 F1800 X140.727 Y152.977 E1321.02036
G0 F9000 X140.727 Y153.599
G1 F1800 X132.272 Y162.054 E1321.63281
G0 F9000 X132.272 Y162.676
G1 F1800 X140.727 Y154.221 E1322.24526
G0 F9000 X140.727 Y154.844
G1 F1800 X132.272 Y163.299 E1322.85772
G0 F9000 X132.272 Y163.921
G1 F1800 X140.727 Y155.466 E1323.47017
G0 F9000 X140.727 Y156.088
G1 F1800 X132.272 Y164.543 E1324.08263
G0 F9000 X132.273 Y165.165
G1 F1800 X140.727 Y156.71 E1324.69504
G0 F9000 X140.727 Y157.333
G1 F1800 X132.273 Y165.787 E1325.30742
G0 F9000 X132.273 Y166.409
G1 F1800 X140.727 Y157.955 E1325.91981
G0 F9000 X140.727 Y158.577
G1 F1800 X132.273 Y167.031 E1326.53219
G0 F9000 X132.273 Y167.654
G1 F1800 X140.727 Y159.199 E1327.1446
G0 F9000 X140.727 Y159.822
G1 F1800 X132.273 Y168.276 E1327.75699
G0 F9000 X132.273 Y168.898
G1 F1800 X140.726 Y160.445 E1328.36929
G0 F9000 X140.726 Y161.067
G1 F1800 X132.273 Y169.52 E1328.9816
G0 F9000 X132.274 Y170.142
G1 F1800 X140.726 Y161.689 E1329.59388
G0 F9000 X140.726 Y162.311
G1 F1800 X132.274 Y170.764 E1330.20615
G0 F9000 X132.274 Y171.386
G1 F1800 X140.726 Y162.934 E1330.81839
G0 F9000 X140.726 Y163.556
G1 F1800 X132.274 Y172.009 E1331.43066
G0 F9000 X132.274 Y172.631
G1 F1800 X140.726 Y164.178 E1332.04293
G0 F9000 X140.726 Y164.8
G1 F1800 X132.274 Y173.253 E1332.6552
G0 F9000 X132.274 Y173.875
G1 F1800 X140.726 Y165.423 E1333.26744
G0 F9000 X140.726 Y166.045
G1 F1800 X132.274 Y174.497 E1333.87968
G0 F9000 X132.274 Y175.119
G1 F1800 X140.726 Y166.667 E1334.49191
G0 F9000 X140.726 Y167.29
G1 F1800 X132.274 Y175.741 E1335.10411
G0 F9000 X132.274 Y176.364
G1 F1800 X140.726 Y167.912 E1335.71635
G0 F9000 X140.726 Y168.535
G1 F1800 X132.274 Y176.986 E1336.32855
G0 F9000 X132.274 Y177.608
G1 F1800 X140.726 Y169.157 E1336.94075
G0 F9000 X140.726 Y169.779
G1 F1800 X132.274 Y178.231 E1337.55299
G0 F9000 X132.274 Y178.853
G1 F1800 X140.726 Y170.401 E1338.16522
G0 F9000 X140.726 Y171.024
G1 F1800 X132.275 Y179.474 E1338.77735
G0 F9000 X132.275 Y180.097
G1 F1800 X140.726 Y171.646 E1339.38952
G0 F9000 X140.726 Y172.268
G1 F1800 X132.275 Y180.719 E1340.00168
G0 F9000 X132.275 Y181.341
G1 F1800 X140.726 Y172.89 E1340.61384
G0 F9000 X140.726 Y173.513
G1 F1800 X132.275 Y181.963 E1341.22597
G0 F9000 X132.275 Y182.586
G1 F1800 X140.726 Y174.135 E1341.83814
G0 F9000 X140.725 Y174.758
G1 F1800 X132.275 Y183.208 E1342.45023
G0 F9000 X132.275 Y183.83
G1 F1800 X140.725 Y175.38 E1343.06232
G0 F9000 X140.725 Y176.002
G1 F1800 X132.276 Y184.452 E1343.67437
G0 F9000 X132.276 Y185.074
G1 F1800 X140.725 Y176.625 E1344.28639
G0 F9000 X140.725 Y177.247
G1 F1800 X132.276 Y185.696 E1344.89841
G0 F9000 X132.276 Y186.318
G1 F1800 X140.725 Y177.869 E1345.51043
G0 F9000 X140.725 Y178.491
G1 F1800 X132.276 Y186.941 E1346.12249
G0 F9000 X132.276 Y187.563
G1 F1800 X140.725 Y179.114 E1346.73451
G0 F9000 X140.725 Y179.736
G1 F1800 X132.276 Y188.185 E1347.34653
G0 F9000 X132.359 Y188.724
G1 F1800 X140.725 Y180.358 E1347.95253
G0 F9000 X140.725 Y180.98
G1 F1800 X132.981 Y188.724 E1348.51348
G0 F9000 X133.604 Y188.724
G1 F1800 X140.724 Y181.603 E1349.02927
G0 F9000 X140.724 Y182.226
G1 F1800 X134.226 Y188.724 E1349.49997
G0 F9000 X134.848 Y188.724
G1 F1800 X140.724 Y182.848 E1349.9256
G0 F9000 X140.724 Y183.47
G1 F1800 X135.47 Y188.724 E1350.30619
G0 F9000 X136.093 Y188.724
G1 F1800 X140.724 Y184.092 E1350.64168
G0 F9000 X140.724 Y184.715
G1 F1800 X136.715 Y188.724 E1350.93208
G0 F9000 X137.337 Y188.724
G1 F1800 X140.724 Y185.337 E1351.17742
G0 F9000 X140.724 Y185.959
G1 F1800 X137.959 Y188.724 E1351.37771
G0 F9000 X138.582 Y188.724
G1 F1800 X140.724 Y186.581 E1351.53291
G0 F9000 X140.724 Y187.204
G1 F1800 X139.204 Y188.724 E1351.64301
G0 F9000 X139.826 Y188.724
G1 F1800 X140.724 Y187.826 E1351.70806
G0 F9000 X140.724 Y188.448
G1 F1800 X140.448 Y188.724 E1351.72805
;MESH:NONMESH
G0 F300 Z1.4
G0 F9000 X141.34 Y189.34
;TIME_ELAPSED:1265.308597
;LAYER:4
;TYPE:WALL-INNER
;MESH:motor-slide.stl
G1 F1800 X141.344 Y116.92 E1355.43745
G1 X141.388 Y116.751 E1355.44639
G1 X141.506 Y116.561 E1355.45785
G1 X141.718 Y116.403 E1355.47139
G1 X141.914 Y116.34 E1355.48194
G1 X159.12 Y116.34 E1356.36324
G1 X159.419 Y116.489 E1356.38035
G1 X159.581 Y116.685 E1356.39337
G1 X159.66 Y116.914 E1356.40578
G1 X159.66 Y189.34 E1360.11549
G1 X168.34 Y189.34 E1360.56008
G1 X168.34 Y116.924 E1364.26927
G1 X168.419 Y116.685 E1364.28217
G1 X168.581 Y116.489 E1364.29519
G1 X168.913 Y116.34 E1364.31383
G1 X179.34 Y116.34 E1364.84791
G1 X179.34 Y110.66 E1365.13884
G1 X120.66 Y110.66 E1368.14446
G1 X120.66 Y116.34 E1368.4354
G1 X131.101 Y116.34 E1368.97019
G1 X131.283 Y116.403 E1368.98006
G1 X131.494 Y116.561 E1368.99356
G1 X131.612 Y116.751 E1369.00501
G1 X131.656 Y116.92 E1369.01396
G1 X131.66 Y189.34 E1372.72336
G1 X141.34 Y189.34 E1373.21917
G0 F9000 X141.78 Y189.78
;TYPE:WALL-OUTER
G1 F1800 X141.781 Y116.937 E1376.95023
G1 X141.866 Y116.824 E1376.95748
G1 X141.951 Y116.785 E1376.96227
G1 X159.052 Y116.786 E1377.83819
G1 X159.14 Y116.829 E1377.84321
G1 X159.22 Y116.944 E1377.85038
G1 X159.22 Y189.78 E1381.58109
G1 X168.78 Y189.78 E1382.07076
G1 X168.783 Y116.962 E1385.80054
G1 X168.86 Y116.829 E1385.80841
G1 X168.962 Y116.783 E1385.81414
G1 X179.78 Y116.78 E1386.36825
G1 X179.78 Y110.22 E1386.70425
G1 X120.22 Y110.22 E1389.75495
G1 X120.22 Y116.78 E1390.09096
G1 X131.049 Y116.785 E1390.64563
G1 X131.134 Y116.824 E1390.65042
G1 X131.219 Y116.973 E1390.6592
G1 X131.22 Y189.78 E1394.38842
G1 X141.78 Y189.78 E1394.92931
G0 F9000 X141.191 Y189.252
;TYPE:FILL
G1 F3600 X141.252 Y189.025 E1394.94135
G1 X141.251 Y188.898
G1 X139.93 Y189.252 E1395.0114
G0 F9000 X139.93 Y189.02
G0 X138.458 Y189.02
G0 X138.458 Y189.253
G1 F3600 X141.253 Y178.821 E1395.56458
G0 F9000 X141.253 Y177.965
G1 F3600 X131.748 Y180.512 E1396.06861
G0 F9000 X131.98 Y180.512
G0 X131.98 Y178.884
G0 X131.747 Y178.884
G1 F3600 X141.253 Y188.39 E1396.75719
G0 F9000 X141.021 Y188.389
G0 X141.021 Y186.164
G0 X141.252 Y186.165
G1 F3600 X131.748 Y188.711 E1397.26116
G0 F9000 X131.98 Y188.711
G0 X132.991 Y189.02
G0 X132.991 Y189.253
G1 F3600 X141.255 Y158.414 E1398.89648
G1 X141.255 Y158.524
G1 X131.744 Y149.013 E1399.58543
G0 F9000 X131.977 Y149.013
G0 X131.977 Y147.715
G0 X131.745 Y147.715
G1 F3600 X141.255 Y145.167 E1400.08972
G0 F9000 X141.024 Y145.166
G0 X141.024 Y143.59
G0 X141.257 Y143.591
G1 F3600 X131.743 Y134.078 E1400.77885
G1 X131.744 Y134.05
G1 X141.256 Y131.501 E1401.28325
G0 F9000 X141.257 Y132.392
G1 F3600 X131.742 Y122.876 E1401.97252
G0 F9000 X131.743 Y123.117
G1 F3600 X141.258 Y120.568 E1402.47707
G0 F9000 X141.258 Y121.192
G1 F3600 X130.815 Y110.748 E1403.23357
G0 F9000 X130.815 Y110.98
G0 X132.162 Y110.98
G0 X132.162 Y110.748
G1 F3600 X130.687 Y116.252 E1403.52543
G0 F9000 X130.687 Y116.02
G0 X129.637 Y115.545
G0 X129.405 Y115.545
G1 F3600 X147.305 Y110.748 E1404.47463
G0 F9000 X147.305 Y110.98
G0 X148.561 Y110.98
G0 X148.561 Y110.747
G1 F3600 X147.086 Y116.252 E1404.76655
G1 X147.166 Y116.252
G1 X167.705 Y110.748 E1405.85569
G1 X167.692 Y110.748
G1 X159.748 Y140.396 E1407.42784
G1 X159.748 Y140.212
G1 X168.252 Y137.933 E1407.87879
G0 F9000 X168.253 Y136.986
G1 F3600 X159.748 Y128.481 E1408.49487
G0 F9000 X159.748 Y129.279
G1 F3600 X168.251 Y127.001 E1408.94576
G0 F9000 X168.02 Y127.001
G0 X168.02 Y125.785
G0 X168.253 Y125.785
G1 F3600 X159.748 Y117.281 E1409.5618
G0 F9000 X159.98 Y117.281
G0 X159.98 Y118.347
G0 X159.748 Y118.347
G1 F3600 X170.595 Y115.44 E1410.13699
G0 F9000 X170.363 Y115.44
G0 X169.92 Y116.02
G0 X169.92 Y116.252
G1 F3600 X164.416 Y110.748 E1410.53569
G0 F9000 X164.959 Y110.747
G1 F3600 X159.748 Y130.196 E1411.56701
G0 F9000 X159.98 Y130.196
G0 X159.98 Y132.012
G0 X159.749 Y132.012
G1 F3600 X168.252 Y129.734 E1412.0179
G1 X168.253 Y129.519
G1 X159.748 Y121.014 E1412.63398
G1 X159.748 Y121.08
G1 X168.251 Y118.801 E1413.08488
G1 X168.252 Y118.859
G1 X159.748 Y150.596 E1414.76781
G0 F9000 X159.748 Y150.882
G1 F3600 X168.253 Y159.387 E1415.38389
G0 F9000 X168.252 Y159.66
G1 F3600 X160.323 Y189.253 E1416.95312
G1 X160.331 Y189.252
G1 X168.252 Y187.13 E1417.37315
G0 F9000 X168.02 Y187.13
G0 X168.02 Y185.521
G0 X168.253 Y185.521
G1 F3600 X159.748 Y177.017 E1417.98919
G0 F9000 X159.98 Y177.017
G0 X159.98 Y175.742
G0 X159.749 Y175.742
G1 F3600 X168.252 Y173.464 E1418.44008
G0 F9000 X168.253 Y174.321
G1 F3600 X159.748 Y165.817 E1419.05611
G0 F9000 X159.98 Y165.817
G0 X159.98 Y164.81
G0 X159.748 Y164.81
G1 F3600 X168.251 Y162.531 E1419.50702
G0 F9000 X168.253 Y163.12
G1 F3600 X159.748 Y154.616 E1420.12306
G0 F9000 X159.749 Y153.877
G1 F3600 X168.252 Y151.599 E1420.57394
G0 F9000 X168.253 Y151.92
G1 F3600 X159.748 Y143.415 E1421.19002
G0 F9000 X159.748 Y142.945
G1 F3600 X168.251 Y140.666 E1421.64092
G1 X168.253 Y140.719
G1 X159.748 Y132.215 E1422.25696
G0 F9000 X159.98 Y132.215
G0 X159.98 Y134.746
G0 X159.748 Y134.746
G1 F3600 X168.251 Y132.467 E1422.70786
G0 F9000 X168.253 Y133.252
G1 F3600 X159.748 Y124.748 E1423.3239
G0 F9000 X159.748 Y123.813
G1 F3600 X168.251 Y121.535 E1423.77479
G0 F9000 X168.253 Y122.052
G1 F3600 X156.949 Y110.748 E1424.59361
G1 X156.76 Y110.747
G1 X155.285 Y116.252 E1424.88553
G0 F9000 X154.986 Y116.252
G1 F3600 X149.482 Y110.748 E1425.28422
G0 F9000 X149.482 Y110.98
G0 X151.294 Y110.98
G0 X151.294 Y110.747
G1 F3600 X149.819 Y116.252 E1425.57614
G0 F9000 X149.819 Y116.02
G0 X151.252 Y116.02
G0 X151.252 Y116.252
G1 F3600 X145.749 Y110.748 E1425.97479
G1 X145.827 Y110.748
G1 X144.352 Y116.252 E1426.26666
G0 F9000 X143.785 Y116.252
G1 F3600 X138.282 Y110.748 E1426.66532
G0 F9000 X137.628 Y110.747
G1 F3600 X131.744 Y132.709 E1427.8299
G0 F9000 X131.976 Y132.709
G0 X131.976 Y131.317
G0 X131.743 Y131.317
G1 F3600 X141.257 Y128.768 E1428.3344
G1 X141.257 Y128.658
G1 X131.742 Y119.143 E1429.02363
G0 F9000 X131.975 Y119.143
G0 X131.975 Y120.384
G0 X131.743 Y120.384
G1 F3600 X141.257 Y117.835 E1429.52813
G0 F9000 X141.258 Y117.599
G1 F3600 X131.745 Y153.103 E1431.41082
G1 X131.745 Y153.181
G1 X141.255 Y150.633 E1431.9151
G0 F9000 X141.256 Y151.058
G1 F3600 X131.744 Y141.546 E1432.60412
G0 F9000 X131.745 Y142.249
G1 F3600 X141.255 Y139.701 E1433.10841
G1 X141.257 Y139.858
G1 X131.742 Y130.344 E1433.79761
G0 F9000 X131.976 Y130.344
G0 X131.975 Y128.584
G0 X131.743 Y128.584
G1 F3600 X141.257 Y126.034 E1434.30213
G0 F9000 X141.026 Y126.033
G0 X141.026 Y124.924
G0 X141.258 Y124.925
G1 F3600 X129.404 Y113.071 E1435.16079
G0 F9000 X129.405 Y112.811
G1 F3600 X137.105 Y110.748 E1435.5691
G0 F9000 X137.105 Y110.98
G0 X134.895 Y110.98
G0 X134.895 Y110.747
G1 F3600 X131.743 Y122.511 E1436.19292
G0 F9000 X131.975 Y122.511
G0 X131.975 Y125.851
G0 X131.744 Y125.851
G1 F3600 X141.257 Y123.301 E1436.69738
G0 F9000 X141.026 Y123.3
G0 X141.026 Y127.802
G0 X141.257 Y127.803
G1 F3600 X131.746 Y163.3 E1438.57969
G0 F9000 X131.745 Y163.948
G1 F3600 X141.254 Y173.457 E1439.26849
G0 F9000 X141.253 Y172.499
G1 F3600 X131.747 Y175.046 E1439.77257
G1 X131.747 Y175.15
G1 X141.253 Y184.657 E1440.46119
G0 F9000 X141.021 Y184.656
G0 X141.021 Y183.431
G0 X141.252 Y183.432
G1 F3600 X131.748 Y185.978 E1440.96516
G0 F9000 X131.747 Y186.352
G1 F3600 X134.647 Y189.251 E1441.17519
G0 F9000 X134.647 Y189.02
G0 X135.724 Y189.02
G0 X135.724 Y189.253
G1 F3600 X141.254 Y168.618 E1442.26942
G0 F9000 X141.022 Y168.617
G0 X141.022 Y169.723
G0 X141.254 Y169.724
G1 F3600 X131.745 Y160.215 E1442.95822
G0 F9000 X131.978 Y160.215
G0 X131.978 Y161.38
G0 X131.746 Y161.38
G1 F3600 X141.254 Y158.833 E1443.4624
G0 F9000 X141.023 Y158.832
G0 X141.023 Y156.099
G0 X141.255 Y156.1
G1 F3600 X131.746 Y158.647 E1443.96663
G0 F9000 X131.978 Y158.647
G0 X131.978 Y156.481
G0 X131.745 Y156.481
G1 F3600 X141.254 Y165.99 E1444.65543
G0 F9000 X141.022 Y165.989
G0 X141.022 Y167.031
G0 X141.253 Y167.032
G1 F3600 X131.747 Y169.58 E1445.15952
G0 F9000 X131.979 Y169.58
G0 X131.979 Y171.416
G0 X131.746 Y171.416
G1 F3600 X141.253 Y180.923 E1445.84818
G0 F9000 X141.252 Y180.698
G1 F3600 X131.748 Y183.245 E1446.35215
G0 F9000 X131.748 Y183.694
G1 F3600 X141.255 Y148.211 E1448.23372
G0 F9000 X141.255 Y147.9
G1 F3600 X131.745 Y150.448 E1448.73801
G0 F9000 X131.977 Y150.448
G0 X131.977 Y152.747
G0 X131.745 Y152.747
G1 F3600 X141.254 Y162.257 E1449.42685
G0 F9000 X141.253 Y161.566
G1 F3600 X131.747 Y164.113 E1449.93092
G0 F9000 X131.978 Y164.113
G0 X131.979 Y166.847
G0 X131.746 Y166.847
G1 F3600 X141.254 Y164.299 E1450.43511
G0 F9000 X141.023 Y164.298
G0 X141.022 Y169.764
G0 X141.254 Y169.765
G1 F3600 X131.747 Y172.313 E1450.93925
G0 F9000 X131.979 Y172.313
G0 X131.979 Y173.496
G0 X131.747 Y173.496
G1 F3600 X141.257 Y138.006 E1452.82121
G0 F9000 X141.025 Y138.005
G0 X141.025 Y136.966
G0 X141.256 Y136.967
G1 F3600 X131.744 Y139.516 E1453.32561
G0 F9000 X131.976 Y139.516
G0 X131.976 Y137.812
G0 X131.743 Y137.812
G1 F3600 X141.256 Y147.324 E1454.01466
G0 F9000 X141.024 Y147.323
G0 X141.024 Y142.433
G0 X141.256 Y142.434
G1 F3600 X131.745 Y144.982 E1454.519
G0 F9000 X131.744 Y145.279
G1 F3600 X141.255 Y154.791 E1455.20798
G0 F9000 X141.023 Y154.79
G0 X141.023 Y153.366
G0 X141.254 Y153.367
G1 F3600 X131.746 Y155.914 E1455.71216
G0 F9000 X131.978 Y155.914
G0 X131.979 Y167.683
G0 X131.746 Y167.683
G1 F3600 X141.254 Y177.19 E1456.40085
G0 F9000 X141.021 Y177.189
G0 X141.022 Y175.231
G0 X141.252 Y175.232
G1 F3600 X131.748 Y177.779 E1456.90483
G0 F9000 X131.98 Y177.779
G0 X131.98 Y182.618
G0 X131.747 Y182.618
G1 F3600 X138.381 Y189.251 E1457.38534
G1 F1500 E1455.38534
G0 F9000 X138.381 Y189.02
G0 X141.087 Y116.888
G0 X141.313 Y116.388
G0 X141.606 Y116.169
G0 X141.859 Y116.081
G0 X159.168 Y116.082
G0 X159.582 Y116.288
G0 X159.808 Y116.561
G0 X159.898 Y116.819
G0 X159.98 Y188.218
G0 X159.748 Y188.218
G1 F1500 E1457.38534
G1 F3600 X160.782 Y189.251 E1457.46021
G0 F9000 X160.782 Y189.02
G0 X163.056 Y189.02
G0 X163.056 Y189.253
G1 F3600 X168.252 Y169.861 E1458.48851
G0 F9000 X168.253 Y170.587
G1 F3600 X159.748 Y162.083 E1459.10455
G1 X159.749 Y162.077
G1 X168.252 Y159.798 E1459.55545
G0 F9000 X168.02 Y159.798
G0 X168.02 Y157.065
G0 X168.251 Y157.065
G1 F3600 X159.748 Y159.344 E1460.00636
G0 F9000 X159.748 Y158.349
G1 F3600 X168.253 Y166.854 E1460.62243
G0 F9000 X168.02 Y166.854
G0 X168.02 Y167.998
G0 X168.251 Y167.998
G1 F3600 X159.749 Y170.276 E1461.07327
G0 F9000 X159.748 Y170.996
G1 F3600 X168.252 Y139.26 E1462.75615
G0 F9000 X168.02 Y139.26
G0 X168.02 Y135.2
G0 X168.251 Y135.2
G1 F3600 X159.748 Y137.479 E1463.20706
G0 F9000 X159.98 Y137.479
G0 X159.98 Y135.948
G0 X159.748 Y135.948
G1 F3600 X168.253 Y144.453 E1463.82313
G0 F9000 X168.02 Y144.453
G0 X168.02 Y143.4
G0 X168.252 Y143.4
G1 F3600 X159.749 Y145.678 E1464.27402
G0 F9000 X159.98 Y145.678
G0 X159.98 Y147.149
G0 X159.748 Y147.149
G1 F3600 X168.253 Y155.653 E1464.89006
G0 F9000 X168.02 Y155.653
G0 X168.02 Y154.332
G0 X168.251 Y154.332
G1 F3600 X159.748 Y156.611 E1465.34096
G0 F9000 X159.98 Y156.611
G0 X159.98 Y160.796
G0 X159.748 Y160.796
G1 F3600 X168.252 Y129.059 E1467.02389
G0 F9000 X168.02 Y129.059
G0 X168.02 Y124.268
G0 X168.252 Y124.268
G1 F3600 X159.748 Y126.546 E1467.47483
G0 F9000 X159.98 Y126.546
G0 X159.98 Y119.996
G0 X159.748 Y119.996
G1 F3600 X162.226 Y110.748 E1467.96523
G0 F9000 X162.226 Y110.98
G0 X160.683 Y110.98
G0 X160.683 Y110.748
G1 F3600 X168.253 Y118.318 E1468.51358
G0 F9000 X168.02 Y118.318
G0 X168.081 Y116.892
G0 X168.192 Y116.561
G0 X168.375 Y116.34
G0 X168.95 Y116.02
G0 X168.95 Y116.253
G1 F3600 X170.426 Y110.747 E1468.80555
G0 F9000 X170.426 Y110.98
G0 X170.363 Y112.707
G0 X170.595 Y112.707
G1 F3600 X157.366 Y116.252 E1469.50706
G0 F9000 X158.018 Y116.252
G1 F3600 X159.493 Y110.747 E1469.79897
G0 F9000 X159.493 Y110.98
G0 X157.505 Y110.98
G0 X157.505 Y110.748
G1 F3600 X131.742 Y117.651 E1471.16512
G0 F9000 X131.975 Y117.651
G0 X131.864 Y116.754
G0 X129.606 Y110.95
G0 X129.404 Y110.84
G1 F3600 X129.429 Y110.747 E1471.17005
G1 F1500 E1469.17005
G0 F9000 X129.637 Y110.98
G0 X129.536 Y109.335
G0 X124.463 Y109.335
G0 X124.435 Y110.908
G0 X124.363 Y111.367
G0 X124.594 Y111.367
G1 F1500 E1471.17005
G1 F3600 X120.748 Y112.398 E1471.374
G1 X120.748 Y112.544
G1 X121.229 Y110.747 E1471.46928
G0 F9000 X121.229 Y110.98
G0 X120.98 Y111.882
G0 X120.748 Y111.882
G1 F3600 X124.596 Y115.73 E1471.74802
G0 F9000 X124.363 Y115.73
G0 X124.363 Y114.1
G0 X124.595 Y114.1
G1 F3600 X120.748 Y115.131 E1471.95202
G0 F9000 X120.748 Y115.615
G1 F3600 X121.384 Y116.252 E1471.99813
G0 F9000 X121.384 Y116.02
G0 X122.487 Y116.02
G0 X122.487 Y116.252
G1 F3600 X123.962 Y110.747 E1472.29004
G0 F9000 X123.348 Y110.748
G1 F3600 X124.596 Y111.997 E1472.38048
G1 F1500 E1470.38048
G0 F9000 X124.363 Y111.997
G0 X124.463 Y110.981
G0 X124.463 Y109.335
G0 X129.537 Y109.335
G0 X129.537 Y110.981
G0 X134.548 Y110.98
G0 X134.548 Y110.748
G1 F1500 E1472.38048
G1 F3600 X141.258 Y117.458 E1472.86653
G0 F9000 X141.026 Y117.457
G0 X141.136 Y116.734
G0 X141.441 Y116.217
G0 X141.579 Y116.403
G1 F3600 X143.094 Y110.747 E1473.16645
G0 F9000 X143.094 Y110.98
G0 X142.015 Y110.98
G0 X142.015 Y110.748
G1 F3600 X147.519 Y116.252 E1473.56514
G0 F9000 X147.519 Y116.02
G0 X152.552 Y116.02
G0 X152.552 Y116.252
G1 F3600 X154.027 Y110.748 E1473.85701
G0 F9000 X153.216 Y110.748
G1 F3600 X158.719 Y116.252 E1474.25566
G0 F9000 X158.719 Y116.02
G0 X168.15 Y110.98
G0 X168.15 Y110.748
G1 F3600 X170.596 Y113.194 E1474.43284
G1 F1500 E1472.43284
G0 F9000 X170.363 Y113.194
G0 X170.435 Y110.908
G0 X170.463 Y109.335
G0 X175.536 Y109.335
G0 X175.564 Y110.908
G0 X175.637 Y112.567
G0 X175.404 Y112.567
G1 F1500 E1474.43284
G1 F3600 X175.892 Y110.747 E1474.52936
G0 F9000 X175.616 Y110.748
G1 F3600 X179.252 Y114.384 E1474.79274
G0 F9000 X179.02 Y114.384
G0 X179.02 Y113.121
G0 X179.252 Y113.121
G1 F3600 X175.405 Y114.151 E1474.99672
G1 X175.404 Y114.269
G1 X177.387 Y116.252 E1475.14037
G0 F9000 X177.15 Y116.253
G1 F3600 X178.625 Y110.748 E1475.43228
G0 F9000 X177.908 Y110.748
G1 F3600 X175.405 Y111.418 E1475.565
G0 F9000 X175.637 Y111.418
G0 X177.765 Y116.02
G0 X177.765 Y116.252
G1 F3600 X179.252 Y115.854 E1475.64385
G1 F1500 E1473.64385
G0 F9000 X179.02 Y115.854
G0 X175.551 Y116.106
G0 X175.551 Y117.665
G0 X169.653 Y117.653
G0 X168.101 Y116.895
G0 X159.98 Y139.682
G0 X159.748 Y139.682
G1 F1500 E1475.64385
G1 F3600 X168.253 Y148.186 E1476.25989
G0 F9000 X168.251 Y148.866
G1 F3600 X159.748 Y151.144 E1476.71077
G0 F9000 X159.98 Y151.144
G0 X159.98 Y148.411
G0 X159.748 Y148.411
G1 F3600 X168.252 Y146.133 E1477.16171
G0 F9000 X168.02 Y146.133
G0 X168.02 Y149.46
G0 X168.252 Y149.46
G1 F3600 X159.748 Y181.196 E1478.8446
G1 X159.749 Y181.209
G1 X168.252 Y178.93 E1479.2955
G0 F9000 X168.253 Y178.054
G1 F3600 X159.748 Y169.55 E1479.91154
G0 F9000 X159.98 Y169.55
G0 X159.98 Y167.543
G0 X159.749 Y167.543
G1 F3600 X168.252 Y165.265 E1480.36242
G0 F9000 X168.02 Y165.265
G0 X168.02 Y170.731
G0 X168.251 Y170.731
G1 F3600 X159.748 Y173.009 E1480.81331
G0 F9000 X159.748 Y173.284
G1 F3600 X168.253 Y181.788 E1481.42935
G1 X168.252 Y181.663
G1 X159.749 Y183.942 E1481.88025
G0 F9000 X159.748 Y184.484
G1 F3600 X164.515 Y189.251 E1482.22556
G0 F9000 X164.515 Y189.02
G0 X165.789 Y189.02
G0 X165.789 Y189.253
G1 F3600 X168.252 Y180.061 E1482.71299
G0 F9000 X168.02 Y180.061
G0 X168.02 Y176.197
G0 X168.251 Y176.197
G1 F3600 X159.748 Y178.476 E1483.16389
G0 F9000 X159.98 Y178.476
G0 X159.98 Y180.751
G0 X159.748 Y180.751
G1 F3600 X168.249 Y189.251 E1483.77964
G0 F9000 X168.05 Y189.05
G0 X168.02 Y184.397
G0 X168.251 Y184.397
G1 F3600 X159.748 Y186.675 E1484.23053
G1 F1500 E1482.23053
G0 F9000 X159.98 Y186.675
G0 X159.919 Y116.88
G0 X159.808 Y116.561
G0 X159.582 Y116.288
G0 X159.168 Y116.082
G0 X141.859 Y116.081
G0 X141.606 Y116.169
G0 X141.313 Y116.388
G0 X131.977 Y142.905
G0 X131.744 Y142.905
G1 F1500 E1484.23053
G1 F3600 X140.361 Y110.748 E1485.93574
G0 F9000 X140.361 Y110.98
G0 X131.975 Y126.61
G0 X131.742 Y126.61
G1 F3600 X141.257 Y136.124 E1486.62494
G0 F9000 X141.025 Y136.123
G0 X141.025 Y134.233
G0 X141.257 Y134.234
G1 F3600 X131.744 Y136.783 E1487.12939
G0 F9000 X131.976 Y136.783
G0 X131.913 Y116.888
G0 X131.687 Y116.388
G0 X131.395 Y116.169
G0 X129.637 Y115.944
G0 X129.36 Y115.944
;TYPE:SKIN
G1 F1800 X124.64 Y115.944 E1487.37115
G1 X124.637 Y111.056 E1487.62152
G1 X129.36 Y111.056 E1487.86343
G1 X129.36 Y115.944 E1488.1138
G1 F1500 E1486.1138
G0 F9000 X129.637 Y115.944
G0 X129.537 Y117.665
G0 X124.464 Y117.665
G0 X124.436 Y116.092
G0 X124.363 Y115.724
G0 X125.057 Y115.724
G1 F1500 E1488.1138
G1 F1800 X124.86 Y115.526 E1488.1281
G0 F9000 X124.86 Y114.903
G1 F1800 X125.68 Y115.724 E1488.18754
G0 F9000 X126.302 Y115.724
G1 F1800 X124.859 Y114.28 E1488.2921
G0 F9000 X124.858 Y113.658
G1 F1800 X126.924 Y115.724 E1488.44176
G0 F9000 X127.547 Y115.724
G1 F1800 X124.857 Y113.035 E1488.63657
G0 F9000 X124.857 Y112.412
G1 F1800 X128.169 Y115.724 E1488.87649
G0 F9000 X128.791 Y115.724
G1 F1800 X124.857 Y111.789 E1489.16149
G0 F9000 X124.966 Y111.276
G1 F1800 X129.14 Y115.451 E1489.46388
G0 F9000 X129.14 Y114.828
G1 F1800 X125.588 Y111.276 E1489.72117
G0 F9000 X126.21 Y111.276
G1 F1800 X129.14 Y114.206 E1489.93341
G0 F9000 X129.14 Y113.584
G1 F1800 X126.832 Y111.276 E1490.1006
G0 F9000 X127.455 Y111.276
G1 F1800 X129.14 Y112.962 E1490.22269
G0 F9000 X129.14 Y112.339
G1 F1800 X128.077 Y111.276 E1490.29969
G0 F9000 X128.699 Y111.276
G1 F1800 X129.14 Y111.717 E1490.33163
G1 F1500 E1488.33163
G0 F9000 X129.637 Y111.717
G0 X170.363 Y115.944
G0 X170.64 Y115.944
G1 F1500 E1490.33163
G1 F1800 X170.637 Y111.056 E1490.582
G1 X175.36 Y111.056 E1490.82392
G1 X175.36 Y115.944 E1491.07428
G1 X170.64 Y115.944 E1491.31604
G0 F9000 X171.104 Y115.724
G1 F1800 X170.859 Y115.478 E1491.33383
G0 F9000 X170.859 Y114.856
G1 F1800 X171.727 Y115.724 E1491.3967
G0 F9000 X172.349 Y115.724
G1 F1800 X170.858 Y114.233 E1491.5047
G0 F9000 X170.858 Y113.611
G1 F1800 X172.971 Y115.724 E1491.65776
G0 F9000 X173.593 Y115.724
G1 F1800 X170.858 Y112.988 E1491.85592
G0 F9000 X170.857 Y112.365
G1 F1800 X174.216 Y115.724 E1492.09923
G0 F9000 X174.838 Y115.724
G1 F1800 X170.857 Y111.743 E1492.3876
G0 F9000 X171.012 Y111.276
G1 F1800 X175.14 Y115.404 E1492.68662
G0 F9000 X175.14 Y114.782
G1 F1800 X171.635 Y111.276 E1492.94055
G0 F9000 X172.257 Y111.276
G1 F1800 X175.14 Y114.16 E1493.14942
G0 F9000 X175.14 Y113.537
G1 F1800 X172.879 Y111.276 E1493.3132
G0 F9000 X173.501 Y111.276
G1 F1800 X175.14 Y112.915 E1493.43192
G0 F9000 X175.14 Y112.293
G1 F1800 X174.124 Y111.276 E1493.50556
G0 F9000 X174.746 Y111.276
G1 F1800 X175.14 Y111.671 E1493.53413
G0 F9000 X175.977 Y111.671
G1 F1500 E1491.53413
;MESH:NONMESH
G0 F300 Z1.68
G0 F9000 X175.551 Y116.106
G0 X175.551 Y117.665
G0 X169.653 Y190.653
G0 X130.347 Y190.653
G0 X125.94 Y117.665
G0 X125.94 Y116.34
;TIME_ELAPSED:1372.142019
;LAYER:5
;TYPE:WALL-INNER
;MESH:motor-slide.stl
G1 F1500 E1493.53413
G1 F1800 X125.94 Y110.66 E1493.82507
G1 X120.66 Y110.66 E1494.09551
G1 X120.66 Y116.34 E1494.38644
G1 X125.94 Y116.34 E1494.65689
G0 F9000 X126.38 Y116.78
;TYPE:WALL-OUTER
G1 F1800 X126.38 Y110.22 E1494.9929
G1 X120.22 Y110.22 E1495.30841
G1 X120.22 Y116.78 E1495.64442
G1 X126.38 Y116.78 E1495.95994
G1 F1500 E1493.95994
G0 F9000 X124.292 Y116.106
G0 X124.205 Y115.292
G0 X124.438 Y115.292
;TYPE:FILL
G1 F1500 E1495.95994
G1 F3600 X120.748 Y111.602 E1496.22723
G1 X120.748 Y111.779
G1 X121.024 Y110.747 E1496.28195
G0 F9000 X121.024 Y110.98
G0 X120.98 Y112.603
G0 X120.748 Y112.603
G1 F3600 X124.436 Y111.615 E1496.47751
G1 X124.438 Y111.559
G1 X123.627 Y110.748 E1496.53626
G1 X123.757 Y110.747
G1 X122.282 Y116.252 E1496.82817
G0 F9000 X121.664 Y116.252
G1 F3600 X120.748 Y115.335 E1496.89456
G1 X120.749 Y115.336
G1 X124.437 Y114.348 E1497.09013
G1 F1500 E1495.09013
G0 F9000 X124.205 Y114.348
G0 X124.305 Y115.944
G0 X125.544 Y115.944
;TYPE:SKIN
G1 F1500 E1497.09013
G1 F1800 X124.48 Y115.944 E1497.14462
G1 X124.48 Y111.056 E1497.39499
G1 X125.544 Y111.056 E1497.44949
G1 X125.544 Y115.944 E1497.69986
G1 F1500 E1495.69986
G0 F9000 X124.305 Y115.944
G0 X125.012 Y111.588
G1 F1500 E1497.69986
G1 F1269.2 X125.012 Y115.412 E1497.97763
G0 F9000 X123.865 Y115.412
G1 F1500 E1495.97763
G0 F9000 X124.292 Y116.106
G0 X124.292 Y117.665
G0 X130.347 Y117.653
G0 X131.893 Y116.891
G0 X141.021 Y189.02
G0 X141.34 Y189.34
;TYPE:WALL-INNER
G1 F1500 E1497.97763
G1 F1800 X141.344 Y116.92 E1501.68703
G1 X141.388 Y116.751 E1501.69597
G1 X141.506 Y116.561 E1501.70743
G1 X141.718 Y116.403 E1501.72097
G1 X141.914 Y116.34 E1501.73152
G1 X159.12 Y116.34 E1502.61282
G1 X159.419 Y116.489 E1502.62993
G1 X159.581 Y116.685 E1502.64295
G1 X159.66 Y116.914 E1502.65536
G1 X159.66 Y189.34 E1506.36507
G1 X168.34 Y189.34 E1506.80966
G1 X168.34 Y116.924 E1510.51885
G1 X168.419 Y116.685 E1510.53175
G1 X168.581 Y116.489 E1510.54477
G1 X168.913 Y116.34 E1510.56341
G1 X171.94 Y116.34 E1510.71845
G1 X171.94 Y110.66 E1511.00939
G1 X128.053 Y110.66 E1513.25731
G1 X128.056 Y116.34 E1513.54824
G1 X131.101 Y116.34 E1513.70421
G1 X131.283 Y116.403 E1513.71407
G1 X131.494 Y116.561 E1513.72757
G1 X131.612 Y116.751 E1513.73903
G1 X131.656 Y116.92 E1513.74797
G1 X131.66 Y189.34 E1517.45737
G1 X141.34 Y189.34 E1517.95319
G0 F9000 X141.78 Y189.78
;TYPE:WALL-OUTER
G1 F1800 X141.781 Y116.937 E1521.68425
G1 X141.866 Y116.824 E1521.69149
G1 X141.951 Y116.785 E1521.69628
G1 X159.052 Y116.786 E1522.5722
G1 X159.14 Y116.829 E1522.57722
G1 X159.22 Y116.944 E1522.5844
G1 X159.22 Y189.78 E1526.3151
G1 X168.78 Y189.78 E1526.80477
G1 X168.783 Y116.962 E1530.53455
G1 X168.86 Y116.829 E1530.54242
G1 X168.962 Y116.783 E1530.54816
G1 X172.38 Y116.78 E1530.72323
G1 X172.38 Y110.22 E1531.05923
G1 X127.613 Y110.22 E1533.35223
G1 X127.616 Y116.78 E1533.68823
G1 X131.049 Y116.785 E1533.86408
G1 X131.134 Y116.824 E1533.86887
G1 X131.219 Y116.973 E1533.87765
G1 X131.22 Y189.78 E1537.60687
G1 X141.78 Y189.78 E1538.14776
G0 F9000 X141.251 Y189.103
;TYPE:FILL
G1 F3600 X140.695 Y189.252 E1538.17724
G0 F9000 X140.986 Y189.252
G1 F3600 X141.252 Y188.259 E1538.2299
G1 X141.253 Y188.11
G1 X131.747 Y178.604 E1538.91848
G0 F9000 X131.748 Y177.984
G1 F3600 X141.253 Y175.437 E1539.42251
G0 F9000 X141.022 Y175.436
G0 X141.022 Y176.909
G0 X141.254 Y176.91
G1 F3600 X131.746 Y167.403 E1540.11121
G0 F9000 X131.746 Y167.052
G1 F3600 X141.254 Y164.504 E1540.6154
G0 F9000 X141.023 Y164.503
G0 X141.022 Y165.709
G0 X141.254 Y165.71
G1 F3600 X131.745 Y156.201 E1541.3042
G1 X131.746 Y156.119
G1 X141.254 Y153.572 E1541.80837
G0 F9000 X141.255 Y154.511
G1 F3600 X131.744 Y144.999 E1542.49736
G1 X131.745 Y145.187
G1 X141.256 Y142.639 E1543.0017
G0 F9000 X141.257 Y143.311
G1 F3600 X131.743 Y133.798 E1543.69082
G0 F9000 X131.744 Y134.255
G1 F3600 X141.256 Y131.706 E1544.19522
G0 F9000 X141.257 Y132.112
G1 F3600 X131.742 Y122.596 E1544.8845
G0 F9000 X131.743 Y123.322
G1 F3600 X141.258 Y120.773 E1545.38905
G1 X141.258 Y120.912
G1 X131.095 Y110.748 E1546.12526
G0 F9000 X131.957 Y110.748
G1 F3600 X130.482 Y116.252 E1546.41713
G0 F9000 X130.482 Y116.02
G0 X129.795 Y115.707
G0 X129.563 Y115.707
G1 F3600 X148.072 Y110.748 E1547.3986
G0 F9000 X148.356 Y110.747
G1 F3600 X146.881 Y116.252 E1547.69052
G0 F9000 X147.799 Y116.252
G1 F3600 X142.295 Y110.748 E1548.08921
G0 F9000 X142.889 Y110.747
G1 F3600 X131.745 Y152.338 E1550.29467
G1 X131.745 Y152.467
G1 X141.255 Y161.978 E1550.98359
G1 X141.254 Y161.771
G1 X131.747 Y164.318 E1551.48771
G0 F9000 X131.745 Y163.668
G1 F3600 X141.254 Y173.177 E1552.17652
G0 F9000 X141.253 Y172.704
G1 F3600 X131.747 Y175.251 E1552.68059
G0 F9000 X131.747 Y174.87
G1 F3600 X141.253 Y184.377 E1553.36921
G0 F9000 X141.252 Y183.637
G1 F3600 X131.748 Y186.183 E1553.87318
G1 X131.747 Y186.072
G1 X134.927 Y189.251 E1554.10349
G0 F9000 X135.52 Y189.253
G1 F3600 X141.254 Y167.853 E1555.23828
G0 F9000 X141.253 Y167.237
G1 F3600 X131.747 Y169.785 E1555.74237
G0 F9000 X131.979 Y169.785
G0 X131.979 Y171.136
G0 X131.746 Y171.136
G1 F3600 X141.253 Y180.643 E1556.43103
G0 F9000 X141.252 Y180.903
G1 F3600 X131.749 Y183.45 E1556.93496
G0 F9000 X131.748 Y182.929
G1 F3600 X141.256 Y147.445 E1558.81658
G0 F9000 X141.256 Y147.044
G1 F3600 X131.743 Y137.532 E1559.50564
G0 F9000 X131.744 Y136.988
G1 F3600 X141.257 Y134.439 E1560.01009
G0 F9000 X141.025 Y134.438
G0 X141.025 Y135.843
G0 X141.257 Y135.844
G1 F3600 X131.742 Y126.33 E1560.69929
G0 F9000 X131.744 Y126.055
G1 F3600 X141.257 Y123.506 E1561.20374
G0 F9000 X141.026 Y123.505
G0 X141.026 Y124.644
G0 X141.258 Y124.645
G1 F3600 X129.562 Y112.95 E1562.05093
G1 X129.563 Y112.974
G1 X137.873 Y110.747 E1562.49159
G0 F9000 X137.423 Y110.747
G1 F3600 X131.744 Y131.944 E1563.6156
G0 F9000 X131.743 Y131.522
G1 F3600 X141.257 Y128.973 E1564.1201
G0 F9000 X141.257 Y128.378
G1 F3600 X131.742 Y118.863 E1564.80934
G0 F9000 X131.975 Y118.863
G0 X131.975 Y117.856
G0 X131.742 Y117.856
G1 F3600 X158.272 Y110.748 E1566.21615
G0 F9000 X158.272 Y110.98
G0 X159.288 Y110.98
G0 X159.288 Y110.747
G1 F3600 X157.813 Y116.252 E1566.50807
G0 F9000 X158.131 Y116.252
G1 F3600 X170.437 Y112.954 E1567.16063
G1 X170.437 Y112.756
G1 X168.43 Y110.748 E1567.30605
G1 X168.471 Y110.748
G1 X147.931 Y116.252 E1568.39524
G0 F9000 X147.931 Y116.02
G0 X149.614 Y116.02
G0 X149.614 Y116.252
G1 F3600 X151.089 Y110.747 E1568.68715
G0 F9000 X151.089 Y110.98
G0 X149.762 Y110.98
G0 X149.762 Y110.748
G1 F3600 X155.266 Y116.252 E1569.08584
G1 X155.08 Y116.252
G1 X156.555 Y110.747 E1569.37776
G0 F9000 X157.229 Y110.748
G1 F3600 X168.253 Y121.772 E1570.1763
G1 X168.252 Y121.739
G1 X159.748 Y124.018 E1570.62725
G0 F9000 X159.748 Y124.468
G1 F3600 X168.253 Y132.972 E1571.24329
G0 F9000 X168.251 Y132.672
G1 F3600 X159.748 Y134.95 E1571.69418
G0 F9000 X159.748 Y135.668
G1 F3600 X168.253 Y144.173 E1572.31026
G0 F9000 X168.252 Y143.604
G1 F3600 X159.749 Y145.883 E1572.76116
G0 F9000 X159.748 Y146.869
G1 F3600 X168.253 Y155.373 E1573.3772
G0 F9000 X168.251 Y154.537
G1 F3600 X159.748 Y156.816 E1573.8281
G0 F9000 X159.98 Y156.816
G0 X159.98 Y158.069
G0 X159.748 Y158.069
G1 F3600 X168.253 Y166.574 E1574.44417
G0 F9000 X168.02 Y166.574
G0 X168.02 Y165.469
G0 X168.252 Y165.469
G1 F3600 X159.749 Y167.748 E1574.89507
G0 F9000 X159.98 Y167.748
G0 X159.98 Y169.27
G0 X159.748 Y169.27
G1 F3600 X168.253 Y177.774 E1575.51111
G0 F9000 X168.02 Y177.774
G0 X168.02 Y179.135
G0 X168.252 Y179.135
G1 F3600 X159.749 Y181.414 E1575.96201
G0 F9000 X159.748 Y180.471
G1 F3600 X168.253 Y188.975 E1576.57805
G0 F9000 X168.02 Y188.975
G0 X168.02 Y187.335
G0 X168.252 Y187.335
G1 F3600 X161.096 Y189.252 E1576.95751
G1 X161.062 Y189.251
G1 X159.748 Y187.938 E1577.05266
G0 F9000 X159.98 Y187.938
G0 X159.98 Y186.88
G0 X159.748 Y186.88
G1 F3600 X168.251 Y184.601 E1577.50356
G0 F9000 X168.253 Y185.241
G1 F3600 X159.748 Y176.737 E1578.1196
G0 F9000 X159.749 Y175.947
G1 F3600 X168.252 Y173.669 E1578.57049
G0 F9000 X168.253 Y174.041
G1 F3600 X159.748 Y165.537 E1579.18653
G0 F9000 X159.748 Y165.015
G1 F3600 X168.251 Y162.736 E1579.63743
G1 X168.253 Y162.84
G1 X159.748 Y154.336 E1580.25347
G0 F9000 X159.749 Y154.082
G1 F3600 X168.252 Y151.804 E1580.70435
G1 X168.253 Y151.64
G1 X159.748 Y143.135 E1581.32043
G1 X159.748 Y143.15
G1 X168.251 Y140.871 E1581.77133
G0 F9000 X168.253 Y140.439
G1 F3600 X159.748 Y131.935 E1582.38737
G0 F9000 X159.748 Y132.217
G1 F3600 X168.252 Y129.939 E1582.83831
G0 F9000 X168.253 Y129.239
G1 F3600 X159.748 Y120.734 E1583.45438
G0 F9000 X159.748 Y121.285
G1 F3600 X168.251 Y119.006 E1583.90528
G0 F9000 X168.252 Y118.094
G1 F3600 X159.748 Y149.831 E1585.58822
G0 F9000 X159.748 Y150.602
G1 F3600 X168.253 Y159.107 E1586.20429
G1 X168.252 Y158.895
G1 X160.118 Y189.253 E1587.8141
G0 F9000 X160.118 Y189.02
G0 X162.851 Y189.02
G0 X162.851 Y189.253
G1 F3600 X168.252 Y169.096 E1588.88297
G0 F9000 X168.251 Y168.203
G1 F3600 X159.748 Y170.481 E1589.33386
G0 F9000 X159.748 Y170.231
G1 F3600 X168.252 Y138.495 E1591.01674
G0 F9000 X168.252 Y138.138
G1 F3600 X159.748 Y140.417 E1591.46769
G0 F9000 X159.748 Y139.631
G1 F3600 X167.487 Y110.748 E1592.99928
G0 F9000 X167.487 Y110.98
G0 X170.22 Y110.98
G0 X170.22 Y110.748
G1 F3600 X168.726 Y116.325 E1593.29501
G0 F9000 X168.624 Y116.117
G0 X170.2 Y116.02
G0 X170.2 Y116.252
G1 F3600 X164.696 Y110.748 E1593.69371
G1 X164.754 Y110.747
G1 X159.748 Y129.431 E1594.68447
G1 X159.748 Y129.484
G1 X168.251 Y127.206 E1595.13535
G0 F9000 X168.02 Y127.206
G0 X168.02 Y128.294
G0 X168.252 Y128.294
G1 F3600 X159.748 Y160.031 E1596.81829
G0 F9000 X159.748 Y159.549
G1 F3600 X168.252 Y157.27 E1597.26924
G0 F9000 X168.02 Y157.27
G0 X168.02 Y160.003
G0 X168.252 Y160.003
G1 F3600 X159.749 Y162.282 E1597.72014
G0 F9000 X159.748 Y161.803
G1 F3600 X168.253 Y170.307 E1598.33618
G0 F9000 X168.251 Y170.936
G1 F3600 X159.748 Y173.214 E1598.78707
G1 X159.748 Y173.004
G1 X168.253 Y181.508 E1599.40311
G0 F9000 X168.252 Y181.868
G1 F3600 X159.749 Y184.147 E1599.85401
G1 X159.748 Y184.204
G1 X164.795 Y189.251 E1600.2196
G0 F9000 X165.584 Y189.253
G1 F3600 X168.252 Y179.296 E1600.74759
G0 F9000 X168.02 Y179.296
G0 X168.02 Y176.402
G0 X168.251 Y176.402
G1 F3600 X159.748 Y178.681 E1601.19849
G0 F9000 X159.98 Y178.681
G0 X159.98 Y180.431
G0 X159.748 Y180.431
G1 F3600 X168.252 Y148.694 E1602.88143
G0 F9000 X168.251 Y149.071
G1 F3600 X159.748 Y151.349 E1603.33231
G0 F9000 X159.98 Y151.349
G0 X159.98 Y148.616
G0 X159.748 Y148.616
G1 F3600 X168.251 Y146.338 E1603.7832
G0 F9000 X168.02 Y146.338
G0 X168.02 Y147.906
G0 X168.253 Y147.906
G1 F3600 X159.748 Y139.402 E1604.39924
G0 F9000 X159.98 Y139.402
G0 X159.98 Y137.684
G0 X159.748 Y137.684
G1 F3600 X168.251 Y135.405 E1604.85014
G0 F9000 X168.02 Y135.405
G0 X168.02 Y136.706
G0 X168.253 Y136.706
G1 F3600 X159.748 Y128.201 E1605.46622
G0 F9000 X159.98 Y128.201
G0 X159.98 Y126.751
G0 X159.748 Y126.751
G1 F3600 X168.252 Y124.473 E1605.91716
G0 F9000 X168.02 Y124.473
G0 X168.02 Y125.505
G0 X168.253 Y125.505
G1 F3600 X159.748 Y117.001 E1606.53319
G0 F9000 X159.98 Y117.001
G0 X159.808 Y116.561
G0 X159.625 Y116.34
G0 X158.999 Y116.02
G0 X158.999 Y116.252
G1 F3600 X153.496 Y110.748 E1606.93185
G0 F9000 X153.822 Y110.748
G1 F3600 X152.347 Y116.252 E1607.22372
G0 F9000 X151.532 Y116.252
G1 F3600 X146.029 Y110.748 E1607.62237
G0 F9000 X145.622 Y110.747
G1 F3600 X144.147 Y116.252 E1607.91429
G1 X144.065 Y116.252
G1 X138.562 Y110.748 E1608.31295
G0 F9000 X138.562 Y110.98
G0 X140.156 Y110.98
G0 X140.156 Y110.748
G1 F3600 X131.744 Y142.14 E1609.97759
G0 F9000 X131.745 Y142.454
G1 F3600 X141.255 Y139.906 E1610.48188
G0 F9000 X141.257 Y139.578
G1 F3600 X131.742 Y130.064 E1611.17108
G0 F9000 X131.976 Y130.064
G0 X131.975 Y128.789
G0 X131.743 Y128.789
G1 F3600 X141.256 Y126.24 E1611.67553
G0 F9000 X141.257 Y127.038
G1 F3600 X131.746 Y162.535 E1613.55784
G0 F9000 X131.747 Y161.585
G1 F3600 X141.254 Y159.038 E1614.06197
G0 F9000 X141.255 Y158.244
G1 F3600 X131.744 Y148.733 E1614.75092
G0 F9000 X131.745 Y147.92
G1 F3600 X141.255 Y145.372 E1615.2552
G0 F9000 X141.024 Y145.371
G0 X141.024 Y148.104
G0 X141.255 Y148.105
G1 F3600 X131.745 Y150.653 E1615.75949
G0 F9000 X131.977 Y150.653
G0 X131.978 Y153.386
G0 X131.745 Y153.386
G1 F3600 X141.255 Y150.838 E1616.26378
G1 X141.256 Y150.778
G1 X131.744 Y141.266 E1616.9528
G0 F9000 X131.977 Y141.266
G0 X131.976 Y139.721
G0 X131.745 Y139.721
G1 F3600 X141.256 Y137.172 E1617.45715
G1 X141.257 Y137.241
G1 X131.747 Y172.732 E1619.33915
G1 X131.747 Y172.518
G1 X141.253 Y169.971 E1619.84323
G0 F9000 X141.254 Y169.444
G1 F3600 X131.745 Y159.935 E1620.53203
G0 F9000 X131.978 Y159.935
G0 X131.978 Y158.852
G0 X131.746 Y158.852
G1 F3600 X141.255 Y156.305 E1621.03626
G0 F9000 X141.023 Y156.304
G0 X141.023 Y157.648
G0 X141.255 Y157.649
G1 F3600 X132.786 Y189.253 E1622.71215
G0 F9000 X132.786 Y189.02
G0 X131.98 Y188.916
G0 X131.748 Y188.916
G1 F3600 X141.252 Y186.37 E1623.21611
G0 F9000 X141.021 Y186.369
G0 X138.661 Y189.02
G0 X138.661 Y189.251
G1 F3600 X131.747 Y182.338 E1623.71691
G0 F9000 X131.98 Y182.338
G0 X131.98 Y180.717
G0 X131.748 Y180.717
G1 F3600 X141.253 Y178.17 E1624.22094
G1 X141.253 Y178.056
G1 X138.253 Y189.253 E1624.81468
G1 F1500 E1622.81468
G0 F9000 X138.253 Y189.02
G0 X131.975 Y121.747
G0 X131.743 Y121.747
G1 F1500 E1624.81468
G1 F3600 X134.69 Y110.747 E1625.39798
G1 X134.828 Y110.748
G1 X141.258 Y117.178 E1625.86375
G0 F9000 X141.257 Y118.04
G1 F3600 X131.743 Y120.589 E1626.36825
G1 F1500 E1624.36825
G0 F9000 X131.975 Y120.589
G0 X141.859 Y116.081
G0 X159.168 Y116.082
G0 X159.582 Y116.288
G0 X159.808 Y116.561
G0 X159.898 Y116.819
G0 X159.98 Y119.231
G0 X159.748 Y119.231
G1 F1500 E1626.36825
G1 F3600 X162.021 Y110.748 E1626.81808
G0 F9000 X162.021 Y110.98
G0 X160.963 Y110.98
G0 X160.963 Y110.748
G1 F3600 X168.253 Y118.038 E1627.34614
G0 F9000 X168.02 Y118.038
G0 X168.081 Y116.892
G0 X168.192 Y116.561
G0 X168.418 Y116.288
G0 X168.653 Y116.172
G0 X170.205 Y115.688
G0 X170.437 Y115.688
G1 F3600 X159.748 Y118.552 E1627.91295
G0 F9000 X159.98 Y118.552
G0 X170.205 Y111.588
G0 X171.012 Y111.588
;TYPE:SKIN
G1 F1269.2 X171.012 Y115.412 E1628.19073
G0 F9000 X170.48 Y115.944
G1 F1800 X170.48 Y111.056 E1628.44109
G1 X171.544 Y111.056 E1628.49559
G1 X171.544 Y115.944 E1628.74596
G1 X170.48 Y115.944 E1628.80046
G1 F1500 E1626.80046
G0 F9000 X170.205 Y115.944
G0 X129.795 Y111.59
G0 X128.982 Y111.59
G1 F1500 E1628.80046
G1 F1265.2 X128.984 Y115.412 E1629.07898
G0 F9000 X129.516 Y115.944
G1 F1800 X128.452 Y115.944 E1629.13348
G1 X128.448 Y111.056 E1629.38384
G1 X129.516 Y111.056 E1629.43855
G1 X129.516 Y115.944 E1629.68891
G0 F9000 X130.135 Y115.68
G1 F1500 E1627.68891
G0 F9000 X170.292 Y116.106
G0 X170.292 Y117.665
G0 X174.056 Y117.665
G0 X174.056 Y116.34
;TYPE:WALL-INNER
G1 F1500 E1629.68891
G1 F1800 X179.34 Y116.34 E1629.95956
G1 X179.34 Y110.66 E1630.2505
G1 X174.053 Y110.66 E1630.5213
G1 X174.056 Y116.34 E1630.81223
G0 F9000 X173.616 Y116.78
;TYPE:WALL-OUTER
G1 F1800 X179.78 Y116.78 E1631.12796
G1 X179.78 Y110.22 E1631.46396
G1 X173.613 Y110.22 E1631.77984
G1 X173.616 Y116.78 E1632.11585
G1 F1500 E1630.11585
G0 F9000 X175.709 Y116.106
G0 X175.795 Y114.314
G0 X175.564 Y114.314
;TYPE:FILL
G1 F1500 E1632.11585
G1 F3600 X179.252 Y113.326 E1632.31141
G0 F9000 X179.252 Y114.104
G1 F3600 X175.897 Y110.748 E1632.55447
G1 X175.687 Y110.748
G1 X175.563 Y111.211 E1632.57902
G0 F9000 X175.562 Y111.581
G1 F3600 X178.673 Y110.748 E1632.74399
G0 F9000 X178.42 Y110.748
G1 F3600 X176.945 Y116.253 E1633.0359
G0 F9000 X177.667 Y116.252
G1 F3600 X175.562 Y114.147 E1633.18838
G0 F9000 X175.795 Y114.147
G0 X178.53 Y116.02
G0 X178.53 Y116.252
G1 F3600 X179.252 Y116.059 E1633.22666
G1 F1500 E1631.22666
G0 F9000 X179.02 Y116.02
G0 X175.695 Y115.944
G0 X174.452 Y115.944
;TYPE:SKIN
G1 F1500 E1633.22666
G1 F1800 X174.448 Y111.056 E1633.47703
G1 X175.516 Y111.056 E1633.53173
G1 X175.516 Y115.944 E1633.7821
G1 X174.452 Y115.944 E1633.83659
G1 F1500 E1631.83659
G0 F9000 X175.695 Y115.944
G0 X174.982 Y111.59
G1 F1500 E1633.83659
G1 F1265.2 X174.984 Y115.412 E1634.11512
G0 F9000 X176.135 Y115.412
G1 F1500 E1632.11512
;MESH:NONMESH
G0 F300 Z1.96
G0 F9000 X175.709 Y116.106
G0 X175.709 Y117.665
G0 X169.653 Y190.653
G0 X130.347 Y190.653
G0 X125.255 Y117.665
G0 X125.255 Y116.34
;TIME_ELAPSED:1470.357932
;LAYER:6
;TYPE:WALL-INNER
;MESH:motor-slide.stl
G1 F1500 E1634.11512
G1 F1800 X125.252 Y110.66 E1634.40605
G1 X120.66 Y110.66 E1634.64125
G1 X120.66 Y116.34 E1634.93219
G1 X125.255 Y116.34 E1635.16755
G0 F9000 X125.695 Y116.78
;TYPE:WALL-OUTER
G1 F1800 X125.692 Y110.22 E1635.50355
G1 X120.22 Y110.22 E1635.78383
G1 X120.22 Y116.78 E1636.11984
G1 X125.695 Y116.78 E1636.40027
G0 F9000 X125.021 Y116.106
G0 X124.81 Y116.253
;TYPE:FILL
G1 F3600 X125.166 Y114.925 E1636.47069
G0 F9000 X125.166 Y114.357
G1 F3600 X120.749 Y115.541 E1636.70492
G0 F9000 X120.748 Y115.055
G1 F3600 X121.944 Y116.252 E1636.79159
G1 X122.077 Y116.252
G1 X123.552 Y110.747 E1637.08351
G0 F9000 X123.907 Y110.748
G1 F3600 X125.165 Y112.006 E1637.17463
G0 F9000 X125.163 Y111.625
G1 F3600 X120.748 Y112.808 E1637.40875
G0 F9000 X120.98 Y112.808
G0 X120.98 Y111.322
G0 X120.748 Y111.322
G1 F3600 X125.167 Y115.741 E1637.72885
G0 F9000 X124.934 Y115.741
G0 X120.98 Y111.014
G0 X120.748 Y111.014
G1 F3600 X120.819 Y110.747 E1637.743
G0 F9000 X121.32 Y111.191
G1 F1500 E1635.743
G0 F9000 X125.021 Y116.106
G0 X126.58 Y116.105
G0 X127.431 Y117.653
G0 X130.347 Y117.653
G0 X131.893 Y116.891
G0 X141.021 Y189.02
G0 X141.34 Y189.34
;TYPE:WALL-INNER
G1 F1500 E1637.743
G1 F1800 X141.344 Y116.92 E1641.4524
G1 X141.388 Y116.751 E1641.46134
G1 X141.506 Y116.561 E1641.4728
G1 X141.718 Y116.403 E1641.48634
G1 X141.914 Y116.34 E1641.49689
G1 X159.12 Y116.34 E1642.37819
G1 X159.419 Y116.489 E1642.3953
G1 X159.581 Y116.685 E1642.40832
G1 X159.66 Y116.914 E1642.42073
G1 X159.66 Y189.34 E1646.13044
G1 X168.34 Y189.34 E1646.57503
G1 X168.34 Y116.924 E1650.28422
G1 X168.422 Y116.679 E1650.29745
G1 X168.599 Y116.475 E1650.31129
G1 X168.918 Y116.34 E1650.32903
G1 X171.255 Y116.34 E1650.44873
G1 X171.252 Y110.66 E1650.73967
G1 X128.741 Y110.66 E1652.91711
G1 X128.744 Y116.34 E1653.20804
G1 X131.084 Y116.34 E1653.3279
G1 X131.258 Y116.392 E1653.3372
G1 X131.484 Y116.551 E1653.35135
G1 X131.611 Y116.748 E1653.36336
G1 X131.656 Y116.92 E1653.37246
G1 X131.66 Y189.34 E1657.08186
G1 X141.34 Y189.34 E1657.57767
G0 F9000 X141.78 Y189.78
;TYPE:WALL-OUTER
G1 F1800 X141.781 Y116.937 E1661.30874
G1 X141.866 Y116.824 E1661.31598
G1 X141.951 Y116.785 E1661.32077
G1 X159.052 Y116.786 E1662.19669
G1 X159.14 Y116.829 E1662.20171
G1 X159.22 Y116.944 E1662.20889
G1 X159.22 Y189.78 E1665.93959
G1 X168.78 Y189.78 E1666.42926
G1 X168.783 Y116.962 E1670.15904
G1 X168.866 Y116.825 E1670.16725
G1 X168.961 Y116.783 E1670.17257
G1 X171.695 Y116.78 E1670.3126
G1 X171.692 Y110.22 E1670.64861
G1 X128.301 Y110.22 E1672.87112
G1 X128.304 Y116.78 E1673.20713
G1 X131.038 Y116.783 E1673.34717
G1 X131.187 Y116.882 E1673.35633
G1 X131.219 Y116.973 E1673.36127
G1 X131.22 Y189.78 E1677.09049
G1 X141.78 Y189.78 E1677.63138
G0 F9000 X141.106 Y189.106
G0 X140.781 Y189.02
G0 X140.781 Y189.252
;TYPE:FILL
G1 F3600 X141.252 Y187.494 E1677.7246
G0 F9000 X141.253 Y187.83
G1 F3600 X131.747 Y178.324 E1678.41319
G1 X131.748 Y178.189
G1 X141.253 Y175.642 E1678.91722
G0 F9000 X141.254 Y176.63
G1 F3600 X131.746 Y167.123 E1679.60591
G1 X131.746 Y167.257
G1 X141.254 Y164.709 E1680.1101
G0 F9000 X141.254 Y165.43
G1 F3600 X131.745 Y155.921 E1680.7989
G0 F9000 X131.746 Y156.324
G1 F3600 X141.254 Y153.776 E1681.30309
G0 F9000 X141.255 Y154.231
G1 F3600 X131.744 Y144.719 E1681.99207
G0 F9000 X131.745 Y145.392
G1 F3600 X141.256 Y142.844 E1682.49641
G1 X141.257 Y143.031
G1 X131.743 Y133.518 E1683.18554
G0 F9000 X131.744 Y134.46
G1 F3600 X141.256 Y131.911 E1683.68994
G1 X141.257 Y131.832
G1 X131.742 Y122.316 E1684.37921
G0 F9000 X131.975 Y122.316
G0 X131.975 Y123.527
G0 X131.743 Y123.527
G1 F3600 X141.258 Y120.978 E1684.88376
G0 F9000 X141.258 Y120.632
G1 F3600 X131.375 Y110.748 E1685.59969
G0 F9000 X131.752 Y110.747
G1 F3600 X130.277 Y116.252 E1685.89161
G0 F9000 X129.411 Y116.252
G1 F3600 X128.831 Y115.672 E1685.93362
G0 F9000 X128.833 Y116.108
G1 F3600 X148.836 Y110.748 E1686.99433
G0 F9000 X148.15 Y110.748
G1 F3600 X146.676 Y116.252 E1687.28619
G0 F9000 X146.676 Y116.02
G0 X148.079 Y116.02
G0 X148.079 Y116.252
G1 F3600 X142.575 Y110.748 E1687.68488
G1 X142.684 Y110.748
G1 X131.745 Y151.573 E1689.84973
G0 F9000 X131.745 Y152.187
G1 F3600 X141.255 Y161.698 E1690.53864
G0 F9000 X141.254 Y161.976
G1 F3600 X131.747 Y164.523 E1691.04276
G0 F9000 X131.978 Y164.523
G0 X131.978 Y163.388
G0 X131.745 Y163.388
G1 F3600 X141.254 Y172.897 E1691.73157
G1 X141.253 Y172.909
G1 X131.747 Y175.456 E1692.23564
G0 F9000 X131.747 Y174.59
G1 F3600 X141.253 Y184.097 E1692.92426
G0 F9000 X141.252 Y183.842
G1 F3600 X131.748 Y186.388 E1693.42823
G0 F9000 X131.747 Y185.792
G1 F3600 X135.207 Y189.251 E1693.67883
G1 X135.315 Y189.253
G1 X141.254 Y167.087 E1694.85423
G0 F9000 X141.253 Y167.442
G1 F3600 X131.747 Y169.99 E1695.35832
G0 F9000 X131.746 Y170.856
G1 F3600 X141.253 Y180.363 E1696.04698
G0 F9000 X141.252 Y181.108
G1 F3600 X131.749 Y183.655 E1696.5509
G0 F9000 X131.98 Y183.655
G0 X131.98 Y182.164
G0 X131.748 Y182.164
G1 F3600 X141.256 Y146.68 E1698.43253
G1 X141.256 Y146.764
G1 X131.743 Y137.252 E1699.12159
G1 X131.744 Y137.193
G1 X141.257 Y134.644 E1699.62604
G0 F9000 X141.257 Y135.564
G1 F3600 X131.742 Y126.05 E1700.31524
G1 X131.743 Y126.261
G1 X141.257 Y123.711 E1700.81975
G0 F9000 X141.258 Y124.365
G1 F3600 X128.829 Y111.936 E1701.72007
G0 F9000 X128.83 Y111.453
G1 F3600 X129.019 Y110.747 E1701.75751
G0 F9000 X129.019 Y110.98
G0 X129.063 Y113.375
G0 X128.831 Y113.375
G1 F3600 X138.636 Y110.748 E1702.27744
G1 X138.842 Y110.748
G1 X144.345 Y116.252 E1702.67609
G0 F9000 X143.942 Y116.252
G1 F3600 X145.417 Y110.747 E1702.96801
G0 F9000 X146.309 Y110.748
G1 F3600 X151.812 Y116.252 E1703.36667
G0 F9000 X152.142 Y116.252
G1 F3600 X153.617 Y110.748 E1703.65853
G1 X153.776 Y110.748
G1 X159.429 Y116.401 E1704.06802
G1 X159.578 Y116.551
G1 X168.253 Y125.225 E1704.69637
G0 F9000 X168.251 Y124.678
G1 F3600 X159.748 Y126.956 E1705.14726
G0 F9000 X159.748 Y127.921
G1 F3600 X168.253 Y136.426 E1705.76333
G0 F9000 X168.252 Y135.61
G1 F3600 X159.748 Y137.888 E1706.21427
G0 F9000 X159.748 Y138.866
G1 F3600 X167.282 Y110.748 E1707.7053
G0 F9000 X167.282 Y110.98
G0 X168.71 Y110.98
G0 X168.71 Y110.748
G1 F3600 X171.166 Y113.204 E1707.8832
G0 F9000 X171.165 Y112.964
G1 F3600 X158.896 Y116.252 E1708.5338
G0 F9000 X158.896 Y116.02
G0 X157.608 Y116.02
G0 X157.608 Y116.252
G1 F3600 X159.083 Y110.747 E1708.82572
G1 X159.037 Y110.748
G1 X131.743 Y118.061 E1710.27304
G0 F9000 X131.742 Y118.583
G1 F3600 X141.257 Y128.098 E1710.96228
G0 F9000 X141.026 Y128.097
G0 X141.025 Y129.177
G0 X141.257 Y129.178
G1 F3600 X131.743 Y131.727 E1711.46678
G0 F9000 X131.744 Y131.179
G1 F3600 X137.218 Y110.747 E1712.55023
G0 F9000 X137.218 Y110.98
G0 X135.108 Y110.98
G0 X135.108 Y110.748
G1 F3600 X141.261 Y116.901 E1712.99593
G0 F9000 X141.037 Y116.842
G0 X141.026 Y118.244
G0 X141.257 Y118.245
G1 F3600 X131.743 Y120.794 E1713.50043
G1 X131.743 Y120.982
G1 X134.485 Y110.748 E1714.04311
G0 F9000 X134.485 Y110.98
G0 X139.951 Y110.98
G0 X139.951 Y110.748
G1 F3600 X131.744 Y141.376 E1715.66724
G0 F9000 X131.743 Y140.985
G1 F3600 X141.256 Y150.498 E1716.35633
G0 F9000 X141.255 Y151.043
G1 F3600 X131.745 Y153.591 E1716.86062
G0 F9000 X131.978 Y153.591
G0 X131.977 Y150.858
G0 X131.745 Y150.858
G1 F3600 X141.255 Y148.31 E1717.36491
G0 F9000 X141.024 Y148.309
G0 X141.024 Y145.576
G0 X141.255 Y145.577
G1 F3600 X131.745 Y148.125 E1717.8692
G0 F9000 X131.744 Y148.453
G1 F3600 X141.255 Y157.964 E1718.55815
G0 F9000 X141.023 Y157.963
G0 X141.023 Y156.882
G0 X141.255 Y156.883
G1 F3600 X132.581 Y189.253 E1720.27465
G0 F9000 X131.748 Y189.121
G1 F3600 X141.252 Y186.575 E1720.77862
G0 F9000 X141.021 Y186.574
G0 X138.941 Y189.02
G0 X138.941 Y189.251
G1 F3600 X131.747 Y182.058 E1721.29969
G0 F9000 X131.98 Y182.058
G0 X131.98 Y180.922
G0 X131.748 Y180.922
G1 F3600 X141.253 Y178.375 E1721.80372
G0 F9000 X141.021 Y178.374
G0 X141.021 Y177.29
G0 X141.253 Y177.291
G1 F3600 X138.048 Y189.253 E1722.43803
G0 F9000 X138.048 Y189.02
G0 X131.979 Y172.723
G0 X131.747 Y172.723
G1 F3600 X141.253 Y170.176 E1722.94211
G0 F9000 X141.022 Y170.175
G0 X141.022 Y169.163
G0 X141.254 Y169.164
G1 F3600 X131.745 Y159.655 E1723.63091
G0 F9000 X131.746 Y159.057
G1 F3600 X141.255 Y156.51 E1724.13514
G0 F9000 X141.023 Y156.509
G0 X141.023 Y159.242
G0 X141.254 Y159.243
G1 F3600 X131.747 Y161.79 E1724.63926
G1 X131.746 Y161.771
G1 X141.257 Y126.273 E1726.52163
G1 X141.256 Y126.445
G1 X131.743 Y128.994 E1727.02608
G0 F9000 X131.742 Y129.784
G1 F3600 X141.257 Y139.298 E1727.71528
G0 F9000 X141.255 Y140.111
G1 F3600 X131.745 Y142.659 E1728.21957
G0 F9000 X131.977 Y142.659
G0 X131.976 Y139.926
G0 X131.745 Y139.926
G1 F3600 X141.256 Y137.377 E1728.72392
G0 F9000 X141.257 Y136.476
G1 F3600 X131.747 Y171.967 E1730.60592
G1 F1500 E1728.60592
G0 F9000 X131.979 Y171.967
G0 X141.148 Y116.654
G0 X141.313 Y116.388
G0 X141.606 Y116.169
G0 X141.859 Y116.081
G0 X159.168 Y116.082
G0 X159.582 Y116.288
G0 X159.808 Y116.561
G0 X159.898 Y116.819
G0 X159.98 Y172.724
G0 X159.748 Y172.724
G1 F1500 E1730.60592
G1 F3600 X168.253 Y181.228 E1731.22196
G0 F9000 X168.251 Y182.073
G1 F3600 X159.749 Y184.352 E1731.67281
G0 F9000 X159.748 Y183.924
G1 F3600 X165.075 Y189.251 E1732.05868
G0 F9000 X165.379 Y189.253
G1 F3600 X168.252 Y178.531 E1732.62724
G0 F9000 X168.252 Y179.34
G1 F3600 X159.749 Y181.619 E1733.07814
G0 F9000 X159.98 Y181.619
G0 X159.98 Y180.191
G0 X159.748 Y180.191
G1 F3600 X168.253 Y188.695 E1733.69418
G1 X168.252 Y188.732
G1 X168.112 Y189.253 E1733.72181
G0 F9000 X168.112 Y189.02
G0 X168.02 Y187.539
G0 X168.252 Y187.539
G1 F3600 X161.861 Y189.252 E1734.06072
G0 F9000 X161.342 Y189.251
G1 F3600 X159.748 Y187.658 E1734.17615
G0 F9000 X159.748 Y187.085
G1 F3600 X168.251 Y184.806 E1734.62705
G1 X168.253 Y184.961
G1 X159.748 Y176.457 E1735.24309
G0 F9000 X159.749 Y176.152
G1 F3600 X168.252 Y173.874 E1735.69398
G1 X168.253 Y173.761
G1 X159.748 Y165.257 E1736.31002
G1 X159.748 Y165.22
G1 X168.251 Y162.941 E1736.76092
G0 F9000 X168.253 Y162.56
G1 F3600 X159.748 Y154.056 E1737.37696
G0 F9000 X159.749 Y154.287
G1 F3600 X168.252 Y152.009 E1737.82784
G0 F9000 X168.253 Y151.36
G1 F3600 X159.748 Y142.855 E1738.44392
G0 F9000 X159.748 Y143.355
G1 F3600 X168.251 Y141.076 E1738.89482
G0 F9000 X168.253 Y140.159
G1 F3600 X159.748 Y131.655 E1739.51086
G0 F9000 X159.748 Y132.422
G1 F3600 X168.252 Y130.144 E1739.9618
G0 F9000 X168.02 Y130.144
G0 X168.02 Y128.959
G0 X168.253 Y128.959
G1 F3600 X159.748 Y120.454 E1740.57787
G0 F9000 X159.98 Y120.454
G0 X159.98 Y121.49
G0 X159.748 Y121.49
G1 F3600 X168.251 Y119.211 E1741.02877
G0 F9000 X168.02 Y119.211
G0 X168.02 Y117.758
G0 X168.253 Y117.758
G1 F3600 X161.243 Y110.748 E1741.53656
G0 F9000 X161.816 Y110.748
G1 F3600 X159.748 Y118.465 E1741.94577
G0 F9000 X159.748 Y118.757
G1 F3600 X168.565 Y116.394 E1742.41332
G1 X168.478 Y116.487
G1 X170.015 Y110.748 E1742.71764
G0 F9000 X169.236 Y110.748
G1 F3600 X148.696 Y116.252 E1743.80682
G0 F9000 X149.409 Y116.252
G1 F3600 X150.884 Y110.747 E1744.09874
G0 F9000 X150.042 Y110.748
G1 F3600 X155.546 Y116.252 E1744.49743
G0 F9000 X154.875 Y116.252
G1 F3600 X156.35 Y110.748 E1744.7893
G0 F9000 X156.35 Y110.98
G0 X157.509 Y110.98
G0 X157.509 Y110.748
G1 F3600 X168.253 Y121.492 E1745.56756
G0 F9000 X168.252 Y121.944
G1 F3600 X159.749 Y124.223 E1746.01846
G1 X159.748 Y124.188
G1 X168.253 Y132.692 E1746.6345
G1 X168.251 Y132.877
G1 X159.748 Y135.155 E1747.08539
G0 F9000 X159.748 Y135.388
G1 F3600 X168.253 Y143.893 E1747.70146
G1 X168.252 Y143.809
G1 X159.749 Y146.088 E1748.15237
G0 F9000 X159.748 Y146.589
G1 F3600 X168.253 Y155.093 E1748.7684
G0 F9000 X168.251 Y154.742
G1 F3600 X159.748 Y157.02 E1749.21929
G0 F9000 X159.748 Y157.789
G1 F3600 X168.253 Y166.294 E1749.83537
G0 F9000 X168.252 Y165.674
G1 F3600 X159.749 Y167.953 E1750.28627
G0 F9000 X159.98 Y167.953
G0 X159.98 Y168.99
G0 X159.748 Y168.99
G1 F3600 X168.253 Y177.494 E1750.90231
G0 F9000 X168.251 Y176.607
G1 F3600 X159.748 Y178.885 E1751.3532
G0 F9000 X159.748 Y179.666
G1 F3600 X168.252 Y147.929 E1753.03613
G0 F9000 X168.253 Y147.626
G1 F3600 X159.748 Y139.122 E1753.65217
G0 F9000 X159.98 Y139.122
G0 X159.98 Y140.622
G0 X159.748 Y140.622
G1 F3600 X168.252 Y138.343 E1754.10312
G0 F9000 X168.252 Y137.73
G1 F3600 X159.748 Y169.466 E1755.78601
G0 F9000 X159.98 Y169.466
G0 X159.98 Y170.686
G0 X159.748 Y170.686
G1 F3600 X168.251 Y168.408 E1756.23689
G1 X168.252 Y168.331
G1 X162.646 Y189.252 E1757.34628
G0 F9000 X162.646 Y189.02
G0 X159.913 Y189.02
G0 X159.913 Y189.253
G1 F3600 X168.252 Y158.13 E1758.99665
G0 F9000 X168.252 Y157.475
G1 F3600 X159.749 Y159.754 E1759.44755
G0 F9000 X159.748 Y159.266
G1 F3600 X168.252 Y127.529 E1761.13049
G1 X168.251 Y127.411
G1 X159.748 Y129.689 E1761.58138
G0 F9000 X159.98 Y129.689
G0 X159.98 Y128.666
G0 X159.748 Y128.666
G1 F3600 X164.549 Y110.747 E1762.53157
G0 F9000 X164.976 Y110.748
G1 F3600 X170.48 Y116.252 E1762.93026
G0 F9000 X171.166 Y115.697
G1 F3600 X169.094 Y116.252 E1763.04013
G0 F9000 X169.094 Y116.02
G0 X168.44 Y116.27
G0 X168.196 Y116.554
G0 X168.02 Y117.329
G0 X168.252 Y117.329
G1 F3600 X159.748 Y149.066 E1764.72307
G0 F9000 X159.748 Y148.821
G1 F3600 X168.251 Y146.543 E1765.17395
G0 F9000 X168.02 Y146.543
G0 X168.02 Y149.276
G0 X168.251 Y149.276
G1 F3600 X159.748 Y151.554 E1765.62484
G0 F9000 X159.98 Y151.554
G0 X159.98 Y150.322
G0 X159.748 Y150.322
G1 F3600 X168.253 Y158.827 E1766.24092
G0 F9000 X168.02 Y158.827
G0 X168.02 Y160.208
G0 X168.252 Y160.208
G1 F3600 X159.749 Y162.487 E1766.69182
G0 F9000 X159.748 Y161.523
G1 F3600 X168.253 Y170.027 E1767.30786
G0 F9000 X168.02 Y170.027
G0 X168.02 Y171.141
G0 X168.252 Y171.141
G1 F3600 X159.748 Y173.419 E1767.7588
G0 F9000 X160.32 Y173.419
G1 F1500 E1765.7588
G0 F9000 X168.101 Y116.895
G0 X169.653 Y117.653
G0 X172.569 Y117.653
G0 X173.419 Y116.107
G0 X174.978 Y116.106
G0 X174.744 Y116.34
;TYPE:WALL-INNER
G1 F1500 E1767.7588
G1 F1800 X179.34 Y116.34 E1767.99421
G1 X179.34 Y110.66 E1768.28514
G1 X174.741 Y110.66 E1768.5207
G1 X174.744 Y116.34 E1768.81164
G0 F9000 X174.304 Y116.78
;TYPE:WALL-OUTER
G1 F1800 X179.78 Y116.78 E1769.09212
G1 X179.78 Y110.22 E1769.42813
G1 X174.301 Y110.22 E1769.70876
G1 X174.304 Y116.78 E1770.04477
G1 F1500 E1768.04477
G0 F9000 X174.978 Y116.106
G0 X175.064 Y114.715
G0 X174.832 Y114.715
;TYPE:FILL
G1 F1500 E1770.04477
G1 F3600 X179.252 Y113.531 E1770.27915
G0 F9000 X179.252 Y113.824
G1 F3600 X176.176 Y110.748 E1770.50196
G0 F9000 X175.482 Y110.748
G1 F3600 X174.831 Y113.177 E1770.63077
G1 X174.829 Y113.134
G1 X177.947 Y116.252 E1770.85663
G0 F9000 X177.947 Y116.02
G0 X176.74 Y116.02
G0 X176.74 Y116.253
G1 F3600 X178.215 Y110.748 E1771.14854
G0 F9000 X178.215 Y110.98
G0 X179.05 Y110.95
G0 X179.251 Y110.798
G1 F3600 X174.83 Y111.982 E1771.38297
G0 F9000 X175.402 Y111.982
G1 F1500 E1769.38297
;MESH:NONMESH
G0 F300 Z2.24
G0 F9000 X174.964 Y115.992
G0 X173.419 Y115.993
G0 X172.568 Y109.347
G0 X127.43 Y109.347
G0 X126.58 Y116.105
G0 X125.021 Y116.106
G0 X124.912 Y116.34
;TIME_ELAPSED:1562.272583
;LAYER:7
;TYPE:WALL-INNER
;MESH:motor-slide.stl
G1 F1500 E1771.38297
G1 F1800 X124.912 Y110.66 E1771.6739
G1 X120.66 Y110.66 E1771.89169
G1 X120.66 Y116.34 E1772.18263
G1 X124.912 Y116.34 E1772.40042
G0 F9000 X125.352 Y116.78
;TYPE:WALL-OUTER
G1 F1800 X125.352 Y110.22 E1772.73642
G1 X120.22 Y110.22 E1772.99929
G1 X120.22 Y116.78 E1773.33529
G1 X125.352 Y116.78 E1773.59816
G0 F9000 X124.605 Y116.252
;TYPE:FILL
G1 F3600 X124.824 Y115.437 E1773.64138
G0 F9000 X124.824 Y115.118
G1 F3600 X120.748 Y111.042 E1773.93664
G0 F9000 X120.98 Y111.042
G0 X120.98 Y113.013
G0 X120.748 Y113.013
G1 F3600 X124.824 Y111.921 E1774.15278
G0 F9000 X124.824 Y111.385
G1 F3600 X124.188 Y110.748 E1774.19888
G0 F9000 X123.347 Y110.747
G1 F3600 X121.872 Y116.252 E1774.4908
G0 F9000 X122.224 Y116.252
G1 F3600 X120.748 Y114.775 E1774.59775
G0 F9000 X120.749 Y115.746
G1 F3600 X124.823 Y114.654 E1774.81379
G0 F9000 X124.252 Y114.654
G1 F1500 E1772.81379
G0 F9000 X124.678 Y116.106
G0 X126.237 Y116.105
G0 X127.775 Y117.653
G0 X130.347 Y117.653
G0 X131.893 Y116.891
G0 X141.021 Y189.02
G0 X141.34 Y189.34
;TYPE:WALL-INNER
G1 F1500 E1774.81379
G1 F1800 X141.344 Y116.92 E1778.52319
G1 X141.388 Y116.751 E1778.53213
G1 X141.506 Y116.561 E1778.54359
G1 X141.718 Y116.403 E1778.55713
G1 X141.914 Y116.34 E1778.56767
G1 X159.12 Y116.34 E1779.44898
G1 X159.419 Y116.489 E1779.46609
G1 X159.581 Y116.685 E1779.47911
G1 X159.66 Y116.914 E1779.49152
G1 X159.66 Y189.34 E1783.20122
G1 X168.34 Y189.34 E1783.64582
G1 X168.34 Y116.924 E1787.35501
G1 X168.481 Y116.591 E1787.37353
G1 X168.681 Y116.421 E1787.38698
G1 X169 Y116.34 E1787.40383
G1 X170.912 Y116.34 E1787.50177
G1 X170.912 Y110.66 E1787.7927
G1 X129.085 Y110.66 E1789.93511
G1 X129.088 Y116.34 E1790.22604
G1 X131 Y116.34 E1790.32397
G1 X131.311 Y116.417 E1790.34038
G1 X131.505 Y116.573 E1790.35313
G1 X131.614 Y116.756 E1790.36404
G1 X131.656 Y116.92 E1790.37272
G1 X131.66 Y189.34 E1794.08211
G1 X141.34 Y189.34 E1794.57793
G0 F9000 X141.78 Y189.78
;TYPE:WALL-OUTER
G1 F1800 X141.781 Y116.937 E1798.30899
G1 X141.866 Y116.824 E1798.31623
G1 X141.951 Y116.785 E1798.32102
G1 X159.052 Y116.786 E1799.19695
G1 X159.14 Y116.829 E1799.20196
G1 X159.22 Y116.944 E1799.20914
G1 X159.22 Y189.78 E1802.93984
G1 X168.78 Y189.78 E1803.42951
G1 X168.783 Y116.962 E1807.15929
G1 X168.856 Y116.833 E1807.16689
G1 X168.953 Y116.78 E1807.17255
G1 X171.352 Y116.78 E1807.29543
G1 X171.352 Y110.22 E1807.63143
G1 X128.645 Y110.22 E1809.81891
G1 X128.648 Y116.78 E1810.15492
G1 X131 Y116.78 E1810.27539
G1 X131.169 Y116.857 E1810.2849
G1 X131.219 Y116.973 E1810.29137
G1 X131.22 Y189.78 E1814.02059
G1 X141.78 Y189.78 E1814.56148
G0 F9000 X141.106 Y189.106
G0 X140.576 Y189.02
G0 X140.576 Y189.252
;TYPE:FILL
G1 F3600 X141.252 Y186.729 E1814.69527
G1 X141.252 Y186.78
G1 X132.026 Y189.252 E1815.1845
G0 F9000 X132.376 Y189.253
G1 F3600 X141.255 Y156.118 E1816.94157
G0 F9000 X141.254 Y156.715
G1 F3600 X131.746 Y159.262 E1817.44575
G1 X131.745 Y159.375
G1 X141.254 Y168.884 E1818.13455
G0 F9000 X141.022 Y168.883
G0 X141.022 Y167.646
G0 X141.253 Y167.647
G1 F3600 X131.747 Y170.195 E1818.63864
G0 F9000 X131.746 Y170.576
G1 F3600 X141.254 Y180.084 E1819.32737
G0 F9000 X141.021 Y180.083
G0 X141.021 Y181.312
G0 X141.252 Y181.313
G1 F3600 X131.748 Y183.86 E1819.83135
G0 F9000 X131.98 Y183.86
G0 X131.98 Y185.512
G0 X131.747 Y185.512
G1 F3600 X135.487 Y189.251 E1820.10223
G0 F9000 X135.11 Y189.253
G1 F3600 X141.254 Y166.321 E1821.31824
G0 F9000 X141.022 Y166.32
G0 X141.022 Y165.149
G0 X141.254 Y165.15
G1 F3600 X131.745 Y155.641 E1822.00705
G0 F9000 X131.746 Y156.529
G1 F3600 X141.254 Y153.981 E1822.51124
G1 X141.255 Y153.951
G1 X131.745 Y144.44 E1823.20015
G0 F9000 X131.977 Y144.44
G0 X131.977 Y145.597
G0 X131.744 Y145.597
G1 F3600 X141.256 Y143.049 E1823.70454
G0 F9000 X141.257 Y142.751
G1 F3600 X131.743 Y133.238 E1824.39366
G0 F9000 X131.976 Y133.238
G0 X131.976 Y131.932
G0 X131.743 Y131.932
G1 F3600 X141.257 Y129.383 E1824.89816
G0 F9000 X141.025 Y129.382
G0 X141.026 Y127.817
G0 X141.257 Y127.818
G1 F3600 X131.742 Y118.303 E1825.5874
G1 X131.743 Y118.266
G1 X159.802 Y110.748 E1827.07529
G0 F9000 X158.878 Y110.747
G1 F3600 X157.403 Y116.252 E1827.36721
G0 F9000 X157.403 Y116.02
G0 X155.826 Y116.02
G0 X155.826 Y116.252
G1 F3600 X150.322 Y110.748 E1827.7659
G0 F9000 X150.679 Y110.747
G1 F3600 X149.204 Y116.252 E1828.05782
G0 F9000 X149.461 Y116.252
G1 F3600 X170.002 Y110.748 E1829.14705
G1 X169.811 Y110.748
G1 X159.748 Y148.301 E1831.1384
G0 F9000 X159.748 Y149.026
G1 F3600 X168.251 Y146.748 E1831.58929
G0 F9000 X168.252 Y147.164
G1 F3600 X159.748 Y178.901 E1833.27223
G1 X159.748 Y179.09
G1 X168.251 Y176.812 E1833.72311
G0 F9000 X168.253 Y177.214
G1 F3600 X159.748 Y168.71 E1834.33915
G1 X159.748 Y168.701
G1 X168.252 Y136.964 E1836.02209
G0 F9000 X168.253 Y136.146
G1 F3600 X159.748 Y127.641 E1836.63816
G0 F9000 X159.748 Y127.901
G1 F3600 X164.344 Y110.748 E1837.54774
G0 F9000 X165.257 Y110.748
G1 F3600 X170.76 Y116.252 E1837.9464
G0 F9000 X170.823 Y115.994
G1 F3600 X169.861 Y116.252 E1837.99741
G0 F9000 X169.861 Y116.02
G0 X168.741 Y116.117
G0 X168.118 Y116.589
G0 X168.336 Y116.661
G1 F3600 X159.748 Y118.962 E1838.45281
G0 F9000 X159.98 Y118.962
G0 X159.98 Y120.174
G0 X159.748 Y120.174
G1 F3600 X168.253 Y128.679 E1839.06889
G0 F9000 X168.02 Y128.679
G0 X168.02 Y127.616
G0 X168.251 Y127.616
G1 F3600 X159.748 Y129.894 E1839.51978
G0 F9000 X159.98 Y129.894
G0 X159.98 Y131.375
G0 X159.748 Y131.375
G1 F3600 X168.253 Y139.879 E1840.13582
G0 F9000 X168.02 Y139.879
G0 X168.02 Y138.548
G0 X168.251 Y138.548
G1 F3600 X159.748 Y140.827 E1840.58672
G0 F9000 X159.98 Y140.827
G0 X159.98 Y142.575
G0 X159.748 Y142.575
G1 F3600 X168.253 Y151.08 E1841.20279
G0 F9000 X168.02 Y151.08
G0 X168.02 Y152.214
G0 X168.251 Y152.214
G1 F3600 X159.749 Y154.492 E1841.65363
G0 F9000 X159.748 Y153.776
G1 F3600 X168.253 Y162.28 E1842.26967
G0 F9000 X168.251 Y163.146
G1 F3600 X159.748 Y165.425 E1842.72057
G0 F9000 X159.748 Y164.976
G1 F3600 X168.253 Y173.481 E1843.33665
G0 F9000 X168.251 Y174.079
G1 F3600 X159.749 Y176.357 E1843.78748
G1 X159.748 Y176.177
G1 X168.253 Y184.681 E1844.40352
G0 F9000 X168.252 Y185.011
G1 F3600 X159.748 Y187.29 E1844.85447
G1 X159.748 Y187.378
G1 X161.622 Y189.251 E1844.99018
G0 F9000 X162.441 Y189.253
G1 F3600 X168.252 Y167.565 E1846.14024
G0 F9000 X168.02 Y167.565
G0 X168.02 Y168.613
G0 X168.251 Y168.613
G1 F3600 X159.748 Y170.891 E1846.59113
G0 F9000 X159.98 Y170.891
G0 X159.98 Y172.444
G0 X159.748 Y172.444
G1 F3600 X168.253 Y180.948 E1847.20717
G0 F9000 X168.02 Y180.948
G0 X168.02 Y182.278
G0 X168.251 Y182.278
G1 F3600 X159.749 Y184.557 E1847.65802
G0 F9000 X159.748 Y183.644
G1 F3600 X165.356 Y189.251 E1848.06421
G1 X165.174 Y189.253
G1 X168.252 Y177.766 E1848.67334
G0 F9000 X168.02 Y177.766
G0 X168.02 Y179.545
G0 X168.252 Y179.545
G1 F3600 X159.749 Y181.823 E1849.12422
G0 F9000 X159.98 Y181.823
G0 X159.98 Y179.911
G0 X159.748 Y179.911
G1 F3600 X168.253 Y188.415 E1849.74026
G0 F9000 X168.252 Y187.967
G1 F3600 X167.907 Y189.253 E1849.80846
G0 F9000 X167.907 Y189.02
G0 X168.02 Y187.744
G0 X168.252 Y187.744
G1 F3600 X162.626 Y189.252 E1850.1068
G0 F9000 X162.626 Y189.02
G0 X159.98 Y189.101
G0 X159.748 Y189.101
G1 F3600 X168.252 Y157.365 E1851.78969
G0 F9000 X168.252 Y157.68
G1 F3600 X159.749 Y159.958 E1852.24057
G0 F9000 X159.98 Y159.958
G0 X159.98 Y161.243
G0 X159.748 Y161.243
G1 F3600 X168.253 Y169.747 E1852.85661
G0 F9000 X168.02 Y169.747
G0 X168.02 Y171.346
G0 X168.252 Y171.346
G1 F3600 X159.749 Y173.624 E1853.3075
G0 F9000 X159.98 Y173.624
G0 X159.98 Y168.158
G0 X159.749 Y168.158
G1 F3600 X168.252 Y165.879 E1853.7584
G1 X168.253 Y166.014
G1 X159.748 Y157.509 E1854.37448
G0 F9000 X159.748 Y157.225
G1 F3600 X168.251 Y154.947 E1854.82537
G1 X168.253 Y154.813
G1 X159.748 Y146.309 E1855.44141
G1 X159.749 Y146.293
G1 X168.252 Y144.014 E1855.89231
G0 F9000 X168.253 Y143.613
G1 F3600 X159.748 Y135.108 E1856.50838
G0 F9000 X159.748 Y135.36
G1 F3600 X168.251 Y133.082 E1856.95927
G0 F9000 X168.253 Y132.412
G1 F3600 X159.748 Y123.908 E1857.57531
G0 F9000 X159.748 Y124.428
G1 F3600 X168.252 Y122.149 E1858.02626
G0 F9000 X168.253 Y121.212
G1 F3600 X157.789 Y110.748 E1858.78424
G0 F9000 X157.789 Y110.98
G0 X156.145 Y110.98
G0 X156.145 Y110.748
G1 F3600 X154.67 Y116.252 E1859.0761
G0 F9000 X154.67 Y116.02
G0 X152.092 Y116.02
G0 X152.092 Y116.252
G1 F3600 X146.589 Y110.748 E1859.47476
G0 F9000 X146.589 Y110.98
G0 X147.945 Y110.98
G0 X147.945 Y110.748
G1 F3600 X146.47 Y116.253 E1859.76668
G0 F9000 X146.47 Y116.02
G0 X144.625 Y116.02
G0 X144.625 Y116.252
G1 F3600 X139.122 Y110.748 E1860.16533
G0 F9000 X139.401 Y110.748
G1 F3600 X129.175 Y113.488 E1860.70759
G0 F9000 X129.407 Y113.488
G0 X129.406 Y112.001
G0 X129.174 Y112.001
G1 F3600 X141.258 Y124.085 E1861.58292
G1 X141.257 Y123.916
G1 X131.743 Y126.466 E1862.08743
G0 F9000 X131.742 Y125.77
G1 F3600 X141.257 Y135.284 E1862.77663
G0 F9000 X141.257 Y135.711
G1 F3600 X131.747 Y171.202 E1864.65863
G0 F9000 X131.979 Y171.202
G0 X131.979 Y172.928
G0 X131.747 Y172.928
G1 F3600 X141.253 Y170.381 E1865.16271
G0 F9000 X141.022 Y170.38
G0 X141.022 Y172.616
G0 X141.254 Y172.617
G1 F3600 X131.746 Y163.109 E1865.85144
G0 F9000 X131.978 Y163.109
G0 X131.978 Y161.995
G0 X131.747 Y161.995
G1 F3600 X141.254 Y159.448 E1866.35557
G0 F9000 X141.023 Y159.447
G0 X141.023 Y157.683
G0 X141.255 Y157.684
G1 F3600 X131.745 Y148.174 E1867.04444
G1 X131.745 Y148.33
G1 X141.255 Y145.782 E1867.54873
G1 X141.256 Y145.915
G1 X131.747 Y181.4 E1869.43042
G0 F9000 X131.748 Y181.127
G1 F3600 X141.252 Y178.58 E1869.9344
G0 F9000 X141.021 Y178.579
G0 X141.022 Y176.524
G0 X141.253 Y176.525
G1 F3600 X137.843 Y189.253 E1870.60933
G0 F9000 X137.843 Y189.02
G0 X139.221 Y189.02
G0 X139.221 Y189.251
G1 F3600 X131.747 Y181.778 E1871.15069
G0 F9000 X131.98 Y181.778
G0 X131.98 Y178.394
G0 X131.748 Y178.394
G1 F3600 X141.253 Y175.847 E1871.65471
G0 F9000 X141.254 Y176.35
G1 F3600 X131.746 Y166.843 E1872.34341
G0 F9000 X131.746 Y167.462
G1 F3600 X141.254 Y164.914 E1872.8476
G0 F9000 X141.023 Y164.913
G0 X141.023 Y162.18
G0 X141.254 Y162.181
G1 F3600 X131.746 Y164.729 E1873.35179
G0 F9000 X131.978 Y164.729
G0 X131.978 Y161.004
G0 X131.746 Y161.004
G1 F3600 X141.257 Y125.508 E1875.23405
G0 F9000 X141.026 Y125.507
G0 X141.026 Y126.649
G0 X141.257 Y126.65
G1 F3600 X131.743 Y129.199 E1875.73855
G0 F9000 X131.743 Y129.504
G1 F3600 X141.257 Y139.018 E1876.42771
G0 F9000 X141.025 Y139.017
G0 X141.025 Y140.315
G0 X141.255 Y140.316
G1 F3600 X131.744 Y142.864 E1876.93205
G0 F9000 X131.977 Y142.864
G0 X131.976 Y140.706
G0 X131.744 Y140.706
G1 F3600 X141.256 Y150.218 E1877.62107
G0 F9000 X141.024 Y150.217
G0 X141.024 Y151.247
G0 X141.255 Y151.248
G1 F3600 X131.746 Y153.796 E1878.12531
G0 F9000 X131.978 Y153.796
G0 X131.977 Y151.907
G0 X131.745 Y151.907
G1 F3600 X141.255 Y161.418 E1878.81422
G0 F9000 X141.023 Y161.417
G0 X141.022 Y173.113
G0 X141.253 Y173.114
G1 F3600 X131.748 Y175.661 E1879.31825
G0 F9000 X131.979 Y175.661
G0 X131.979 Y174.31
G0 X131.747 Y174.31
G1 F3600 X141.253 Y183.817 E1880.00687
G0 F9000 X141.252 Y184.047
G1 F3600 X131.748 Y186.593 E1880.51083
G0 F9000 X131.98 Y186.593
G0 X131.98 Y178.044
G0 X131.747 Y178.044
G1 F3600 X141.253 Y187.55 E1881.19942
G1 F1500 E1879.19942
G0 F9000 X141.021 Y187.549
G0 X141.087 Y116.888
G0 X141.313 Y116.388
G0 X141.606 Y116.169
G0 X141.859 Y116.081
G0 X159.168 Y116.082
G0 X159.582 Y116.288
G0 X159.808 Y116.561
G0 X159.898 Y116.819
G0 X159.98 Y162.692
G0 X159.748 Y162.692
G1 F1500 E1881.19942
G1 F3600 X168.251 Y160.413 E1881.65032
G0 F9000 X168.02 Y160.413
G0 X168.02 Y158.547
G0 X168.253 Y158.547
G1 F3600 X159.748 Y150.042 E1882.2664
G0 F9000 X159.98 Y150.042
G0 X159.98 Y151.759
G0 X159.748 Y151.759
G1 F3600 X168.251 Y149.481 E1882.71728
G0 F9000 X168.02 Y149.481
G0 X168.02 Y147.346
G0 X168.253 Y147.346
G1 F3600 X159.748 Y138.842 E1883.33332
G0 F9000 X159.748 Y138.102
G1 F3600 X167.077 Y110.747 E1884.78388
G0 F9000 X167.077 Y110.98
G0 X168.99 Y110.98
G0 X168.99 Y110.748
G1 F3600 X170.824 Y112.582 E1884.91673
G0 F9000 X170.824 Y113.261
G1 F3600 X159.314 Y116.345 E1885.52707
G0 F9000 X159.417 Y116.138
G0 X159.808 Y116.561
G0 X159.98 Y117.701
G0 X159.748 Y117.701
G1 F3600 X161.611 Y110.748 E1885.89577
G1 X161.523 Y110.748
G1 X168.253 Y117.478 E1886.38327
G0 F9000 X168.02 Y117.478
G0 X168.02 Y119.416
G0 X168.251 Y119.416
G1 F3600 X159.748 Y121.695 E1886.83417
G0 F9000 X159.98 Y121.695
G0 X159.98 Y127.161
G0 X159.748 Y127.161
G1 F3600 X168.251 Y124.883 E1887.28506
G1 X168.253 Y124.945
G1 X154.056 Y110.748 E1888.31345
G0 F9000 X153.412 Y110.748
G1 F3600 X151.937 Y116.252 E1888.60531
G0 F9000 X151.937 Y116.02
G0 X148.359 Y116.02
G0 X148.359 Y116.252
G1 F3600 X142.855 Y110.748 E1889.00401
G0 F9000 X142.479 Y110.748
G1 F3600 X131.745 Y150.808 E1891.12829
G0 F9000 X131.745 Y151.063
G1 F3600 X141.255 Y148.515 E1891.63258
G0 F9000 X141.024 Y148.514
G0 X141.024 Y146.483
G0 X141.256 Y146.484
G1 F3600 X131.744 Y136.972 E1892.3216
G0 F9000 X131.744 Y137.398
G1 F3600 X141.256 Y134.849 E1892.826
G0 F9000 X141.025 Y134.848
G0 X141.025 Y132.115
G0 X141.256 Y132.116
G1 F3600 X131.744 Y134.665 E1893.3304
G0 F9000 X131.976 Y134.665
G0 X131.976 Y130.413
G0 X131.744 Y130.413
G1 F3600 X137.013 Y110.747 E1894.37323
G0 F9000 X137.013 Y110.98
G0 X135.388 Y110.98
G0 X135.388 Y110.748
G1 F3600 X141.328 Y116.688 E1894.8035
G0 F9000 X141.132 Y116.566
G0 X141.026 Y118.449
G0 X141.257 Y118.45
G1 F3600 X131.742 Y121 E1895.30807
G0 F9000 X131.743 Y120.216
G1 F3600 X134.28 Y110.748 E1895.81013
G0 F9000 X134.28 Y110.98
G0 X131.655 Y110.98
G0 X131.655 Y110.748
G1 F3600 X141.258 Y120.352 E1896.50578
G0 F9000 X141.258 Y121.183
G1 F3600 X131.742 Y123.733 E1897.01039
G0 F9000 X131.975 Y123.733
G0 X131.975 Y122.037
G0 X131.742 Y122.037
G1 F3600 X141.257 Y131.552 E1897.69963
G0 F9000 X141.025 Y131.551
G0 X141.025 Y137.581
G0 X141.256 Y137.582
G1 F3600 X131.745 Y140.131 E1898.20398
G0 F9000 X131.744 Y140.61
G1 F3600 X139.746 Y110.748 E1899.78749
G0 F9000 X139.746 Y110.98
G0 X145.212 Y110.98
G0 X145.212 Y110.747
G1 F3600 X143.737 Y116.252 E1900.07941
G0 F9000 X143.737 Y116.02
G0 X149.601 Y110.98
G0 X149.601 Y110.748
G1 F3600 X129.177 Y116.221 E1901.16245
G0 F9000 X129.176 Y115.736
G1 F3600 X129.691 Y116.252 E1901.19979
G0 F9000 X130.072 Y116.252
G1 F3600 X131.547 Y110.747 E1901.4917
G1 F1500 E1899.4917
G0 F9000 X131.547 Y110.98
G0 X159.168 Y116.082
G0 X159.582 Y116.288
G0 X159.808 Y116.561
G0 X159.898 Y116.819
G0 X159.98 Y132.627
G0 X159.748 Y132.627
G1 F1500 E1901.4917
G1 F3600 X168.251 Y130.349 E1901.94259
G0 F9000 X168.02 Y130.349
G0 X168.02 Y126.763
G0 X168.252 Y126.763
G1 F3600 X159.748 Y158.501 E1903.62558
G0 F9000 X159.98 Y158.501
G0 X159.98 Y143.56
G0 X159.748 Y143.56
G1 F3600 X168.251 Y141.281 E1904.07648
G0 F9000 X168.02 Y141.281
G0 X168.02 Y135.815
G0 X168.252 Y135.815
G1 F3600 X159.749 Y138.093 E1904.52736
G0 F9000 X160.32 Y138.093
G1 F1500 E1902.52736
G0 F9000 X168.101 Y116.895
G0 X169.653 Y117.653
G0 X172.226 Y117.653
G0 X173.763 Y116.107
G0 X175.322 Y116.106
G0 X175.088 Y116.34
;TYPE:WALL-INNER
G1 F1500 E1904.52736
G1 F1800 X179.34 Y116.34 E1904.74515
G1 X179.34 Y110.66 E1905.03609
G1 X175.085 Y110.66 E1905.25403
G1 X175.088 Y116.34 E1905.54496
G0 F9000 X174.648 Y116.78
;TYPE:WALL-OUTER
G1 F1800 X179.78 Y116.78 E1905.80783
G1 X179.78 Y110.22 E1906.14383
G1 X174.645 Y110.22 E1906.40685
G1 X174.648 Y116.78 E1906.74286
G1 F1500 E1904.74286
G0 F9000 X175.322 Y116.106
G0 X176.535 Y116.02
G0 X176.535 Y116.253
;TYPE:FILL
G1 F1500 E1906.74286
G1 F3600 X178.01 Y110.748 E1907.03478
G0 F9000 X178.01 Y110.98
G0 X179.02 Y111.003
G0 X179.251 Y111.003
G1 F3600 X175.174 Y112.095 E1907.25096
G0 F9000 X175.174 Y111.133
G1 F3600 X175.277 Y110.748 E1907.27138
G0 F9000 X175.375 Y110.95
G0 X176.457 Y110.98
G0 X176.457 Y110.748
G1 F3600 X179.252 Y113.544 E1907.47387
G1 X179.252 Y113.736
G1 X175.176 Y114.828 E1907.69001
G0 F9000 X175.408 Y114.828
G0 X175.407 Y113.199
G0 X175.174 Y113.199
G1 F3600 X178.227 Y116.252 E1907.91116
G0 F9000 X178.227 Y115.68
G1 F1500 E1905.91116
;MESH:NONMESH
G0 F300 Z2.52
G0 F9000 X175.308 Y115.991
G0 X173.763 Y115.992
G0 X172.225 Y109.347
G0 X127.774 Y109.347
G0 X126.237 Y115.99
G0 X124.672 Y115.991
G0 X124.683 Y116.34
;TIME_ELAPSED:1658.386443
;LAYER:8
;TYPE:WALL-INNER
;MESH:motor-slide.stl
G1 F1500 E1907.91116
G1 F1800 X124.68 Y110.66 E1908.20209
G1 X120.66 Y110.66 E1908.408
G1 X120.66 Y116.34 E1908.69893
G1 X124.683 Y116.34 E1908.90499
G0 F9000 X125.123 Y116.78
;TYPE:WALL-OUTER
G1 F1800 X125.12 Y110.22 E1909.241
G1 X120.22 Y110.22 E1909.49198
G1 X120.22 Y116.78 E1909.82799
G1 X125.123 Y116.78 E1910.07912
G0 F9000 X124.401 Y116.252
;TYPE:FILL
G1 F3600 X124.595 Y115.528 E1910.11752
G0 F9000 X124.593 Y114.921
G1 F3600 X120.748 Y115.951 E1910.3214
G0 F9000 X121.667 Y116.252
G1 F3600 X123.142 Y110.747 E1910.61332
G0 F9000 X123.142 Y110.98
G0 X124.39 Y110.95
G0 X124.468 Y110.748
G1 F3600 X124.593 Y110.874 E1910.62241
G0 F9000 X124.39 Y110.95
G0 X124.36 Y112.188
G0 X124.592 Y112.188
G1 F3600 X120.748 Y113.218 E1910.82625
G0 F9000 X120.98 Y113.218
G0 X120.98 Y114.495
G0 X120.748 Y114.495
G1 F3600 X122.504 Y116.252 E1910.95348
G0 F9000 X122.504 Y116.02
G0 X124.362 Y114.609
G0 X124.594 Y114.609
G1 F3600 X120.748 Y110.762 E1911.23211
G0 F9000 X121.32 Y111.191
G1 F1500 E1909.23211
G0 F9000 X124.449 Y116.106
G0 X126.008 Y116.105
G0 X128.004 Y117.653
G0 X130.347 Y117.653
G0 X131.893 Y116.891
G0 X141.021 Y189.02
G0 X141.34 Y189.34
;TYPE:WALL-INNER
G1 F1500 E1911.23211
G1 F1800 X141.344 Y116.92 E1914.94151
G1 X141.388 Y116.751 E1914.95045
G1 X141.506 Y116.561 E1914.96191
G1 X141.718 Y116.403 E1914.97545
G1 X141.914 Y116.34 E1914.986
G1 X159.12 Y116.34 E1915.8673
G1 X159.419 Y116.489 E1915.88441
G1 X159.581 Y116.685 E1915.89743
G1 X159.66 Y116.914 E1915.90984
G1 X159.66 Y189.34 E1919.61955
G1 X168.34 Y189.34 E1920.06414
G1 X168.34 Y116.924 E1923.77333
G1 X168.471 Y116.605 E1923.791
G1 X168.648 Y116.441 E1923.80336
G1 X169 Y116.34 E1923.82211
G1 X170.683 Y116.34 E1923.90832
G1 X170.68 Y110.66 E1924.19925
G1 X129.316 Y110.66 E1926.31794
G1 X129.316 Y116.34 E1926.60887
G1 X131 Y116.34 E1926.69513
G1 X131.232 Y116.382 E1926.7072
G1 X131.474 Y116.54 E1926.72201
G1 X131.609 Y116.744 E1926.73454
G1 X131.656 Y116.92 E1926.74387
G1 X131.66 Y189.34 E1930.45326
G1 X141.34 Y189.34 E1930.94908
G0 F9000 X141.78 Y189.78
;TYPE:WALL-OUTER
G1 F1800 X141.781 Y116.937 E1934.68014
G1 X141.866 Y116.824 E1934.68739
G1 X141.951 Y116.785 E1934.69218
G1 X159.052 Y116.786 E1935.5681
G1 X159.14 Y116.829 E1935.57312
G1 X159.22 Y116.944 E1935.58029
G1 X159.22 Y189.78 E1939.311
G1 X168.78 Y189.78 E1939.80066
G1 X168.783 Y116.962 E1943.53045
G1 X168.882 Y116.813 E1943.53961
G1 X169 Y116.78 E1943.54589
G1 X171.123 Y116.78 E1943.65463
G1 X171.12 Y110.22 E1943.99063
G1 X128.876 Y110.22 E1946.1544
G1 X128.876 Y116.78 E1946.4904
G1 X131.056 Y116.78 E1946.60207
G1 X131.158 Y116.846 E1946.60829
G1 X131.219 Y116.973 E1946.6155
G1 X131.22 Y189.78 E1950.34472
G1 X141.78 Y189.78 E1950.88561
G1 F1500 E1948.88561
G0 F9000 X141.106 Y189.106
G0 X140.371 Y189.02
G0 X140.371 Y189.253
;TYPE:FILL
G1 F1500 E1950.88561
G1 F3600 X141.252 Y185.963 E1951.06007
G0 F9000 X141.021 Y185.962
G0 X141.021 Y186.984
G0 X141.252 Y186.985
G1 F3600 X132.791 Y189.252 E1951.50873
G0 F9000 X132.171 Y189.253
G1 F3600 X141.255 Y155.353 E1953.30637
G0 F9000 X141.023 Y155.352
G0 X141.023 Y154.185
G0 X141.255 Y154.186
G1 F3600 X131.746 Y156.734 E1953.81061
G0 F9000 X131.978 Y156.734
G0 X131.978 Y155.361
G0 X131.745 Y155.361
G1 F3600 X141.254 Y164.87 E1954.49941
G0 F9000 X141.254 Y165.119
G1 F3600 X131.746 Y167.667 E1955.0036
G0 F9000 X131.979 Y167.667
G0 X131.979 Y166.563
G0 X131.746 Y166.563
G1 F3600 X141.254 Y176.07 E1955.69229
G1 X141.253 Y176.052
G1 X131.748 Y178.599 E1956.19632
G0 F9000 X131.747 Y177.764
G1 F3600 X141.253 Y187.27 E1956.88491
G0 F9000 X141.021 Y187.269
G0 X139.501 Y189.02
G0 X139.501 Y189.251
G1 F3600 X131.747 Y181.498 E1957.44655
G1 X131.748 Y181.332
G1 X141.252 Y178.785 E1957.95052
G0 F9000 X141.021 Y178.784
G0 X141.021 Y179.803
G0 X141.254 Y179.804
G1 F3600 X131.746 Y170.296 E1958.63925
G1 X131.747 Y170.4
G1 X141.253 Y167.852 E1959.14334
G0 F9000 X141.254 Y168.604
G1 F3600 X131.745 Y159.095 E1959.83215
G0 F9000 X131.746 Y159.467
G1 F3600 X141.254 Y156.92 E1960.33632
G0 F9000 X141.255 Y157.404
G1 F3600 X131.744 Y147.893 E1961.02527
G0 F9000 X131.745 Y148.535
G1 F3600 X141.255 Y145.987 E1961.52956
G1 X141.256 Y146.204
G1 X131.743 Y136.692 E1962.21862
G0 F9000 X131.744 Y137.603
G1 F3600 X141.256 Y135.054 E1962.72302
G1 X141.257 Y135.004
G1 X131.742 Y125.49 E1963.41222
G0 F9000 X131.975 Y125.49
G0 X131.975 Y126.67
G0 X131.744 Y126.67
G1 F3600 X141.257 Y124.121 E1963.91667
G0 F9000 X141.258 Y123.805
G1 F3600 X129.404 Y111.951 E1964.77533
G0 F9000 X129.636 Y111.951
G0 X129.636 Y110.898
G0 X129.405 Y110.898
G1 F3600 X129.965 Y110.748 E1964.80503
G0 F9000 X129.965 Y110.98
G0 X131.342 Y110.98
G0 X131.342 Y110.747
G1 F3600 X129.867 Y116.253 E1965.09699
G1 X129.824 Y116.252
G1 X150.366 Y110.748 E1966.18628
G1 X150.474 Y110.747
G1 X148.999 Y116.252 E1966.4782
G0 F9000 X148.639 Y116.252
G1 F3600 X143.135 Y110.748 E1966.87689
G0 F9000 X142.274 Y110.747
G1 F3600 X131.745 Y150.044 E1968.9607
G0 F9000 X131.977 Y150.044
G0 X131.977 Y151.268
G0 X131.745 Y151.268
G1 F3600 X141.255 Y148.72 E1969.46499
G0 F9000 X141.024 Y148.719
G0 X141.024 Y149.937
G0 X141.256 Y149.938
G1 F3600 X131.743 Y140.425 E1970.15408
G1 X131.745 Y140.336
G1 X141.256 Y137.787 E1970.65843
G0 F9000 X141.257 Y138.738
G1 F3600 X131.742 Y129.224 E1971.34763
G1 X131.743 Y129.404
G1 X141.257 Y126.855 E1971.85213
G0 F9000 X141.257 Y127.538
G1 F3600 X131.742 Y118.022 E1972.54141
G0 F9000 X131.743 Y118.471
G1 F3600 X160.567 Y110.748 E1974.06987
G0 F9000 X161.406 Y110.748
G1 F3600 X159.748 Y116.936 E1974.398
G0 F9000 X159.529 Y116.492
G1 F3600 X170.593 Y113.528 E1974.98469
G0 F9000 X170.361 Y113.528
G0 X170.36 Y112.071
G0 X170.592 Y112.071
G1 F3600 X169.269 Y110.748 E1975.08052
G0 F9000 X169.606 Y110.748
G1 F3600 X159.748 Y147.536 E1977.03131
G0 F9000 X159.98 Y147.536
G0 X159.98 Y146.498
G0 X159.749 Y146.498
G1 F3600 X168.252 Y144.219 E1977.48221
G0 F9000 X168.253 Y143.333
G1 F3600 X159.748 Y134.828 E1978.09828
G0 F9000 X159.748 Y135.565
G1 F3600 X168.251 Y133.287 E1978.54917
G0 F9000 X168.02 Y133.287
G0 X168.02 Y132.132
G0 X168.253 Y132.132
G1 F3600 X159.748 Y123.628 E1979.16521
G0 F9000 X159.98 Y123.628
G0 X159.98 Y124.633
G0 X159.748 Y124.633
G1 F3600 X168.252 Y122.354 E1979.61616
G0 F9000 X168.02 Y122.354
G0 X168.02 Y120.932
G0 X168.253 Y120.932
G1 F3600 X158.069 Y110.748 E1980.35386
G0 F9000 X158.673 Y110.747
G1 F3600 X157.198 Y116.252 E1980.64577
G0 F9000 X157.198 Y116.02
G0 X156.106 Y116.02
G0 X156.106 Y116.252
G1 F3600 X150.602 Y110.748 E1981.04447
G0 F9000 X150.602 Y110.98
G0 X153.207 Y110.98
G0 X153.207 Y110.747
G1 F3600 X151.732 Y116.252 E1981.33638
G0 F9000 X152.372 Y116.252
G1 F3600 X146.868 Y110.748 E1981.73507
G0 F9000 X147.741 Y110.748
G1 F3600 X146.266 Y116.253 E1982.02699
G0 F9000 X146.266 Y116.02
G0 X144.905 Y116.02
G0 X144.905 Y116.252
G1 F3600 X139.401 Y110.748 E1982.42568
G1 X139.541 Y110.748
G1 X131.744 Y139.847 E1983.96873
G0 F9000 X131.976 Y139.847
G0 X131.977 Y143.069
G0 X131.745 Y143.069
G1 F3600 X141.256 Y140.52 E1984.47308
G0 F9000 X141.025 Y140.519
G0 X141.024 Y142.47
G0 X141.257 Y142.471
G1 F3600 X131.742 Y132.957 E1985.16228
G0 F9000 X131.744 Y132.137
G1 F3600 X141.257 Y129.588 E1985.66673
G0 F9000 X141.025 Y129.587
G0 X141.025 Y131.271
G0 X141.257 Y131.272
G1 F3600 X131.742 Y121.756 E1986.356
G0 F9000 X131.743 Y121.204
G1 F3600 X141.257 Y118.655 E1986.8605
G0 F9000 X141.026 Y118.654
G0 X141.026 Y120.071
G0 X141.258 Y120.072
G1 F3600 X131.934 Y110.748 E1987.5359
G0 F9000 X131.934 Y110.98
G0 X134.075 Y110.98
G0 X134.075 Y110.748
G1 F3600 X131.742 Y119.453 E1987.99751
G0 F9000 X131.975 Y119.453
G0 X131.913 Y116.888
G0 X131.848 Y116.643
G0 X131.66 Y116.359
G0 X131.324 Y116.139
G0 X129.971 Y116.02
G0 X129.971 Y116.252
G1 F3600 X129.404 Y115.685 E1988.03859
G0 F9000 X129.636 Y115.685
G0 X129.636 Y113.632
G0 X129.404 Y113.632
G1 F3600 X140.166 Y110.748 E1988.60927
G0 F9000 X140.166 Y110.98
G0 X136.808 Y110.98
G0 X136.808 Y110.747
G1 F3600 X131.743 Y129.65 E1989.61165
G0 F9000 X131.976 Y129.65
G0 X131.976 Y134.87
G0 X131.744 Y134.87
G1 F3600 X141.256 Y132.321 E1990.11605
G0 F9000 X141.025 Y132.32
G0 X141.025 Y134.945
G0 X141.257 Y134.946
G1 F3600 X131.747 Y170.438 E1991.9981
G0 F9000 X131.979 Y170.438
G0 X131.979 Y173.133
G0 X131.747 Y173.133
G1 F3600 X141.253 Y170.586 E1992.50218
G0 F9000 X141.022 Y170.585
G0 X141.022 Y172.336
G0 X141.254 Y172.337
G1 F3600 X131.745 Y162.828 E1993.19098
G0 F9000 X131.747 Y162.2
G1 F3600 X141.254 Y159.653 E1993.69511
G0 F9000 X141.023 Y159.652
G0 X141.023 Y161.137
G0 X141.255 Y161.138
G1 F3600 X131.745 Y151.627 E1994.38402
G0 F9000 X131.977 Y151.627
G0 X131.978 Y154.001
G0 X131.746 Y154.001
G1 F3600 X141.255 Y151.453 E1994.88826
G0 F9000 X141.024 Y151.452
G0 X141.023 Y153.67
G0 X141.255 Y153.671
G1 F3600 X131.744 Y144.159 E1995.57724
G0 F9000 X131.977 Y144.159
G0 X131.977 Y145.802
G0 X131.745 Y145.802
G1 F3600 X141.256 Y143.254 E1996.08158
G0 F9000 X141.024 Y143.253
G0 X141.024 Y145.149
G0 X141.256 Y145.15
G1 F3600 X131.747 Y180.635 E1997.96327
G0 F9000 X131.98 Y180.635
G0 X131.98 Y184.065
G0 X131.748 Y184.065
G1 F3600 X141.252 Y181.518 E1998.46725
G0 F9000 X141.021 Y181.517
G0 X141.021 Y183.536
G0 X141.253 Y183.537
G1 F3600 X131.747 Y174.03 E1999.15587
G0 F9000 X131.979 Y174.03
G0 X131.979 Y175.866
G0 X131.748 Y175.866
G1 F3600 X141.253 Y173.319 E1999.6599
G0 F9000 X141.022 Y173.318
G0 X141.022 Y175.759
G0 X141.253 Y175.76
G1 F3600 X137.638 Y189.253 E2000.37539
G0 F9000 X137.638 Y189.02
G0 X135.767 Y189.02
G0 X135.767 Y189.251
G1 F3600 X131.747 Y185.232 E2000.66655
G0 F9000 X131.98 Y185.232
G0 X131.98 Y186.798
G0 X131.748 Y186.798
G1 F3600 X141.252 Y184.252 E2001.17052
G0 F9000 X141.021 Y184.251
G0 X134.905 Y189.02
G0 X134.905 Y189.253
G1 F3600 X141.254 Y165.556 E2002.4271
G0 F9000 X141.022 Y165.555
G0 X141.023 Y162.385
G0 X141.254 Y162.386
G1 F3600 X131.747 Y164.933 E2002.93123
G0 F9000 X131.978 Y164.933
G0 X131.978 Y160.241
G0 X131.746 Y160.241
G1 F3600 X141.258 Y124.742 E2004.81365
G0 F9000 X141.026 Y124.741
G0 X141.026 Y121.387
G0 X141.257 Y121.388
G1 F3600 X131.743 Y123.937 E2005.31815
G0 F9000 X131.975 Y123.937
G0 X141.239 Y116.394
G0 X141.435 Y116.516
G1 F3600 X135.668 Y110.748 E2005.73593
G0 F9000 X135.668 Y110.98
G0 X145.007 Y110.98
G0 X145.007 Y110.747
G1 F3600 X143.532 Y116.252 E2006.02785
G0 F9000 X143.532 Y116.02
G0 X150.226 Y116.02
G0 X150.226 Y116.252
G1 F3600 X170.592 Y110.795 E2007.1078
G0 F9000 X170.39 Y110.95
G0 X166.873 Y110.98
G0 X166.873 Y110.747
G1 F3600 X159.748 Y137.336 E2008.51776
G0 F9000 X159.749 Y138.298
G1 F3600 X168.252 Y136.02 E2008.96865
G1 X168.253 Y135.866
G1 X159.748 Y127.361 E2009.58472
G1 X159.748 Y127.366
G1 X168.251 Y125.088 E2010.03561
G0 F9000 X168.253 Y124.665
G1 F3600 X154.335 Y110.748 E2011.04375
G0 F9000 X154.335 Y110.98
G0 X155.94 Y110.98
G0 X155.94 Y110.748
G1 F3600 X154.465 Y116.252 E2011.33562
G0 F9000 X154.465 Y116.02
G0 X159.168 Y116.082
G0 X159.582 Y116.288
G0 X159.808 Y116.561
G0 X159.898 Y116.819
G0 X159.98 Y119.167
G0 X159.748 Y119.167
G1 F3600 X168.259 Y116.886 E2011.78694
G0 F9000 X168.253 Y117.198
G1 F3600 X161.802 Y110.748 E2012.25419
G0 F9000 X161.802 Y110.98
G0 X164.139 Y110.98
G0 X164.139 Y110.748
G1 F3600 X159.748 Y127.136 E2013.12321
G0 F9000 X159.98 Y127.136
G0 X159.98 Y130.099
G0 X159.748 Y130.099
G1 F3600 X168.251 Y127.821 E2013.57409
G0 F9000 X168.253 Y128.399
G1 F3600 X159.748 Y119.894 E2014.19017
G0 F9000 X159.98 Y119.894
G0 X159.98 Y121.9
G0 X159.748 Y121.9
G1 F3600 X168.251 Y119.621 E2014.64107
G0 F9000 X168.02 Y119.621
G0 X168.081 Y116.881
G0 X168.183 Y116.576
G0 X168.372 Y116.328
G0 X168.619 Y116.175
G0 X170.362 Y115.806
G0 X170.594 Y115.806
G1 F3600 X165.536 Y110.748 E2015.00746
G0 F9000 X165.536 Y110.98
G0 X168.02 Y126
G0 X168.252 Y126
G1 F3600 X159.748 Y157.737 E2016.69039
G0 F9000 X159.748 Y157.43
G1 F3600 X168.251 Y155.152 E2017.14128
G0 F9000 X168.253 Y154.533
G1 F3600 X159.748 Y146.029 E2017.75732
G0 F9000 X159.98 Y146.029
G0 X159.98 Y143.765
G0 X159.748 Y143.765
G1 F3600 X168.251 Y141.486 E2018.20822
G0 F9000 X168.02 Y141.486
G0 X168.02 Y139.599
G0 X168.253 Y139.599
G1 F3600 X159.748 Y131.095 E2018.82426
G0 F9000 X159.98 Y131.095
G0 X159.98 Y132.832
G0 X159.748 Y132.832
G1 F3600 X168.252 Y130.554 E2019.27519
G0 F9000 X168.02 Y130.554
G0 X168.02 Y136.201
G0 X168.252 Y136.201
G1 F3600 X159.748 Y167.936 E2020.95803
G0 F9000 X159.749 Y168.363
G1 F3600 X168.252 Y166.084 E2021.40893
G0 F9000 X168.253 Y165.734
G1 F3600 X159.748 Y157.229 E2022.02501
G0 F9000 X159.98 Y157.229
G0 X159.98 Y154.697
G0 X159.748 Y154.697
G1 F3600 X168.252 Y152.419 E2022.47594
G0 F9000 X168.02 Y152.419
G0 X168.02 Y150.8
G0 X168.253 Y150.8
G1 F3600 X159.748 Y142.295 E2023.09202
G0 F9000 X159.98 Y142.295
G0 X159.98 Y141.032
G0 X159.748 Y141.032
G1 F3600 X168.252 Y138.753 E2023.54297
G0 F9000 X168.02 Y138.753
G0 X168.02 Y146.4
G0 X168.252 Y146.4
G1 F3600 X159.748 Y178.137 E2025.2259
G0 F9000 X159.98 Y178.137
G0 X159.98 Y179.295
G0 X159.748 Y179.295
G1 F3600 X168.251 Y177.017 E2025.67679
G1 X168.252 Y177.001
G1 X164.969 Y189.253 E2026.32649
G0 F9000 X165.636 Y189.251
G1 F3600 X159.748 Y183.364 E2026.75296
G0 F9000 X159.98 Y183.364
G0 X159.98 Y182.028
G0 X159.749 Y182.028
G1 F3600 X168.252 Y179.75 E2027.20385
G0 F9000 X168.253 Y180.668
G1 F3600 X159.748 Y172.164 E2027.81988
G0 F9000 X159.98 Y172.164
G0 X159.98 Y171.096
G0 X159.748 Y171.096
G1 F3600 X168.251 Y168.818 E2028.27077
G0 F9000 X168.253 Y169.467
G1 F3600 X159.748 Y160.963 E2028.88681
G0 F9000 X159.749 Y160.163
G1 F3600 X168.252 Y157.885 E2029.3377
G0 F9000 X168.253 Y158.267
G1 F3600 X159.748 Y149.762 E2029.95378
G0 F9000 X159.748 Y149.231
G1 F3600 X168.251 Y146.953 E2030.40466
G1 X168.253 Y147.066
G1 X159.748 Y138.562 E2031.0207
G0 F9000 X159.98 Y138.562
G0 X159.98 Y151.964
G0 X159.749 Y151.964
G1 F3600 X168.252 Y149.686 E2031.47159
G0 F9000 X168.02 Y149.686
G0 X168.02 Y156.601
G0 X168.252 Y156.601
G1 F3600 X159.748 Y188.336 E2033.15443
G0 F9000 X159.749 Y187.495
G1 F3600 X168.252 Y185.216 E2033.60533
G0 F9000 X168.253 Y184.401
G1 F3600 X159.748 Y175.897 E2034.22137
G0 F9000 X159.749 Y176.562
G1 F3600 X168.252 Y174.284 E2034.67225
G0 F9000 X168.02 Y174.284
G0 X168.02 Y173.201
G0 X168.253 Y173.201
G1 F3600 X159.748 Y164.696 E2035.28833
G0 F9000 X159.748 Y165.63
G1 F3600 X168.251 Y163.351 E2035.73923
G0 F9000 X168.02 Y163.351
G0 X168.02 Y162
G0 X168.253 Y162
G1 F3600 X159.748 Y153.496 E2036.35527
G0 F9000 X159.98 Y153.496
G0 X159.98 Y162.897
G0 X159.748 Y162.897
G1 F3600 X168.251 Y160.618 E2036.80617
G0 F9000 X168.02 Y160.618
G0 X168.02 Y166.801
G0 X168.252 Y166.801
G1 F3600 X162.236 Y189.253 E2037.99674
G0 F9000 X161.902 Y189.251
G1 F3600 X159.748 Y187.098 E2038.15274
G0 F9000 X159.98 Y187.098
G0 X159.98 Y184.761
G0 X159.749 Y184.761
G1 F3600 X168.251 Y182.483 E2038.60357
G0 F9000 X168.02 Y182.483
G0 X168.02 Y187.201
G0 X168.252 Y187.201
G1 F3600 X167.702 Y189.253 E2038.71239
G0 F9000 X167.702 Y189.02
G0 X168.02 Y188.135
G0 X168.253 Y188.135
G1 F3600 X159.748 Y179.631 E2039.32843
G0 F9000 X159.98 Y179.631
G0 X159.98 Y173.829
G0 X159.749 Y173.829
G1 F3600 X168.252 Y171.551 E2039.77932
G0 F9000 X168.02 Y171.551
G0 X168.02 Y176.934
G0 X168.253 Y176.934
G1 F3600 X159.748 Y168.43 E2040.39536
G0 F9000 X159.98 Y168.43
G0 X163.391 Y189.02
G0 X163.391 Y189.252
G1 F3600 X168.252 Y187.949 E2040.65313
G1 F1500 E2038.65313
G0 F9000 X168.02 Y187.949
G0 X159.919 Y116.88
G0 X159.808 Y116.561
G0 X159.582 Y116.288
G0 X159.168 Y116.082
G0 X141.859 Y116.081
G0 X141.606 Y116.169
G0 X141.313 Y116.388
G0 X141.148 Y116.654
G0 X132.034 Y189.02
G0 X132.034 Y189.251
G1 F1500 E2040.65313
G1 F3600 X131.747 Y188.965 E2040.67388
G0 F9000 X132.32 Y188.68
G1 F1500 E2038.67388
G0 F9000 X141.148 Y116.654
G0 X141.313 Y116.388
G0 X141.606 Y116.169
G0 X141.859 Y116.081
G0 X159.168 Y116.082
G0 X168.101 Y116.884
G0 X169.653 Y117.653
G0 X171.997 Y117.653
G0 X173.992 Y116.107
G0 X175.55 Y116.106
G0 X175.316 Y116.34
;TYPE:WALL-INNER
G1 F1500 E2040.67388
G1 F1800 X179.34 Y116.34 E2040.87999
G1 X179.34 Y110.66 E2041.17093
G1 X175.316 Y110.66 E2041.37704
G1 X175.316 Y116.34 E2041.66797
G0 F9000 X174.876 Y116.78
;TYPE:WALL-OUTER
G1 F1800 X179.78 Y116.78 E2041.91916
G1 X179.78 Y110.22 E2042.25516
G1 X174.876 Y110.22 E2042.50635
G1 X174.876 Y116.78 E2042.84236
G1 F1500 E2040.84236
G0 F9000 X175.55 Y116.106
G0 X176.33 Y116.02
G0 X176.33 Y116.253
;TYPE:FILL
G1 F1500 E2042.84236
G1 F3600 X177.805 Y110.748 E2043.13427
G0 F9000 X177.805 Y110.98
G0 X176.736 Y110.98
G0 X176.736 Y110.748
G1 F3600 X179.252 Y113.264 E2043.31652
G0 F9000 X179.252 Y113.941
G1 F3600 X175.405 Y114.972 E2043.52052
G0 F9000 X175.636 Y114.972
G0 X175.636 Y113.149
G0 X175.404 Y113.149
G1 F3600 X178.507 Y116.252 E2043.7453
G0 F9000 X179.063 Y116.252
G1 F3600 X179.252 Y115.549 E2043.78258
G0 F9000 X179.02 Y115.549
G0 X179.02 Y111.208
G0 X179.251 Y111.208
G1 F3600 X175.405 Y112.238 E2043.98652
G0 F9000 X175.976 Y112.238
G1 F1500 E2041.98652
;MESH:NONMESH
G0 F300 Z2.8
G0 F9000 X175.556 Y116.02
G0 X173.992 Y116.021
G0 X171.996 Y109.347
G0 X128.003 Y109.347
G0 X126.008 Y116.105
G0 X124.449 Y116.106
G0 X124.524 Y116.34
;TIME_ELAPSED:1758.154442
;LAYER:9
;TYPE:WALL-INNER
;MESH:motor-slide.stl
G1 F1500 E2043.98652
G1 F1800 X124.524 Y110.66 E2044.27745
G1 X120.66 Y110.66 E2044.47537
G1 X120.66 Y116.34 E2044.7663
G1 X124.524 Y116.34 E2044.96422
G0 F9000 X124.964 Y116.78
;TYPE:WALL-OUTER
G1 F1800 X124.964 Y110.22 E2045.30022
G1 X120.22 Y110.22 E2045.54322
G1 X120.22 Y116.78 E2045.87922
G1 X124.964 Y116.78 E2046.12221
G0 F9000 X124.196 Y116.252
;TYPE:FILL
G1 F3600 X124.436 Y115.355 E2046.16977
G1 X124.436 Y115.168
G1 X120.748 Y116.156 E2046.36534
G0 F9000 X121.462 Y116.253
G1 F3600 X122.938 Y110.747 E2046.65731
G0 F9000 X122.938 Y110.98
G0 X121.014 Y110.98
G0 X121.014 Y110.748
G1 F3600 X124.436 Y114.17 E2046.90519
G0 F9000 X124.204 Y114.17
G0 X124.204 Y112.435
G0 X124.435 Y112.435
G1 F3600 X120.748 Y113.423 E2047.10071
G0 F9000 X120.748 Y114.215
G1 F3600 X122.784 Y116.252 E2047.24822
G0 F9000 X122.784 Y115.68
G1 F1500 E2045.24822
G0 F9000 X124.29 Y116.106
G0 X125.85 Y116.105
G0 X128.162 Y117.653
G0 X130.347 Y117.653
G0 X131.893 Y116.891
G0 X141.021 Y189.02
G0 X141.34 Y189.34
;TYPE:WALL-INNER
G1 F1500 E2047.24822
G1 F1800 X141.344 Y116.92 E2050.95762
G1 X141.388 Y116.751 E2050.96657
G1 X141.506 Y116.561 E2050.97802
G1 X141.718 Y116.403 E2050.99156
G1 X141.914 Y116.34 E2051.00211
G1 X159.12 Y116.34 E2051.88341
G1 X159.419 Y116.489 E2051.90052
G1 X159.581 Y116.685 E2051.91355
G1 X159.66 Y116.914 E2051.92596
G1 X159.66 Y189.34 E2055.63566
G1 X168.34 Y189.34 E2056.08025
G1 X168.34 Y116.924 E2059.78945
G1 X168.423 Y116.679 E2059.8027
G1 X168.601 Y116.473 E2059.81664
G1 X168.734 Y116.395 E2059.82454
G1 X169 Y116.34 E2059.83845
G1 X170.524 Y116.34 E2059.91651
G1 X170.524 Y110.66 E2060.20744
G1 X129.472 Y110.66 E2062.31015
G1 X129.472 Y116.34 E2062.60109
G1 X131 Y116.34 E2062.67935
G1 X131.265 Y116.395 E2062.69321
G1 X131.487 Y116.553 E2062.70717
G1 X131.611 Y116.749 E2062.71905
G1 X131.656 Y116.92 E2062.72811
G1 X131.66 Y189.34 E2066.4375
G1 X141.34 Y189.34 E2066.93332
G0 F9000 X141.78 Y189.78
;TYPE:WALL-OUTER
G1 F1800 X141.781 Y116.937 E2070.66438
G1 X141.866 Y116.824 E2070.67162
G1 X141.951 Y116.785 E2070.67641
G1 X159.052 Y116.786 E2071.55234
G1 X159.14 Y116.829 E2071.55735
G1 X159.22 Y116.944 E2071.56453
G1 X159.22 Y189.78 E2075.29523
G1 X168.78 Y189.78 E2075.7849
G1 X168.783 Y116.915 E2079.51709
G1 X168.931 Y116.78 E2079.52735
G1 X170.964 Y116.78 E2079.63148
G1 X170.964 Y110.22 E2079.96749
G1 X129.032 Y110.22 E2082.11527
G1 X129.032 Y116.78 E2082.45128
G1 X131.064 Y116.78 E2082.55536
G1 X131.163 Y116.851 E2082.5616
G1 X131.219 Y116.973 E2082.56848
G1 X131.22 Y189.78 E2086.2977
G1 X141.78 Y189.78 E2086.83859
G1 F1500 E2084.83859
G0 F9000 X141.106 Y189.106
G0 X140.166 Y189.02
G0 X140.166 Y189.253
;TYPE:FILL
G1 F1500 E2086.83859
G1 F3600 X141.252 Y185.198 E2087.05361
G0 F9000 X141.252 Y184.457
G1 F3600 X131.748 Y187.003 E2087.55757
G0 F9000 X131.98 Y187.003
G0 X131.98 Y188.685
G0 X131.747 Y188.685
G1 F3600 X132.314 Y189.251 E2087.59861
G0 F9000 X131.966 Y189.253
G1 F3600 X141.255 Y154.588 E2089.43681
G1 X141.255 Y154.391
G1 X131.746 Y156.939 E2089.94105
G0 F9000 X131.978 Y156.939
G0 X131.978 Y155.081
G0 X131.745 Y155.081
G1 F3600 X141.254 Y164.59 E2090.62985
G1 X141.254 Y164.791
G1 X134.699 Y189.253 E2091.92702
G0 F9000 X134.699 Y189.02
G0 X133.556 Y189.02
G0 X133.556 Y189.252
G1 F3600 X141.251 Y187.19 E2092.33506
G1 X141.253 Y186.99
G1 X131.747 Y177.484 E2093.02365
G0 F9000 X131.98 Y177.484
G0 X131.98 Y178.804
G0 X131.748 Y178.804
G1 F3600 X141.253 Y176.257 E2093.52768
G0 F9000 X141.254 Y175.79
G1 F3600 X131.746 Y166.283 E2094.21637
G0 F9000 X131.979 Y166.283
G0 X131.979 Y165.139
G0 X131.746 Y165.139
G1 F3600 X141.254 Y162.591 E2094.72056
G0 F9000 X141.023 Y162.59
G0 X141.023 Y160.857
G0 X141.255 Y160.858
G1 F3600 X131.745 Y151.347 E2095.40947
G1 X131.745 Y151.473
G1 X141.255 Y148.925 E2095.91376
G0 F9000 X141.256 Y149.658
G1 F3600 X131.743 Y140.145 E2096.60285
G0 F9000 X131.745 Y140.541
G1 F3600 X141.256 Y137.992 E2097.1072
G0 F9000 X141.257 Y138.458
G1 F3600 X131.742 Y128.944 E2097.7964
G1 X131.743 Y128.884
G1 X136.603 Y110.748 E2098.75812
G0 F9000 X135.948 Y110.748
G1 F3600 X141.592 Y116.393 E2099.16699
G0 F9000 X141.454 Y116.207
G0 X141.782 Y116.105
G0 X143.328 Y116.02
G0 X143.328 Y116.252
G1 F3600 X144.803 Y110.747 E2099.4589
G0 F9000 X144.803 Y110.98
G0 X143.415 Y110.98
G0 X143.415 Y110.748
G1 F3600 X148.919 Y116.252 E2099.85759
G1 X148.794 Y116.252
G1 X150.269 Y110.747 E2100.14951
G0 F9000 X150.882 Y110.748
G1 F3600 X156.386 Y116.252 E2100.5482
G0 F9000 X156.993 Y116.252
G1 F3600 X158.468 Y110.747 E2100.84012
G1 X158.349 Y110.748
G1 X168.253 Y120.652 E2101.55753
G0 F9000 X168.251 Y119.826
G1 F3600 X159.748 Y122.105 E2102.00843
G0 F9000 X159.98 Y122.105
G0 X159.98 Y123.348
G0 X159.748 Y123.348
G1 F3600 X168.253 Y131.852 E2102.62447
G0 F9000 X168.02 Y131.852
G0 X168.02 Y130.759
G0 X168.252 Y130.759
G1 F3600 X159.748 Y133.037 E2103.07541
G0 F9000 X159.98 Y133.037
G0 X159.98 Y134.548
G0 X159.748 Y134.548
G1 F3600 X168.253 Y143.053 E2103.69149
G0 F9000 X168.02 Y143.053
G0 X168.02 Y141.691
G0 X168.251 Y141.691
G1 F3600 X159.748 Y143.97 E2104.14239
G0 F9000 X159.98 Y143.97
G0 X159.98 Y145.749
G0 X159.748 Y145.749
G1 F3600 X168.253 Y154.253 E2104.75843
G0 F9000 X168.02 Y154.253
G0 X168.02 Y155.357
G0 X168.251 Y155.357
G1 F3600 X159.748 Y157.635 E2105.20931
G0 F9000 X159.748 Y156.972
G1 F3600 X168.252 Y125.234 E2106.8923
G1 X168.251 Y125.293
G1 X159.748 Y127.571 E2107.34319
G0 F9000 X159.748 Y127.081
G1 F3600 X168.253 Y135.586 E2107.95926
G1 X168.252 Y135.435
G1 X159.748 Y167.171 E2109.64215
G0 F9000 X159.748 Y168.15
G1 F3600 X168.253 Y176.654 E2110.25819
G0 F9000 X168.252 Y176.236
G1 F3600 X164.764 Y189.253 E2110.94845
G0 F9000 X164.156 Y189.252
G1 F3600 X168.252 Y188.154 E2111.16565
G0 F9000 X168.253 Y187.855
G1 F3600 X159.748 Y179.351 E2111.78169
G1 X159.748 Y179.5
G1 X168.251 Y177.222 E2112.23258
G0 F9000 X168.02 Y177.222
G0 X168.02 Y174.489
G0 X168.251 Y174.489
G1 F3600 X159.749 Y176.767 E2112.68342
G0 F9000 X159.748 Y177.372
G1 F3600 X168.252 Y145.635 E2114.36635
G0 F9000 X168.02 Y145.635
G0 X168.02 Y146.786
G0 X168.253 Y146.786
G1 F3600 X159.748 Y138.282 E2114.98239
G0 F9000 X159.749 Y138.503
G1 F3600 X168.252 Y136.225 E2115.43328
G0 F9000 X168.02 Y136.225
G0 X168.02 Y133.492
G0 X168.251 Y133.492
G1 F3600 X159.748 Y135.77 E2115.88417
G0 F9000 X159.748 Y136.571
G1 F3600 X166.668 Y110.747 E2117.25356
G0 F9000 X165.816 Y110.748
G1 F3600 X170.436 Y115.368 E2117.58821
G0 F9000 X170.204 Y115.368
G0 X170.204 Y113.775
G0 X170.436 Y113.775
G1 F3600 X159.663 Y116.661 E2118.15947
G1 X159.63 Y116.613
G1 X161.201 Y110.748 E2118.47047
G1 X161.333 Y110.748
G1 X131.743 Y118.676 E2120.03954
G1 X131.742 Y118.688
G1 X133.87 Y110.748 E2120.46059
G0 F9000 X133.87 Y110.98
G0 X132.214 Y110.98
G0 X132.214 Y110.748
G1 F3600 X141.258 Y119.792 E2121.11571
G0 F9000 X141.257 Y118.86
G1 F3600 X131.743 Y121.409 E2121.62021
G1 X131.742 Y121.476
G1 X141.257 Y130.992 E2122.30948
G0 F9000 X141.025 Y130.991
G0 X141.025 Y129.792
G0 X141.257 Y129.793
G1 F3600 X131.744 Y132.342 E2122.81393
G0 F9000 X131.742 Y132.677
G1 F3600 X141.257 Y142.191 E2123.50313
G0 F9000 X141.024 Y142.19
G0 X141.024 Y143.458
G0 X141.255 Y143.459
G1 F3600 X131.744 Y146.007 E2124.00747
G0 F9000 X131.977 Y146.007
G0 X131.977 Y147.613
G0 X131.744 Y147.613
G1 F3600 X141.255 Y157.124 E2124.69642
G1 X141.254 Y157.125
G1 X131.746 Y159.672 E2125.20059
G1 X131.746 Y159.475
G1 X141.258 Y123.977 E2127.08297
G0 F9000 X141.257 Y124.326
G1 F3600 X131.743 Y126.876 E2127.58748
G0 F9000 X131.975 Y126.876
G0 X131.975 Y125.21
G0 X131.742 Y125.21
G1 F3600 X141.257 Y134.725 E2128.27672
G0 F9000 X141.256 Y135.259
G1 F3600 X131.744 Y137.808 E2128.78112
G0 F9000 X131.976 Y137.808
G0 X131.976 Y139.082
G0 X131.744 Y139.082
G1 F3600 X139.336 Y110.747 E2130.28365
G0 F9000 X139.681 Y110.748
G1 F3600 X145.185 Y116.252 E2130.68234
G0 F9000 X146.061 Y116.252
G1 F3600 X147.536 Y110.748 E2130.97421
G0 F9000 X147.148 Y110.748
G1 F3600 X152.652 Y116.252 E2131.3729
G0 F9000 X152.652 Y116.02
G0 X151.527 Y116.02
G0 X151.527 Y116.252
G1 F3600 X153.002 Y110.747 E2131.66481
G0 F9000 X153.002 Y110.98
G0 X154.615 Y110.98
G0 X154.615 Y110.748
G1 F3600 X168.253 Y124.385 E2132.65267
G0 F9000 X168.02 Y124.385
G0 X168.02 Y122.559
G0 X168.252 Y122.559
G1 F3600 X159.748 Y124.838 E2133.10362
G0 F9000 X159.98 Y124.838
G0 X159.98 Y126.371
G0 X159.748 Y126.371
G1 F3600 X163.935 Y110.747 E2133.93213
G0 F9000 X163.935 Y110.98
G0 X162.082 Y110.98
G0 X162.082 Y110.748
G1 F3600 X168.253 Y116.918 E2134.3791
G1 X168.251 Y117.093
G1 X159.748 Y119.372 E2134.83
G0 F9000 X159.748 Y119.614
G1 F3600 X168.253 Y128.119 E2135.44608
G1 X168.252 Y128.026
G1 X159.748 Y130.304 E2135.89702
G0 F9000 X159.748 Y130.815
G1 F3600 X168.253 Y139.319 E2136.51306
G0 F9000 X168.251 Y138.958
G1 F3600 X159.748 Y141.237 E2136.96396
G0 F9000 X159.748 Y142.015
G1 F3600 X168.253 Y150.52 E2137.58003
G0 F9000 X168.252 Y149.891
G1 F3600 X159.749 Y152.169 E2138.03092
G0 F9000 X159.98 Y152.169
G0 X159.98 Y153.216
G0 X159.748 Y153.216
G1 F3600 X168.253 Y161.72 E2138.64696
G0 F9000 X168.251 Y160.823
G1 F3600 X159.748 Y163.102 E2139.09786
G0 F9000 X159.98 Y163.102
G0 X159.98 Y164.416
G0 X159.748 Y164.416
G1 F3600 X168.253 Y172.921 E2139.71394
G0 F9000 X168.02 Y172.921
G0 X168.02 Y171.756
G0 X168.252 Y171.756
G1 F3600 X159.749 Y174.034 E2140.16482
G0 F9000 X159.98 Y174.034
G0 X159.98 Y175.617
G0 X159.748 Y175.617
G1 F3600 X168.253 Y184.121 E2140.78086
G0 F9000 X168.02 Y184.121
G0 X168.02 Y185.421
G0 X168.252 Y185.421
G1 F3600 X159.749 Y187.7 E2141.23176
G1 X159.748 Y187.571
G1 X168.252 Y155.835 E2142.91465
G0 F9000 X168.02 Y155.835
G0 X168.02 Y157.987
G0 X168.253 Y157.987
G1 F3600 X159.748 Y149.482 E2143.53072
G1 X159.748 Y149.436
G1 X168.251 Y147.158 E2143.98161
G0 F9000 X168.02 Y147.158
G0 X168.02 Y144.424
G0 X168.252 Y144.424
G1 F3600 X159.749 Y146.703 E2144.43251
G1 X159.748 Y146.771
G1 X169.401 Y110.747 E2146.34278
G1 X169.549 Y110.748
G1 X170.436 Y111.634 E2146.407
G0 F9000 X170.435 Y111.042
G1 F3600 X150.991 Y116.252 E2147.43806
G0 F9000 X150.991 Y116.02
G0 X154.26 Y116.02
G0 X154.26 Y116.252
G1 F3600 X155.735 Y110.748 E2147.72993
G0 F9000 X155.735 Y110.98
G0 X151.132 Y110.98
G0 X151.132 Y110.748
G1 F3600 X130.59 Y116.252 E2148.81922
G0 F9000 X130.251 Y116.252
G1 F3600 X129.56 Y115.56 E2148.86931
G0 F9000 X129.662 Y116.252
G1 F3600 X131.137 Y110.747 E2149.16122
G0 F9000 X130.731 Y110.748
G1 F3600 X129.561 Y111.062 E2149.22327
G0 F9000 X129.56 Y111.827
G1 F3600 X141.258 Y123.525 E2150.07064
G0 F9000 X141.026 Y123.524
G0 X141.026 Y121.592
G0 X141.257 Y121.593
G1 F3600 X131.743 Y124.142 E2150.57514
G0 F9000 X131.975 Y124.142
G0 X131.976 Y129.609
G0 X131.743 Y129.609
G1 F3600 X141.257 Y127.06 E2151.07964
G1 X141.257 Y127.258
G1 X131.742 Y117.742 E2151.76891
G0 F9000 X131.975 Y117.742
G0 X131.851 Y116.65
G0 X129.792 Y113.795
G0 X129.561 Y113.795
G1 F3600 X140.932 Y110.748 E2152.37189
G0 F9000 X140.932 Y110.98
G0 X142.069 Y110.98
G0 X142.069 Y110.748
G1 F3600 X131.745 Y149.279 E2154.41508
G0 F9000 X131.745 Y148.74
G1 F3600 X141.255 Y146.192 E2154.91937
G0 F9000 X141.256 Y145.924
G1 F3600 X131.743 Y136.412 E2155.60843
G0 F9000 X131.976 Y136.412
G0 X131.976 Y135.075
G0 X131.744 Y135.075
G1 F3600 X141.256 Y132.526 E2156.11283
G0 F9000 X141.025 Y132.525
G0 X141.025 Y134.179
G0 X141.257 Y134.18
G1 F3600 X131.747 Y169.673 E2157.99493
G0 F9000 X131.746 Y170.016
G1 F3600 X141.254 Y179.524 E2158.68366
G0 F9000 X141.252 Y178.99
G1 F3600 X131.748 Y181.537 E2159.18764
G0 F9000 X131.747 Y181.218
G1 F3600 X139.781 Y189.251 E2159.76956
G0 F9000 X139.781 Y189.02
G0 X137.433 Y189.02
G0 X137.433 Y189.253
G1 F3600 X141.253 Y174.995 E2160.52562
G0 F9000 X141.022 Y174.994
G0 X141.022 Y173.523
G0 X141.253 Y173.524
G1 F3600 X131.748 Y176.071 E2161.02965
G0 F9000 X131.979 Y176.071
G0 X131.979 Y173.75
G0 X131.747 Y173.75
G1 F3600 X141.253 Y183.257 E2161.71827
G0 F9000 X141.021 Y183.256
G0 X141.021 Y181.722
G0 X141.252 Y181.723
G1 F3600 X131.748 Y184.27 E2162.22225
G0 F9000 X131.747 Y184.952
G1 F3600 X136.047 Y189.251 E2162.53369
G0 F9000 X136.047 Y189.02
G0 X131.98 Y179.87
G0 X131.747 Y179.87
G1 F3600 X141.256 Y144.383 E2164.41548
G0 F9000 X141.024 Y144.382
G0 X141.025 Y140.724
G0 X141.256 Y140.725
G1 F3600 X131.745 Y143.274 E2164.91983
G0 F9000 X131.744 Y143.879
G1 F3600 X141.255 Y153.391 E2165.60881
G0 F9000 X141.023 Y153.39
G0 X141.024 Y151.657
G0 X141.255 Y151.658
G1 F3600 X131.746 Y154.206 E2166.11305
G0 F9000 X131.978 Y154.206
G0 X131.978 Y158.815
G0 X131.745 Y158.815
G1 F3600 X141.254 Y168.324 E2166.80186
G0 F9000 X141.254 Y168.057
G1 F3600 X131.747 Y170.605 E2167.306
G0 F9000 X131.979 Y170.605
G0 X131.979 Y167.872
G0 X131.747 Y167.872
G1 F3600 X141.253 Y165.324 E2167.81009
G0 F9000 X141.022 Y165.323
G0 X141.023 Y159.857
G0 X141.254 Y159.858
G1 F3600 X131.747 Y162.405 E2168.31421
G1 X131.745 Y162.548
G1 X141.254 Y172.057 E2169.00302
G0 F9000 X141.022 Y172.056
G0 X141.022 Y170.79
G0 X141.253 Y170.791
G1 F3600 X131.747 Y173.338 E2169.50709
G1 F1500 E2167.50709
G0 F9000 X131.979 Y173.338
G0 X141.148 Y116.654
G0 X141.313 Y116.388
G0 X141.606 Y116.169
G0 X141.859 Y116.081
G0 X159.168 Y116.082
G0 X159.582 Y116.288
G0 X159.808 Y116.561
G0 X159.898 Y116.819
G0 X159.98 Y171.884
G0 X159.748 Y171.884
G1 F1500 E2169.50709
G1 F3600 X168.253 Y180.388 E2170.12313
G0 F9000 X168.252 Y179.955
G1 F3600 X159.749 Y182.233 E2170.57402
G0 F9000 X159.748 Y183.084
G1 F3600 X165.916 Y189.251 E2171.02078
G0 F9000 X165.916 Y189.02
G0 X167.497 Y189.02
G0 X167.497 Y189.253
G1 F3600 X168.252 Y186.436 E2171.17016
G0 F9000 X168.02 Y186.436
G0 X168.02 Y182.688
G0 X168.251 Y182.688
G1 F3600 X159.748 Y184.967 E2171.62106
G0 F9000 X159.98 Y184.967
G0 X159.98 Y186.818
G0 X159.748 Y186.818
G1 F3600 X162.182 Y189.251 E2171.79733
G1 X162.031 Y189.253
G1 X168.252 Y166.035 E2173.02852
G0 F9000 X168.252 Y166.289
G1 F3600 X159.749 Y168.568 E2173.47942
G0 F9000 X159.98 Y168.568
G0 X159.98 Y165.835
G0 X159.748 Y165.835
G1 F3600 X168.252 Y163.556 E2173.93037
G0 F9000 X168.02 Y163.556
G0 X168.02 Y165.454
G0 X168.253 Y165.454
G1 F3600 X159.748 Y156.949 E2174.54645
G0 F9000 X159.98 Y156.949
G0 X159.98 Y154.902
G0 X159.748 Y154.902
G1 F3600 X168.252 Y152.624 E2174.99738
G0 F9000 X168.02 Y152.624
G0 X168.02 Y158.09
G0 X168.252 Y158.09
G1 F3600 X159.749 Y160.368 E2175.44827
G0 F9000 X159.748 Y160.683
G1 F3600 X168.253 Y169.187 E2176.06431
G1 X168.251 Y169.023
G1 X159.748 Y171.301 E2176.5152
G0 F9000 X160.32 Y171.301
G1 F1500 E2174.5152
G0 F9000 X168.101 Y116.895
G0 X169.653 Y117.653
G0 X171.839 Y117.653
G0 X174.15 Y116.107
G0 X175.706 Y116.106
G0 X175.472 Y116.34
;TYPE:WALL-INNER
G1 F1500 E2176.5152
G1 F1800 X179.34 Y116.34 E2176.71332
G1 X179.34 Y110.66 E2177.00425
G1 X175.472 Y110.66 E2177.20238
G1 X175.472 Y116.34 E2177.49331
G0 F9000 X175.032 Y116.78
;TYPE:WALL-OUTER
G1 F1800 X179.78 Y116.78 E2177.7365
G1 X179.78 Y110.22 E2178.07251
G1 X175.032 Y110.22 E2178.31571
G1 X175.032 Y116.78 E2178.65171
G0 F9000 X175.706 Y116.106
G0 X176.125 Y116.02
G0 X176.125 Y116.253
;TYPE:FILL
G1 F3600 X177.6 Y110.748 E2178.94363
G0 F9000 X177.016 Y110.748
G1 F3600 X179.252 Y112.984 E2179.1056
G0 F9000 X179.02 Y112.984
G0 X179.02 Y114.146
G0 X179.252 Y114.146
G1 F3600 X175.561 Y115.135 E2179.30132
G0 F9000 X175.792 Y115.135
G0 X175.792 Y113.025
G0 X175.56 Y113.025
G1 F3600 X178.787 Y116.252 E2179.53508
G1 X178.858 Y116.252
G1 X179.252 Y114.784 E2179.61293
G0 F9000 X179.02 Y114.784
G0 X179.02 Y111.413
G0 X179.252 Y111.413
G1 F3600 X175.561 Y112.402 E2179.80865
G0 F9000 X176.132 Y112.402
G1 F1500 E2177.80865
;MESH:NONMESH
G0 F300 Z3.08
G0 F9000 X175.712 Y116.02
G0 X174.15 Y116.021
G0 X171.838 Y109.347
G0 X128.161 Y109.347
G0 X125.85 Y116.019
G0 X124.284 Y116.02
G0 X124.419 Y116.34
;TIME_ELAPSED:1851.982758
;LAYER:10
;TYPE:WALL-INNER
;MESH:motor-slide.stl
G1 F1500 E2179.80865
G1 F1800 X124.416 Y110.66 E2180.09959
G1 X120.66 Y110.66 E2180.29197
G1 X120.66 Y116.34 E2180.5829
G1 X124.419 Y116.34 E2180.77544
G0 F9000 X124.859 Y116.78
;TYPE:WALL-OUTER
G1 F1800 X124.856 Y110.22 E2181.11145
G1 X120.22 Y110.22 E2181.34891
G1 X120.22 Y116.78 E2181.68492
G1 X124.859 Y116.78 E2181.92253
G0 F9000 X124.185 Y116.106
G0 X123.99 Y116.253
;TYPE:FILL
G1 F3600 X124.33 Y114.985 E2181.98977
G0 F9000 X124.329 Y115.401
G1 F3600 X121.154 Y116.252 E2182.15814
G1 X121.257 Y116.253
G1 X122.733 Y110.747 E2182.45011
G0 F9000 X122.733 Y110.98
G0 X121.297 Y110.98
G0 X121.297 Y110.748
G1 F3600 X120.748 Y110.895 E2182.47922
G0 F9000 X121.294 Y110.748
G1 F3600 X124.331 Y113.785 E2182.69922
G0 F9000 X124.097 Y113.785
G0 X124.097 Y112.669
G0 X124.328 Y112.669
G1 F3600 X120.748 Y113.628 E2182.88905
G0 F9000 X120.748 Y113.935
G1 F3600 X123.064 Y116.252 E2183.05685
G0 F9000 X123.064 Y115.68
G1 F1500 E2181.05685
G0 F9000 X124.185 Y116.106
G0 X125.744 Y116.105
G0 X128.267 Y117.653
G0 X130.347 Y117.653
G0 X131.893 Y116.891
G0 X141.021 Y189.02
G0 X141.34 Y189.34
;TYPE:WALL-INNER
G1 F1500 E2183.05685
G1 F1800 X141.344 Y116.92 E2186.76625
G1 X141.388 Y116.751 E2186.77519
G1 X141.506 Y116.561 E2186.78665
G1 X141.718 Y116.403 E2186.80019
G1 X141.914 Y116.34 E2186.81074
G1 X159.12 Y116.34 E2187.69204
G1 X159.419 Y116.489 E2187.70915
G1 X159.581 Y116.685 E2187.72217
G1 X159.66 Y116.914 E2187.73458
G1 X159.66 Y189.34 E2191.44428
G1 X168.34 Y189.34 E2191.88888
G1 X168.34 Y116.924 E2195.59807
G1 X168.42 Y116.683 E2195.61108
G1 X168.587 Y116.484 E2195.62438
G1 X168.875 Y116.34 E2195.64088
G1 X170.419 Y116.34 E2195.71996
G1 X170.416 Y110.66 E2196.01089
G1 X129.577 Y110.66 E2198.10269
G1 X129.58 Y116.34 E2198.39363
G1 X131.125 Y116.34 E2198.47276
G1 X131.403 Y116.476 E2198.48861
G1 X131.612 Y116.752 E2198.50635
G1 X131.656 Y116.92 E2198.51524
G1 X131.66 Y189.34 E2202.22464
G1 X141.34 Y189.34 E2202.72045
G0 F9000 X141.78 Y189.78
;TYPE:WALL-OUTER
G1 F1800 X141.781 Y116.937 E2206.45152
G1 X141.866 Y116.824 E2206.45876
G1 X141.951 Y116.785 E2206.46355
G1 X159.052 Y116.786 E2207.33947
G1 X159.14 Y116.829 E2207.34449
G1 X159.22 Y116.944 E2207.35167
G1 X159.22 Y189.78 E2211.08237
G1 X168.78 Y189.78 E2211.57204
G1 X168.783 Y116.962 E2215.30182
G1 X168.862 Y116.828 E2215.30979
G1 X168.957 Y116.78 E2215.31524
G1 X170.859 Y116.78 E2215.41266
G1 X170.856 Y110.22 E2215.74867
G1 X129.137 Y110.22 E2217.88554
G1 X129.14 Y116.78 E2218.22155
G1 X131.041 Y116.78 E2218.31892
G1 X131.189 Y116.885 E2218.32821
G1 X131.219 Y116.973 E2218.33298
G1 X131.22 Y189.78 E2222.06219
G1 X141.78 Y189.78 E2222.60308
G1 F1500 E2220.60308
G0 F9000 X141.106 Y189.106
G0 X140.061 Y189.02
G0 X140.061 Y189.251
;TYPE:FILL
G1 F1500 E2222.60308
G1 F3600 X131.747 Y180.937 E2223.20532
G0 F9000 X131.748 Y181.742
G1 F3600 X141.252 Y179.195 E2223.7093
G1 X141.254 Y179.244
G1 X131.746 Y169.736 E2224.39803
G0 F9000 X131.747 Y168.908
G1 F3600 X141.257 Y133.415 E2226.28013
G0 F9000 X141.256 Y132.731
G1 F3600 X131.744 Y135.28 E2226.78453
G0 F9000 X131.743 Y136.131
G1 F3600 X141.256 Y145.644 E2227.47363
G0 F9000 X141.255 Y146.397
G1 F3600 X131.745 Y148.945 E2227.97791
G0 F9000 X131.745 Y148.514
G1 F3600 X141.864 Y110.748 E2229.98055
G1 X141.698 Y110.748
G1 X129.667 Y113.971 E2230.61851
G0 F9000 X129.899 Y113.971
G0 X129.9 Y115.389
G0 X129.668 Y115.389
G1 F3600 X130.531 Y116.252 E2230.68102
G0 F9000 X131.213 Y116.29
G1 F3600 X151.898 Y110.747 E2231.7779
G0 F9000 X151.162 Y110.748
G1 F3600 X156.666 Y116.252 E2232.17659
G1 X156.788 Y116.252
G1 X158.263 Y110.747 E2232.46851
G0 F9000 X158.63 Y110.748
G1 F3600 X168.253 Y120.371 E2233.16557
G0 F9000 X168.251 Y120.031
G1 F3600 X159.748 Y122.31 E2233.61647
G0 F9000 X159.748 Y123.068
G1 F3600 X168.253 Y131.572 E2234.23251
G0 F9000 X168.252 Y130.964
G1 F3600 X159.748 Y133.242 E2234.68345
G0 F9000 X159.98 Y133.242
G0 X159.98 Y134.268
G0 X159.748 Y134.268
G1 F3600 X168.253 Y142.773 E2235.29952
G0 F9000 X168.251 Y141.896
G1 F3600 X159.748 Y144.175 E2235.75042
G0 F9000 X159.98 Y144.175
G0 X159.98 Y145.469
G0 X159.748 Y145.469
G1 F3600 X168.253 Y153.973 E2236.36646
G0 F9000 X168.02 Y153.973
G0 X168.02 Y155.07
G0 X168.252 Y155.07
G1 F3600 X159.748 Y186.806 E2238.04935
G0 F9000 X159.748 Y186.538
G1 F3600 X162.462 Y189.251 E2238.24591
G0 F9000 X161.826 Y189.253
G1 F3600 X168.252 Y165.27 E2239.51766
G1 X168.253 Y165.174
G1 X159.748 Y156.669 E2240.13374
G0 F9000 X159.748 Y156.206
G1 F3600 X168.252 Y124.469 E2241.81667
G0 F9000 X168.253 Y124.105
G1 F3600 X154.896 Y110.748 E2242.78421
G0 F9000 X155.53 Y110.748
G1 F3600 X154.055 Y116.252 E2243.07608
G0 F9000 X154.055 Y116.02
G0 X152.932 Y116.02
G0 X152.932 Y116.252
G1 F3600 X147.429 Y110.748 E2243.47473
G1 X147.331 Y110.748
G1 X145.856 Y116.252 E2243.7666
G0 F9000 X145.465 Y116.252
G1 F3600 X139.962 Y110.748 E2244.16526
G0 F9000 X139.131 Y110.747
G1 F3600 X131.744 Y138.317 E2245.62722
G0 F9000 X131.744 Y138.013
G1 F3600 X141.256 Y135.464 E2246.13162
G0 F9000 X141.025 Y135.463
G0 X141.025 Y134.444
G0 X141.257 Y134.445
G1 F3600 X131.742 Y124.93 E2246.82086
G0 F9000 X131.743 Y124.348
G1 F3600 X141.257 Y121.798 E2247.32537
G0 F9000 X141.026 Y121.797
G0 X141.026 Y123.211
G0 X141.258 Y123.212
G1 F3600 X131.746 Y158.711 E2249.20779
G1 X131.745 Y158.535
G1 X141.254 Y168.044 E2249.89659
G1 X141.254 Y168.262
G1 X131.747 Y170.81 E2250.40073
G0 F9000 X131.979 Y170.81
G0 X131.979 Y173.47
G0 X131.747 Y173.47
G1 F3600 X141.253 Y182.977 E2251.08936
G0 F9000 X141.021 Y182.976
G0 X141.021 Y181.927
G0 X141.253 Y181.928
G1 F3600 X131.748 Y184.475 E2251.59338
G1 X131.747 Y184.672
G1 X136.327 Y189.251 E2251.92511
G0 F9000 X137.228 Y189.253
G1 F3600 X141.253 Y174.23 E2252.72173
G0 F9000 X141.252 Y173.729
G1 F3600 X131.748 Y176.276 E2253.22571
G0 F9000 X131.747 Y177.204
G1 F3600 X141.253 Y186.71 E2253.9143
G0 F9000 X141.251 Y187.395
G1 F3600 X134.321 Y189.252 E2254.28178
G1 X134.494 Y189.253
G1 X141.254 Y164.026 E2255.61951
G0 F9000 X141.254 Y164.31
G1 F3600 X131.745 Y154.801 E2256.30831
G0 F9000 X131.746 Y154.411
G1 F3600 X141.254 Y151.863 E2256.8125
G0 F9000 X141.024 Y151.862
G0 X141.023 Y153.11
G0 X141.255 Y153.111
G1 F3600 X131.744 Y143.599 E2257.50149
G1 X131.745 Y143.479
G1 X141.256 Y140.93 E2258.00584
G0 F9000 X141.257 Y141.911
G1 F3600 X131.742 Y132.397 E2258.69504
G1 X131.744 Y132.547
G1 X141.256 Y129.998 E2259.19944
G0 F9000 X141.257 Y130.712
G1 F3600 X131.742 Y121.196 E2259.88871
G0 F9000 X131.743 Y121.614
G1 F3600 X141.257 Y119.065 E2260.39321
G0 F9000 X141.258 Y119.512
G1 F3600 X132.495 Y110.748 E2261.02801
G0 F9000 X131.497 Y110.748
G1 F3600 X129.666 Y111.238 E2261.1251
G0 F9000 X129.665 Y111.652
G1 F3600 X141.258 Y123.245 E2261.96486
G0 F9000 X141.026 Y123.244
G0 X141.026 Y124.53
G0 X141.257 Y124.531
G1 F3600 X131.743 Y127.081 E2262.46937
G0 F9000 X131.975 Y127.081
G0 X131.975 Y128.119
G0 X131.743 Y128.119
G1 F3600 X136.398 Y110.748 E2263.39052
G1 X136.228 Y110.748
G1 X141.772 Y116.292 E2263.79211
G0 F9000 X141.697 Y116.073
G0 X143.123 Y116.02
G0 X143.123 Y116.252
G1 F3600 X144.598 Y110.747 E2264.08402
G0 F9000 X143.695 Y110.748
G1 F3600 X149.199 Y116.252 E2264.48272
G0 F9000 X148.589 Y116.252
G1 F3600 X150.064 Y110.748 E2264.77458
G0 F9000 X150.064 Y110.98
G0 X152.797 Y110.98
G0 X152.797 Y110.747
G1 F3600 X151.322 Y116.252 E2265.0665
G0 F9000 X151.755 Y116.252
G1 F3600 X170.328 Y111.275 E2266.05138
G1 X170.329 Y111.247
G1 X169.83 Y110.748 E2266.08753
G0 F9000 X169.196 Y110.748
G1 F3600 X159.748 Y146.006 E2267.95718
G0 F9000 X159.748 Y146.908
G1 F3600 X168.252 Y144.629 E2268.40813
G0 F9000 X168.252 Y144.87
G1 F3600 X159.748 Y176.607 E2270.09106
G0 F9000 X159.749 Y176.972
G1 F3600 X168.251 Y174.694 E2270.5419
G0 F9000 X168.252 Y175.471
G1 F3600 X164.559 Y189.253 E2271.27273
G0 F9000 X164.922 Y189.252
G1 F3600 X168.251 Y188.36 E2271.44926
G0 F9000 X168.253 Y187.575
G1 F3600 X159.748 Y179.071 E2272.0653
G0 F9000 X159.748 Y179.705
G1 F3600 X168.252 Y177.427 E2272.51623
G0 F9000 X168.02 Y177.427
G0 X168.02 Y176.374
G0 X168.253 Y176.374
G1 F3600 X159.748 Y167.87 E2273.13227
G0 F9000 X159.749 Y168.773
G1 F3600 X168.252 Y166.494 E2273.58317
G0 F9000 X168.02 Y166.494
G0 X168.02 Y168.907
G0 X168.253 Y168.907
G1 F3600 X159.748 Y160.403 E2274.19921
G1 X159.749 Y160.573
G1 X168.252 Y158.295 E2274.6501
G0 F9000 X168.253 Y157.707
G1 F3600 X159.748 Y149.202 E2275.26618
G0 F9000 X159.748 Y149.641
G1 F3600 X168.251 Y147.363 E2275.71706
G0 F9000 X168.253 Y146.506
G1 F3600 X159.748 Y138.002 E2276.3331
G0 F9000 X159.749 Y138.708
G1 F3600 X168.252 Y136.43 E2276.78399
G0 F9000 X168.02 Y136.43
G0 X168.02 Y135.306
G0 X168.253 Y135.306
G1 F3600 X159.748 Y126.801 E2277.40007
G0 F9000 X159.748 Y127.776
G1 F3600 X168.251 Y125.498 E2277.85095
G0 F9000 X168.02 Y125.498
G0 X168.02 Y127.839
G0 X168.253 Y127.839
G1 F3600 X159.748 Y119.334 E2278.46703
G0 F9000 X159.748 Y119.577
G1 F3600 X168.251 Y117.298 E2278.91793
G0 F9000 X168.323 Y116.708
G1 F3600 X162.363 Y110.748 E2279.34965
G0 F9000 X162.099 Y110.747
G1 F3600 X131.743 Y118.881 E2280.95936
G0 F9000 X131.742 Y117.923
G1 F3600 X133.665 Y110.748 E2281.33984
G0 F9000 X133.665 Y110.98
G0 X130.932 Y110.98
G0 X130.932 Y110.748
G1 F3600 X129.668 Y115.465 E2281.58997
G0 F9000 X129.9 Y115.465
G0 X131.559 Y116.27
G0 X131.852 Y116.655
G0 X131.975 Y117.462
G0 X131.742 Y117.462
G1 F3600 X141.257 Y126.978 E2282.27924
G0 F9000 X141.257 Y127.265
G1 F3600 X131.743 Y129.814 E2282.78374
G0 F9000 X131.976 Y129.814
G0 X131.975 Y128.664
G0 X131.742 Y128.664
G1 F3600 X141.257 Y138.178 E2283.47294
G1 X141.256 Y138.197
G1 X131.745 Y140.746 E2283.97729
G0 F9000 X131.743 Y139.865
G1 F3600 X141.256 Y149.378 E2284.66639
G0 F9000 X141.255 Y149.13
G1 F3600 X131.745 Y151.678 E2285.17067
G0 F9000 X131.745 Y151.067
G1 F3600 X141.255 Y160.578 E2285.85959
G0 F9000 X141.254 Y160.063
G1 F3600 X131.747 Y162.61 E2286.36371
G0 F9000 X131.745 Y162.268
G1 F3600 X141.254 Y171.777 E2287.05251
G0 F9000 X141.253 Y170.996
G1 F3600 X131.747 Y173.543 E2287.55659
G0 F9000 X131.979 Y173.543
G0 X131.979 Y168.077
G0 X131.747 Y168.077
G1 F3600 X141.253 Y165.529 E2288.06068
G0 F9000 X141.022 Y165.528
G0 X141.023 Y162.795
G0 X141.254 Y162.796
G1 F3600 X131.746 Y165.344 E2288.56487
G0 F9000 X131.746 Y166.003
G1 F3600 X141.254 Y175.51 E2289.25357
G0 F9000 X141.253 Y176.462
G1 F3600 X131.748 Y179.009 E2289.75759
G1 X131.747 Y179.106
G1 X141.256 Y143.618 E2291.63943
G1 X141.255 Y143.664
G1 X131.745 Y146.212 E2292.14372
G0 F9000 X131.977 Y146.212
G0 X131.977 Y147.333
G0 X131.744 Y147.333
G1 F3600 X141.255 Y156.844 E2292.83267
G0 F9000 X141.254 Y157.33
G1 F3600 X131.746 Y159.877 E2293.33685
G0 F9000 X131.978 Y159.877
G0 X131.978 Y157.144
G0 X131.746 Y157.144
G1 F3600 X141.255 Y154.596 E2293.84109
G0 F9000 X141.255 Y153.822
G1 F3600 X131.761 Y189.253 E2295.71991
G0 F9000 X132.594 Y189.251
G1 F3600 X131.747 Y188.405 E2295.78122
G0 F9000 X131.98 Y188.405
G0 X131.98 Y187.208
G0 X131.748 Y187.208
G1 F3600 X141.252 Y184.661 E2296.2852
G0 F9000 X141.252 Y184.433
G1 F3600 X139.961 Y189.253 E2296.54079
G1 F1500 E2294.54079
G0 F9000 X139.961 Y189.02
G0 X141.087 Y116.888
G0 X141.313 Y116.388
G0 X141.606 Y116.169
G0 X141.859 Y116.081
G0 X159.168 Y116.082
G0 X159.582 Y116.288
G0 X159.808 Y116.561
G0 X159.898 Y116.819
G0 X159.98 Y187.905
G0 X159.749 Y187.905
G1 F1500 E2296.54079
G1 F3600 X168.252 Y185.626 E2296.99169
G1 X168.252 Y185.671
G1 X167.292 Y189.253 E2297.18164
G0 F9000 X167.292 Y189.02
G0 X166.196 Y189.02
G0 X166.196 Y189.251
G1 F3600 X159.748 Y182.804 E2297.64867
G0 F9000 X159.749 Y182.438
G1 F3600 X168.252 Y180.16 E2298.09956
G1 X168.253 Y180.108
G1 X159.748 Y171.604 E2298.7156
G1 X159.748 Y171.506
G1 X168.251 Y169.228 E2299.16649
G0 F9000 X168.02 Y169.228
G0 X168.02 Y171.961
G0 X168.252 Y171.961
G1 F3600 X159.749 Y174.239 E2299.61737
G0 F9000 X159.98 Y174.239
G0 X159.98 Y175.337
G0 X159.748 Y175.337
G1 F3600 X168.253 Y183.841 E2300.23341
G0 F9000 X168.251 Y182.893
G1 F3600 X159.748 Y185.172 E2300.68432
G0 F9000 X159.98 Y185.172
G0 X168.02 Y172.641
G0 X168.253 Y172.641
G1 F3600 X159.748 Y164.136 E2301.30039
G0 F9000 X159.748 Y163.307
G1 F3600 X168.251 Y161.028 E2301.75129
G0 F9000 X168.253 Y161.44
G1 F3600 X159.748 Y152.936 E2302.36733
G0 F9000 X159.749 Y152.374
G1 F3600 X168.252 Y150.096 E2302.81822
G1 X168.253 Y150.24
G1 X159.748 Y141.735 E2303.43429
G0 F9000 X159.748 Y141.442
G1 F3600 X168.251 Y139.163 E2303.8852
G1 X168.253 Y139.039
G1 X159.748 Y130.535 E2304.50123
G1 X159.749 Y130.509
G1 X168.252 Y128.231 E2304.95212
G0 F9000 X168.02 Y128.231
G0 X168.02 Y133.697
G0 X168.251 Y133.697
G1 F3600 X159.748 Y135.975 E2305.40301
G1 X159.748 Y135.806
G1 X166.463 Y110.747 E2306.73183
G0 F9000 X166.097 Y110.748
G1 F3600 X170.331 Y114.983 E2307.03857
G0 F9000 X170.329 Y114.008
G1 F3600 X159.726 Y116.849 E2307.60082
G0 F9000 X159.475 Y116.424
G1 F3600 X160.996 Y110.748 E2307.9018
G0 F9000 X160.996 Y110.98
G0 X163.73 Y110.98
G0 X163.73 Y110.747
G1 F3600 X159.748 Y125.606 E2308.68974
G0 F9000 X159.748 Y125.043
G1 F3600 X168.252 Y122.764 E2309.14069
G0 F9000 X168.02 Y122.764
G0 X168.02 Y134.67
G0 X168.252 Y134.67
G1 F3600 X159.748 Y166.406 E2310.82358
G0 F9000 X159.749 Y166.04
G1 F3600 X168.252 Y163.761 E2311.27448
G0 F9000 X168.02 Y163.761
G0 X168.02 Y155.562
G0 X168.251 Y155.562
G1 F3600 X159.748 Y157.84 E2311.72537
G0 F9000 X159.98 Y157.84
G0 X159.98 Y155.107
G0 X159.748 Y155.107
G1 F3600 X168.251 Y152.829 E2312.17625
G0 F9000 X167.68 Y152.829
G1 F1500 E2310.17625
G0 F9000 X168.101 Y116.895
G0 X169.653 Y117.653
G0 X171.733 Y117.653
G0 X174.255 Y116.107
G0 X175.814 Y116.106
G0 X175.58 Y116.34
;TYPE:WALL-INNER
G1 F1500 E2312.17625
G1 F1800 X179.34 Y116.34 E2312.36884
G1 X179.34 Y110.66 E2312.65978
G1 X175.577 Y110.66 E2312.85252
G1 X175.58 Y116.34 E2313.14345
G0 F9000 X175.14 Y116.78
;TYPE:WALL-OUTER
G1 F1800 X179.78 Y116.78 E2313.38112
G1 X179.78 Y110.22 E2313.71712
G1 X175.137 Y110.22 E2313.95494
G1 X175.14 Y116.78 E2314.29095
G0 F9000 X175.92 Y116.253
;TYPE:FILL
G1 F3600 X177.395 Y110.748 E2314.58286
G1 X177.297 Y110.748
G1 X179.252 Y112.704 E2314.72451
G0 F9000 X179.02 Y112.704
G0 X179.02 Y111.618
G0 X179.252 Y111.618
G1 F3600 X175.667 Y112.578 E2314.91461
G0 F9000 X175.666 Y112.851
G1 F3600 X179.067 Y116.252 E2315.16097
G0 F9000 X178.653 Y116.252
G1 F3600 X179.252 Y114.019 E2315.27939
G0 F9000 X179.251 Y114.351
G1 F3600 X175.668 Y115.311 E2315.46938
G0 F9000 X176.24 Y115.311
G1 F1500 E2313.46938
;MESH:NONMESH
G0 F300 Z3.36
G0 F9000 X175.8 Y115.991
G0 X174.255 Y115.992
G0 X171.732 Y109.347
G0 X128.266 Y109.347
G0 X125.744 Y116.105
G0 X124.185 Y116.106
G0 X124.36 Y116.34
;TIME_ELAPSED:1942.812600
;LAYER:11
;TYPE:WALL-INNER
;MESH:motor-slide.stl
G1 F1500 E2315.46938
G1 F1800 X124.36 Y110.66 E2315.76032
G1 X120.66 Y110.66 E2315.94983
G1 X120.66 Y116.34 E2316.24077
G1 X124.36 Y116.34 E2316.43028
G0 F9000 X124.8 Y116.78
;TYPE:WALL-OUTER
G1 F1800 X124.8 Y110.22 E2316.76629
G1 X120.22 Y110.22 E2317.00088
G1 X120.22 Y116.78 E2317.33689
G1 X124.8 Y116.78 E2317.57148
G0 F9000 X124.126 Y116.106
G0 X123.786 Y116.02
G0 X123.786 Y116.252
;TYPE:FILL
G1 F3600 X124.272 Y114.437 E2317.66772
G0 F9000 X124.272 Y113.446
G1 F3600 X121.574 Y110.748 E2317.86315
G0 F9000 X122.063 Y110.747
G1 F3600 X120.748 Y111.1 E2317.93289
G0 F9000 X120.98 Y111.1
G0 X122.528 Y110.98
G0 X122.528 Y110.747
G1 F3600 X121.052 Y116.253 E2318.22487
G0 F9000 X121.918 Y116.253
G1 F3600 X124.272 Y115.622 E2318.3497
G0 F9000 X124.04 Y115.622
G0 X123.344 Y116.02
G0 X123.344 Y116.252
G1 F3600 X120.748 Y113.655 E2318.53778
G1 X120.748 Y113.833
G1 X124.271 Y112.889 E2318.7246
G0 F9000 X123.7 Y112.889
G1 F1500 E2316.7246
G0 F9000 X124.126 Y116.106
G0 X125.686 Y116.106
G0 X128.327 Y117.653
G0 X130.347 Y117.653
G0 X131.893 Y116.891
G0 X141.021 Y189.02
G0 X141.34 Y189.34
;TYPE:WALL-INNER
G1 F1500 E2318.7246
G1 F1800 X141.344 Y116.92 E2322.434
G1 X141.388 Y116.751 E2322.44294
G1 X141.506 Y116.561 E2322.4544
G1 X141.718 Y116.403 E2322.46794
G1 X141.914 Y116.34 E2322.47848
G1 X159.12 Y116.34 E2323.35979
G1 X159.419 Y116.489 E2323.3769
G1 X159.581 Y116.685 E2323.38992
G1 X159.66 Y116.914 E2323.40233
G1 X159.66 Y189.34 E2327.11203
G1 X168.34 Y189.34 E2327.55663
G1 X168.34 Y116.924 E2331.26582
G1 X168.486 Y116.584 E2331.28477
G1 X168.58 Y116.49 E2331.29158
G1 X168.869 Y116.34 E2331.30826
G1 X170.36 Y116.34 E2331.38463
G1 X170.36 Y110.66 E2331.67556
G1 X129.637 Y110.661 E2333.76142
G1 X129.64 Y116.34 E2334.0523
G1 X131 Y116.34 E2334.12196
G1 X131.3 Y116.411 E2334.13775
G1 X131.5 Y116.569 E2334.15081
G1 X131.613 Y116.754 E2334.16191
G1 X131.656 Y116.92 E2334.17069
G1 X131.66 Y189.34 E2337.88009
G1 X141.34 Y189.34 E2338.37591
G0 F9000 X141.78 Y189.78
;TYPE:WALL-OUTER
G1 F1800 X141.781 Y116.937 E2342.10697
G1 X141.866 Y116.824 E2342.11421
G1 X141.951 Y116.785 E2342.119
G1 X159.052 Y116.786 E2342.99493
G1 X159.14 Y116.829 E2342.99994
G1 X159.22 Y116.944 E2343.00712
G1 X159.22 Y189.78 E2346.73782
G1 X168.78 Y189.78 E2347.22749
G1 X168.783 Y116.962 E2350.95727
G1 X168.828 Y116.861 E2350.96294
G1 X169 Y116.78 E2350.97267
G1 X170.8 Y116.78 E2351.06487
G1 X170.8 Y110.22 E2351.40088
G1 X129.197 Y110.221 E2353.53181
G1 X129.2 Y116.78 E2353.86777
G1 X131.045 Y116.78 E2353.96227
G1 X131.137 Y116.827 E2353.96756
G1 X131.219 Y116.937 E2353.97459
G1 X131.22 Y189.78 E2357.70565
G1 X141.78 Y189.78 E2358.24654
G1 F1500 E2356.24654
G0 F9000 X141.106 Y189.106
G0 X140.341 Y189.02
G0 X140.341 Y189.251
;TYPE:FILL
G1 F1500 E2358.24654
G1 F3600 X131.747 Y180.658 E2358.86903
G0 F9000 X131.98 Y180.658
G0 X131.98 Y181.947
G0 X131.748 Y181.947
G1 F3600 X141.252 Y179.4 E2359.373
G0 F9000 X141.254 Y178.964
G1 F3600 X131.746 Y169.456 E2360.06173
G0 F9000 X131.979 Y169.456
G0 X131.979 Y168.282
G0 X131.747 Y168.282
G1 F3600 X141.253 Y165.734 E2360.56582
G0 F9000 X141.022 Y165.733
G0 X141.023 Y164.029
G0 X141.254 Y164.03
G1 F3600 X131.745 Y154.521 E2361.25463
G1 X131.746 Y154.616
G1 X141.254 Y152.068 E2361.75882
G0 F9000 X141.256 Y152.831
G1 F3600 X131.744 Y143.319 E2362.44784
G0 F9000 X131.744 Y143.684
G1 F3600 X141.256 Y141.135 E2362.95224
G0 F9000 X141.257 Y141.631
G1 F3600 X131.743 Y132.118 E2363.64137
G0 F9000 X131.744 Y132.752
G1 F3600 X141.256 Y130.203 E2364.14577
G0 F9000 X141.257 Y130.432
G1 F3600 X131.742 Y120.917 E2364.835
G0 F9000 X131.742 Y121.82
G1 F3600 X141.258 Y119.27 E2365.33962
G1 X141.258 Y119.232
G1 X132.776 Y110.749 E2365.95406
G0 F9000 X132.257 Y110.749
G1 F3600 X129.726 Y111.427 E2366.08827
G1 X129.725 Y111.432
G1 X141.258 Y122.965 E2366.92369
G0 F9000 X141.258 Y122.446
G1 F3600 X131.746 Y157.946 E2368.80616
G0 F9000 X131.745 Y158.255
G1 F3600 X141.254 Y167.764 E2369.49496
G0 F9000 X141.254 Y168.467
G1 F3600 X131.747 Y171.015 E2369.9991
G0 F9000 X131.979 Y171.015
G0 X131.979 Y173.19
G0 X131.747 Y173.19
G1 F3600 X141.253 Y182.697 E2370.68772
G0 F9000 X141.253 Y182.133
G1 F3600 X131.748 Y184.68 E2371.19175
G0 F9000 X131.747 Y184.392
G1 F3600 X136.607 Y189.251 E2371.54376
G0 F9000 X137.023 Y189.253
G1 F3600 X141.253 Y173.465 E2372.38095
G0 F9000 X141.252 Y173.934
G1 F3600 X131.748 Y176.481 E2372.88493
G0 F9000 X131.747 Y176.924
G1 F3600 X141.253 Y186.43 E2373.57351
G0 F9000 X141.021 Y186.429
G0 X141.021 Y187.599
G0 X141.251 Y187.6
G1 F3600 X135.086 Y189.252 E2373.90043
G0 F9000 X134.289 Y189.253
G1 F3600 X141.254 Y163.26 E2375.27877
G0 F9000 X141.254 Y163.001
G1 F3600 X131.746 Y165.548 E2375.78295
G1 X131.746 Y165.722
G1 X141.254 Y175.23 E2376.47168
G0 F9000 X141.022 Y175.229
G0 X141.022 Y176.666
G0 X141.253 Y176.667
G1 F3600 X131.748 Y179.214 E2376.97571
G0 F9000 X131.747 Y178.341
G1 F3600 X141.256 Y142.853 E2378.85755
G0 F9000 X141.024 Y142.852
G0 X141.024 Y143.868
G0 X141.255 Y143.869
G1 F3600 X131.745 Y146.417 E2379.36184
G0 F9000 X131.745 Y147.053
G1 F3600 X141.255 Y156.564 E2380.05075
G0 F9000 X141.254 Y157.535
G1 F3600 X131.746 Y160.082 E2380.55492
G0 F9000 X131.978 Y160.082
G0 X131.978 Y161.988
G0 X131.745 Y161.988
G1 F3600 X141.254 Y171.497 E2381.24373
G0 F9000 X141.253 Y171.201
G1 F3600 X131.747 Y173.748 E2381.7478
G0 F9000 X131.979 Y173.748
G0 X131.979 Y168.143
G0 X131.747 Y168.143
G1 F3600 X141.257 Y132.65 E2383.6299
G0 F9000 X141.257 Y132.936
G1 F3600 X131.744 Y135.485 E2384.13435
G0 F9000 X131.744 Y135.852
G1 F3600 X141.256 Y145.364 E2384.82337
G0 F9000 X141.024 Y145.363
G0 X141.024 Y146.601
G0 X141.255 Y146.602
G1 F3600 X131.745 Y149.15 E2385.32766
G0 F9000 X131.977 Y149.15
G0 X131.977 Y147.749
G0 X131.745 Y147.749
G1 F3600 X141.659 Y110.749 E2387.28968
G0 F9000 X142.458 Y110.749
G1 F3600 X129.727 Y114.16 E2387.96477
G0 F9000 X129.727 Y114.478
G1 F3600 X130.727 Y110.748 E2388.16257
G0 F9000 X130.727 Y110.981
G0 X133.46 Y110.981
G0 X133.46 Y110.749
G1 F3600 X131.743 Y117.157 E2388.50237
G1 X131.742 Y117.183
G1 X141.257 Y126.698 E2389.1916
G0 F9000 X141.257 Y127.469
G1 F3600 X131.743 Y130.019 E2389.69612
G0 F9000 X131.976 Y130.019
G0 X131.975 Y128.384
G0 X131.743 Y128.384
G1 F3600 X141.257 Y137.898 E2390.38528
G0 F9000 X141.256 Y138.402
G1 F3600 X131.744 Y140.951 E2390.88968
G0 F9000 X131.976 Y140.951
G0 X131.976 Y139.586
G0 X131.744 Y139.586
G1 F3600 X141.256 Y149.098 E2391.5787
G0 F9000 X141.255 Y149.335
G1 F3600 X131.745 Y151.883 E2392.08299
G0 F9000 X131.977 Y151.883
G0 X131.977 Y150.787
G0 X131.745 Y150.787
G1 F3600 X141.255 Y160.298 E2392.7719
G1 X141.254 Y160.268
G1 X131.746 Y162.815 E2393.27608
G0 F9000 X131.978 Y162.815
G0 X131.978 Y157.349
G0 X131.746 Y157.349
G1 F3600 X141.255 Y154.801 E2393.78032
G0 F9000 X141.023 Y154.8
G0 X141.023 Y153.056
G0 X141.255 Y153.057
G1 F3600 X131.748 Y188.537 E2395.66173
G0 F9000 X131.747 Y188.125
G1 F3600 X132.874 Y189.251 E2395.74333
G0 F9000 X132.874 Y189.02
G0 X131.98 Y187.413
G0 X131.748 Y187.413
G1 F3600 X141.252 Y184.866 E2396.24731
G0 F9000 X141.021 Y184.865
G0 X141.021 Y183.667
G0 X141.252 Y183.668
G1 F3600 X139.756 Y189.253 E2396.54346
G1 F1500 E2394.54346
G0 F9000 X139.756 Y189.02
G0 X141.087 Y116.888
G0 X141.313 Y116.388
G0 X141.606 Y116.169
G0 X141.859 Y116.081
G0 X159.168 Y116.082
G0 X159.582 Y116.288
G0 X159.808 Y116.561
G0 X159.898 Y116.819
G0 X159.98 Y188.11
G0 X159.749 Y188.11
G1 F1500 E2396.54346
G1 F3600 X168.252 Y185.831 E2396.99437
G0 F9000 X168.252 Y184.906
G1 F3600 X167.087 Y189.253 E2397.22488
G0 F9000 X166.476 Y189.251
G1 F3600 X159.748 Y182.524 E2397.7122
G1 X159.749 Y182.643
G1 X168.252 Y180.365 E2398.16309
G0 F9000 X168.253 Y179.828
G1 F3600 X159.748 Y171.323 E2398.77916
G0 F9000 X159.748 Y171.711
G1 F3600 X168.251 Y169.433 E2399.23005
G0 F9000 X168.253 Y168.627
G1 F3600 X159.748 Y160.123 E2399.84609
G0 F9000 X159.749 Y160.778
G1 F3600 X168.252 Y158.5 E2400.29698
G0 F9000 X168.02 Y158.5
G0 X168.02 Y157.427
G0 X168.253 Y157.427
G1 F3600 X159.748 Y148.922 E2400.91305
G0 F9000 X159.748 Y149.846
G1 F3600 X168.251 Y147.568 E2401.36394
G0 F9000 X168.02 Y147.568
G0 X168.02 Y146.226
G0 X168.253 Y146.226
G1 F3600 X159.748 Y137.722 E2401.97998
G0 F9000 X159.98 Y137.722
G0 X159.98 Y138.914
G0 X159.748 Y138.914
G1 F3600 X168.252 Y136.635 E2402.43093
G0 F9000 X168.02 Y136.635
G0 X168.02 Y135.026
G0 X168.253 Y135.026
G1 F3600 X159.748 Y126.521 E2403.04701
G0 F9000 X159.98 Y126.521
G0 X159.98 Y125.248
G0 X159.748 Y125.248
G1 F3600 X168.252 Y122.969 E2403.49796
G0 F9000 X168.252 Y123.704
G1 F3600 X159.748 Y155.441 E2405.18089
G1 X159.748 Y155.312
G1 X168.251 Y153.034 E2405.63178
G0 F9000 X168.253 Y153.693
G1 F3600 X159.748 Y145.189 E2406.24782
G1 X159.748 Y145.241
G1 X168.991 Y110.748 E2408.0769
G0 F9000 X168.991 Y110.981
G0 X170.11 Y110.981
G0 X170.11 Y110.748
G1 F3600 X170.272 Y110.91 E2408.08864
G0 F9000 X170.271 Y111.496
G1 F3600 X152.52 Y116.252 E2409.02992
G0 F9000 X153.212 Y116.252
G1 F3600 X147.71 Y110.749 E2409.42851
G0 F9000 X147.125 Y110.749
G1 F3600 X145.651 Y116.252 E2409.72031
G1 X145.745 Y116.252
G1 X140.243 Y110.749 E2410.11889
G0 F9000 X140.243 Y110.981
G0 X138.926 Y110.981
G0 X138.926 Y110.748
G1 F3600 X131.744 Y137.551 E2411.54019
G0 F9000 X131.744 Y138.218
G1 F3600 X141.256 Y135.669 E2412.04459
G0 F9000 X141.025 Y135.668
G0 X141.025 Y134.164
G0 X141.257 Y134.165
G1 F3600 X131.742 Y124.65 E2412.73383
G1 X131.743 Y124.553
G1 X141.257 Y122.003 E2413.23834
G0 F9000 X141.026 Y122.002
G0 X141.026 Y124.735
G0 X141.257 Y124.736
G1 F3600 X131.743 Y127.286 E2413.74286
G1 X131.743 Y127.354
G1 X136.193 Y110.748 E2414.62344
G0 F9000 X136.509 Y110.749
G1 F3600 X142.012 Y116.252 E2415.02206
G0 F9000 X142.321 Y116.252
G1 F3600 X162.861 Y110.748 E2416.11124
G1 X162.643 Y110.748
G1 X168.432 Y116.538 E2416.53062
G0 F9000 X168.251 Y117.503
G1 F3600 X159.748 Y119.782 E2416.98152
G0 F9000 X159.748 Y119.054
G1 F3600 X168.253 Y127.559 E2417.59759
G0 F9000 X168.252 Y128.436
G1 F3600 X159.749 Y130.714 E2418.04848
G0 F9000 X159.748 Y130.255
G1 F3600 X168.253 Y138.759 E2418.66452
G0 F9000 X168.251 Y139.368
G1 F3600 X159.748 Y141.647 E2419.11542
G1 X159.748 Y141.455
G1 X168.253 Y149.96 E2419.7315
G0 F9000 X168.252 Y150.301
G1 F3600 X159.749 Y152.579 E2420.18239
G1 X159.748 Y152.656
G1 X168.253 Y161.16 E2420.79842
G1 X168.251 Y161.233
G1 X159.748 Y163.512 E2421.24933
G0 F9000 X159.748 Y163.856
G1 F3600 X168.253 Y172.361 E2421.8654
G1 X168.252 Y172.166
G1 X159.749 Y174.444 E2422.31629
G0 F9000 X159.748 Y175.057
G1 F3600 X168.253 Y183.561 E2422.93233
G0 F9000 X168.251 Y183.098
G1 F3600 X159.748 Y185.377 E2423.38323
G0 F9000 X159.748 Y186.041
G1 F3600 X168.252 Y154.305 E2425.06611
G0 F9000 X168.02 Y154.305
G0 X168.02 Y155.767
G0 X168.251 Y155.767
G1 F3600 X159.748 Y158.045 E2425.517
G0 F9000 X159.98 Y158.045
G0 X159.98 Y156.389
G0 X159.748 Y156.389
G1 F3600 X168.253 Y164.894 E2426.13308
G0 F9000 X168.252 Y164.505
G1 F3600 X161.621 Y189.253 E2427.4454
G0 F9000 X161.621 Y189.02
G0 X162.742 Y189.02
G0 X162.742 Y189.251
G1 F3600 X159.748 Y186.258 E2427.66224
G0 F9000 X159.98 Y186.258
G0 X164.354 Y189.02
G0 X164.354 Y189.253
G1 F3600 X168.252 Y174.706 E2428.43363
G1 X168.251 Y174.899
G1 X159.748 Y177.177 E2428.88452
G0 F9000 X159.98 Y177.177
G0 X159.98 Y175.842
G0 X159.748 Y175.842
G1 F3600 X168.252 Y144.105 E2430.56745
G0 F9000 X168.252 Y144.834
G1 F3600 X159.748 Y147.113 E2431.0184
G0 F9000 X159.98 Y147.113
G0 X159.98 Y144.38
G0 X159.749 Y144.38
G1 F3600 X168.252 Y142.101 E2431.4693
G0 F9000 X168.253 Y142.493
G1 F3600 X159.748 Y133.988 E2432.08538
G0 F9000 X159.748 Y133.447
G1 F3600 X168.251 Y131.169 E2432.53627
G1 X168.253 Y131.292
G1 X159.748 Y122.788 E2433.15231
G0 F9000 X159.748 Y122.515
G1 F3600 X168.251 Y120.236 E2433.60321
G1 X168.253 Y120.091
G1 X158.91 Y110.748 E2434.27999
G0 F9000 X158.058 Y110.748
G1 F3600 X156.583 Y116.252 E2434.57185
G0 F9000 X156.946 Y116.252
G1 F3600 X151.442 Y110.748 E2434.97054
G0 F9000 X151.442 Y110.981
G0 X152.592 Y110.981
G0 X152.592 Y110.748
G1 F3600 X151.117 Y116.252 E2435.26241
G0 F9000 X151.117 Y116.02
G0 X149.479 Y116.02
G0 X149.479 Y116.252
G1 F3600 X143.976 Y110.749 E2435.66103
G0 F9000 X144.392 Y110.748
G1 F3600 X142.918 Y116.252 E2435.95288
G0 F9000 X142.918 Y116.02
G0 X141.965 Y116.075
G0 X141.342 Y116.291
G0 X141.48 Y116.477
G1 F3600 X131.742 Y119.086 E2436.46926
G0 F9000 X131.975 Y119.086
G0 X131.913 Y116.888
G0 X131.601 Y116.247
G0 X131.458 Y116.429
G1 F3600 X152.66 Y110.748 E2437.59355
G0 F9000 X152.66 Y110.981
G0 X155.176 Y110.981
G0 X155.176 Y110.748
G1 F3600 X168.253 Y123.825 E2438.54081
G0 F9000 X168.02 Y123.825
G0 X168.02 Y125.703
G0 X168.251 Y125.703
G1 F3600 X159.748 Y127.981 E2438.99169
G0 F9000 X159.98 Y127.981
G0 X159.98 Y124.841
G0 X159.748 Y124.841
G1 F3600 X163.524 Y110.748 E2439.73901
G0 F9000 X163.524 Y110.981
G0 X166.257 Y110.981
G0 X166.257 Y110.748
G1 F3600 X159.748 Y135.041 E2441.0272
G0 F9000 X159.98 Y135.041
G0 X159.98 Y136.18
G0 X159.748 Y136.18
G1 F3600 X168.251 Y133.902 E2441.47809
G1 X168.252 Y133.905
G1 X159.748 Y165.641 E2443.16097
G0 F9000 X159.749 Y166.245
G1 F3600 X168.252 Y163.966 E2443.61187
G0 F9000 X168.02 Y163.966
G0 X168.02 Y166.7
G0 X168.251 Y166.7
G1 F3600 X159.749 Y168.978 E2444.06271
G0 F9000 X159.98 Y168.978
G0 X159.98 Y167.59
G0 X159.748 Y167.59
G1 F3600 X168.253 Y176.094 E2444.67875
G0 F9000 X168.02 Y176.094
G0 X168.02 Y177.632
G0 X168.252 Y177.632
G1 F3600 X159.749 Y179.91 E2445.12964
G0 F9000 X159.98 Y179.91
G0 X159.98 Y178.791
G0 X159.748 Y178.791
G1 F3600 X168.253 Y187.295 E2445.74568
G0 F9000 X168.02 Y187.295
G0 X168.02 Y188.565
G0 X168.251 Y188.565
G1 F3600 X165.686 Y189.252 E2445.88169
G1 F1500 E2443.88169
G0 F9000 X165.686 Y189.02
G0 X159.98 Y117.049
G0 X159.748 Y117.049
G1 F1500 E2445.88169
G1 F3600 X170.271 Y114.229 E2446.4397
G0 F9000 X170.272 Y114.644
G1 F3600 X166.377 Y110.748 E2446.72188
G0 F9000 X166.377 Y110.981
G0 X160.791 Y110.981
G0 X160.791 Y110.748
G1 F3600 X159.295 Y116.333 E2447.01803
G0 F9000 X159.397 Y116.128
G0 X153.85 Y116.02
G0 X153.85 Y116.253
G1 F3600 X155.325 Y110.748 E2447.30995
G0 F9000 X155.325 Y110.981
G0 X149.859 Y110.981
G0 X149.859 Y110.748
G1 F3600 X148.384 Y116.252 E2447.60181
G0 F9000 X148.384 Y116.02
G0 X130.811 Y116.02
G0 X130.811 Y116.252
G1 F3600 X129.727 Y115.168 E2447.68034
G1 F1500 E2445.68034
G0 F9000 X129.96 Y115.168
G0 X170.07 Y116.05
G0 X170.249 Y116.252
G1 F1500 E2447.68034
G1 F3600 X170.272 Y116.167 E2447.68485
G0 F9000 X169.7 Y115.809
G1 F1500 E2445.68485
G0 F9000 X170.12 Y116.021
G0 X171.685 Y116.02
G0 X174.315 Y116.019
G0 X175.86 Y116.018
G0 X175.64 Y116.34
;TYPE:WALL-INNER
G1 F1500 E2447.68485
G1 F1800 X179.34 Y116.34 E2447.87436
G1 X179.34 Y110.66 E2448.1653
G1 X175.637 Y110.66 E2448.35496
G1 X175.64 Y116.34 E2448.6459
G0 F9000 X175.2 Y116.78
;TYPE:WALL-OUTER
G1 F1800 X179.78 Y116.78 E2448.88049
G1 X179.78 Y110.22 E2449.2165
G1 X175.197 Y110.22 E2449.45124
G1 X175.2 Y116.78 E2449.78725
G0 F9000 X175.728 Y116.205
;TYPE:FILL
G1 F3600 X177.19 Y110.748 E2450.07662
G0 F9000 X177.576 Y110.748
G1 F3600 X179.252 Y112.424 E2450.19802
G0 F9000 X179.252 Y111.823
G1 F3600 X175.727 Y112.767 E2450.38493
G1 X175.726 Y112.631
G1 X179.252 Y116.157 E2450.64035
G0 F9000 X178.448 Y116.252
G1 F3600 X179.252 Y113.254 E2450.79933
G0 F9000 X179.02 Y113.254
G0 X179.02 Y114.556
G0 X179.251 Y114.556
G1 F3600 X175.728 Y115.5 E2450.98615
G0 F9000 X176.3 Y115.5
G1 F1500 E2448.98615
;MESH:NONMESH
G0 F300 Z3.64
G0 F9000 X175.86 Y115.991
G0 X174.315 Y115.992
G0 X171.673 Y109.347
G0 X128.326 Y109.347
G0 X125.686 Y115.991
G0 X124.12 Y115.991
G0 X124.34 Y116.34
;TIME_ELAPSED:2036.690849
;LAYER:12
;TYPE:WALL-INNER
;MESH:motor-slide.stl
G1 F1500 E2450.98615
G1 F1800 X124.34 Y110.66 E2451.27708
G1 X120.66 Y110.66 E2451.46557
G1 X120.66 Y116.34 E2451.75651
G1 X124.34 Y116.34 E2451.945
G0 F9000 X124.78 Y116.78
;TYPE:WALL-OUTER
G1 F1800 X124.78 Y110.22 E2452.28101
G1 X120.22 Y110.22 E2452.51457
G1 X120.22 Y116.78 E2452.85058
G1 X124.78 Y116.78 E2453.08414
G0 F9000 X124.106 Y116.106
G0 X124.02 Y115.832
G0 X124.251 Y115.832
;TYPE:FILL
G1 F3600 X122.683 Y116.253 E2453.1673
G0 F9000 X123.581 Y116.252
G1 F3600 X124.252 Y113.748 E2453.30008
G0 F9000 X124.252 Y113.146
G1 F3600 X121.854 Y110.748 E2453.47379
G0 F9000 X122.323 Y110.747
G1 F3600 X120.847 Y116.253 E2453.76577
G0 F9000 X120.95 Y116.05
G0 X120.98 Y114.038
G0 X120.749 Y114.038
G1 F3600 X124.252 Y113.099 E2453.95153
G0 F9000 X124.02 Y113.099
G0 X122.827 Y110.98
G0 X122.827 Y110.748
G1 F3600 X120.748 Y111.305 E2454.06177
G0 F9000 X120.98 Y111.305
G0 X120.98 Y113.375
G0 X120.748 Y113.375
G1 F3600 X123.624 Y116.252 E2454.27013
G0 F9000 X123.624 Y115.68
G1 F1500 E2452.27013
G0 F9000 X124.106 Y116.106
G0 X125.666 Y116.106
G0 X128.346 Y117.653
G0 X130.347 Y117.653
G0 X131.893 Y116.891
G0 X141.021 Y189.02
G0 X141.34 Y189.34
;TYPE:WALL-INNER
G1 F1500 E2454.27013
G1 F1800 X141.344 Y116.92 E2457.97953
G1 X141.388 Y116.751 E2457.98848
G1 X141.506 Y116.561 E2457.99993
G1 X141.718 Y116.403 E2458.01347
G1 X141.914 Y116.34 E2458.02402
G1 X159.12 Y116.34 E2458.90532
G1 X159.419 Y116.489 E2458.92243
G1 X159.581 Y116.685 E2458.93546
G1 X159.66 Y116.914 E2458.94786
G1 X159.66 Y189.34 E2462.65757
G1 X168.34 Y189.34 E2463.10216
G1 X168.34 Y116.924 E2466.81136
G1 X168.485 Y116.586 E2466.83019
G1 X168.695 Y116.414 E2466.8441
G1 X169 Y116.34 E2466.86017
G1 X170.34 Y116.34 E2466.92881
G1 X170.34 Y110.66 E2467.21974
G1 X129.656 Y110.66 E2469.3036
G1 X129.656 Y116.34 E2469.59453
G1 X131 Y116.34 E2469.66337
G1 X131.304 Y116.413 E2469.67939
G1 X131.502 Y116.57 E2469.69233
G1 X131.613 Y116.755 E2469.70338
G1 X131.656 Y116.92 E2469.71212
G1 X131.66 Y189.34 E2473.42151
G1 X141.34 Y189.34 E2473.91733
G0 F9000 X141.78 Y189.78
;TYPE:WALL-OUTER
G1 F1800 X141.781 Y116.937 E2477.64839
G1 X141.866 Y116.824 E2477.65563
G1 X141.951 Y116.785 E2477.66042
G1 X159.052 Y116.786 E2478.53635
G1 X159.14 Y116.829 E2478.54136
G1 X159.22 Y116.944 E2478.54854
G1 X159.22 Y189.78 E2482.27924
G1 X168.78 Y189.78 E2482.76891
G1 X168.783 Y116.962 E2486.49869
G1 X168.859 Y116.83 E2486.5065
G1 X168.955 Y116.78 E2486.51204
G1 X170.78 Y116.78 E2486.60552
G1 X170.78 Y110.22 E2486.94152
G1 X129.216 Y110.22 E2489.07046
G1 X129.216 Y116.78 E2489.40646
G1 X131 Y116.78 E2489.49784
G1 X131.168 Y116.856 E2489.50729
G1 X131.219 Y116.973 E2489.51382
G1 X131.22 Y189.78 E2493.24304
G1 X141.78 Y189.78 E2493.78393
G0 F9000 X141.106 Y189.106
G0 X140.621 Y189.02
G0 X140.621 Y189.251
;TYPE:FILL
G1 F3600 X131.747 Y180.378 E2494.4267
G0 F9000 X131.748 Y179.419
G1 F3600 X141.253 Y176.872 E2494.93073
G0 F9000 X141.022 Y176.871
G0 X141.021 Y178.683
G0 X141.254 Y178.684
G1 F3600 X131.746 Y169.176 E2495.61946
G0 F9000 X131.747 Y168.486
G1 F3600 X141.253 Y165.939 E2496.12354
G0 F9000 X141.022 Y165.938
G0 X141.022 Y167.483
G0 X141.254 Y167.484
G1 F3600 X131.745 Y157.975 E2496.81234
G0 F9000 X131.746 Y157.554
G1 F3600 X141.255 Y155.006 E2497.31658
G0 F9000 X141.023 Y155.005
G0 X141.023 Y156.283
G0 X141.255 Y156.284
G1 F3600 X131.745 Y146.773 E2498.00549
G1 X131.745 Y146.622
G1 X141.255 Y144.074 E2498.50978
G0 F9000 X141.024 Y144.073
G0 X141.024 Y145.083
G0 X141.256 Y145.084
G1 F3600 X131.744 Y135.572 E2499.1988
G1 X131.744 Y135.69
G1 X141.257 Y133.141 E2499.70325
G0 F9000 X141.257 Y133.885
G1 F3600 X131.742 Y124.37 E2500.39248
G0 F9000 X131.743 Y124.758
G1 F3600 X141.257 Y122.208 E2500.897
G0 F9000 X141.258 Y122.685
G1 F3600 X129.743 Y111.171 E2501.73107
G0 F9000 X129.744 Y111.627
G1 F3600 X133.024 Y110.748 E2501.905
G1 X133.055 Y110.748
G1 X141.258 Y118.952 E2502.49924
G0 F9000 X141.258 Y119.475
G1 F3600 X131.742 Y122.024 E2503.00384
G0 F9000 X131.975 Y122.024
G0 X131.975 Y120.637
G0 X131.742 Y120.637
G1 F3600 X141.257 Y130.151 E2503.69304
G0 F9000 X141.256 Y130.408
G1 F3600 X131.744 Y132.957 E2504.19744
G0 F9000 X131.976 Y132.957
G0 X131.976 Y131.838
G0 X131.743 Y131.838
G1 F3600 X141.257 Y141.351 E2504.88657
G1 X141.256 Y141.34
G1 X131.744 Y143.889 E2505.39097
G0 F9000 X131.744 Y143.039
G1 F3600 X141.256 Y152.551 E2506.07999
G0 F9000 X141.255 Y152.292
G1 F3600 X131.748 Y187.773 E2507.96146
G1 X131.747 Y187.845
G1 X133.154 Y189.251 E2508.06334
G0 F9000 X134.084 Y189.253
G1 F3600 X141.254 Y162.495 E2509.48225
G0 F9000 X141.254 Y163.206
G1 F3600 X131.746 Y165.753 E2509.98643
G0 F9000 X131.746 Y165.442
G1 F3600 X141.254 Y174.95 E2510.67516
G0 F9000 X141.252 Y174.139
G1 F3600 X131.748 Y176.686 E2511.17914
G1 X131.747 Y176.644
G1 X141.253 Y186.15 E2511.86772
G0 F9000 X141.021 Y186.149
G0 X141.021 Y185.07
G0 X141.252 Y185.071
G1 F3600 X131.748 Y187.618 E2512.3717
G0 F9000 X131.98 Y187.618
G0 X131.98 Y184.885
G0 X131.748 Y184.885
G1 F3600 X141.252 Y182.338 E2512.87568
G1 X141.253 Y182.417
G1 X131.747 Y172.91 E2513.5643
G0 F9000 X131.979 Y172.91
G0 X131.979 Y173.953
G0 X131.747 Y173.953
G1 F3600 X141.253 Y171.406 E2514.06838
G1 X141.254 Y171.217
G1 X131.745 Y161.708 E2514.75718
G0 F9000 X131.978 Y161.708
G0 X131.978 Y163.02
G0 X131.746 Y163.02
G1 F3600 X141.254 Y160.473 E2515.26135
G0 F9000 X141.255 Y160.018
G1 F3600 X131.745 Y150.507 E2515.95027
G0 F9000 X131.977 Y150.507
G0 X131.977 Y149.355
G0 X131.745 Y149.355
G1 F3600 X141.256 Y146.807 E2516.4546
G0 F9000 X141.024 Y146.806
G0 X141.024 Y148.817
G0 X141.256 Y148.818
G1 F3600 X131.744 Y139.306 E2517.14362
G0 F9000 X131.745 Y138.423
G1 F3600 X141.256 Y135.874 E2517.64797
G0 F9000 X141.025 Y135.873
G0 X141.025 Y137.617
G0 X141.257 Y137.618
G1 F3600 X131.743 Y128.104 E2518.33714
G0 F9000 X131.743 Y127.491
G1 F3600 X141.257 Y124.941 E2518.84165
G0 F9000 X141.026 Y124.94
G0 X141.026 Y126.417
G0 X141.257 Y126.418
G1 F3600 X131.74 Y116.9 E2519.53107
G0 F9000 X131.666 Y116.677
G1 F3600 X133.255 Y110.748 E2519.84547
G0 F9000 X133.255 Y110.98
G0 X135.988 Y110.98
G0 X135.988 Y110.748
G1 F3600 X131.743 Y126.589 E2520.68549
G0 F9000 X131.975 Y126.589
G0 X131.976 Y130.224
G0 X131.743 Y130.224
G1 F3600 X141.257 Y127.674 E2521.19
G0 F9000 X141.026 Y127.673
G0 X141.025 Y131.884
G0 X141.257 Y131.885
G1 F3600 X131.747 Y167.378 E2523.0721
G0 F9000 X131.979 Y167.378
G0 X131.979 Y171.22
G0 X131.747 Y171.22
G1 F3600 X141.254 Y168.672 E2523.57624
G0 F9000 X141.022 Y168.671
G0 X141.022 Y172.698
G0 X141.253 Y172.699
G1 F3600 X136.818 Y189.253 E2524.45405
G1 X136.887 Y189.251
G1 X131.747 Y184.112 E2524.82634
G0 F9000 X131.98 Y184.112
G0 X131.98 Y182.152
G0 X131.748 Y182.152
G1 F3600 X141.252 Y179.605 E2525.33032
G0 F9000 X141.021 Y179.604
G0 X141.021 Y182.902
G0 X141.252 Y182.903
G1 F3600 X139.551 Y189.253 E2525.66704
G0 F9000 X139.551 Y189.02
G0 X141.021 Y187.804
G0 X141.251 Y187.805
G1 F3600 X135.851 Y189.252 E2525.95339
G0 F9000 X135.851 Y189.02
G0 X131.98 Y177.575
G0 X131.747 Y177.575
G1 F3600 X141.256 Y142.088 E2527.83518
G0 F9000 X141.024 Y142.087
G0 X141.025 Y138.606
G0 X141.255 Y138.607
G1 F3600 X131.744 Y141.156 E2528.33953
G0 F9000 X131.977 Y141.156
G0 X131.976 Y136.787
G0 X131.744 Y136.787
G1 F3600 X138.721 Y110.747 E2529.72036
G0 F9000 X138.721 Y110.98
G0 X140.522 Y110.98
G0 X140.522 Y110.748
G1 F3600 X146.025 Y116.252 E2530.11901
G0 F9000 X145.446 Y116.252
G1 F3600 X146.921 Y110.747 E2530.41093
G0 F9000 X146.921 Y110.98
G0 X147.989 Y110.98
G0 X147.989 Y110.748
G1 F3600 X153.492 Y116.252 E2530.80959
G1 X153.645 Y116.252
G1 X155.12 Y110.748 E2531.10145
G0 F9000 X155.456 Y110.748
G1 F3600 X168.253 Y123.545 E2532.02843
G0 F9000 X168.252 Y123.174
G1 F3600 X159.748 Y125.453 E2532.47938
G0 F9000 X159.748 Y126.241
G1 F3600 X168.253 Y134.746 E2533.09545
G0 F9000 X168.251 Y134.107
G1 F3600 X159.748 Y136.385 E2533.54634
G0 F9000 X159.98 Y136.385
G0 X159.98 Y137.442
G0 X159.748 Y137.442
G1 F3600 X168.253 Y145.946 E2534.16238
G0 F9000 X168.251 Y145.04
G1 F3600 X159.748 Y147.318 E2534.61327
G0 F9000 X159.98 Y147.318
G0 X159.98 Y148.642
G0 X159.748 Y148.642
G1 F3600 X168.253 Y157.147 E2535.22934
G0 F9000 X168.02 Y157.147
G0 X168.02 Y155.972
G0 X168.252 Y155.972
G1 F3600 X159.748 Y158.25 E2535.68028
G0 F9000 X159.98 Y158.25
G0 X159.98 Y159.843
G0 X159.748 Y159.843
G1 F3600 X168.253 Y168.347 E2536.29632
G0 F9000 X168.02 Y168.347
G0 X168.02 Y169.638
G0 X168.251 Y169.638
G1 F3600 X159.748 Y171.916 E2536.74721
G0 F9000 X159.748 Y171.043
G1 F3600 X168.253 Y179.548 E2537.36328
G0 F9000 X168.02 Y179.548
G0 X168.02 Y180.57
G0 X168.252 Y180.57
G1 F3600 X159.749 Y182.848 E2537.81417
G0 F9000 X159.748 Y182.244
G1 F3600 X166.756 Y189.251 E2538.32177
G1 X166.882 Y189.253
G1 X168.252 Y184.141 E2538.59285
G0 F9000 X168.251 Y183.303
G1 F3600 X159.748 Y185.582 E2539.04375
G0 F9000 X159.748 Y185.276
G1 F3600 X168.252 Y153.541 E2540.72659
G1 X168.253 Y153.413
G1 X159.748 Y144.909 E2541.34263
G0 F9000 X159.749 Y144.585
G1 F3600 X168.252 Y142.306 E2541.79353
G1 X168.253 Y142.213
G1 X159.748 Y133.708 E2542.4096
G1 X159.748 Y133.652
G1 X168.251 Y131.374 E2542.86049
G0 F9000 X168.253 Y131.012
G1 F3600 X159.748 Y122.508 E2543.47653
G1 X159.748 Y122.72
G1 X168.252 Y120.441 E2543.92748
G0 F9000 X168.253 Y119.811
G1 F3600 X159.19 Y110.748 E2544.58398
G0 F9000 X159.19 Y110.98
G0 X157.853 Y110.98
G0 X157.853 Y110.747
G1 F3600 X156.378 Y116.252 E2544.87589
G0 F9000 X157.226 Y116.252
G1 F3600 X151.722 Y110.748 E2545.27458
G0 F9000 X152.387 Y110.747
G1 F3600 X150.912 Y116.252 E2545.5665
G0 F9000 X150.912 Y116.02
G0 X149.759 Y116.02
G0 X149.759 Y116.252
G1 F3600 X144.255 Y110.748 E2545.96519
G1 X144.188 Y110.747
G1 X142.713 Y116.252 E2546.25711
G0 F9000 X143.085 Y116.252
G1 F3600 X163.626 Y110.748 E2547.34635
G0 F9000 X163.319 Y110.748
G1 F3600 X159.748 Y124.076 E2548.05309
G0 F9000 X159.98 Y124.076
G0 X159.98 Y119.987
G0 X159.748 Y119.987
G1 F3600 X168.251 Y117.708 E2548.50399
G0 F9000 X168.02 Y117.708
G0 X168.081 Y116.892
G0 X168.467 Y116.195
G0 X168.574 Y116.4
G1 F3600 X162.923 Y110.748 E2548.91337
G0 F9000 X162.923 Y110.98
G0 X160.586 Y110.98
G0 X160.586 Y110.747
G1 F3600 X159.111 Y116.252 E2549.20529
G0 F9000 X159.111 Y116.02
G0 X159.582 Y116.288
G0 X159.808 Y116.561
G0 X159.98 Y117.254
G0 X159.748 Y117.254
G1 F3600 X170.252 Y114.439 E2549.76229
G1 X170.252 Y114.344
G1 X166.657 Y110.748 E2550.02274
G0 F9000 X166.053 Y110.747
G1 F3600 X159.748 Y134.276 E2551.27043
G0 F9000 X159.98 Y134.276
G0 X159.98 Y130.919
G0 X159.748 Y130.919
G1 F3600 X168.252 Y128.641 E2551.72137
G0 F9000 X168.02 Y128.641
G0 X168.02 Y127.279
G0 X168.253 Y127.279
G1 F3600 X159.748 Y118.774 E2552.33744
G0 F9000 X159.98 Y118.774
G0 X159.919 Y116.88
G0 X159.808 Y116.561
G0 X159.582 Y116.288
G0 X159.209 Y116.103
G0 X153.285 Y116.02
G0 X153.285 Y116.252
G1 F3600 X170.252 Y111.706 E2553.23716
G0 F9000 X170.02 Y111.706
G0 X168.786 Y110.98
G0 X168.786 Y110.748
G1 F3600 X159.748 Y144.476 E2555.02567
G0 F9000 X159.98 Y144.476
G0 X159.98 Y141.852
G0 X159.748 Y141.852
G1 F3600 X168.251 Y139.573 E2555.47658
G0 F9000 X168.02 Y139.573
G0 X168.02 Y138.479
G0 X168.253 Y138.479
G1 F3600 X159.748 Y129.975 E2556.09261
G0 F9000 X159.98 Y129.975
G0 X159.98 Y128.186
G0 X159.748 Y128.186
G1 F3600 X168.251 Y125.908 E2556.5435
G0 F9000 X168.02 Y125.908
G0 X168.02 Y122.939
G0 X168.252 Y122.939
G1 F3600 X159.748 Y154.676 E2558.22644
G0 F9000 X159.748 Y155.517
G1 F3600 X168.251 Y153.239 E2558.67732
G0 F9000 X168.02 Y153.239
G0 X168.02 Y150.506
G0 X168.252 Y150.506
G1 F3600 X159.749 Y152.784 E2559.12821
G0 F9000 X159.748 Y152.376
G1 F3600 X168.253 Y160.88 E2559.74425
G0 F9000 X168.251 Y161.438
G1 F3600 X159.748 Y163.717 E2560.19515
G1 X159.748 Y163.576
G1 X168.253 Y172.081 E2560.81123
G0 F9000 X168.252 Y172.371
G1 F3600 X159.749 Y174.649 E2561.26212
G1 X159.748 Y174.777
G1 X168.253 Y183.281 E2561.87816
G0 F9000 X168.02 Y183.281
G0 X168.02 Y186.036
G0 X168.252 Y186.036
G1 F3600 X159.749 Y188.315 E2562.32906
G0 F9000 X159.98 Y188.315
G0 X161.416 Y189.02
G0 X161.416 Y189.253
G1 F3600 X168.252 Y163.74 E2563.68194
G0 F9000 X168.252 Y164.171
G1 F3600 X159.749 Y166.45 E2564.13284
G0 F9000 X159.748 Y167.31
G1 F3600 X168.253 Y175.814 E2564.74888
G0 F9000 X168.251 Y175.104
G1 F3600 X159.748 Y177.382 E2565.19977
G0 F9000 X159.98 Y177.382
G0 X159.98 Y178.511
G0 X159.748 Y178.511
G1 F3600 X168.253 Y187.015 E2565.81581
G0 F9000 X168.02 Y187.015
G0 X168.02 Y188.77
G0 X168.251 Y188.77
G1 F3600 X166.451 Y189.252 E2565.91126
G0 F9000 X166.451 Y189.02
G0 X164.149 Y189.02
G0 X164.149 Y189.253
G1 F3600 X168.252 Y173.941 E2566.72322
G0 F9000 X168.02 Y173.941
G0 X168.02 Y177.837
G0 X168.252 Y177.837
G1 F3600 X159.749 Y180.115 E2567.1741
G0 F9000 X159.98 Y180.115
G0 X159.98 Y175.076
G0 X159.748 Y175.076
G1 F3600 X168.252 Y143.34 E2568.85699
G0 F9000 X168.02 Y143.34
G0 X168.02 Y147.773
G0 X168.251 Y147.773
G1 F3600 X159.748 Y150.051 E2569.30788
G0 F9000 X159.98 Y150.051
G0 X159.98 Y156.109
G0 X159.748 Y156.109
G1 F3600 X168.253 Y164.614 E2569.92395
G0 F9000 X168.02 Y164.614
G0 X168.02 Y166.905
G0 X168.251 Y166.905
G1 F3600 X159.748 Y169.183 E2570.37484
G0 F9000 X159.98 Y169.183
G0 X159.98 Y164.876
G0 X159.748 Y164.876
G1 F3600 X168.252 Y133.139 E2572.05777
G0 F9000 X168.02 Y133.139
G0 X168.02 Y136.84
G0 X168.252 Y136.84
G1 F3600 X159.748 Y139.119 E2572.50872
G0 F9000 X159.98 Y139.119
G0 X159.98 Y141.175
G0 X159.748 Y141.175
G1 F3600 X168.253 Y149.68 E2573.1248
G0 F9000 X168.02 Y149.68
G0 X168.02 Y158.705
G0 X168.252 Y158.705
G1 F3600 X159.749 Y160.983 E2573.57569
G1 F1500 E2571.57569
G0 F9000 X159.98 Y160.983
G0 X159.919 Y116.88
G0 X159.808 Y116.561
G0 X159.582 Y116.288
G0 X159.168 Y116.082
G0 X141.859 Y116.081
G0 X141.606 Y116.169
G0 X141.313 Y116.388
G0 X141.148 Y116.654
G0 X141.023 Y163.749
G0 X141.254 Y163.75
G1 F1500 E2573.57569
G1 F3600 X131.745 Y154.241 E2574.26449
G0 F9000 X131.746 Y154.821
G1 F3600 X141.254 Y152.273 E2574.76868
G0 F9000 X141.024 Y152.272
G0 X141.024 Y149.539
G0 X141.255 Y149.54
G1 F3600 X131.745 Y152.088 E2575.27297
G0 F9000 X131.977 Y152.088
G0 X131.978 Y157.181
G0 X131.746 Y157.181
G1 F3600 X141.258 Y121.681 E2577.15544
G0 F9000 X141.026 Y121.68
G0 X141.082 Y116.67
G0 X141.305 Y116.729
G1 F3600 X131.742 Y119.291 E2577.66254
G0 F9000 X131.975 Y119.291
G0 X131.919 Y117.129
G0 X131.813 Y116.474
G0 X131.614 Y116.593
G1 F3600 X153.426 Y110.748 E2578.81918
G0 F9000 X153.426 Y110.98
G0 X149.654 Y110.98
G0 X149.654 Y110.748
G1 F3600 X148.179 Y116.252 E2579.11104
G0 F9000 X148.179 Y116.02
G0 X142.292 Y116.02
G0 X142.292 Y116.252
G1 F3600 X136.788 Y110.748 E2579.50974
G0 F9000 X136.788 Y110.98
G0 X141.454 Y110.98
G0 X141.454 Y110.748
G1 F3600 X131.745 Y146.983 E2581.43119
G0 F9000 X131.977 Y146.983
G0 X131.978 Y160.287
G0 X131.746 Y160.287
G1 F3600 X141.254 Y157.74 E2581.93536
G1 F1500 E2579.93536
G0 F9000 X141.023 Y157.739
G0 X141.087 Y116.888
G0 X141.313 Y116.388
G0 X141.606 Y116.169
G0 X141.859 Y116.081
G0 X159.168 Y116.082
G0 X159.582 Y116.288
G0 X159.808 Y116.561
G0 X159.898 Y116.819
G0 X159.98 Y185.978
G0 X159.748 Y185.978
G1 F1500 E2581.93536
G1 F3600 X163.022 Y189.251 E2582.17248
G1 F1500 E2580.17248
G0 F9000 X163.022 Y189.02
G0 X168.081 Y116.892
G0 X168.19 Y116.563
G0 X168.412 Y116.293
G0 X168.684 Y116.149
G0 X170.044 Y116.02
G0 X170.044 Y116.252
G1 F1500 E2582.17248
G1 F3600 X170.252 Y115.476 E2582.21363
G0 F9000 X170.02 Y115.476
G0 X143.225 Y110.98
G0 X143.225 Y110.748
G1 F3600 X129.745 Y114.36 E2582.92845
G0 F9000 X129.743 Y114.904
G1 F3600 X131.124 Y116.285 E2583.02848
G0 F9000 X131.178 Y116.061
G0 X129.976 Y113.651
G0 X129.744 Y113.651
G1 F3600 X130.522 Y110.747 E2583.18247
G0 F9000 X130.522 Y111.32
G1 F1500 E2581.18247
G0 F9000 X170.1 Y116.02
G0 X171.666 Y116.02
G0 X174.334 Y116.02
G0 X175.896 Y116.02
G0 X175.656 Y116.34
;TYPE:WALL-INNER
G1 F1500 E2583.18247
G1 F1800 X179.34 Y116.34 E2583.37117
G1 X179.34 Y110.66 E2583.6621
G1 X175.656 Y110.66 E2583.8508
G1 X175.656 Y116.34 E2584.14173
G0 F9000 X175.216 Y116.78
;TYPE:WALL-OUTER
G1 F1800 X179.78 Y116.78 E2584.3755
G1 X179.78 Y110.22 E2584.71151
G1 X175.216 Y110.22 E2584.94528
G1 X175.216 Y116.78 E2585.28129
G0 F9000 X175.744 Y116.102
;TYPE:FILL
G1 F3600 X175.894 Y116.252 E2585.29215
G0 F9000 X175.744 Y115.701
G1 F3600 X179.251 Y114.761 E2585.47812
G0 F9000 X179.02 Y114.761
G0 X179.02 Y115.877
G0 X179.252 Y115.877
G1 F3600 X175.744 Y112.368 E2585.73227
G0 F9000 X175.744 Y112.967
G1 F3600 X179.251 Y112.028 E2585.91823
G1 X179.252 Y112.144
G1 X177.856 Y110.748 E2586.01935
G0 F9000 X176.985 Y110.748
G1 F3600 X175.744 Y115.378 E2586.26487
G0 F9000 X175.976 Y115.378
G0 X178.243 Y116.02
G0 X178.243 Y116.253
G1 F3600 X179.252 Y112.488 E2586.46452
G0 F9000 X178.68 Y112.488
G1 F1500 E2584.46452
;MESH:NONMESH
G0 F300 Z3.92
G0 F9000 X175.896 Y116.02
G0 X174.334 Y116.02
G0 X171.654 Y109.347
G0 X128.346 Y109.348
G0 X125.666 Y116.02
G0 X124.1 Y116.02
G0 X124.36 Y116.34
;TIME_ELAPSED:2135.645185
;LAYER:13
;TYPE:WALL-INNER
;MESH:motor-slide.stl
G1 F1500 E2586.46452
G1 F1800 X124.36 Y110.66 E2586.75545
G1 X120.66 Y110.66 E2586.94497
G1 X120.66 Y116.34 E2587.2359
G1 X124.36 Y116.34 E2587.42542
G0 F9000 X124.8 Y116.78
;TYPE:WALL-OUTER
G1 F1800 X124.8 Y110.22 E2587.76143
G1 X120.22 Y110.22 E2587.99602
G1 X120.22 Y116.78 E2588.33203
G1 X124.8 Y116.78 E2588.56662
G0 F9000 X124.272 Y116.032
;TYPE:FILL
G1 F3600 X123.448 Y116.253 E2588.61031
G1 X123.375 Y116.253
G1 X124.272 Y112.907 E2588.78775
G1 X124.272 Y112.886
G1 X122.134 Y110.748 E2588.94262
G1 X122.118 Y110.747
G1 X120.748 Y115.858 E2589.21365
G0 F9000 X120.98 Y115.858
G0 X120.98 Y114.243
G0 X120.749 Y114.243
G1 F3600 X124.271 Y113.299 E2589.40042
G0 F9000 X124.04 Y113.299
G0 X123.593 Y110.98
G0 X123.593 Y110.747
G1 F3600 X120.748 Y111.51 E2589.55129
G0 F9000 X120.98 Y111.51
G0 X120.98 Y113.095
G0 X120.748 Y113.095
G1 F3600 X123.904 Y116.252 E2589.77993
G0 F9000 X123.7 Y115.68
G1 F1500 E2587.77993
G0 F9000 X124.126 Y116.106
G0 X125.685 Y116.106
G0 X128.326 Y117.653
G0 X130.347 Y117.653
G0 X131.893 Y116.891
G0 X141.021 Y189.02
G0 X141.34 Y189.34
;TYPE:WALL-INNER
G1 F1500 E2589.77993
G1 F1800 X141.344 Y116.92 E2593.48933
G1 X141.388 Y116.751 E2593.49828
G1 X141.506 Y116.561 E2593.50973
G1 X141.718 Y116.403 E2593.52327
G1 X141.914 Y116.34 E2593.53382
G1 X159.12 Y116.34 E2594.41512
G1 X159.419 Y116.489 E2594.43223
G1 X159.581 Y116.685 E2594.44526
G1 X159.66 Y116.914 E2594.45767
G1 X159.66 Y189.34 E2598.16737
G1 X168.34 Y189.34 E2598.61196
G1 X168.34 Y116.924 E2602.32116
G1 X168.486 Y116.584 E2602.34011
G1 X168.58 Y116.49 E2602.34692
G1 X168.869 Y116.34 E2602.3636
G1 X170.36 Y116.34 E2602.43997
G1 X170.36 Y110.66 E2602.7309
G1 X129.64 Y110.66 E2604.8166
G1 X129.637 Y116.34 E2605.10753
G1 X131 Y116.34 E2605.17735
G1 X131.3 Y116.411 E2605.19314
G1 X131.5 Y116.569 E2605.20619
G1 X131.613 Y116.754 E2605.2173
G1 X131.656 Y116.92 E2605.22608
G1 X131.66 Y189.34 E2608.93548
G1 X141.34 Y189.34 E2609.43129
G0 F9000 X141.78 Y189.78
;TYPE:WALL-OUTER
G1 F1800 X141.781 Y116.937 E2613.16236
G1 X141.866 Y116.824 E2613.1696
G1 X141.951 Y116.785 E2613.17439
G1 X159.052 Y116.786 E2614.05031
G1 X159.14 Y116.829 E2614.05533
G1 X159.22 Y116.944 E2614.0625
G1 X159.22 Y189.78 E2617.79321
G1 X168.78 Y189.78 E2618.28288
G1 X168.783 Y116.962 E2622.01266
G1 X168.828 Y116.861 E2622.01832
G1 X169 Y116.78 E2622.02806
G1 X170.8 Y116.78 E2622.12026
G1 X170.8 Y110.22 E2622.45627
G1 X129.2 Y110.22 E2624.58704
G1 X129.197 Y116.78 E2624.92305
G1 X131.043 Y116.78 E2625.0176
G1 X131.137 Y116.827 E2625.02299
G1 X131.219 Y116.937 E2625.03001
G1 X131.22 Y189.78 E2628.76108
G1 X141.78 Y189.78 E2629.30197
G0 F9000 X141.106 Y189.106
G0 X140.901 Y189.251
;TYPE:FILL
G1 F3600 X131.747 Y180.097 E2629.96505
G0 F9000 X131.748 Y179.624
G1 F3600 X141.253 Y177.077 E2630.46908
G0 F9000 X141.022 Y177.076
G0 X141.021 Y178.403
G0 X141.254 Y178.404
G1 F3600 X131.746 Y168.896 E2631.15781
G1 X131.747 Y168.691
G1 X141.253 Y166.144 E2631.66189
G0 F9000 X141.022 Y166.143
G0 X141.022 Y167.203
G0 X141.254 Y167.204
G1 F3600 X131.745 Y157.695 E2632.35069
G1 X131.746 Y157.759
G1 X141.255 Y155.211 E2632.85493
G0 F9000 X141.255 Y156.004
G1 F3600 X131.745 Y146.493 E2633.54384
G0 F9000 X131.745 Y146.219
G1 F3600 X141.249 Y110.748 E2635.42477
G0 F9000 X140.801 Y110.748
G1 F3600 X146.305 Y116.252 E2635.82347
G0 F9000 X146.305 Y116.02
G0 X145.241 Y116.02
G0 X145.241 Y116.252
G1 F3600 X146.716 Y110.747 E2636.11538
G0 F9000 X146.716 Y110.98
G0 X148.268 Y110.98
G0 X148.268 Y110.748
G1 F3600 X153.772 Y116.252 E2636.51407
G0 F9000 X154.05 Y116.252
G1 F3600 X170.271 Y111.906 E2637.37423
G0 F9000 X170.04 Y111.906
G0 X168.581 Y110.98
G0 X168.581 Y110.748
G1 F3600 X159.748 Y143.711 E2639.12218
G0 F9000 X159.748 Y144.629
G1 F3600 X168.253 Y153.133 E2639.73822
G0 F9000 X168.251 Y153.444
G1 F3600 X159.748 Y155.722 E2640.18911
G1 X159.748 Y155.829
G1 X168.253 Y164.334 E2640.80518
G1 X168.252 Y164.376
G1 X159.749 Y166.655 E2641.25608
G0 F9000 X159.748 Y167.03
G1 F3600 X168.253 Y175.534 E2641.87212
G0 F9000 X168.251 Y175.309
G1 F3600 X159.748 Y177.587 E2642.32301
G0 F9000 X159.748 Y178.231
G1 F3600 X168.253 Y186.735 E2642.93905
G0 F9000 X168.252 Y186.241
G1 F3600 X159.749 Y188.52 E2643.38995
G0 F9000 X159.98 Y188.52
G0 X161.211 Y189.02
G0 X161.211 Y189.253
G1 F3600 X168.252 Y162.975 E2644.7834
G0 F9000 X168.02 Y162.975
G0 X168.02 Y161.643
G0 X168.251 Y161.643
G1 F3600 X159.748 Y163.922 E2645.23431
G1 X159.748 Y164.111
G1 X168.252 Y132.374 E2646.91724
G0 F9000 X168.251 Y131.579
G1 F3600 X159.748 Y133.857 E2647.36813
G0 F9000 X159.748 Y133.511
G1 F3600 X165.847 Y110.748 E2648.57519
G0 F9000 X165.847 Y110.98
G0 X166.936 Y110.98
G0 X166.936 Y110.748
G1 F3600 X170.272 Y114.084 E2648.81684
G0 F9000 X170.272 Y114.637
G1 F3600 X169.839 Y116.253 E2648.90253
G0 F9000 X169.839 Y116.02
G0 X168.652 Y116.098
G0 X168.758 Y116.304
G1 F3600 X163.202 Y110.748 E2649.30499
G1 X163.114 Y110.748
G1 X159.748 Y123.311 E2649.97117
G0 F9000 X159.749 Y122.925
G1 F3600 X168.252 Y120.646 E2650.42207
G0 F9000 X168.02 Y120.646
G0 X168.02 Y119.531
G0 X168.253 Y119.531
G1 F3600 X159.469 Y110.748 E2651.05832
G0 F9000 X160.381 Y110.747
G1 F3600 X158.906 Y116.252 E2651.35023
G0 F9000 X158.906 Y116.02
G0 X157.506 Y116.02
G0 X157.506 Y116.252
G1 F3600 X152.002 Y110.748 E2651.74893
G1 X152.182 Y110.747
G1 X150.707 Y116.252 E2652.04084
G0 F9000 X150.039 Y116.252
G1 F3600 X144.535 Y110.748 E2652.43954
G0 F9000 X143.992 Y110.748
G1 F3600 X129.726 Y114.57 E2653.19602
G1 X129.726 Y114.606
G1 X141.257 Y126.138 E2654.03132
G0 F9000 X141.257 Y125.146
G1 F3600 X131.743 Y127.696 E2654.53584
G1 X131.743 Y127.824
G1 X141.257 Y137.338 E2655.225
G0 F9000 X141.025 Y137.337
G0 X141.025 Y136.078
G0 X141.256 Y136.079
G1 F3600 X131.744 Y138.628 E2655.7294
G0 F9000 X131.744 Y139.026
G1 F3600 X141.256 Y148.538 E2656.41842
G0 F9000 X141.024 Y148.537
G0 X141.024 Y149.744
G0 X141.255 Y149.745
G1 F3600 X131.745 Y152.293 E2656.92271
G0 F9000 X131.977 Y152.293
G0 X131.978 Y153.961
G0 X131.745 Y153.961
G1 F3600 X141.254 Y163.47 E2657.61151
G1 X141.254 Y163.411
G1 X131.746 Y165.958 E2658.11569
G0 F9000 X131.746 Y166.614
G1 F3600 X141.257 Y131.119 E2659.9979
G0 F9000 X141.256 Y130.613
G1 F3600 X131.744 Y133.162 E2660.5023
G0 F9000 X131.976 Y133.162
G0 X131.976 Y131.558
G0 X131.743 Y131.558
G1 F3600 X141.257 Y141.071 E2661.19143
G0 F9000 X141.256 Y141.323
G1 F3600 X131.747 Y176.81 E2663.07322
G1 X131.748 Y176.891
G1 X141.253 Y174.344 E2663.57725
G0 F9000 X141.254 Y174.67
G1 F3600 X131.746 Y165.162 E2664.26598
G0 F9000 X131.979 Y165.162
G0 X131.978 Y163.225
G0 X131.746 Y163.225
G1 F3600 X141.254 Y160.678 E2664.77015
G0 F9000 X141.255 Y159.738
G1 F3600 X131.745 Y150.227 E2665.45907
G0 F9000 X131.745 Y149.56
G1 F3600 X141.256 Y147.012 E2665.9634
G0 F9000 X141.024 Y147.011
G0 X141.024 Y144.803
G0 X141.256 Y144.804
G1 F3600 X131.744 Y135.292 E2666.65242
G0 F9000 X131.744 Y135.895
G1 F3600 X141.257 Y133.346 E2667.15687
G0 F9000 X141.257 Y133.605
G1 F3600 X131.742 Y124.09 E2667.84611
G0 F9000 X131.743 Y124.962
G1 F3600 X141.257 Y122.413 E2668.35061
G1 X141.258 Y122.405
G1 X129.727 Y110.874 E2669.18588
G0 F9000 X130.317 Y110.747
G1 F3600 X129.727 Y112.949 E2669.30265
G0 F9000 X129.958 Y112.95
G0 X129.959 Y111.838
G0 X129.728 Y111.837
G1 F3600 X133.792 Y110.748 E2669.51815
G0 F9000 X133.334 Y110.748
G1 F3600 X141.258 Y118.672 E2670.09214
G0 F9000 X141.026 Y118.671
G0 X141.026 Y119.679
G0 X141.258 Y119.68
G1 F3600 X131.742 Y122.229 E2670.59674
G0 F9000 X131.975 Y122.229
G0 X131.975 Y120.357
G0 X131.742 Y120.357
G1 F3600 X141.257 Y129.871 E2671.28594
G0 F9000 X141.025 Y129.87
G0 X141.026 Y127.878
G0 X141.257 Y127.879
G1 F3600 X131.743 Y130.429 E2671.79045
G0 F9000 X131.976 Y130.429
G0 X131.975 Y125.824
G0 X131.743 Y125.824
G1 F3600 X135.783 Y110.747 E2672.58995
G0 F9000 X135.783 Y110.98
G0 X137.068 Y110.98
G0 X137.068 Y110.748
G1 F3600 X142.572 Y116.252 E2672.98864
G1 X142.508 Y116.252
G1 X143.983 Y110.747 E2673.28056
G0 F9000 X143.983 Y110.98
G0 X149.449 Y110.98
G0 X149.449 Y110.748
G1 F3600 X147.974 Y116.252 E2673.57242
G0 F9000 X147.974 Y116.02
G0 X143.85 Y116.02
G0 X143.85 Y116.252
G1 F3600 X164.392 Y110.748 E2674.66171
G0 F9000 X164.392 Y110.98
G0 X157.648 Y110.98
G0 X157.648 Y110.748
G1 F3600 X156.173 Y116.252 E2674.95358
G0 F9000 X156.173 Y116.02
G0 X153.44 Y116.02
G0 X153.44 Y116.252
G1 F3600 X154.915 Y110.748 E2675.24544
G0 F9000 X154.193 Y110.748
G1 F3600 X131.707 Y116.773 E2676.43782
G0 F9000 X131.516 Y116.474
G1 F3600 X133.05 Y110.748 E2676.74145
G0 F9000 X133.05 Y110.98
G0 X138.516 Y110.98
G0 X138.516 Y110.747
G1 F3600 X131.744 Y136.022 E2678.08171
G0 F9000 X131.976 Y136.022
G0 X131.977 Y141.361
G0 X131.744 Y141.361
G1 F3600 X141.255 Y138.812 E2678.58607
G0 F9000 X141.025 Y138.811
G0 X141.024 Y141.544
G0 X141.256 Y141.545
G1 F3600 X131.744 Y144.094 E2679.09047
G0 F9000 X131.977 Y144.094
G0 X131.977 Y142.759
G0 X131.744 Y142.759
G1 F3600 X141.256 Y152.271 E2679.77949
G1 X141.254 Y152.478
G1 X131.746 Y155.026 E2680.28368
G0 F9000 X131.978 Y155.026
G0 X131.978 Y156.416
G0 X131.746 Y156.416
G1 F3600 X141.258 Y120.915 E2682.1662
G0 F9000 X141.026 Y120.914
G0 X141.026 Y116.946
G0 X141.257 Y116.947
G1 F3600 X131.742 Y119.496 E2682.67075
G0 F9000 X131.975 Y119.496
G0 X155.735 Y110.98
G0 X155.735 Y110.748
G1 F3600 X168.253 Y123.265 E2683.57748
G1 X168.252 Y123.379
G1 X159.748 Y125.658 E2684.02843
G0 F9000 X159.748 Y125.961
G1 F3600 X168.253 Y134.466 E2684.6445
G1 X168.252 Y134.312
G1 X159.748 Y136.59 E2685.09544
G0 F9000 X159.748 Y137.162
G1 F3600 X168.253 Y145.666 E2685.71148
G0 F9000 X168.251 Y145.245
G1 F3600 X159.748 Y147.523 E2686.16237
G0 F9000 X159.748 Y148.362
G1 F3600 X168.253 Y156.867 E2686.77844
G0 F9000 X168.252 Y156.177
G1 F3600 X159.749 Y158.455 E2687.22933
G0 F9000 X159.98 Y158.455
G0 X159.98 Y159.563
G0 X159.748 Y159.563
G1 F3600 X168.253 Y168.067 E2687.84537
G0 F9000 X168.251 Y167.11
G1 F3600 X159.748 Y169.388 E2688.29626
G0 F9000 X159.98 Y169.388
G0 X159.98 Y170.763
G0 X159.748 Y170.763
G1 F3600 X168.253 Y179.268 E2688.91233
G0 F9000 X168.02 Y179.268
G0 X168.02 Y178.042
G0 X168.252 Y178.042
G1 F3600 X159.749 Y180.32 E2689.36322
G0 F9000 X159.98 Y180.32
G0 X159.98 Y181.964
G0 X159.748 Y181.964
G1 F3600 X167.036 Y189.251 E2689.8911
G1 X167.216 Y189.252
G1 X168.251 Y188.975 E2689.94598
G0 F9000 X168.02 Y188.975
G0 X166.677 Y189.02
G0 X166.677 Y189.253
G1 F3600 X168.252 Y183.376 E2690.25763
G1 X168.251 Y183.508
G1 X159.748 Y185.787 E2690.70853
G1 X159.748 Y185.698
G1 X163.302 Y189.251 E2690.96593
G0 F9000 X163.944 Y189.252
G1 F3600 X168.252 Y173.176 E2691.81841
G0 F9000 X168.252 Y172.576
G1 F3600 X159.749 Y174.854 E2692.2693
G0 F9000 X159.748 Y174.497
G1 F3600 X168.253 Y183.001 E2692.88534
G0 F9000 X168.02 Y183.001
G0 X168.02 Y180.775
G0 X168.251 Y180.775
G1 F3600 X159.749 Y183.053 E2693.33617
G0 F9000 X159.98 Y183.053
G0 X159.98 Y184.511
G0 X159.748 Y184.511
G1 F3600 X168.252 Y152.775 E2695.01906
G0 F9000 X168.02 Y152.775
G0 X168.02 Y150.711
G0 X168.252 Y150.711
G1 F3600 X159.749 Y152.989 E2695.46995
G0 F9000 X159.748 Y152.096
G1 F3600 X168.253 Y160.6 E2696.08599
G0 F9000 X168.02 Y160.6
G0 X168.02 Y158.91
G0 X168.252 Y158.91
G1 F3600 X159.749 Y161.188 E2696.53687
G0 F9000 X159.98 Y161.188
G0 X159.98 Y163.296
G0 X159.748 Y163.296
G1 F3600 X168.253 Y171.801 E2697.15295
G0 F9000 X168.02 Y171.801
G0 X168.02 Y169.843
G0 X168.252 Y169.843
G1 F3600 X159.748 Y172.121 E2697.60389
G0 F9000 X159.98 Y172.121
G0 X159.98 Y174.311
G0 X159.748 Y174.311
G1 F3600 X168.252 Y142.575 E2699.28677
G1 X168.252 Y142.511
G1 X159.749 Y144.79 E2699.73767
G0 F9000 X159.98 Y144.79
G0 X159.98 Y142.057
G0 X159.748 Y142.057
G1 F3600 X168.251 Y139.778 E2700.18857
G0 F9000 X168.02 Y139.778
G0 X168.02 Y138.199
G0 X168.253 Y138.199
G1 F3600 X159.748 Y129.695 E2700.80461
G0 F9000 X159.98 Y129.695
G0 X159.98 Y128.391
G0 X159.748 Y128.391
G1 F3600 X168.251 Y126.113 E2701.2555
G0 F9000 X168.253 Y126.998
G1 F3600 X159.748 Y118.494 E2701.87154
G0 F9000 X159.98 Y118.494
G0 X159.98 Y117.459
G0 X159.748 Y117.459
G1 F3600 X170.272 Y114.639 E2702.4296
G0 F9000 X170.04 Y114.639
G0 X168.191 Y116.561
G0 X168.02 Y117.913
G0 X168.251 Y117.913
G1 F3600 X159.748 Y120.192 E2702.8805
G0 F9000 X159.98 Y120.192
G0 X159.98 Y122.228
G0 X159.748 Y122.228
G1 F3600 X168.253 Y130.732 E2703.49654
G0 F9000 X168.02 Y130.732
G0 X168.02 Y128.846
G0 X168.252 Y128.846
G1 F3600 X159.748 Y131.124 E2703.94748
G0 F9000 X159.98 Y131.124
G0 X159.98 Y133.428
G0 X159.748 Y133.428
G1 F3600 X168.253 Y141.933 E2704.56356
G0 F9000 X168.02 Y141.933
G0 X168.02 Y137.045
G0 X168.252 Y137.045
G1 F3600 X159.748 Y139.324 E2705.01451
G0 F9000 X159.98 Y139.324
G0 X159.98 Y140.895
G0 X159.748 Y140.895
G1 F3600 X168.253 Y149.4 E2705.63058
G0 F9000 X168.02 Y149.4
G0 X168.02 Y147.978
G0 X168.251 Y147.978
G1 F3600 X159.748 Y150.256 E2706.08147
G0 F9000 X159.98 Y150.256
G0 X159.98 Y153.911
G0 X159.748 Y153.911
G1 F3600 X168.252 Y122.174 E2707.7644
G1 F1500 E2705.7644
G0 F9000 X168.02 Y122.174
G0 X159.582 Y116.288
G0 X159.168 Y116.082
G0 X141.859 Y116.081
G0 X141.606 Y116.169
G0 X141.313 Y116.388
G0 X141.148 Y116.654
G0 X141.024 Y144.278
G0 X141.255 Y144.279
G1 F1500 E2707.7644
G1 F3600 X131.745 Y146.827 E2708.26869
G0 F9000 X131.977 Y146.827
G0 X141.024 Y151.526
G0 X141.255 Y151.527
G1 F3600 X131.748 Y187.008 E2710.15016
G0 F9000 X131.747 Y187.565
G1 F3600 X133.434 Y189.251 E2710.27232
G0 F9000 X133.879 Y189.253
G1 F3600 X141.254 Y161.73 E2711.7318
G0 F9000 X141.023 Y161.729
G0 X141.023 Y157.944
G0 X141.254 Y157.945
G1 F3600 X131.746 Y160.492 E2712.23598
G0 F9000 X131.745 Y161.428
G1 F3600 X141.254 Y170.937 E2712.92478
G0 F9000 X141.253 Y171.61
G1 F3600 X131.747 Y174.158 E2713.42887
G0 F9000 X131.979 Y174.158
G0 X131.979 Y172.63
G0 X131.747 Y172.63
G1 F3600 X141.253 Y182.137 E2714.11749
G1 X139.346 Y189.253 E2714.49484
G0 F9000 X139.346 Y189.02
G0 X137.167 Y189.02
G0 X137.167 Y189.251
G1 F3600 X131.747 Y183.831 E2714.88745
G0 F9000 X131.98 Y183.831
G0 X131.98 Y185.09
G0 X131.748 Y185.09
G1 F3600 X141.252 Y182.543 E2715.39143
G0 F9000 X141.021 Y182.542
G0 X141.021 Y179.809
G0 X141.252 Y179.81
G1 F3600 X131.748 Y182.357 E2715.89541
G0 F9000 X131.98 Y182.357
G0 X131.98 Y187.823
G0 X131.748 Y187.823
G1 F3600 X141.252 Y185.276 E2716.39938
G0 F9000 X141.253 Y185.87
G1 F3600 X131.747 Y176.364 E2717.08797
G0 F9000 X131.979 Y176.364
G0 X131.979 Y171.424
G0 X131.747 Y171.424
G1 F3600 X141.254 Y168.877 E2717.5921
G0 F9000 X141.022 Y168.876
G0 X141.022 Y171.933
G0 X141.253 Y171.934
G1 F3600 X136.613 Y189.253 E2718.51047
G1 X136.615 Y189.252
G1 X141.252 Y188.01 E2718.75635
G0 F9000 X140.681 Y188.009
G1 F1500 E2716.75635
G0 F9000 X141.087 Y116.888
G0 X141.313 Y116.388
G0 X141.606 Y116.169
G0 X141.859 Y116.081
G0 X159.168 Y116.082
G0 X168.101 Y116.895
G0 X169.653 Y117.653
G0 X171.673 Y117.653
G0 X174.314 Y116.106
G0 X175.871 Y116.106
G0 X175.637 Y116.34
;TYPE:WALL-INNER
G1 F1500 E2718.75635
G1 F1800 X179.34 Y116.34 E2718.94602
G1 X179.34 Y110.66 E2719.23696
G1 X175.64 Y110.66 E2719.42647
G1 X175.637 Y116.34 E2719.71741
G0 F9000 X175.197 Y116.78
;TYPE:WALL-OUTER
G1 F1800 X179.78 Y116.78 E2719.95215
G1 X179.78 Y110.22 E2720.28816
G1 X175.2 Y110.22 E2720.52275
G1 X175.197 Y116.78 E2720.85875
G0 F9000 X175.871 Y116.106
G0 X175.726 Y115.91
;TYPE:FILL
G1 F3600 X179.251 Y114.966 E2721.04567
G0 F9000 X179.252 Y115.597
G1 F3600 X175.727 Y112.072 E2721.30101
G0 F9000 X175.959 Y112.073
G0 X175.958 Y113.178
G0 X175.727 Y113.177
G1 F3600 X179.251 Y112.233 E2721.48787
G0 F9000 X179.252 Y111.864
G1 F3600 X178.136 Y110.748 E2721.56871
G0 F9000 X178.136 Y110.98
G0 X176.78 Y110.98
G0 X176.78 Y110.748
G1 F3600 X175.726 Y114.68 E2721.77722
G0 F9000 X175.957 Y114.681
G0 X175.957 Y115.805
G0 X175.725 Y115.804
G1 F3600 X176.174 Y116.252 E2721.80971
G0 F9000 X176.174 Y116.02
G0 X178.038 Y116.02
G0 X178.038 Y116.253
G1 F3600 X179.252 Y111.723 E2722.04993
G0 F9000 X178.68 Y111.723
G1 F1500 E2720.04993
;MESH:NONMESH
G0 F300 Z4.2
G0 F9000 X175.877 Y116.051
G0 X174.314 Y116.051
G0 X171.674 Y109.347
G0 X128.327 Y109.347
G0 X125.685 Y116.051
G0 X124.12 Y116.051
G0 X124.42 Y116.34
;TIME_ELAPSED:2230.387594
;LAYER:14
;TYPE:WALL-INNER
;MESH:motor-slide.stl
G1 F1500 E2722.04993
G1 F1800 X124.42 Y110.66 E2722.34086
G1 X120.66 Y110.66 E2722.53345
G1 X120.66 Y116.34 E2722.82438
G1 X124.42 Y116.34 E2723.01697
G0 F9000 X124.86 Y116.78
;TYPE:WALL-OUTER
G1 F1800 X124.86 Y110.22 E2723.35298
G1 X120.22 Y110.22 E2723.59064
G1 X120.22 Y116.78 E2723.92665
G1 X124.86 Y116.78 E2724.16432
G0 F9000 X124.332 Y116.221
;TYPE:FILL
G1 F3600 X124.215 Y116.252 E2724.17051
G1 X124.184 Y116.252
G1 X120.748 Y112.815 E2724.41944
G0 F9000 X120.98 Y112.815
G0 X120.98 Y111.715
G0 X120.748 Y111.715
G1 F3600 X124.332 Y110.754 E2724.6095
G0 F9000 X124.13 Y110.95
G0 X124.1 Y111.919
G0 X124.332 Y111.919
G1 F3600 X123.171 Y116.252 E2724.83927
G0 F9000 X123.171 Y116.02
G0 X120.98 Y115.093
G0 X120.748 Y115.093
G1 F3600 X121.913 Y110.747 E2725.06974
G0 F9000 X122.414 Y110.748
G1 F3600 X124.332 Y112.666 E2725.20867
G0 F9000 X124.331 Y113.488
G1 F3600 X120.749 Y114.448 E2725.39862
G0 F9000 X121.32 Y114.448
G1 F1500 E2723.39862
G0 F9000 X124.186 Y116.106
G0 X125.745 Y116.106
G0 X128.266 Y117.653
G0 X130.347 Y117.653
G0 X131.893 Y116.891
G0 X141.021 Y189.02
G0 X141.34 Y189.34
;TYPE:WALL-INNER
G1 F1500 E2725.39862
G1 F1800 X141.344 Y116.92 E2729.10801
G1 X141.388 Y116.751 E2729.11696
G1 X141.506 Y116.561 E2729.12841
G1 X141.718 Y116.403 E2729.14196
G1 X141.914 Y116.34 E2729.1525
G1 X159.12 Y116.34 E2730.0338
G1 X159.419 Y116.489 E2730.05091
G1 X159.581 Y116.685 E2730.06394
G1 X159.66 Y116.914 E2730.07635
G1 X159.66 Y189.34 E2733.78605
G1 X168.34 Y189.34 E2734.23065
G1 X168.34 Y116.924 E2737.93984
G1 X168.42 Y116.683 E2737.95284
G1 X168.588 Y116.484 E2737.96618
G1 X168.874 Y116.34 E2737.98258
G1 X170.42 Y116.34 E2738.06177
G1 X170.42 Y110.66 E2738.3527
G1 X129.577 Y110.661 E2740.44471
G1 X129.576 Y116.34 E2740.73559
G1 X131.125 Y116.34 E2740.81493
G1 X131.403 Y116.476 E2740.83078
G1 X131.612 Y116.752 E2740.84851
G1 X131.656 Y116.92 E2740.85741
G1 X131.66 Y189.34 E2744.56681
G1 X141.34 Y189.34 E2745.06262
G0 F9000 X141.78 Y189.78
;TYPE:WALL-OUTER
G1 F1800 X141.781 Y116.937 E2748.79368
G1 X141.866 Y116.824 E2748.80093
G1 X141.951 Y116.785 E2748.80572
G1 X159.052 Y116.786 E2749.68164
G1 X159.14 Y116.829 E2749.68666
G1 X159.22 Y116.944 E2749.69383
G1 X159.22 Y189.78 E2753.42454
G1 X168.78 Y189.78 E2753.91421
G1 X168.783 Y116.962 E2757.64399
G1 X168.862 Y116.828 E2757.65196
G1 X168.958 Y116.78 E2757.65745
G1 X170.86 Y116.78 E2757.75488
G1 X170.86 Y110.22 E2758.09088
G1 X129.137 Y110.221 E2760.22796
G1 X129.136 Y116.78 E2760.56392
G1 X131.041 Y116.78 E2760.66149
G1 X131.189 Y116.885 E2760.67079
G1 X131.219 Y116.973 E2760.67555
G1 X131.22 Y189.78 E2764.40477
G1 X141.78 Y189.78 E2764.94566
G0 F9000 X141.181 Y189.251
;TYPE:FILL
G1 F3600 X131.747 Y179.817 E2765.62903
G1 X131.748 Y179.829
G1 X141.253 Y177.282 E2766.13305
G0 F9000 X141.254 Y178.124
G1 F3600 X131.746 Y168.616 E2766.82178
G0 F9000 X131.747 Y168.896
G1 F3600 X141.253 Y166.349 E2767.32586
G0 F9000 X141.254 Y166.924
G1 F3600 X131.745 Y157.415 E2768.01466
G0 F9000 X131.746 Y157.964
G1 F3600 X141.255 Y155.416 E2768.5189
G0 F9000 X141.255 Y155.724
G1 F3600 X131.744 Y146.213 E2769.20785
G0 F9000 X131.745 Y145.454
G1 F3600 X141.044 Y110.749 E2771.04817
G1 X141.082 Y110.748
G1 X146.585 Y116.252 E2771.44682
G0 F9000 X146.585 Y116.02
G0 X147.769 Y116.02
G0 X147.769 Y116.253
G1 F3600 X149.243 Y110.749 E2771.73868
G0 F9000 X148.549 Y110.748
G1 F3600 X154.052 Y116.252 E2772.13733
G0 F9000 X154.815 Y116.252
G1 F3600 X170.331 Y112.095 E2772.9601
G0 F9000 X170.1 Y112.095
G0 X170.1 Y113.648
G0 X170.332 Y113.648
G1 F3600 X169.634 Y116.253 E2773.09824
G0 F9000 X168.986 Y116.252
G1 F3600 X163.483 Y110.748 E2773.49689
G0 F9000 X162.909 Y110.748
G1 F3600 X159.748 Y122.546 E2774.12251
G0 F9000 X159.748 Y123.13
G1 F3600 X168.252 Y120.851 E2774.57346
G0 F9000 X168.252 Y121.409
G1 F3600 X159.748 Y153.146 E2776.25639
G1 X159.749 Y153.194
G1 X168.252 Y150.916 E2776.70728
G0 F9000 X168.02 Y150.916
G0 X168.02 Y152.01
G0 X168.252 Y152.01
G1 F3600 X159.748 Y183.746 E2778.39016
G0 F9000 X159.749 Y183.258
G1 F3600 X168.251 Y180.98 E2778.841
G0 F9000 X168.02 Y180.98
G0 X168.02 Y182.611
G0 X168.252 Y182.611
G1 F3600 X166.472 Y189.253 E2779.19321
G0 F9000 X167.316 Y189.251
G1 F3600 X159.748 Y181.684 E2779.74138
G0 F9000 X159.98 Y181.684
G0 X159.98 Y180.525
G0 X159.749 Y180.525
G1 F3600 X168.252 Y178.247 E2780.19227
G0 F9000 X168.253 Y178.988
G1 F3600 X159.748 Y170.483 E2780.80834
G0 F9000 X159.748 Y169.593
G1 F3600 X168.251 Y167.314 E2781.25924
G0 F9000 X168.253 Y167.787
G1 F3600 X159.748 Y159.283 E2781.87528
G0 F9000 X159.749 Y158.66
G1 F3600 X168.252 Y156.382 E2782.32617
G1 X168.253 Y156.587
G1 X159.748 Y148.082 E2782.94225
G0 F9000 X159.748 Y147.728
G1 F3600 X168.251 Y145.449 E2783.39315
G1 X168.253 Y145.386
G1 X159.748 Y136.882 E2784.00919
G1 X159.749 Y136.795
G1 X168.252 Y134.517 E2784.46008
G0 F9000 X168.253 Y134.186
G1 F3600 X159.748 Y125.681 E2785.07615
G1 X159.748 Y125.863
G1 X168.251 Y123.584 E2785.52705
G0 F9000 X168.253 Y122.985
G1 F3600 X156.016 Y110.748 E2786.41346
G0 F9000 X156.016 Y110.981
G0 X154.954 Y110.981
G0 X154.954 Y110.749
G1 F3600 X131.743 Y116.968 E2787.64428
G0 F9000 X131.343 Y116.353
G1 F3600 X132.845 Y110.748 E2787.9415
G0 F9000 X133.615 Y110.748
G1 F3600 X141.258 Y118.392 E2788.49517
G0 F9000 X141.026 Y118.391
G0 X141.026 Y117.151
G0 X141.257 Y117.152
G1 F3600 X131.743 Y119.701 E2788.99967
G0 F9000 X131.742 Y120.076
G1 F3600 X141.257 Y129.591 E2789.68891
G0 F9000 X141.257 Y130.354
G1 F3600 X131.746 Y165.849 E2791.57112
G0 F9000 X131.746 Y166.163
G1 F3600 X141.254 Y163.616 E2792.0753
G0 F9000 X141.254 Y163.19
G1 F3600 X131.745 Y153.68 E2792.76413
G0 F9000 X131.978 Y153.68
G0 X131.977 Y152.498
G0 X131.746 Y152.498
G1 F3600 X141.255 Y149.95 E2793.26837
G0 F9000 X141.255 Y150.762
G1 F3600 X131.748 Y186.243 E2795.14984
G0 F9000 X131.748 Y185.295
G1 F3600 X141.252 Y182.748 E2795.65382
G0 F9000 X141.253 Y181.857
G1 F3600 X131.746 Y172.349 E2796.34251
G0 F9000 X131.747 Y171.629
G1 F3600 X141.253 Y169.082 E2796.84659
G0 F9000 X141.022 Y169.081
G0 X141.022 Y170.656
G0 X141.254 Y170.657
G1 F3600 X131.745 Y161.148 E2797.53539
G0 F9000 X131.747 Y160.697
G1 F3600 X141.254 Y158.15 E2798.03952
G0 F9000 X141.023 Y158.149
G0 X141.023 Y159.457
G0 X141.255 Y159.458
G1 F3600 X131.745 Y149.947 E2798.72843
G1 X131.745 Y149.765
G1 X141.255 Y147.217 E2799.23272
G0 F9000 X141.024 Y147.216
G0 X141.024 Y148.257
G0 X141.256 Y148.258
G1 F3600 X131.743 Y138.745 E2799.92181
G1 X131.745 Y138.833
G1 X141.256 Y136.284 E2800.42616
G0 F9000 X141.257 Y137.058
G1 F3600 X131.742 Y127.544 E2801.11536
G0 F9000 X131.743 Y127.9
G1 F3600 X141.257 Y125.351 E2801.61986
G0 F9000 X141.258 Y125.859
G1 F3600 X129.664 Y114.265 E2802.4597
G0 F9000 X129.665 Y114.792
G1 F3600 X144.754 Y110.749 E2803.25983
G1 X144.815 Y110.748
G1 X150.319 Y116.252 E2803.65852
G1 X150.502 Y116.252
G1 X151.977 Y110.748 E2803.95038
G0 F9000 X152.283 Y110.748
G1 F3600 X157.786 Y116.252 E2804.34904
G0 F9000 X158.701 Y116.252
G1 F3600 X160.176 Y110.748 E2804.64091
G0 F9000 X159.75 Y110.748
G1 F3600 X168.253 Y119.251 E2805.25684
G0 F9000 X168.02 Y119.251
G0 X168.02 Y118.118
G0 X168.251 Y118.118
G1 F3600 X159.748 Y120.397 E2805.70774
G0 F9000 X159.98 Y120.397
G0 X159.98 Y121.948
G0 X159.748 Y121.948
G1 F3600 X168.253 Y130.452 E2806.32378
G0 F9000 X168.02 Y130.452
G0 X168.02 Y131.609
G0 X168.252 Y131.609
G1 F3600 X159.748 Y163.346 E2808.00671
G0 F9000 X159.748 Y163.016
G1 F3600 X168.253 Y171.521 E2808.62279
G0 F9000 X168.252 Y172.411
G1 F3600 X163.739 Y189.253 E2809.51588
G1 X163.582 Y189.251
G1 X159.748 Y185.418 E2809.79357
G0 F9000 X159.748 Y185.992
G1 F3600 X168.252 Y183.713 E2810.24452
G0 F9000 X168.253 Y182.721
G1 F3600 X159.748 Y174.217 E2810.86056
G0 F9000 X159.748 Y173.546
G1 F3600 X168.252 Y141.81 E2812.54344
G1 X168.253 Y141.653
G1 X159.748 Y133.148 E2813.15952
G0 F9000 X159.748 Y132.746
G1 F3600 X165.642 Y110.748 E2814.32601
G0 F9000 X165.154 Y110.749
G1 F3600 X144.615 Y116.252 E2815.41514
G0 F9000 X145.036 Y116.252
G1 F3600 X146.51 Y110.748 E2815.70699
G0 F9000 X146.51 Y110.981
G0 X143.777 Y110.981
G0 X143.777 Y110.748
G1 F3600 X142.303 Y116.252 E2815.99884
G0 F9000 X142.852 Y116.252
G1 F3600 X137.348 Y110.748 E2816.39753
G0 F9000 X138.311 Y110.748
G1 F3600 X131.744 Y135.258 E2817.69723
G0 F9000 X131.743 Y135.011
G1 F3600 X141.256 Y144.524 E2818.38632
G1 X141.255 Y144.484
G1 X131.745 Y147.032 E2818.89061
G0 F9000 X131.977 Y147.032
G0 X131.977 Y144.299
G0 X131.744 Y144.299
G1 F3600 X141.256 Y141.75 E2819.39501
G0 F9000 X141.257 Y140.791
G1 F3600 X131.742 Y131.277 E2820.08421
G0 F9000 X131.743 Y130.634
G1 F3600 X141.257 Y128.084 E2820.58873
G0 F9000 X141.026 Y128.083
G0 X141.025 Y130.817
G0 X141.256 Y130.818
G1 F3600 X131.744 Y133.367 E2821.09313
G0 F9000 X131.976 Y133.367
G0 X131.976 Y136.1
G0 X131.744 Y136.1
G1 F3600 X141.257 Y133.551 E2821.59758
G0 F9000 X141.257 Y133.325
G1 F3600 X131.742 Y123.809 E2822.28685
G0 F9000 X131.975 Y123.809
G0 X131.975 Y125.061
G0 X131.743 Y125.061
G1 F3600 X135.578 Y110.749 E2823.04578
G0 F9000 X135.578 Y110.981
G0 X134.554 Y110.981
G0 X134.554 Y110.749
G1 F3600 X129.665 Y112.059 E2823.30503
G0 F9000 X129.665 Y112.415
G1 F3600 X130.111 Y110.749 E2823.39337
G0 F9000 X129.881 Y110.748
G1 F3600 X141.258 Y122.125 E2824.21749
G0 F9000 X141.257 Y122.618
G1 F3600 X131.743 Y125.167 E2824.72199
G0 F9000 X131.975 Y125.167
G0 X131.975 Y122.434
G0 X131.742 Y122.434
G1 F3600 X141.258 Y119.885 E2825.22659
G0 F9000 X141.258 Y120.15
G1 F3600 X131.745 Y155.652 E2827.10917
G0 F9000 X131.746 Y155.231
G1 F3600 X141.254 Y152.683 E2827.61336
G0 F9000 X141.256 Y151.991
G1 F3600 X131.744 Y142.479 E2828.30238
G0 F9000 X131.745 Y141.566
G1 F3600 X141.255 Y139.017 E2828.80668
G0 F9000 X141.025 Y139.016
G0 X141.025 Y140.556
G0 X141.256 Y140.557
G1 F3600 X131.747 Y176.046 E2830.68857
G1 X131.747 Y176.084
G1 X141.253 Y185.59 E2831.37716
G1 X141.252 Y185.481
G1 X131.748 Y188.028 E2831.88113
G0 F9000 X131.747 Y187.285
G1 F3600 X133.714 Y189.251 E2832.02358
G1 X133.675 Y189.253
G1 X141.254 Y160.965 E2833.52361
G1 X141.254 Y160.883
G1 X131.746 Y163.43 E2834.02779
G0 F9000 X131.978 Y163.43
G0 X131.978 Y164.882
G0 X131.745 Y164.882
G1 F3600 X141.254 Y174.39 E2834.71655
G1 X141.253 Y174.549
G1 X131.748 Y177.096 E2835.22058
G0 F9000 X131.98 Y177.096
G0 X131.979 Y174.362
G0 X131.748 Y174.362
G1 F3600 X141.253 Y171.815 E2835.72461
G0 F9000 X141.253 Y171.169
G1 F3600 X136.408 Y189.253 E2836.68355
G0 F9000 X137.38 Y189.252
G1 F3600 X141.252 Y188.215 E2836.88887
G0 F9000 X141.021 Y188.214
G0 X139.141 Y189.02
G0 X139.141 Y189.253
G1 F3600 X141.253 Y181.372 E2837.30678
G0 F9000 X141.021 Y181.371
G0 X141.021 Y180.014
G0 X141.252 Y180.015
G1 F3600 X131.748 Y182.562 E2837.81076
G0 F9000 X131.747 Y183.551
G1 F3600 X137.447 Y189.251 E2838.22365
G1 F1500 E2836.22365
G0 F9000 X137.447 Y189.02
G0 X141.087 Y116.888
G0 X141.313 Y116.388
G0 X141.606 Y116.169
G0 X141.859 Y116.081
G0 X159.168 Y116.082
G0 X159.582 Y116.288
G0 X159.808 Y116.561
G0 X159.898 Y116.819
G0 X159.95 Y189.05
G0 X159.748 Y189.151
G1 F1500 E2838.22365
G1 F3600 X159.849 Y189.251 E2838.23093
G0 F9000 X159.749 Y188.725
G1 F3600 X168.252 Y186.446 E2838.68183
G1 X168.253 Y186.455
G1 X159.748 Y177.95 E2839.29791
G1 X159.748 Y177.792
G1 X168.251 Y175.514 E2839.74879
G0 F9000 X168.253 Y175.254
G1 F3600 X159.748 Y166.75 E2840.36483
G1 X159.749 Y166.86
G1 X168.252 Y164.581 E2840.81573
G0 F9000 X168.253 Y164.054
G1 F3600 X159.748 Y155.549 E2841.43181
G0 F9000 X159.748 Y155.927
G1 F3600 X168.251 Y153.649 E2841.8827
G0 F9000 X168.253 Y152.853
G1 F3600 X159.748 Y144.349 E2842.49874
G0 F9000 X159.749 Y144.995
G1 F3600 X168.252 Y142.716 E2842.94964
G0 F9000 X168.02 Y142.716
G0 X168.02 Y139.983
G0 X168.251 Y139.983
G1 F3600 X159.748 Y142.262 E2843.40054
G0 F9000 X159.748 Y142.946
G1 F3600 X168.376 Y110.747 E2845.10797
G0 F9000 X168.376 Y110.981
G0 X167.217 Y110.981
G0 X167.217 Y110.748
G1 F3600 X170.332 Y113.864 E2845.33365
G0 F9000 X170.331 Y114.828
G1 F3600 X159.748 Y117.664 E2845.89485
G0 F9000 X159.748 Y118.214
G1 F3600 X168.253 Y126.718 E2846.51089
G0 F9000 X168.251 Y126.317
G1 F3600 X159.748 Y128.596 E2846.96179
G0 F9000 X159.748 Y129.415
G1 F3600 X168.253 Y137.919 E2847.57783
G0 F9000 X168.252 Y137.25
G1 F3600 X159.748 Y139.529 E2848.02878
G0 F9000 X159.98 Y139.529
G0 X159.98 Y140.615
G0 X159.748 Y140.615
G1 F3600 X168.253 Y149.12 E2848.64485
G0 F9000 X168.251 Y148.183
G1 F3600 X159.748 Y150.461 E2849.09574
G0 F9000 X159.98 Y150.461
G0 X159.98 Y151.816
G0 X159.748 Y151.816
G1 F3600 X168.253 Y160.32 E2849.71178
G0 F9000 X168.02 Y160.32
G0 X168.02 Y159.115
G0 X168.251 Y159.115
G1 F3600 X159.748 Y161.394 E2850.16268
G0 F9000 X159.98 Y161.394
G0 X159.98 Y164.127
G0 X159.748 Y164.127
G1 F3600 X168.251 Y161.848 E2850.61358
G0 F9000 X168.252 Y162.21
G1 F3600 X161.006 Y189.253 E2852.0476
G0 F9000 X161.006 Y189.02
G0 X167.981 Y189.02
G0 X167.981 Y189.252
G1 F3600 X168.251 Y189.179 E2852.06193
G0 F9000 X168.05 Y189.05
G0 X168.02 Y172.781
G0 X168.252 Y172.781
G1 F3600 X159.749 Y175.059 E2852.51281
G0 F9000 X159.98 Y175.059
G0 X159.98 Y172.326
G0 X159.749 Y172.326
G1 F3600 X168.252 Y170.048 E2852.9637
G1 F1500 E2850.9637
G0 F9000 X168.02 Y170.048
G0 X159.98 Y134.062
G0 X159.748 Y134.062
G1 F1500 E2852.9637
G1 F3600 X168.251 Y131.784 E2853.41459
G0 F9000 X168.02 Y131.784
G0 X168.02 Y129.051
G0 X168.252 Y129.051
G1 F3600 X159.748 Y131.329 E2853.86553
G0 F9000 X159.98 Y131.329
G0 X159.919 Y116.88
G0 X159.808 Y116.561
G0 X159.582 Y116.288
G0 X159.246 Y116.122
G0 X155.968 Y116.02
G0 X155.968 Y116.252
G1 F3600 X157.443 Y110.748 E2854.15739
G0 F9000 X157.443 Y110.981
G0 X154.71 Y110.981
G0 X154.71 Y110.749
G1 F3600 X153.235 Y116.252 E2854.44921
G0 F9000 X153.235 Y115.68
G1 F1500 E2852.44921
G0 F9000 X170.18 Y116.02
G0 X171.746 Y116.02
G0 X174.254 Y116.02
G0 X175.816 Y116.02
G0 X175.576 Y116.34
;TYPE:WALL-INNER
G1 F1500 E2854.44921
G1 F1800 X179.34 Y116.34 E2854.642
G1 X179.34 Y110.66 E2854.93294
G1 X175.576 Y110.66 E2855.12573
G1 X175.576 Y116.34 E2855.41666
G0 F9000 X175.136 Y116.78
;TYPE:WALL-OUTER
G1 F1800 X179.78 Y116.78 E2855.65453
G1 X179.78 Y110.22 E2855.99054
G1 X175.136 Y110.22 E2856.22841
G1 X175.136 Y116.78 E2856.56442
G0 F9000 X175.665 Y116.132
;TYPE:FILL
G1 F3600 X179.251 Y115.171 E2856.75457
G1 X179.252 Y115.317
G1 X175.664 Y111.729 E2857.01448
G0 F9000 X175.896 Y111.729
G0 X176.575 Y110.98
G0 X176.575 Y110.748
G1 F3600 X175.664 Y114.147 E2857.19472
G0 F9000 X175.664 Y113.399
G1 F3600 X179.251 Y112.438 E2857.38493
G0 F9000 X179.252 Y111.584
G1 F3600 X178.416 Y110.748 E2857.44549
G0 F9000 X179.252 Y110.958
G1 F3600 X177.833 Y116.253 E2857.72627
G0 F9000 X177.833 Y116.02
G0 X176.454 Y116.02
G0 X176.454 Y116.252
G1 F3600 X175.664 Y115.463 E2857.78346
G0 F9000 X176.236 Y115.463
G1 F1500 E2855.78346
;MESH:NONMESH
G0 F300 Z4.48
G0 F9000 X175.816 Y116.02
G0 X174.254 Y116.02
G0 X171.734 Y109.347
G0 X128.266 Y109.347
G0 X125.745 Y116.02
G0 X124.18 Y116.02
G0 X124.524 Y116.34
;TIME_ELAPSED:2321.967417
;LAYER:15
;TYPE:WALL-INNER
;MESH:motor-slide.stl
G1 F1500 E2857.78346
G1 F1800 X124.524 Y110.66 E2858.07439
G1 X120.66 Y110.66 E2858.27231
G1 X120.66 Y116.34 E2858.56324
G1 X124.524 Y116.34 E2858.76116
G0 F9000 X124.964 Y116.78
;TYPE:WALL-OUTER
G1 F1800 X124.964 Y110.22 E2859.09716
G1 X120.22 Y110.22 E2859.34016
G1 X120.22 Y116.78 E2859.67616
G1 X124.964 Y116.78 E2859.91915
G0 F9000 X124.436 Y116.224
;TYPE:FILL
G1 F3600 X120.748 Y112.535 E2860.18634
G0 F9000 X120.748 Y111.92
G1 F3600 X124.435 Y110.932 E2860.38185
G1 X124.436 Y110.764
G1 X122.966 Y116.252 E2860.67286
G0 F9000 X122.966 Y116.02
G0 X120.98 Y114.653
G0 X120.749 Y114.653
G1 F3600 X124.436 Y113.665 E2860.86837
G0 F9000 X124.204 Y113.665
G0 X124.204 Y112.49
G0 X124.436 Y112.49
G1 F3600 X122.694 Y110.748 E2860.99456
G0 F9000 X121.708 Y110.747
G1 F3600 X120.748 Y114.328 E2861.18445
G0 F9000 X121.32 Y114.328
G1 F1500 E2859.18445
G0 F9000 X124.29 Y116.106
G0 X125.851 Y116.106
G0 X128.162 Y117.653
G0 X130.347 Y117.653
G0 X131.893 Y116.891
G0 X141.021 Y189.02
G0 X141.34 Y189.34
;TYPE:WALL-INNER
G1 F1500 E2861.18445
G1 F1800 X141.344 Y116.92 E2864.89385
G1 X141.388 Y116.751 E2864.90279
G1 X141.506 Y116.561 E2864.91425
G1 X141.718 Y116.403 E2864.92779
G1 X141.914 Y116.34 E2864.93834
G1 X159.12 Y116.34 E2865.81964
G1 X159.419 Y116.489 E2865.83675
G1 X159.581 Y116.685 E2865.84978
G1 X159.66 Y116.914 E2865.86218
G1 X159.66 Y189.34 E2869.57189
G1 X168.34 Y189.34 E2870.01648
G1 X168.34 Y116.924 E2873.72567
G1 X168.423 Y116.679 E2873.73892
G1 X168.601 Y116.473 E2873.75287
G1 X168.734 Y116.395 E2873.76077
G1 X169 Y116.34 E2873.77468
G1 X170.524 Y116.34 E2873.85274
G1 X170.524 Y110.66 E2874.14367
G1 X129.472 Y110.66 E2876.24638
G1 X129.472 Y116.34 E2876.53731
G1 X131 Y116.34 E2876.61558
G1 X131.265 Y116.395 E2876.62944
G1 X131.487 Y116.553 E2876.6434
G1 X131.611 Y116.749 E2876.65528
G1 X131.656 Y116.92 E2876.66433
G1 X131.66 Y189.34 E2880.37373
G1 X141.34 Y189.34 E2880.86955
G0 F9000 X141.78 Y189.78
;TYPE:WALL-OUTER
G1 F1800 X141.781 Y116.937 E2884.60061
G1 X141.866 Y116.824 E2884.60785
G1 X141.951 Y116.785 E2884.61264
G1 X159.052 Y116.786 E2885.48857
G1 X159.14 Y116.829 E2885.49358
G1 X159.22 Y116.944 E2885.50076
G1 X159.22 Y189.78 E2889.23146
G1 X168.78 Y189.78 E2889.72113
G1 X168.783 Y116.915 E2893.45332
G1 X168.931 Y116.78 E2893.46358
G1 X170.964 Y116.78 E2893.56771
G1 X170.964 Y110.22 E2893.90372
G1 X129.032 Y110.22 E2896.0515
G1 X129.032 Y116.78 E2896.38751
G1 X131.064 Y116.78 E2896.49159
G1 X131.163 Y116.851 E2896.49783
G1 X131.219 Y116.973 E2896.50471
G1 X131.22 Y189.78 E2900.23393
G1 X141.78 Y189.78 E2900.77481
G0 F9000 X141.253 Y189.044
;TYPE:FILL
G1 F3600 X131.747 Y179.537 E2901.46344
G0 F9000 X131.747 Y180.034
G1 F3600 X141.253 Y177.487 E2901.96751
G0 F9000 X141.254 Y177.844
G1 F3600 X131.746 Y168.336 E2902.65624
G0 F9000 X131.747 Y169.101
G1 F3600 X141.253 Y166.554 E2903.16032
G1 X141.254 Y166.644
G1 X131.745 Y157.135 E2903.84912
G0 F9000 X131.978 Y157.135
G0 X131.978 Y158.169
G0 X131.746 Y158.169
G1 F3600 X141.254 Y155.621 E2904.35331
G1 X141.255 Y155.444
G1 X131.744 Y145.933 E2905.04226
G0 F9000 X131.977 Y145.933
G0 X131.977 Y144.69
G0 X131.745 Y144.69
G1 F3600 X140.839 Y110.748 E2906.84211
G0 F9000 X141.361 Y110.748
G1 F3600 X146.865 Y116.252 E2907.2408
G0 F9000 X147.564 Y116.253
G1 F3600 X149.039 Y110.748 E2907.53272
G1 X148.828 Y110.748
G1 X154.332 Y116.252 E2907.93141
G0 F9000 X154.332 Y116.02
G0 X155.581 Y116.02
G0 X155.581 Y116.252
G1 F3600 X170.435 Y112.272 E2908.71908
G0 F9000 X170.436 Y112.494
G1 F3600 X169.429 Y116.253 E2908.91841
G1 X169.267 Y116.252
G1 X163.762 Y110.748 E2909.31713
G0 F9000 X163.762 Y110.98
G0 X162.704 Y110.98
G0 X162.704 Y110.748
G1 F3600 X159.748 Y121.781 E2909.90218
G1 X159.748 Y121.668
G1 X168.253 Y130.172 E2910.51822
G0 F9000 X168.252 Y130.844
G1 F3600 X159.748 Y162.581 E2912.20116
G1 X159.748 Y162.736
G1 X168.253 Y171.241 E2912.81723
G0 F9000 X168.252 Y171.645
G1 F3600 X163.534 Y189.253 E2913.75094
G0 F9000 X163.862 Y189.251
G1 F3600 X159.748 Y185.138 E2914.04891
G0 F9000 X159.98 Y185.138
G0 X159.98 Y186.197
G0 X159.749 Y186.197
G1 F3600 X168.252 Y183.918 E2914.49981
G0 F9000 X168.02 Y183.918
G0 X168.02 Y182.441
G0 X168.253 Y182.441
G1 F3600 X159.748 Y173.937 E2915.11585
G0 F9000 X159.98 Y173.937
G0 X159.98 Y172.781
G0 X159.748 Y172.781
G1 F3600 X168.252 Y141.045 E2916.79873
G0 F9000 X168.253 Y141.373
G1 F3600 X159.748 Y132.868 E2917.41481
G0 F9000 X159.748 Y131.981
G1 F3600 X165.438 Y110.747 E2918.5408
G0 F9000 X165.923 Y110.748
G1 F3600 X145.38 Y116.252 E2919.63014
G0 F9000 X144.831 Y116.252
G1 F3600 X146.306 Y110.747 E2919.92205
G0 F9000 X145.522 Y110.748
G1 F3600 X129.56 Y115.025 E2920.76848
G0 F9000 X129.792 Y115.025
G0 X129.792 Y113.88
G0 X129.56 Y113.88
G1 F3600 X141.258 Y125.579 E2921.61588
G1 X141.257 Y125.556
G1 X131.743 Y128.105 E2922.12038
G0 F9000 X131.742 Y127.264
G1 F3600 X141.257 Y136.778 E2922.80958
G0 F9000 X141.256 Y136.489
G1 F3600 X131.745 Y139.038 E2923.31393
G0 F9000 X131.743 Y138.465
G1 F3600 X141.256 Y147.978 E2924.00302
G0 F9000 X141.255 Y147.422
G1 F3600 X131.745 Y149.97 E2924.50731
G0 F9000 X131.745 Y149.667
G1 F3600 X141.255 Y159.178 E2925.19622
G0 F9000 X141.254 Y158.354
G1 F3600 X131.746 Y160.902 E2925.70041
G1 X131.745 Y160.868
G1 X141.254 Y170.377 E2926.38921
G1 X141.253 Y170.403
G1 X136.203 Y189.253 E2927.38877
G0 F9000 X136.203 Y189.02
G0 X137.727 Y189.02
G0 X137.727 Y189.251
G1 F3600 X131.747 Y183.271 E2927.82194
G0 F9000 X131.748 Y182.767
G1 F3600 X141.252 Y180.22 E2928.32592
G0 F9000 X141.253 Y180.607
G1 F3600 X138.936 Y189.253 E2928.7844
G0 F9000 X138.145 Y189.252
G1 F3600 X141.252 Y188.42 E2928.94915
G0 F9000 X141.021 Y188.419
G0 X141.021 Y185.685
G0 X141.252 Y185.686
G1 F3600 X131.748 Y188.233 E2929.45313
G0 F9000 X131.98 Y188.233
G0 X131.98 Y187.005
G0 X131.747 Y187.005
G1 F3600 X133.994 Y189.251 E2929.61586
G0 F9000 X133.47 Y189.253
G1 F3600 X141.254 Y160.2 E2931.15646
G0 F9000 X141.254 Y161.088
G1 F3600 X131.746 Y163.635 E2931.66063
G0 F9000 X131.745 Y164.602
G1 F3600 X141.254 Y174.11 E2932.3494
G0 F9000 X141.253 Y174.754
G1 F3600 X131.748 Y177.3 E2932.85341
G0 F9000 X131.98 Y177.3
G0 X131.979 Y175.804
G0 X131.747 Y175.804
G1 F3600 X141.253 Y185.31 E2933.542
G0 F9000 X141.021 Y185.309
G0 X141.021 Y182.952
G0 X141.252 Y182.953
G1 F3600 X131.748 Y185.5 E2934.04598
G1 X131.748 Y185.478
G1 X141.255 Y149.996 E2935.92749
G1 X141.255 Y150.155
G1 X131.746 Y152.703 E2936.43173
G0 F9000 X131.745 Y153.4
G1 F3600 X141.254 Y162.91 E2937.12057
G0 F9000 X141.254 Y163.821
G1 F3600 X131.746 Y166.368 E2937.62475
G0 F9000 X131.979 Y166.368
G0 X131.979 Y165.085
G0 X131.746 Y165.085
G1 F3600 X141.257 Y129.589 E2939.50701
G0 F9000 X141.257 Y129.311
G1 F3600 X131.742 Y119.796 E2940.19625
G1 X131.743 Y119.906
G1 X141.257 Y117.357 E2940.70075
G0 F9000 X141.258 Y118.112
G1 F3600 X133.894 Y110.748 E2941.23417
G0 F9000 X133.894 Y110.98
G0 X132.64 Y110.98
G0 X132.64 Y110.747
G1 F3600 X131.156 Y116.287 E2941.52794
G0 F9000 X131.203 Y116.06
G0 X131.678 Y116.378
G0 X131.975 Y117.173
G0 X131.743 Y117.173
G1 F3600 X155.723 Y110.748 E2942.79953
G0 F9000 X156.295 Y110.748
G1 F3600 X168.253 Y122.705 E2943.6657
G0 F9000 X168.02 Y122.705
G0 X168.02 Y123.789
G0 X168.251 Y123.789
G1 F3600 X159.748 Y126.068 E2944.1166
G0 F9000 X159.748 Y125.401
G1 F3600 X168.253 Y133.906 E2944.73267
G0 F9000 X168.252 Y134.722
G1 F3600 X159.749 Y137 E2945.18356
G0 F9000 X159.748 Y136.602
G1 F3600 X168.253 Y145.106 E2945.7996
G0 F9000 X168.251 Y145.654
G1 F3600 X159.748 Y147.933 E2946.2505
G1 X159.748 Y147.802
G1 X168.253 Y156.307 E2946.86658
G0 F9000 X168.252 Y156.587
G1 F3600 X159.749 Y158.865 E2947.31746
G1 X159.748 Y159.003
G1 X168.253 Y167.507 E2947.9335
G1 X168.251 Y167.519
G1 X159.748 Y169.798 E2948.3844
G0 F9000 X159.748 Y170.203
G1 F3600 X168.253 Y178.708 E2949.00048
G0 F9000 X168.252 Y178.452
G1 F3600 X159.749 Y180.73 E2949.45137
G0 F9000 X159.748 Y181.404
G1 F3600 X167.596 Y189.251 E2950.01982
G0 F9000 X167.596 Y189.02
G0 X166.267 Y189.02
G0 X166.267 Y189.253
G1 F3600 X168.252 Y181.846 E2950.41259
G0 F9000 X168.251 Y181.185
G1 F3600 X159.749 Y183.463 E2950.86343
G0 F9000 X159.748 Y182.981
G1 F3600 X168.252 Y151.245 E2952.54632
G1 X168.252 Y151.121
G1 X159.748 Y153.399 E2952.99725
G0 F9000 X159.98 Y153.399
G0 X159.98 Y152.381
G0 X159.748 Y152.381
G1 F3600 X168.252 Y120.644 E2954.68019
G0 F9000 X168.252 Y121.056
G1 F3600 X159.748 Y123.335 E2955.13114
G0 F9000 X159.98 Y123.335
G0 X159.98 Y120.602
G0 X159.748 Y120.602
G1 F3600 X168.251 Y118.323 E2955.58204
G0 F9000 X168.253 Y118.971
G1 F3600 X160.029 Y110.748 E2956.17772
G1 X159.971 Y110.747
G1 X158.496 Y116.252 E2956.46964
G0 F9000 X158.066 Y116.252
G1 F3600 X152.562 Y110.748 E2956.86833
G0 F9000 X151.772 Y110.747
G1 F3600 X150.297 Y116.252 E2957.16025
G0 F9000 X150.599 Y116.252
G1 F3600 X145.095 Y110.748 E2957.55894
G0 F9000 X145.095 Y110.98
G0 X143.572 Y110.98
G0 X143.572 Y110.748
G1 F3600 X142.098 Y116.252 E2957.85079
G0 F9000 X142.098 Y116.02
G0 X143.132 Y116.02
G0 X143.132 Y116.252
G1 F3600 X137.628 Y110.748 E2958.24949
G0 F9000 X138.106 Y110.747
G1 F3600 X131.744 Y134.493 E2959.50867
G0 F9000 X131.743 Y134.731
G1 F3600 X141.256 Y144.244 E2960.19776
G0 F9000 X141.255 Y144.689
G1 F3600 X131.745 Y147.237 E2960.70205
G0 F9000 X131.977 Y147.237
G0 X131.977 Y144.504
G0 X131.744 Y144.504
G1 F3600 X141.256 Y141.955 E2961.20645
G0 F9000 X141.024 Y141.954
G0 X141.025 Y140.51
G0 X141.257 Y140.511
G1 F3600 X131.742 Y130.997 E2961.89565
G1 X131.744 Y130.838
G1 X141.257 Y128.289 E2962.4001
G0 F9000 X141.026 Y128.288
G0 X141.025 Y131.022
G0 X141.256 Y131.023
G1 F3600 X131.744 Y133.572 E2962.9045
G0 F9000 X131.976 Y133.572
G0 X131.976 Y136.305
G0 X131.744 Y136.305
G1 F3600 X141.256 Y133.756 E2963.4089
G0 F9000 X141.257 Y133.045
G1 F3600 X131.742 Y123.529 E2964.09817
G0 F9000 X131.743 Y124.296
G1 F3600 X135.373 Y110.748 E2964.81659
G1 X135.322 Y110.748
G1 X129.561 Y112.291 E2965.12207
G0 F9000 X129.56 Y112.041
G1 F3600 X129.907 Y110.748 E2965.19064
G0 F9000 X130.161 Y110.748
G1 F3600 X141.258 Y121.845 E2965.99447
G0 F9000 X141.257 Y122.823
G1 F3600 X131.743 Y125.372 E2966.49897
G0 F9000 X131.975 Y125.372
G0 X131.975 Y122.639
G0 X131.742 Y122.639
G1 F3600 X141.258 Y120.09 E2967.00357
G0 F9000 X141.258 Y119.385
G1 F3600 X131.745 Y154.887 E2968.88616
G0 F9000 X131.746 Y155.436
G1 F3600 X141.255 Y152.888 E2969.3904
G0 F9000 X141.024 Y152.887
G0 X141.024 Y151.71
G0 X141.256 Y151.711
G1 F3600 X131.744 Y142.199 E2970.07942
G0 F9000 X131.744 Y141.771
G1 F3600 X141.256 Y139.222 E2970.58382
G0 F9000 X141.256 Y139.792
G1 F3600 X131.747 Y175.281 E2972.46571
G0 F9000 X131.748 Y174.567
G1 F3600 X141.253 Y172.02 E2972.96973
G0 F9000 X141.022 Y172.019
G0 X141.022 Y169.286
G0 X141.253 Y169.287
G1 F3600 X131.747 Y171.834 E2973.47381
G0 F9000 X131.746 Y172.069
G1 F3600 X141.253 Y181.577 E2974.16251
G1 F1500 E2972.16251
G0 F9000 X141.021 Y181.576
G0 X141.087 Y116.888
G0 X141.313 Y116.388
G0 X141.606 Y116.169
G0 X141.859 Y116.081
G0 X159.168 Y116.082
G0 X159.582 Y116.288
G0 X159.808 Y116.561
G0 X159.898 Y116.819
G0 X159.98 Y177.997
G0 X159.748 Y177.997
G1 F1500 E2974.16251
G1 F3600 X168.251 Y175.719 E2974.61339
G0 F9000 X168.253 Y174.974
G1 F3600 X159.748 Y166.47 E2975.22943
G0 F9000 X159.749 Y167.065
G1 F3600 X168.252 Y164.786 E2975.68033
G0 F9000 X168.02 Y164.786
G0 X168.02 Y163.774
G0 X168.253 Y163.774
G1 F3600 X159.748 Y155.269 E2976.29641
G0 F9000 X159.748 Y156.132
G1 F3600 X168.251 Y153.854 E2976.7473
G0 F9000 X168.02 Y153.854
G0 X168.02 Y152.573
G0 X168.253 Y152.573
G1 F3600 X159.748 Y144.069 E2977.36334
G0 F9000 X159.98 Y144.069
G0 X159.98 Y145.2
G0 X159.749 Y145.2
G1 F3600 X168.252 Y142.921 E2977.81424
G0 F9000 X168.02 Y142.921
G0 X168.02 Y140.188
G0 X168.251 Y140.188
G1 F3600 X159.748 Y142.467 E2978.26514
G0 F9000 X159.748 Y142.182
G1 F3600 X168.171 Y110.747 E2979.93206
G0 F9000 X167.496 Y110.748
G1 F3600 X170.436 Y113.688 E2980.14502
G0 F9000 X170.204 Y113.688
G0 X170.204 Y115.005
G0 X170.435 Y115.005
G1 F3600 X159.748 Y117.868 E2980.71172
G1 X159.748 Y117.934
G1 X168.253 Y126.438 E2981.32776
G1 X168.251 Y126.522
G1 X159.748 Y128.801 E2981.77866
G0 F9000 X159.748 Y129.135
G1 F3600 X168.253 Y137.639 E2982.3947
G1 X168.251 Y137.455
G1 X159.748 Y139.733 E2982.84559
G0 F9000 X159.748 Y140.335
G1 F3600 X168.253 Y148.84 E2983.46166
G0 F9000 X168.252 Y148.387
G1 F3600 X159.748 Y150.666 E2983.91261
G0 F9000 X159.748 Y151.536
G1 F3600 X168.253 Y160.04 E2984.52865
G0 F9000 X168.251 Y159.32
G1 F3600 X159.748 Y161.598 E2984.97954
G0 F9000 X159.98 Y161.598
G0 X159.98 Y164.332
G0 X159.748 Y164.332
G1 F3600 X168.251 Y162.053 E2985.43044
G0 F9000 X168.252 Y161.445
G1 F3600 X160.801 Y189.253 E2986.90503
G0 F9000 X160.129 Y189.251
G1 F3600 X159.748 Y188.871 E2986.93259
G1 X159.749 Y188.93
G1 X168.252 Y186.651 E2987.38349
G0 F9000 X168.253 Y186.175
G1 F3600 X159.748 Y177.67 E2987.99957
G0 F9000 X159.98 Y177.67
G0 X159.98 Y175.264
G0 X159.749 Y175.264
G1 F3600 X168.252 Y172.986 E2988.45045
G0 F9000 X168.02 Y172.986
G0 X168.02 Y170.252
G0 X168.252 Y170.252
G1 F3600 X159.749 Y172.531 E2988.90135
G1 F1500 E2986.90135
G0 F9000 X159.98 Y172.531
G0 X159.98 Y134.267
G0 X159.748 Y134.267
G1 F1500 E2988.90135
G1 F3600 X168.251 Y131.989 E2989.35224
G0 F9000 X168.02 Y131.989
G0 X168.02 Y129.255
G0 X168.252 Y129.255
G1 F3600 X159.748 Y131.534 E2989.80319
G0 F9000 X159.98 Y131.534
G0 X159.919 Y116.88
G0 X159.808 Y116.561
G0 X159.582 Y116.288
G0 X159.209 Y116.103
G0 X155.763 Y116.02
G0 X155.763 Y116.252
G1 F3600 X157.238 Y110.747 E2990.09511
G0 F9000 X157.238 Y110.98
G0 X154.505 Y110.98
G0 X154.505 Y110.747
G1 F3600 X153.03 Y116.252 E2990.38702
G0 F9000 X153.03 Y115.68
G1 F1500 E2988.38702
G0 F9000 X170.284 Y116.02
G0 X171.852 Y116.02
G0 X174.15 Y116.02
G0 X175.712 Y116.02
G0 X175.472 Y116.34
;TYPE:WALL-INNER
G1 F1500 E2990.38702
G1 F1800 X179.34 Y116.34 E2990.58514
G1 X179.34 Y110.66 E2990.87608
G1 X175.472 Y110.66 E2991.0742
G1 X175.472 Y116.34 E2991.36513
G0 F9000 X175.032 Y116.78
;TYPE:WALL-OUTER
G1 F1800 X179.78 Y116.78 E2991.60833
G1 X179.78 Y110.22 E2991.94433
G1 X175.032 Y110.22 E2992.18753
G1 X175.032 Y116.78 E2992.52354
G0 F9000 X175.706 Y116.106
G0 X175.981 Y116.02
G0 X175.981 Y116.252
;TYPE:FILL
G1 F3600 X179.251 Y115.376 E2992.69693
G0 F9000 X179.252 Y115.037
G1 F3600 X175.56 Y111.345 E2992.96437
G0 F9000 X175.561 Y110.898
G1 F3600 X176.121 Y110.748 E2992.99407
G0 F9000 X176.37 Y110.748
G1 F3600 X175.56 Y113.77 E2993.15432
G1 X175.56 Y113.632
G1 X179.251 Y112.643 E2993.35004
G0 F9000 X179.02 Y112.643
G0 X179.02 Y111.304
G0 X179.252 Y111.304
G1 F3600 X178.696 Y110.748 E2993.39032
G0 F9000 X179.103 Y110.748
G1 F3600 X177.628 Y116.253 E2993.68223
G0 F9000 X176.734 Y116.252
G1 F3600 X175.56 Y115.078 E2993.76727
G0 F9000 X176.132 Y115.078
G1 F1500 E2991.76727
;MESH:NONMESH
G0 F300 Z4.76
G0 F9000 X175.712 Y116.02
G0 X174.15 Y116.02
G0 X171.84 Y109.347
G0 X128.162 Y109.347
G0 X125.851 Y116.02
G0 X124.284 Y116.02
G0 X124.684 Y116.34
;TIME_ELAPSED:2413.190929
;LAYER:16
;TYPE:WALL-INNER
;MESH:motor-slide.stl
G1 F1500 E2993.76727
G1 F1800 X124.684 Y110.66 E2994.05821
G1 X120.66 Y110.66 E2994.26432
G1 X120.66 Y116.34 E2994.55525
G1 X124.684 Y116.34 E2994.76136
G0 F9000 X125.124 Y116.78
;TYPE:WALL-OUTER
G1 F1800 X125.124 Y110.22 E2995.09737
G1 X120.22 Y110.22 E2995.34856
G1 X120.22 Y116.78 E2995.68456
G1 X125.124 Y116.78 E2995.93575
G0 F9000 X124.596 Y116.103
;TYPE:FILL
G1 F3600 X120.748 Y112.255 E2996.21449
G1 X120.748 Y112.125
G1 X124.596 Y111.094 E2996.41854
G0 F9000 X124.235 Y110.748
G1 F3600 X122.76 Y116.253 E2996.71045
G0 F9000 X122.76 Y116.02
G0 X121.011 Y116.02
G0 X121.011 Y116.252
G1 F3600 X120.748 Y115.989 E2996.7295
G0 F9000 X120.98 Y115.989
G0 X120.98 Y114.858
G0 X120.749 Y114.858
G1 F3600 X124.595 Y113.827 E2996.93345
G0 F9000 X124.364 Y113.827
G0 X124.364 Y112.37
G0 X124.596 Y112.37
G1 F3600 X122.974 Y110.748 E2997.05094
G0 F9000 X122.974 Y110.98
G0 X121.503 Y110.98
G0 X121.503 Y110.747
G1 F3600 X120.748 Y113.563 E2997.20028
G0 F9000 X121.32 Y113.563
G1 F1500 E2995.20028
G0 F9000 X124.45 Y116.106
G0 X126.009 Y116.106
G0 X128.004 Y117.653
G0 X130.347 Y117.653
G0 X131.893 Y116.891
G0 X141.021 Y189.02
G0 X141.34 Y189.34
;TYPE:WALL-INNER
G1 F1500 E2997.20028
G1 F1800 X141.344 Y116.92 E3000.90967
G1 X141.388 Y116.751 E3000.91862
G1 X141.506 Y116.561 E3000.93007
G1 X141.718 Y116.403 E3000.94362
G1 X141.914 Y116.34 E3000.95416
G1 X159.12 Y116.34 E3001.83546
G1 X159.419 Y116.489 E3001.85257
G1 X159.581 Y116.685 E3001.8656
G1 X159.66 Y116.914 E3001.87801
G1 X159.66 Y189.34 E3005.58771
G1 X168.34 Y189.34 E3006.03231
G1 X168.34 Y116.924 E3009.7415
G1 X168.471 Y116.604 E3009.75921
G1 X168.767 Y116.381 E3009.77819
G1 X169 Y116.34 E3009.79031
G1 X170.684 Y116.34 E3009.87656
G1 X170.684 Y110.66 E3010.1675
G1 X129.316 Y110.66 E3012.28639
G1 X129.316 Y116.34 E3012.57732
G1 X131 Y116.34 E3012.66358
G1 X131.232 Y116.382 E3012.67566
G1 X131.474 Y116.54 E3012.69046
G1 X131.609 Y116.744 E3012.70299
G1 X131.656 Y116.92 E3012.71232
G1 X131.66 Y189.34 E3016.42172
G1 X141.34 Y189.34 E3016.91753
G0 F9000 X141.78 Y189.78
;TYPE:WALL-OUTER
G1 F1800 X141.781 Y116.937 E3020.64859
G1 X141.866 Y116.824 E3020.65584
G1 X141.951 Y116.785 E3020.66063
G1 X159.052 Y116.786 E3021.53655
G1 X159.14 Y116.829 E3021.54157
G1 X159.22 Y116.944 E3021.54874
G1 X159.22 Y189.78 E3025.27945
G1 X168.78 Y189.78 E3025.76912
G1 X168.783 Y116.962 E3029.4989
G1 X168.823 Y116.868 E3029.50413
G1 X168.939 Y116.78 E3029.51159
G1 X171.124 Y116.78 E3029.62351
G1 X171.124 Y110.22 E3029.95951
G1 X128.876 Y110.22 E3032.12348
G1 X128.876 Y116.78 E3032.45949
G1 X131.056 Y116.78 E3032.57115
G1 X131.158 Y116.846 E3032.57737
G1 X131.219 Y116.973 E3032.58459
G1 X131.22 Y189.78 E3036.31381
G1 X141.78 Y189.78 E3036.8547
G0 F9000 X141.106 Y189.106
G0 X141.021 Y188.763
G0 X141.253 Y188.764
;TYPE:FILL
G1 F3600 X131.747 Y179.257 E3037.54332
G0 F9000 X131.747 Y180.239
G1 F3600 X141.252 Y177.692 E3038.04735
G1 X141.254 Y177.564
G1 X131.746 Y168.056 E3038.73608
G0 F9000 X131.979 Y168.056
G0 X131.979 Y169.306
G0 X131.747 Y169.306
G1 F3600 X141.254 Y166.759 E3039.2402
G0 F9000 X141.254 Y166.364
G1 F3600 X131.745 Y156.854 E3039.92904
G0 F9000 X131.978 Y156.854
G0 X131.978 Y155.641
G0 X131.746 Y155.641
G1 F3600 X141.255 Y153.093 E3040.43328
G0 F9000 X141.023 Y153.092
G0 X141.024 Y151.43
G0 X141.256 Y151.431
G1 F3600 X131.744 Y141.919 E3041.1223
G1 X131.745 Y141.976
G1 X141.256 Y139.427 E3041.62665
G0 F9000 X141.256 Y139.027
G1 F3600 X131.747 Y174.517 E3043.50859
G0 F9000 X131.748 Y174.772
G1 F3600 X141.253 Y172.225 E3044.01262
G0 F9000 X141.022 Y172.224
G0 X141.022 Y173.829
G0 X141.254 Y173.83
G1 F3600 X131.745 Y164.322 E3044.70138
G1 X131.746 Y164.319
G1 X141.257 Y128.824 E3046.5836
G1 X141.257 Y129.031
G1 X131.742 Y119.516 E3047.27283
G0 F9000 X131.743 Y120.111
G1 F3600 X141.257 Y117.562 E3047.77733
G0 F9000 X141.258 Y117.832
G1 F3600 X134.174 Y110.748 E3048.29048
G0 F9000 X135.168 Y110.748
G1 F3600 X131.743 Y123.532 E3048.96837
G0 F9000 X131.742 Y123.249
G1 F3600 X141.257 Y132.765 E3049.65765
G0 F9000 X141.025 Y132.764
G0 X141.025 Y133.96
G0 X141.256 Y133.961
G1 F3600 X131.744 Y136.51 E3050.16205
G0 F9000 X131.976 Y136.51
G0 X131.976 Y138.185
G0 X131.743 Y138.185
G1 F3600 X141.256 Y147.698 E3050.85114
G1 X141.255 Y147.627
G1 X131.745 Y150.175 E3051.35543
G0 F9000 X131.745 Y149.387
G1 F3600 X141.255 Y158.898 E3052.04434
G0 F9000 X141.254 Y158.559
G1 F3600 X131.747 Y161.107 E3052.54848
G0 F9000 X131.745 Y160.588
G1 F3600 X141.254 Y170.097 E3053.23728
G0 F9000 X141.253 Y169.638
G1 F3600 X135.998 Y189.252 E3054.27735
G0 F9000 X135.998 Y189.02
G0 X134.274 Y189.02
G0 X134.274 Y189.251
G1 F3600 X131.747 Y186.725 E3054.46037
G0 F9000 X131.98 Y186.725
G0 X131.98 Y185.705
G0 X131.748 Y185.705
G1 F3600 X141.252 Y183.158 E3054.96434
G0 F9000 X141.021 Y183.157
G0 X141.021 Y181.296
G0 X141.253 Y181.297
G1 F3600 X131.746 Y171.789 E3055.65304
G0 F9000 X131.747 Y172.039
G1 F3600 X141.253 Y169.492 E3056.15712
G0 F9000 X141.022 Y169.491
G0 X141.023 Y164.025
G0 X141.254 Y164.026
G1 F3600 X131.747 Y166.573 E3056.66124
G0 F9000 X131.979 Y166.573
G0 X131.978 Y163.84
G0 X131.746 Y163.84
G1 F3600 X141.254 Y161.293 E3057.16542
G0 F9000 X141.023 Y161.292
G0 X141.023 Y162.629
G0 X141.254 Y162.63
G1 F3600 X131.745 Y153.12 E3057.85426
G1 X131.746 Y152.908
G1 X141.255 Y150.36 E3058.3585
G0 F9000 X141.024 Y150.359
G0 X141.024 Y149.23
G0 X141.255 Y149.231
G1 F3600 X131.748 Y184.714 E3060.24006
G0 F9000 X131.98 Y184.714
G0 X131.98 Y182.991
G0 X131.747 Y182.991
G1 F3600 X138.007 Y189.251 E3060.69352
G0 F9000 X138.731 Y189.253
G1 F3600 X141.253 Y179.842 E3061.19256
G0 F9000 X141.252 Y180.425
G1 F3600 X131.748 Y182.972 E3061.69654
G0 F9000 X131.98 Y182.972
G0 X131.98 Y188.438
G0 X131.749 Y188.438
G1 F3600 X141.252 Y185.891 E3062.20047
G0 F9000 X141.253 Y185.03
G1 F3600 X131.747 Y175.524 E3062.88906
G0 F9000 X131.979 Y175.524
G0 X131.98 Y177.505
G0 X131.748 Y177.505
G1 F3600 X141.253 Y174.959 E3063.39307
G0 F9000 X141.022 Y174.958
G0 X141.021 Y188.624
G0 X141.252 Y188.625
G1 F3600 X138.91 Y189.252 E3063.51725
G0 F9000 X138.91 Y189.02
G0 X133.265 Y189.02
G0 X133.265 Y189.253
G1 F3600 X141.255 Y159.434 E3065.09848
G0 F9000 X141.023 Y159.433
G0 X141.023 Y155.825
G0 X141.254 Y155.826
G1 F3600 X131.746 Y158.374 E3065.60267
G0 F9000 X131.978 Y158.374
G0 X131.978 Y154.123
G0 X131.745 Y154.123
G1 F3600 X141.258 Y118.62 E3067.4853
G0 F9000 X141.026 Y118.619
G0 X141.026 Y120.294
G0 X141.258 Y120.295
G1 F3600 X131.743 Y122.844 E3067.98985
G0 F9000 X131.975 Y122.844
G0 X131.975 Y125.577
G0 X131.744 Y125.577
G1 F3600 X141.257 Y123.028 E3068.4943
G0 F9000 X141.026 Y123.027
G0 X141.026 Y121.564
G0 X141.258 Y121.565
G1 F3600 X130.441 Y110.748 E3069.27785
G0 F9000 X129.702 Y110.747
G1 F3600 X129.404 Y111.86 E3069.33687
G0 F9000 X129.404 Y112.538
G1 F3600 X136.085 Y110.748 E3069.69115
G0 F9000 X136.085 Y110.98
G0 X137.901 Y110.98
G0 X137.901 Y110.747
G1 F3600 X131.744 Y133.728 E3070.90976
G1 X131.744 Y133.776
G1 X141.256 Y131.228 E3071.41415
G0 F9000 X141.025 Y131.227
G0 X141.026 Y128.493
G0 X141.257 Y128.494
G1 F3600 X131.744 Y131.043 E3071.9186
G0 F9000 X131.742 Y130.717
G1 F3600 X141.257 Y140.231 E3072.6078
G0 F9000 X141.025 Y140.23
G0 X141.024 Y142.159
G0 X141.256 Y142.16
G1 F3600 X131.744 Y144.709 E3073.1122
G0 F9000 X131.744 Y143.926
G1 F3600 X140.634 Y110.748 E3074.87154
G0 F9000 X140.634 Y110.98
G0 X141.641 Y110.98
G0 X141.641 Y110.748
G1 F3600 X147.145 Y116.252 E3075.27024
G1 X147.359 Y116.252
G1 X148.834 Y110.748 E3075.5621
G0 F9000 X149.108 Y110.748
G1 F3600 X154.612 Y116.252 E3075.9608
G0 F9000 X155.558 Y116.252
G1 F3600 X157.033 Y110.748 E3076.25266
G0 F9000 X156.575 Y110.748
G1 F3600 X168.253 Y122.425 E3077.09854
G0 F9000 X168.02 Y122.425
G0 X168.02 Y121.261
G0 X168.252 Y121.261
G1 F3600 X159.748 Y123.54 E3077.54949
G0 F9000 X159.98 Y123.54
G0 X159.98 Y125.121
G0 X159.748 Y125.121
G1 F3600 X168.253 Y133.626 E3078.16557
G0 F9000 X168.02 Y133.626
G0 X168.02 Y134.927
G0 X168.252 Y134.927
G1 F3600 X159.749 Y137.205 E3078.61646
G0 F9000 X159.748 Y136.322
G1 F3600 X168.253 Y144.826 E3079.2325
G0 F9000 X168.02 Y144.826
G0 X168.02 Y145.859
G0 X168.251 Y145.859
G1 F3600 X159.748 Y148.138 E3079.6834
G0 F9000 X159.748 Y147.522
G1 F3600 X168.253 Y156.027 E3080.29947
G0 F9000 X168.252 Y156.792
G1 F3600 X159.749 Y159.07 E3080.75036
G0 F9000 X159.748 Y158.723
G1 F3600 X168.253 Y167.227 E3081.3664
G0 F9000 X168.251 Y167.724
G1 F3600 X159.748 Y170.003 E3081.8173
G1 X159.748 Y169.923
G1 X168.253 Y178.428 E3082.43338
G0 F9000 X168.252 Y178.657
G1 F3600 X159.749 Y180.935 E3082.88426
G1 X159.748 Y181.124
G1 X167.876 Y189.251 E3083.473
G0 F9000 X167.876 Y189.02
G0 X166.062 Y189.02
G0 X166.062 Y189.253
G1 F3600 X168.252 Y181.081 E3083.90634
G0 F9000 X168.251 Y181.39
G1 F3600 X159.748 Y183.668 E3084.35723
G0 F9000 X159.98 Y183.668
G0 X159.98 Y184.858
G0 X159.748 Y184.858
G1 F3600 X164.142 Y189.251 E3084.67548
G0 F9000 X163.329 Y189.253
G1 F3600 X168.252 Y170.881 E3085.6497
G1 X168.253 Y170.961
G1 X159.748 Y162.456 E3086.26578
G0 F9000 X159.748 Y161.817
G1 F3600 X168.252 Y130.08 E3087.94871
G1 X168.253 Y129.892
G1 X159.748 Y121.388 E3088.56475
G0 F9000 X159.748 Y121.016
G1 F3600 X162.499 Y110.748 E3089.10923
G0 F9000 X162.499 Y110.98
G0 X164.042 Y110.98
G0 X164.042 Y110.748
G1 F3600 X169.547 Y116.252 E3089.50796
G0 F9000 X169.224 Y116.253
G1 F3600 X170.596 Y111.131 E3089.77956
G0 F9000 X170.364 Y111.131
G0 X170.364 Y112.434
G0 X170.595 Y112.434
G1 F3600 X156.346 Y116.252 E3090.53515
G0 F9000 X156.346 Y116.02
G0 X158.291 Y116.02
G0 X158.291 Y116.252
G1 F3600 X159.766 Y110.747 E3090.82707
G0 F9000 X160.309 Y110.748
G1 F3600 X168.253 Y118.691 E3091.40247
G1 X168.251 Y118.528
G1 X159.748 Y120.806 E3091.85336
G0 F9000 X159.98 Y120.806
G0 X159.98 Y118.073
G0 X159.748 Y118.073
G1 F3600 X170.595 Y115.167 E3092.42854
G0 F9000 X170.364 Y115.167
G0 X170.364 Y113.568
G0 X170.596 Y113.568
G1 F3600 X167.776 Y110.748 E3092.63281
G1 X167.966 Y110.747
G1 X159.748 Y141.416 E3094.25912
G0 F9000 X159.98 Y141.416
G0 X159.98 Y142.671
G0 X159.748 Y142.671
G1 F3600 X168.251 Y140.393 E3094.71
G1 X168.252 Y140.281
G1 X159.748 Y172.016 E3096.39284
G0 F9000 X159.749 Y172.736
G1 F3600 X168.252 Y170.457 E3096.84374
G0 F9000 X168.02 Y170.457
G0 X168.02 Y173.191
G0 X168.251 Y173.191
G1 F3600 X159.749 Y175.469 E3097.29458
G0 F9000 X159.98 Y175.469
G0 X159.98 Y173.657
G0 X159.748 Y173.657
G1 F3600 X168.253 Y182.161 E3097.91062
G0 F9000 X168.02 Y182.161
G0 X168.02 Y184.123
G0 X168.252 Y184.123
G1 F3600 X159.749 Y186.402 E3098.36152
G0 F9000 X159.98 Y186.402
G0 X159.98 Y188.591
G0 X159.748 Y188.591
G1 F3600 X160.409 Y189.251 E3098.40936
G1 X160.596 Y189.253
G1 X168.252 Y160.681 E3099.92447
G0 F9000 X168.253 Y159.76
G1 F3600 X159.748 Y151.256 E3100.54051
G0 F9000 X159.748 Y151.616
G1 F3600 X168.252 Y119.88 E3102.22339
G0 F9000 X168.02 Y119.88
G0 X168.02 Y123.994
G0 X168.251 Y123.994
G1 F3600 X159.748 Y126.273 E3102.67429
G0 F9000 X159.98 Y126.273
G0 X159.98 Y128.855
G0 X159.748 Y128.855
G1 F3600 X168.253 Y137.359 E3103.29033
G0 F9000 X168.251 Y137.66
G1 F3600 X159.748 Y139.938 E3103.74122
G1 X159.748 Y140.055
G1 X168.253 Y148.56 E3104.35729
G1 X168.252 Y148.592
G1 X159.749 Y150.871 E3104.8082
G0 F9000 X159.98 Y150.871
G0 X159.98 Y153.604
G0 X159.748 Y153.604
G1 F3600 X168.252 Y151.325 E3105.25915
G0 F9000 X168.252 Y150.48
G1 F3600 X159.748 Y182.217 E3106.94208
G0 F9000 X159.98 Y182.217
G0 X159.98 Y178.202
G0 X159.748 Y178.202
G1 F3600 X168.251 Y175.924 E3107.39297
G0 F9000 X168.02 Y175.924
G0 X168.02 Y174.694
G0 X168.253 Y174.694
G1 F3600 X159.748 Y166.19 E3108.00901
G0 F9000 X159.98 Y166.19
G0 X159.98 Y167.27
G0 X159.749 Y167.27
G1 F3600 X168.252 Y164.991 E3108.45991
G0 F9000 X168.02 Y164.991
G0 X168.02 Y163.494
G0 X168.253 Y163.494
G1 F3600 X159.748 Y154.989 E3109.07598
G0 F9000 X159.98 Y154.989
G0 X159.98 Y156.337
G0 X159.748 Y156.337
G1 F3600 X168.251 Y154.059 E3109.52687
G0 F9000 X168.02 Y154.059
G0 X168.02 Y152.293
G0 X168.253 Y152.293
G1 F3600 X159.748 Y143.789 E3110.14291
G0 F9000 X159.98 Y143.789
G0 X159.98 Y145.405
G0 X159.748 Y145.405
G1 F3600 X168.252 Y143.126 E3110.59386
G0 F9000 X168.02 Y143.126
G0 X168.02 Y141.093
G0 X168.253 Y141.093
G1 F3600 X159.748 Y132.588 E3111.20994
G0 F9000 X159.748 Y131.739
G1 F3600 X168.252 Y129.46 E3111.66089
G0 F9000 X168.02 Y129.46
G0 X168.02 Y126.727
G0 X168.252 Y126.727
G1 F3600 X159.748 Y129.006 E3112.11184
G0 F9000 X159.98 Y129.006
G0 X159.98 Y131.216
G0 X159.748 Y131.216
G1 F3600 X165.232 Y110.748 E3113.1972
G0 F9000 X165.232 Y110.98
G0 X166.686 Y110.98
G0 X166.686 Y110.748
G1 F3600 X146.145 Y116.252 E3114.28644
G0 F9000 X146.145 Y116.02
G0 X144.626 Y116.02
G0 X144.626 Y116.252
G1 F3600 X146.101 Y110.747 E3114.57835
G1 X146.285 Y110.748
G1 X129.404 Y115.272 E3115.47352
G0 F9000 X129.636 Y115.272
G0 X129.636 Y113.445
G0 X129.404 Y113.445
G1 F3600 X141.258 Y125.299 E3116.33219
G0 F9000 X141.257 Y125.761
G1 F3600 X131.743 Y128.31 E3116.83669
G0 F9000 X131.975 Y128.31
G0 X131.975 Y126.984
G0 X131.742 Y126.984
G1 F3600 X141.257 Y136.498 E3117.52589
G1 X141.256 Y136.694
G1 X131.745 Y139.243 E3118.03024
G0 F9000 X131.976 Y139.243
G0 X131.976 Y134.451
G0 X131.743 Y134.451
G1 F3600 X141.257 Y143.965 E3118.7194
G0 F9000 X141.255 Y144.894
G1 F3600 X131.745 Y147.442 E3119.22369
G0 F9000 X131.977 Y147.442
G0 X131.977 Y145.653
G0 X131.744 Y145.653
G1 F3600 X141.255 Y155.164 E3119.91264
G1 F1500 E3117.91264
G0 F9000 X141.023 Y155.163
G0 X141.087 Y116.888
G0 X141.313 Y116.388
G0 X141.606 Y116.169
G0 X141.859 Y116.081
G0 X159.168 Y116.082
G0 X159.582 Y116.288
G0 X159.808 Y116.561
G0 X159.898 Y116.819
G0 X159.98 Y161.803
G0 X159.748 Y161.803
G1 F1500 E3119.91264
G1 F3600 X168.251 Y159.525 E3120.36353
G0 F9000 X168.02 Y159.525
G0 X168.02 Y162.258
G0 X168.252 Y162.258
G1 F3600 X159.748 Y164.536 E3120.81446
G0 F9000 X159.98 Y164.536
G0 X159.98 Y177.39
G0 X159.748 Y177.39
G1 F3600 X168.253 Y185.895 E3121.43054
G0 F9000 X168.252 Y186.856
G1 F3600 X159.749 Y189.135 E3121.88144
G1 F1500 E3119.88144
G0 F9000 X159.95 Y189.05
G0 X159.98 Y134.472
G0 X159.748 Y134.472
G1 F1500 E3121.88144
G1 F3600 X168.251 Y132.194 E3122.33233
G0 F9000 X168.02 Y132.194
G0 X168.02 Y126.158
G0 X168.253 Y126.158
G1 F3600 X159.748 Y117.654 E3122.94837
G0 F9000 X159.98 Y117.654
G0 X159.919 Y116.88
G0 X159.808 Y116.561
G0 X159.582 Y116.288
G0 X159.246 Y116.122
G0 X158.346 Y116.02
G0 X158.346 Y116.252
G1 F3600 X152.842 Y110.748 E3123.34706
G0 F9000 X152.842 Y110.98
G0 X151.567 Y110.98
G0 X151.567 Y110.747
G1 F3600 X150.092 Y116.252 E3123.63898
G0 F9000 X150.879 Y116.252
G1 F3600 X145.375 Y110.748 E3124.03767
G0 F9000 X145.375 Y110.98
G0 X143.367 Y110.98
G0 X143.367 Y110.748
G1 F3600 X141.893 Y116.252 E3124.32952
G0 F9000 X141.893 Y116.02
G0 X143.412 Y116.02
G0 X143.412 Y116.252
G1 F3600 X137.908 Y110.748 E3124.72821
G0 F9000 X137.908 Y110.98
G0 X132.435 Y110.98
G0 X132.435 Y110.747
G1 F3600 X130.96 Y116.253 E3125.02018
G0 F9000 X130.96 Y116.02
G0 X131.324 Y116.139
G0 X131.66 Y116.359
G0 X131.812 Y116.589
G0 X131.975 Y117.378
G0 X131.743 Y117.378
G1 F3600 X156.486 Y110.748 E3126.33224
G0 F9000 X156.486 Y110.98
G0 X154.3 Y110.98
G0 X154.3 Y110.747
G1 F3600 X152.825 Y116.252 E3126.62415
G0 F9000 X152.825 Y115.68
G1 F1500 E3124.62415
G0 F9000 X170.444 Y116.02
G0 X172.01 Y116.02
G0 X173.992 Y116.02
G0 X175.556 Y116.02
G0 X175.316 Y116.34
;TYPE:WALL-INNER
G1 F1500 E3126.62415
G1 F1800 X179.34 Y116.34 E3126.83027
G1 X179.34 Y110.66 E3127.1212
G1 X175.316 Y110.66 E3127.32731
G1 X175.316 Y116.34 E3127.61824
G0 F9000 X174.876 Y116.78
;TYPE:WALL-OUTER
G1 F1800 X179.78 Y116.78 E3127.86943
G1 X179.78 Y110.22 E3128.20544
G1 X174.876 Y110.22 E3128.45662
G1 X174.876 Y116.78 E3128.79263
G1 F1500 E3126.79263
G0 F9000 X175.55 Y116.106
G0 X176.744 Y116.02
G0 X176.744 Y116.253
;TYPE:FILL
G1 F1500 E3128.79263
G1 F3600 X179.251 Y115.581 E3128.92557
G0 F9000 X179.252 Y114.757
G1 F3600 X175.404 Y110.909 E3129.20431
G0 F9000 X175.405 Y111.145
G1 F3600 X176.888 Y110.748 E3129.28295
G0 F9000 X176.165 Y110.748
G1 F3600 X175.404 Y113.588 E3129.43354
G0 F9000 X175.405 Y113.878
G1 F3600 X179.251 Y112.848 E3129.63748
G0 F9000 X179.02 Y112.848
G0 X179.02 Y111.024
G0 X179.252 Y111.024
G1 F3600 X178.977 Y110.748 E3129.65744
G1 X178.898 Y110.748
G1 X177.423 Y116.253 E3129.94935
G0 F9000 X177.014 Y116.252
G1 F3600 X175.404 Y114.643 E3130.06594
G0 F9000 X175.976 Y114.643
G1 F1500 E3128.06594
;MESH:NONMESH
G0 F300 Z5.04
G0 F9000 X175.556 Y116.02
G0 X173.992 Y116.02
G0 X171.998 Y109.347
G0 X128.004 Y109.347
G0 X126.009 Y116.02
G0 X124.444 Y116.02
G0 X124.912 Y116.34
;TIME_ELAPSED:2509.506773
;LAYER:17
;TYPE:WALL-INNER
;MESH:motor-slide.stl
G1 F1500 E3130.06594
G1 F1800 X124.912 Y110.66 E3130.35687
G1 X120.66 Y110.66 E3130.57466
G1 X120.66 Y116.34 E3130.8656
G1 X124.912 Y116.34 E3131.08339
G1 F1500 E3129.08339
G0 F9000 X124.592 Y116.02
G0 X120.894 Y116.106
G0 X120.22 Y116.78
;TYPE:WALL-OUTER
G1 F1500 E3131.08339
G1 F1800 X125.352 Y116.78 E3131.34625
G1 X125.352 Y110.22 E3131.68226
G1 X120.22 Y110.22 E3131.94512
G1 X120.22 Y116.78 E3132.28113
G0 F9000 X120.894 Y116.106
G0 X120.98 Y115.709
G0 X120.748 Y115.709
;TYPE:FILL
G1 F3600 X121.291 Y116.252 E3132.32046
G0 F9000 X121.291 Y116.02
G0 X122.556 Y116.02
G0 X122.556 Y116.253
G1 F3600 X124.031 Y110.748 E3132.61238
G0 F9000 X123.254 Y110.748
G1 F3600 X124.824 Y112.318 E3132.7261
G0 F9000 X124.592 Y112.318
G0 X124.592 Y111.238
G0 X124.824 Y111.238
G1 F3600 X120.748 Y112.33 E3132.94224
G0 F9000 X120.748 Y111.975
G1 F3600 X124.824 Y116.052 E3133.23753
G0 F9000 X124.592 Y116.052
G0 X124.592 Y113.971
G0 X124.823 Y113.971
G1 F3600 X120.748 Y115.063 E3133.45362
G0 F9000 X120.98 Y115.063
G0 X120.98 Y112.798
G0 X120.748 Y112.798
G1 F3600 X121.298 Y110.747 E3133.56238
G0 F9000 X121.32 Y111.32
G1 F1500 E3131.56238
G0 F9000 X124.678 Y116.106
G0 X126.238 Y116.106
G0 X127.774 Y117.653
G0 X130.347 Y117.653
G0 X131.893 Y116.891
G0 X141.021 Y189.02
G0 X141.34 Y189.34
;TYPE:WALL-INNER
G1 F1500 E3133.56238
G1 F1800 X141.344 Y116.92 E3137.27178
G1 X141.388 Y116.751 E3137.28072
G1 X141.506 Y116.561 E3137.29218
G1 X141.718 Y116.403 E3137.30572
G1 X141.914 Y116.34 E3137.31627
G1 X159.12 Y116.34 E3138.19757
G1 X159.419 Y116.489 E3138.21468
G1 X159.581 Y116.685 E3138.22771
G1 X159.66 Y116.914 E3138.24011
G1 X159.66 Y189.34 E3141.94982
G1 X168.34 Y189.34 E3142.39441
G1 X168.34 Y116.924 E3146.1036
G1 X168.481 Y116.591 E3146.12213
G1 X168.681 Y116.421 E3146.13557
G1 X169 Y116.34 E3146.15243
G1 X170.912 Y116.34 E3146.25036
G1 X170.912 Y110.66 E3146.5413
G1 X129.085 Y110.661 E3148.6837
G1 X129.084 Y116.34 E3148.97458
G1 X131 Y116.34 E3149.07272
G1 X131.31 Y116.417 E3149.08908
G1 X131.504 Y116.573 E3149.10183
G1 X131.614 Y116.756 E3149.11277
G1 X131.656 Y116.92 E3149.12144
G1 X131.66 Y189.34 E3152.83084
G1 X141.34 Y189.34 E3153.32665
G0 F9000 X141.78 Y189.78
;TYPE:WALL-OUTER
G1 F1800 X141.781 Y116.937 E3157.05771
G1 X141.866 Y116.824 E3157.06496
G1 X141.951 Y116.785 E3157.06975
G1 X159.052 Y116.786 E3157.94567
G1 X159.14 Y116.829 E3157.95069
G1 X159.22 Y116.944 E3157.95786
G1 X159.22 Y189.78 E3161.68857
G1 X168.78 Y189.78 E3162.17824
G1 X168.783 Y116.962 E3165.90802
G1 X168.856 Y116.833 E3165.91561
G1 X168.953 Y116.78 E3165.92127
G1 X171.352 Y116.78 E3166.04415
G1 X171.352 Y110.22 E3166.38016
G1 X128.645 Y110.221 E3168.56764
G1 X128.644 Y116.78 E3168.90359
G1 X131.047 Y116.78 E3169.02668
G1 X131.14 Y116.829 E3169.03206
G1 X131.219 Y116.937 E3169.03891
G1 X131.22 Y189.78 E3172.76998
G1 X141.78 Y189.78 E3173.31087
G0 F9000 X141.106 Y189.106
G0 X141.021 Y188.829
G0 X141.252 Y188.83
;TYPE:FILL
G1 F3600 X139.675 Y189.252 E3173.39448
G0 F9000 X139.675 Y189.02
G0 X138.526 Y189.02
G0 X138.526 Y189.253
G1 F3600 X141.253 Y179.076 E3173.93414
G0 F9000 X141.021 Y179.075
G0 X141.021 Y177.896
G0 X141.252 Y177.897
G1 F3600 X131.747 Y180.444 E3174.43817
G0 F9000 X131.98 Y180.444
G0 X131.98 Y178.977
G0 X131.747 Y178.977
G1 F3600 X141.253 Y188.484 E3175.12679
G0 F9000 X141.021 Y188.483
G0 X141.021 Y186.096
G0 X141.251 Y186.097
G1 F3600 X131.749 Y188.643 E3175.63066
G0 F9000 X131.98 Y188.643
G0 X133.06 Y189.02
G0 X133.06 Y189.253
G1 F3600 X141.255 Y158.669 E3177.25245
G1 X141.255 Y158.617
G1 X131.745 Y149.107 E3177.94133
G0 F9000 X131.977 Y149.107
G0 X131.977 Y150.38
G0 X131.745 Y150.38
G1 F3600 X141.255 Y147.832 E3178.44562
G0 F9000 X141.256 Y147.418
G1 F3600 X131.744 Y137.906 E3179.13464
G0 F9000 X131.976 Y137.906
G0 X131.976 Y136.715
G0 X131.743 Y136.715
G1 F3600 X141.256 Y134.166 E3179.63909
G0 F9000 X141.025 Y134.165
G0 X141.025 Y132.484
G0 X141.257 Y132.485
G1 F3600 X131.742 Y122.97 E3180.32832
G1 X131.743 Y123.049
G1 X141.257 Y120.5 E3180.83282
G0 F9000 X141.258 Y121.285
G1 F3600 X130.721 Y110.748 E3181.59609
G0 F9000 X130.721 Y110.981
G0 X129.497 Y110.981
G0 X129.497 Y110.749
G1 F3600 X129.173 Y111.958 E3181.6602
G0 F9000 X129.174 Y112.805
G1 F3600 X136.848 Y110.749 E3182.06713
G0 F9000 X137.696 Y110.748
G1 F3600 X131.744 Y132.962 E3183.24508
G0 F9000 X131.976 Y132.962
G0 X131.976 Y133.981
G0 X131.744 Y133.981
G1 F3600 X141.256 Y131.433 E3183.74947
G0 F9000 X141.025 Y131.432
G0 X141.026 Y128.75
G0 X141.257 Y128.751
G1 F3600 X131.742 Y119.237 E3184.43867
G0 F9000 X131.975 Y119.237
G0 X131.975 Y120.316
G0 X131.742 Y120.316
G1 F3600 X141.257 Y117.767 E3184.94322
G1 X141.258 Y117.854
G1 X131.745 Y153.357 E3186.82585
G0 F9000 X131.746 Y153.113
G1 F3600 X141.255 Y150.565 E3187.33009
G0 F9000 X141.256 Y151.151
G1 F3600 X131.744 Y141.639 E3188.01911
G0 F9000 X131.744 Y142.181
G1 F3600 X141.256 Y139.632 E3188.52351
G0 F9000 X141.257 Y139.951
G1 F3600 X131.743 Y130.438 E3189.21264
G0 F9000 X131.744 Y131.248
G1 F3600 X141.257 Y128.699 E3189.71709
G0 F9000 X141.257 Y128.059
G1 F3600 X131.746 Y163.554 E3191.5993
G0 F9000 X131.746 Y164.042
G1 F3600 X141.254 Y173.55 E3192.28803
G0 F9000 X141.022 Y173.549
G0 X141.022 Y172.429
G0 X141.253 Y172.43
G1 F3600 X131.748 Y174.977 E3192.79206
G0 F9000 X131.747 Y175.244
G1 F3600 X141.253 Y184.75 E3193.48065
G0 F9000 X141.021 Y184.749
G0 X141.021 Y183.362
G0 X141.252 Y183.363
G1 F3600 X131.748 Y185.91 E3193.98462
G0 F9000 X131.747 Y186.445
G1 F3600 X134.554 Y189.251 E3194.18792
G0 F9000 X134.554 Y189.02
G0 X135.793 Y189.02
G0 X135.793 Y189.253
G1 F3600 X141.254 Y168.872 E3195.26867
G0 F9000 X141.253 Y169.697
G1 F3600 X131.747 Y172.244 E3195.77275
G0 F9000 X131.747 Y171.51
G1 F3600 X141.253 Y181.017 E3196.46137
G0 F9000 X141.253 Y180.63
G1 F3600 X131.748 Y183.177 E3196.9654
G0 F9000 X131.747 Y182.711
G1 F3600 X138.287 Y189.251 E3197.43913
G0 F9000 X138.287 Y189.02
G0 X131.98 Y183.949
G0 X131.748 Y183.949
G1 F3600 X141.255 Y148.465 E3199.32075
G0 F9000 X141.024 Y148.464
G0 X141.024 Y145.098
G0 X141.255 Y145.099
G1 F3600 X131.745 Y147.647 E3199.82504
G0 F9000 X131.977 Y147.647
G0 X131.977 Y145.373
G0 X131.745 Y145.373
G1 F3600 X141.255 Y154.884 E3200.51395
G0 F9000 X141.023 Y154.883
G0 X141.023 Y156.03
G0 X141.254 Y156.031
G1 F3600 X131.745 Y158.579 E3201.01819
G0 F9000 X131.978 Y158.579
G0 X131.978 Y160.308
G0 X131.745 Y160.308
G1 F3600 X141.254 Y169.817 E3201.70699
G0 F9000 X141.022 Y169.816
G0 X141.022 Y166.963
G0 X141.254 Y166.964
G1 F3600 X131.747 Y169.511 E3202.21112
G0 F9000 X131.979 Y169.511
G0 X131.979 Y167.776
G0 X131.746 Y167.776
G1 F3600 X141.254 Y177.284 E3202.89985
G0 F9000 X141.021 Y177.283
G0 X141.022 Y175.163
G0 X141.253 Y175.164
G1 F3600 X131.748 Y177.71 E3203.40386
G0 F9000 X131.98 Y177.71
G0 X131.979 Y173.751
G0 X131.747 Y173.751
G1 F3600 X141.256 Y138.262 E3205.28575
G0 F9000 X141.025 Y138.261
G0 X141.025 Y136.898
G0 X141.256 Y136.899
G1 F3600 X131.744 Y139.448 E3205.79015
G0 F9000 X131.976 Y139.448
G0 X131.977 Y143.16
G0 X131.745 Y143.16
G1 F3600 X140.429 Y110.748 E3207.50887
G0 F9000 X140.429 Y110.981
G0 X141.922 Y110.981
G0 X141.922 Y110.748
G1 F3600 X147.425 Y116.252 E3207.90752
G0 F9000 X147.154 Y116.252
G1 F3600 X148.629 Y110.749 E3208.19934
G0 F9000 X149.389 Y110.748
G1 F3600 X154.892 Y116.252 E3208.598
G0 F9000 X155.353 Y116.252
G1 F3600 X156.828 Y110.748 E3208.88986
G1 X156.856 Y110.748
G1 X168.253 Y122.145 E3209.71543
G0 F9000 X168.251 Y121.466
G1 F3600 X159.748 Y123.745 E3210.16633
G0 F9000 X159.98 Y123.745
G0 X159.98 Y124.841
G0 X159.748 Y124.841
G1 F3600 X168.253 Y133.345 E3210.78237
G0 F9000 X168.251 Y132.399
G1 F3600 X159.748 Y134.677 E3211.23325
G0 F9000 X159.98 Y134.677
G0 X159.98 Y136.042
G0 X159.748 Y136.042
G1 F3600 X168.253 Y144.546 E3211.84929
G0 F9000 X168.02 Y144.546
G0 X168.02 Y143.331
G0 X168.251 Y143.331
G1 F3600 X159.748 Y145.61 E3212.30019
G0 F9000 X159.98 Y145.61
G0 X159.98 Y147.242
G0 X159.748 Y147.242
G1 F3600 X168.253 Y155.747 E3212.91627
G0 F9000 X168.02 Y155.747
G0 X168.02 Y156.997
G0 X168.252 Y156.997
G1 F3600 X159.749 Y159.275 E3213.36716
G0 F9000 X159.748 Y158.443
G1 F3600 X168.253 Y166.947 E3213.9832
G0 F9000 X168.251 Y167.929
G1 F3600 X159.748 Y170.208 E3214.4341
G0 F9000 X159.748 Y169.643
G1 F3600 X168.253 Y178.148 E3215.05017
G0 F9000 X168.252 Y178.862
G1 F3600 X159.749 Y181.14 E3215.50106
G0 F9000 X159.748 Y180.844
G1 F3600 X168.156 Y189.251 E3216.11007
G0 F9000 X168.05 Y189.05
G0 X168.02 Y187.061
G0 X168.251 Y187.061
G1 F3600 X160.076 Y189.252 E3216.54358
G0 F9000 X160.391 Y189.253
G1 F3600 X168.252 Y159.915 E3218.0993
G1 X168.251 Y159.73
G1 X159.748 Y162.008 E3218.55019
G1 X159.748 Y162.176
G1 X168.253 Y170.681 E3219.16626
G1 X168.252 Y170.662
G1 X159.749 Y172.941 E3219.61716
G0 F9000 X159.748 Y173.377
G1 F3600 X168.253 Y181.881 E3220.2332
G0 F9000 X168.251 Y181.595
G1 F3600 X159.748 Y183.873 E3220.68409
G0 F9000 X159.748 Y184.577
G1 F3600 X164.422 Y189.251 E3221.02266
G0 F9000 X164.422 Y189.02
G0 X163.124 Y189.02
G0 X163.124 Y189.253
G1 F3600 X168.252 Y170.115 E3222.0375
G0 F9000 X168.02 Y170.115
G0 X168.02 Y173.396
G0 X168.251 Y173.396
G1 F3600 X159.749 Y175.674 E3222.48834
G0 F9000 X159.98 Y175.674
G0 X159.98 Y177.11
G0 X159.748 Y177.11
G1 F3600 X168.253 Y185.615 E3223.10442
G0 F9000 X168.02 Y185.615
G0 X168.02 Y184.328
G0 X168.252 Y184.328
G1 F3600 X159.749 Y186.606 E3223.5553
G0 F9000 X159.98 Y186.606
G0 X159.98 Y188.311
G0 X159.748 Y188.311
G1 F3600 X160.689 Y189.251 E3223.62343
G0 F9000 X160.689 Y189.02
G0 X165.857 Y189.02
G0 X165.857 Y189.253
G1 F3600 X168.252 Y180.316 E3224.09734
G0 F9000 X168.02 Y180.316
G0 X168.02 Y176.129
G0 X168.252 Y176.129
G1 F3600 X159.748 Y178.407 E3224.54828
G0 F9000 X159.98 Y178.407
G0 X159.98 Y181.452
G0 X159.748 Y181.452
G1 F3600 X168.252 Y149.714 E3226.23126
G0 F9000 X168.252 Y148.797
G1 F3600 X159.749 Y151.076 E3226.68216
G1 X159.748 Y150.976
G1 X168.253 Y159.48 E3227.2982
G0 F9000 X168.02 Y159.48
G0 X168.02 Y162.463
G0 X168.252 Y162.463
G1 F3600 X159.749 Y164.741 E3227.74909
G0 F9000 X159.98 Y164.741
G0 X159.98 Y165.91
G0 X159.748 Y165.91
G1 F3600 X168.253 Y174.414 E3228.36513
G0 F9000 X168.02 Y174.414
G0 X159.98 Y171.251
G0 X159.748 Y171.251
G1 F3600 X168.252 Y139.514 E3230.04806
G0 F9000 X168.02 Y139.514
G0 X168.02 Y140.598
G0 X168.251 Y140.598
G1 F3600 X159.748 Y142.876 E3230.49895
G0 F9000 X159.748 Y143.509
G1 F3600 X168.253 Y152.013 E3231.11499
G0 F9000 X168.251 Y151.531
G1 F3600 X159.748 Y153.809 E3231.56588
G0 F9000 X159.748 Y154.709
G1 F3600 X168.253 Y163.214 E3232.18195
G0 F9000 X168.02 Y163.214
G0 X168.02 Y165.196
G0 X168.251 Y165.196
G1 F3600 X159.749 Y167.474 E3232.63279
G0 F9000 X159.98 Y167.474
G0 X159.98 Y161.052
G0 X159.748 Y161.052
G1 F3600 X168.252 Y129.313 E3234.31583
G0 F9000 X168.253 Y129.612
G1 F3600 X159.748 Y121.108 E3234.93186
G1 X159.748 Y121.011
G1 X168.251 Y118.733 E3235.38275
G0 F9000 X168.253 Y118.411
G1 F3600 X160.59 Y110.748 E3235.93784
G0 F9000 X160.59 Y110.981
G0 X159.561 Y110.981
G0 X159.561 Y110.748
G1 F3600 X158.086 Y116.252 E3236.2297
G0 F9000 X158.626 Y116.252
G1 F3600 X153.123 Y110.748 E3236.62836
G0 F9000 X154.095 Y110.748
G1 F3600 X152.62 Y116.252 E3236.92022
G0 F9000 X152.62 Y116.02
G0 X151.159 Y116.02
G0 X151.159 Y116.252
G1 F3600 X145.656 Y110.748 E3237.31888
G0 F9000 X145.896 Y110.748
G1 F3600 X144.421 Y116.252 E3237.61075
G0 F9000 X143.692 Y116.252
G1 F3600 X138.188 Y110.748 E3238.00944
G0 F9000 X138.188 Y110.981
G0 X134.963 Y110.981
G0 X134.963 Y110.749
G1 F3600 X131.743 Y122.766 E3238.64667
G0 F9000 X131.975 Y122.766
G0 X131.975 Y125.782
G0 X131.743 Y125.782
G1 F3600 X141.257 Y123.233 E3239.15117
G0 F9000 X141.026 Y123.232
G0 X141.026 Y125.018
G0 X141.258 Y125.019
G1 F3600 X129.172 Y112.933 E3240.02664
G0 F9000 X129.404 Y112.934
G0 X129.404 Y115.54
G0 X129.172 Y115.539
G1 F3600 X147.049 Y110.748 E3240.97463
G0 F9000 X147.049 Y110.981
G0 X143.162 Y110.981
G0 X143.162 Y110.748
G1 F3600 X141.664 Y116.339 E3241.2711
G0 F9000 X141.526 Y116.153
G0 X141.148 Y116.654
G0 X141.026 Y117.551
G0 X141.258 Y117.552
G1 F3600 X134.455 Y110.748 E3241.76393
G0 F9000 X134.455 Y110.981
G0 X132.23 Y110.981
G0 X132.23 Y110.748
G1 F3600 X130.755 Y116.253 E3242.05584
G0 F9000 X130.755 Y116.02
G0 X131.431 Y116.187
G0 X131.702 Y116.405
G0 X131.873 Y116.797
G0 X131.975 Y117.583
G0 X131.742 Y117.583
G1 F3600 X157.25 Y110.748 E3243.40847
G0 F9000 X157.25 Y110.981
G0 X162.294 Y110.981
G0 X162.294 Y110.748
G1 F3600 X159.748 Y120.251 E3243.91238
G0 F9000 X159.98 Y120.251
G0 X159.98 Y118.278
G0 X159.748 Y118.278
G1 F3600 X170.823 Y115.311 E3244.49966
G0 F9000 X170.592 Y115.311
G0 X169.827 Y116.02
G0 X169.827 Y116.252
G1 F3600 X164.323 Y110.748 E3244.89835
G0 F9000 X165.028 Y110.748
G1 F3600 X159.748 Y130.451 E3245.94316
G0 F9000 X159.98 Y130.451
G0 X159.98 Y129.211
G0 X159.749 Y129.211
G1 F3600 X168.252 Y126.932 E3246.39406
G0 F9000 X168.02 Y126.932
G0 X168.02 Y125.878
G0 X168.253 Y125.878
G1 F3600 X159.748 Y117.374 E3247.0101
G0 F9000 X159.98 Y117.374
G0 X159.919 Y116.88
G0 X159.808 Y116.561
G0 X159.582 Y116.288
G0 X159.246 Y116.122
G0 X157.111 Y116.02
G0 X157.111 Y116.252
G1 F3600 X170.824 Y112.578 E3247.73726
G0 F9000 X170.824 Y113.515
G1 F3600 X168.057 Y110.748 E3247.93769
G0 F9000 X167.761 Y110.747
G1 F3600 X159.748 Y140.651 E3249.52343
G0 F9000 X159.748 Y140.143
G1 F3600 X168.251 Y137.865 E3249.97432
G0 F9000 X168.253 Y137.079
G1 F3600 X159.748 Y128.575 E3250.59036
G0 F9000 X159.98 Y128.575
G0 X159.98 Y126.478
G0 X159.748 Y126.478
G1 F3600 X168.251 Y124.199 E3251.04126
G0 F9000 X168.02 Y124.199
G0 X168.02 Y119.113
G0 X168.252 Y119.113
G1 F3600 X159.748 Y150.851 E3252.72424
G0 F9000 X159.98 Y150.851
G0 X159.98 Y148.343
G0 X159.748 Y148.343
G1 F3600 X168.251 Y146.064 E3253.17514
G0 F9000 X168.02 Y146.064
G0 X168.02 Y148.28
G0 X168.253 Y148.28
G1 F3600 X159.748 Y139.775 E3253.79122
G0 F9000 X159.98 Y139.775
G0 X159.98 Y137.41
G0 X159.749 Y137.41
G1 F3600 X168.252 Y135.132 E3254.2421
G0 F9000 X168.02 Y135.132
G0 X168.02 Y129.666
G0 X168.251 Y129.666
G1 F3600 X159.748 Y131.944 E3254.69299
G0 F9000 X159.748 Y132.308
G1 F3600 X168.253 Y140.813 E3255.30907
G0 F9000 X168.02 Y140.813
G0 X168.02 Y154.264
G0 X168.251 Y154.264
G1 F3600 X159.748 Y156.542 E3255.75996
G1 F1500 E3253.75996
G0 F9000 X159.98 Y156.542
G0 X159.919 Y116.88
G0 X159.808 Y116.561
G0 X159.582 Y116.288
G0 X159.168 Y116.082
G0 X141.859 Y116.081
G0 X141.606 Y116.169
G0 X141.313 Y116.388
G0 X141.148 Y116.654
G0 X141.023 Y158.763
G0 X141.254 Y158.764
G1 F1500 E3255.75996
G1 F3600 X131.746 Y161.312 E3256.26415
G0 F9000 X131.978 Y161.312
G0 X131.978 Y164.045
G0 X131.746 Y164.045
G1 F3600 X141.254 Y161.498 E3256.76832
G0 F9000 X141.254 Y162.35
G1 F3600 X131.745 Y152.84 E3257.45716
G0 F9000 X131.977 Y152.84
G0 X131.978 Y155.846
G0 X131.746 Y155.846
G1 F3600 X141.255 Y153.298 E3257.9614
G0 F9000 X141.023 Y153.297
G0 X141.024 Y143.684
G0 X141.257 Y143.685
G1 F3600 X131.743 Y134.171 E3258.65056
G0 F9000 X131.976 Y134.171
G0 X131.975 Y128.515
G0 X131.743 Y128.515
G1 F3600 X141.257 Y125.966 E3259.15506
G0 F9000 X141.026 Y125.965
G0 X131.975 Y126.704
G0 X131.743 Y126.704
G1 F3600 X141.257 Y136.218 E3259.84423
G0 F9000 X141.025 Y136.217
G0 X141.024 Y142.364
G0 X141.255 Y142.365
G1 F3600 X131.745 Y144.914 E3260.34853
G0 F9000 X131.977 Y144.914
G0 X131.978 Y156.575
G0 X131.745 Y156.575
G1 F3600 X141.254 Y166.084 E3261.03733
G0 F9000 X141.022 Y166.083
G0 X141.023 Y164.23
G0 X141.253 Y164.231
G1 F3600 X131.747 Y166.778 E3261.54141
G1 F1500 E3259.54141
G0 F9000 X131.979 Y166.778
G0 X141.148 Y116.654
G0 X141.313 Y116.388
G0 X141.606 Y116.169
G0 X146.91 Y116.02
G0 X146.91 Y116.252
G1 F1500 E3261.54141
G1 F3600 X167.451 Y110.748 E3262.63065
G0 F9000 X167.451 Y110.981
G0 X170.494 Y110.981
G0 X170.494 Y110.748
G1 F3600 X169.019 Y116.252 E3262.92251
G0 F9000 X169.019 Y116.02
G0 X151.362 Y110.981
G0 X151.362 Y110.748
G1 F3600 X149.887 Y116.252 E3263.21438
G0 F9000 X149.887 Y115.68
G1 F1500 E3261.21438
G0 F9000 X170.672 Y116.02
G0 X172.239 Y116.02
G0 X173.762 Y116.02
G0 X175.324 Y116.02
G0 X175.084 Y116.34
;TYPE:WALL-INNER
G1 F1500 E3263.21438
G1 F1800 X179.34 Y116.34 E3263.43238
G1 X179.34 Y110.66 E3263.72331
G1 X175.084 Y110.66 E3263.9413
G1 X175.084 Y116.34 E3264.23224
G1 F1500 E3262.23224
G0 F9000 X175.404 Y116.02
G0 X179.106 Y116.106
G0 X179.78 Y116.78
;TYPE:WALL-OUTER
G1 F1500 E3264.23224
G1 F1800 X179.78 Y110.22 E3264.56824
G1 X174.644 Y110.22 E3264.83131
G1 X174.644 Y116.78 E3265.16732
G1 X179.78 Y116.78 E3265.43039
G0 F9000 X179.106 Y116.106
G0 X179.02 Y115.786
G0 X179.251 Y115.786
;TYPE:FILL
G1 F3600 X177.509 Y116.253 E3265.52277
G1 X177.294 Y116.252
G1 X175.172 Y114.131 E3265.67644
G1 X175.173 Y114.145
G1 X179.251 Y113.053 E3265.89268
G0 F9000 X179.02 Y113.053
G0 X179.02 Y114.477
G0 X179.252 Y114.477
G1 F3600 X175.523 Y110.748 E3266.16279
G0 F9000 X175.96 Y110.748
G1 F3600 X175.172 Y113.689 E3266.31875
G0 F9000 X175.404 Y113.689
G0 X175.404 Y111.412
G0 X175.172 Y111.412
G1 F3600 X177.652 Y110.748 E3266.45025
G0 F9000 X177.652 Y110.98
G0 X178.693 Y110.98
G0 X178.693 Y110.748
G1 F3600 X177.218 Y116.253 E3266.74216
G0 F9000 X177.218 Y115.68
G1 F1500 E3264.74216
;MESH:NONMESH
G0 F300 Z5.32
G0 F9000 X175.324 Y116.05
G0 X173.762 Y116.05
G0 X172.227 Y109.347
G0 X127.774 Y109.347
G0 X126.238 Y116.05
G0 X125.256 Y116.34
;TIME_ELAPSED:2609.099045
;LAYER:18
;TYPE:WALL-INNER
;MESH:motor-slide.stl
G1 F1500 E3266.74216
G1 F1800 X125.256 Y110.66 E3267.0331
G1 X120.66 Y110.66 E3267.26851
G1 X120.66 Y116.34 E3267.55944
G1 X125.256 Y116.34 E3267.79485
G1 F1500 E3265.79485
G0 F9000 X124.936 Y116.02
G0 X120.894 Y116.106
G0 X120.22 Y116.78
;TYPE:WALL-OUTER
G1 F1500 E3267.79485
G1 F1800 X125.696 Y116.78 E3268.07533
G1 X125.696 Y110.22 E3268.41134
G1 X120.22 Y110.22 E3268.69183
G1 X120.22 Y116.78 E3269.02783
G0 F9000 X120.894 Y116.106
G0 X120.98 Y115.429
G0 X120.748 Y115.429
;TYPE:FILL
G1 F3600 X121.571 Y116.252 E3269.08745
G0 F9000 X122.351 Y116.253
G1 F3600 X123.826 Y110.747 E3269.37941
G0 F9000 X123.534 Y110.748
G1 F3600 X125.169 Y112.383 E3269.49785
G0 F9000 X124.936 Y112.383
G0 X124.936 Y111.35
G0 X125.168 Y111.35
G1 F3600 X120.748 Y112.535 E3269.73224
G0 F9000 X120.748 Y112.033
G1 F3600 X121.093 Y110.747 E3269.80044
G0 F9000 X121.093 Y110.98
G0 X120.98 Y111.695
G0 X120.748 Y111.695
G1 F3600 X125.169 Y116.116 E3270.12068
G1 X125.084 Y116.252
G1 X125.168 Y115.939 E3270.13728
G0 F9000 X124.936 Y115.939
G0 X124.936 Y114.083
G0 X125.168 Y114.083
G1 F3600 X120.748 Y115.268 E3270.37167
G0 F9000 X121.32 Y115.268
G1 F1500 E3268.37167
G0 F9000 X125.022 Y116.106
G0 X126.581 Y116.106
G0 X127.43 Y117.653
G0 X130.347 Y117.653
G0 X131.893 Y116.891
G0 X141.021 Y189.02
G0 X141.34 Y189.34
;TYPE:WALL-INNER
G1 F1500 E3270.37167
G1 F1800 X141.344 Y116.92 E3274.08107
G1 X141.388 Y116.751 E3274.09001
G1 X141.506 Y116.561 E3274.10147
G1 X141.718 Y116.403 E3274.11501
G1 X141.914 Y116.34 E3274.12555
G1 X159.12 Y116.34 E3275.00686
G1 X159.419 Y116.489 E3275.02397
G1 X159.581 Y116.685 E3275.03699
G1 X159.66 Y116.914 E3275.0494
G1 X159.66 Y189.34 E3278.7591
G1 X168.34 Y189.34 E3279.2037
G1 X168.34 Y116.924 E3282.91289
G1 X168.422 Y116.679 E3282.92612
G1 X168.599 Y116.475 E3282.93996
G1 X168.918 Y116.34 E3282.9577
G1 X171.256 Y116.34 E3283.07745
G1 X171.256 Y110.66 E3283.36839
G1 X128.74 Y110.66 E3285.54608
G1 X128.74 Y116.34 E3285.83702
G1 X131.084 Y116.34 E3285.95708
G1 X131.258 Y116.392 E3285.96638
G1 X131.484 Y116.55 E3285.9805
G1 X131.611 Y116.748 E3285.99255
G1 X131.656 Y116.92 E3286.00166
G1 X131.66 Y189.34 E3289.71105
G1 X141.34 Y189.34 E3290.20687
G0 F9000 X141.78 Y189.78
;TYPE:WALL-OUTER
G1 F1800 X141.781 Y116.937 E3293.93793
G1 X141.866 Y116.824 E3293.94517
G1 X141.951 Y116.785 E3293.94996
G1 X159.052 Y116.786 E3294.82589
G1 X159.14 Y116.829 E3294.83091
G1 X159.22 Y116.944 E3294.83808
G1 X159.22 Y189.78 E3298.56878
G1 X168.78 Y189.78 E3299.05845
G1 X168.783 Y116.962 E3302.78824
G1 X168.866 Y116.825 E3302.79644
G1 X168.961 Y116.783 E3302.80176
G1 X171.696 Y116.78 E3302.94185
G1 X171.696 Y110.22 E3303.27786
G1 X128.3 Y110.22 E3305.50063
G1 X128.3 Y116.78 E3305.83663
G1 X131.038 Y116.783 E3305.97688
G1 X131.187 Y116.882 E3305.98604
G1 X131.219 Y116.973 E3305.99098
G1 X131.22 Y189.78 E3309.7202
G1 X141.78 Y189.78 E3310.26109
G0 F9000 X141.054 Y189.253
;TYPE:FILL
G1 F3600 X141.252 Y188.514 E3310.30027
G0 F9000 X141.253 Y188.204
G1 F3600 X131.747 Y178.697 E3310.9889
G0 F9000 X131.748 Y177.915
G1 F3600 X141.253 Y175.369 E3311.49291
G0 F9000 X141.022 Y175.368
G0 X141.022 Y177.003
G0 X141.254 Y177.004
G1 F3600 X131.746 Y167.496 E3312.18164
G0 F9000 X131.747 Y166.983
G1 F3600 X141.253 Y164.436 E3312.68572
G0 F9000 X141.023 Y164.435
G0 X141.022 Y165.803
G0 X141.254 Y165.804
G1 F3600 X131.745 Y156.294 E3313.37456
G0 F9000 X131.746 Y156.051
G1 F3600 X141.255 Y153.503 E3313.8788
G0 F9000 X141.023 Y153.502
G0 X141.023 Y154.603
G0 X141.255 Y154.604
G1 F3600 X131.744 Y145.093 E3314.56774
G1 X131.745 Y145.119
G1 X141.255 Y142.57 E3315.07204
G0 F9000 X141.257 Y143.405
G1 F3600 X131.743 Y133.891 E3315.76121
G0 F9000 X131.744 Y134.186
G1 F3600 X141.257 Y131.638 E3316.26565
G0 F9000 X141.257 Y132.205
G1 F3600 X131.742 Y122.689 E3316.95492
G0 F9000 X131.743 Y123.254
G1 F3600 X141.257 Y120.705 E3317.45942
G0 F9000 X141.258 Y121.005
G1 F3600 X131.001 Y110.748 E3318.2024
G0 F9000 X131.001 Y110.98
G0 X132.025 Y110.98
G0 X132.025 Y110.747
G1 F3600 X130.55 Y116.252 E3318.49432
G0 F9000 X130.55 Y116.02
G0 X129.038 Y116.02
G0 X129.038 Y116.252
G1 F3600 X128.828 Y116.042 E3318.50953
G1 X128.828 Y115.836
G1 X147.817 Y110.748 E3319.51647
G0 F9000 X148.424 Y110.748
G1 F3600 X146.949 Y116.252 E3319.80834
G0 F9000 X147.675 Y116.252
G1 F3600 X168.217 Y110.748 E3320.89762
G1 X168.337 Y110.748
G1 X171.168 Y113.58 E3321.10273
G0 F9000 X171.168 Y112.69
G1 F3600 X157.876 Y116.252 E3321.80757
G1 X157.881 Y116.252
G1 X159.356 Y110.747 E3322.09949
G0 F9000 X159.356 Y110.98
G0 X158.017 Y110.98
G0 X158.017 Y110.748
G1 F3600 X131.743 Y117.788 E3323.49273
G0 F9000 X131.975 Y117.788
G0 X131.975 Y118.956
G0 X131.742 Y118.956
G1 F3600 X141.257 Y128.471 E3324.18197
G0 F9000 X141.257 Y128.904
G1 F3600 X131.744 Y131.453 E3324.68642
G0 F9000 X131.744 Y132.198
G1 F3600 X137.491 Y110.747 E3325.8239
G1 X137.618 Y110.748
G1 X128.829 Y113.103 E3326.28996
G0 F9000 X128.828 Y112.478
G1 F3600 X129.292 Y110.747 E3326.38175
G0 F9000 X129.292 Y110.98
G0 X129.06 Y112.308
G0 X128.828 Y112.308
G1 F3600 X141.258 Y124.739 E3327.28218
G0 F9000 X141.026 Y124.738
G0 X141.026 Y123.437
G0 X141.257 Y123.438
G1 F3600 X131.743 Y125.987 E3327.78668
G0 F9000 X131.742 Y126.424
G1 F3600 X141.257 Y135.938 E3328.47588
G0 F9000 X141.025 Y135.937
G0 X141.025 Y137.103
G0 X141.256 Y137.104
G1 F3600 X131.744 Y139.653 E3328.98028
G0 F9000 X131.976 Y139.653
G0 X131.977 Y141.359
G0 X131.744 Y141.359
G1 F3600 X141.256 Y150.871 E3329.6693
G1 X141.255 Y150.77
G1 X131.746 Y153.318 E3330.17354
G0 F9000 X131.745 Y152.593
G1 F3600 X141.258 Y117.089 E3332.05622
G1 X141.258 Y117.272
G1 X134.735 Y110.748 E3332.52877
G1 X134.758 Y110.748
G1 X131.743 Y122.002 E3333.12553
G0 F9000 X131.975 Y122.002
G0 X131.975 Y120.521
G0 X131.742 Y120.521
G1 F3600 X141.258 Y117.972 E3333.63013
G0 F9000 X141.026 Y117.971
G0 X141.076 Y117.093
G0 X141.199 Y116.458
G0 X141.395 Y116.58
G1 F3600 X142.958 Y110.748 E3333.93939
G0 F9000 X142.202 Y110.748
G1 F3600 X147.705 Y116.252 E3334.33805
G0 F9000 X147.705 Y116.02
G0 X149.682 Y116.02
G0 X149.682 Y116.252
G1 F3600 X151.157 Y110.748 E3334.62991
G0 F9000 X151.157 Y110.98
G0 X149.669 Y110.98
G0 X149.669 Y110.748
G1 F3600 X155.172 Y116.252 E3335.02857
G1 X155.148 Y116.253
G1 X156.623 Y110.748 E3335.32048
G0 F9000 X157.136 Y110.748
G1 F3600 X168.253 Y121.865 E3336.12576
G1 X168.252 Y121.671
G1 X159.748 Y123.95 E3336.57672
G0 F9000 X159.748 Y124.561
G1 F3600 X168.253 Y133.065 E3337.19275
G0 F9000 X168.251 Y132.604
G1 F3600 X159.748 Y134.882 E3337.64364
G0 F9000 X159.748 Y135.762
G1 F3600 X168.253 Y144.266 E3338.25968
G0 F9000 X168.252 Y143.536
G1 F3600 X159.748 Y145.815 E3338.71063
G0 F9000 X159.98 Y145.815
G0 X159.98 Y146.962
G0 X159.748 Y146.962
G1 F3600 X168.253 Y155.467 E3339.32671
G0 F9000 X168.251 Y154.469
G1 F3600 X159.748 Y156.747 E3339.7776
G0 F9000 X159.98 Y156.747
G0 X159.98 Y158.163
G0 X159.748 Y158.163
G1 F3600 X168.253 Y166.667 E3340.39363
G0 F9000 X168.02 Y166.667
G0 X168.02 Y165.401
G0 X168.251 Y165.401
G1 F3600 X159.749 Y167.679 E3340.84447
G0 F9000 X159.98 Y167.679
G0 X159.98 Y169.363
G0 X159.748 Y169.363
G1 F3600 X168.253 Y177.868 E3341.46055
G0 F9000 X168.02 Y177.868
G0 X168.02 Y179.067
G0 X168.252 Y179.067
G1 F3600 X159.749 Y181.345 E3341.91144
G0 F9000 X159.748 Y180.687
G1 F3600 X168.252 Y148.95 E3343.59437
G1 X168.252 Y149.002
G1 X159.749 Y151.281 E3344.04527
G0 F9000 X159.748 Y150.696
G1 F3600 X168.253 Y159.2 E3344.66131
G1 X168.252 Y159.151
G1 X160.186 Y189.253 E3346.25755
G0 F9000 X160.841 Y189.252
G1 F3600 X168.251 Y187.266 E3346.65049
G0 F9000 X168.02 Y187.266
G0 X168.02 Y189.068
G0 X168.253 Y189.068
G1 F3600 X159.748 Y180.564 E3347.26653
G0 F9000 X159.98 Y180.564
G0 X159.98 Y178.612
G0 X159.749 Y178.612
G1 F3600 X168.252 Y176.334 E3347.71741
G0 F9000 X168.02 Y176.334
G0 X168.02 Y174.134
G0 X168.253 Y174.134
G1 F3600 X159.748 Y165.63 E3348.33345
G0 F9000 X159.749 Y164.946
G1 F3600 X168.252 Y162.668 E3348.78434
G0 F9000 X168.253 Y162.934
G1 F3600 X159.748 Y154.429 E3349.40042
G0 F9000 X159.748 Y154.014
G1 F3600 X168.251 Y151.736 E3349.8513
G1 X168.253 Y151.733
G1 X159.748 Y143.229 E3350.46734
G1 X159.748 Y143.081
G1 X168.252 Y140.803 E3350.91828
G0 F9000 X168.253 Y140.533
G1 F3600 X159.748 Y132.028 E3351.53436
G1 X159.748 Y132.149
G1 X168.251 Y129.871 E3351.98524
G0 F9000 X168.253 Y129.332
G1 F3600 X159.748 Y120.828 E3352.60128
G0 F9000 X159.748 Y121.216
G1 F3600 X168.251 Y118.938 E3353.05217
G0 F9000 X168.252 Y118.349
G1 F3600 X159.748 Y150.086 E3354.73511
G0 F9000 X159.98 Y150.086
G0 X159.98 Y148.548
G0 X159.748 Y148.548
G1 F3600 X168.251 Y146.269 E3355.18601
G0 F9000 X168.02 Y146.269
G0 X168.02 Y148
G0 X168.253 Y148
G1 F3600 X159.748 Y139.495 E3355.80208
G0 F9000 X159.748 Y139.886
G1 F3600 X167.556 Y110.747 E3357.34725
G0 F9000 X167.556 Y110.98
G0 X170.289 Y110.98
G0 X170.289 Y110.748
G1 F3600 X168.805 Y116.284 E3357.64082
G0 F9000 X168.738 Y116.062
G0 X170.107 Y116.02
G0 X170.107 Y116.252
G1 F3600 X164.603 Y110.748 E3358.03951
G0 F9000 X164.823 Y110.748
G1 F3600 X159.748 Y129.686 E3359.04376
G0 F9000 X159.749 Y129.416
G1 F3600 X168.252 Y127.137 E3359.49466
G0 F9000 X168.02 Y127.137
G0 X168.02 Y128.549
G0 X168.252 Y128.549
G1 F3600 X159.748 Y160.286 E3361.17759
G0 F9000 X159.749 Y159.48
G1 F3600 X168.252 Y157.202 E3361.62848
G0 F9000 X168.02 Y157.202
G0 X168.02 Y159.935
G0 X168.251 Y159.935
G1 F3600 X159.748 Y162.213 E3362.07937
G0 F9000 X159.748 Y161.896
G1 F3600 X168.253 Y170.401 E3362.69544
G0 F9000 X168.252 Y170.867
G1 F3600 X159.749 Y173.146 E3363.14634
G1 X159.748 Y173.097
G1 X168.253 Y181.601 E3363.76238
G1 X168.251 Y181.8
G1 X159.748 Y184.078 E3364.21327
G1 X159.748 Y184.297
G1 X164.702 Y189.251 E3364.57212
G0 F9000 X165.652 Y189.253
G1 F3600 X168.252 Y179.551 E3365.0866
G0 F9000 X168.02 Y179.551
G0 X168.02 Y184.533
G0 X168.252 Y184.533
G1 F3600 X159.749 Y186.811 E3365.53749
G0 F9000 X159.98 Y186.811
G0 X159.98 Y188.031
G0 X159.748 Y188.031
G1 F3600 X160.969 Y189.251 E3365.6259
G0 F9000 X160.969 Y189.02
G0 X162.919 Y189.02
G0 X162.919 Y189.253
G1 F3600 X168.252 Y169.35 E3366.6813
G0 F9000 X168.02 Y169.35
G0 X168.02 Y168.134
G0 X168.251 Y168.134
G1 F3600 X159.748 Y170.413 E3367.1322
G1 X159.748 Y170.486
G1 X168.252 Y138.75 E3368.81509
G0 F9000 X168.251 Y138.07
G1 F3600 X159.748 Y140.348 E3369.26598
G0 F9000 X159.98 Y140.348
G0 X159.98 Y137.615
G0 X159.748 Y137.615
G1 F3600 X168.252 Y135.337 E3369.71691
G0 F9000 X168.02 Y135.337
G0 X168.02 Y136.799
G0 X168.253 Y136.799
G1 F3600 X159.748 Y128.295 E3370.33295
G0 F9000 X159.98 Y128.295
G0 X159.98 Y126.683
G0 X159.748 Y126.683
G1 F3600 X168.251 Y124.404 E3370.78385
G0 F9000 X168.02 Y124.404
G0 X168.02 Y125.598
G0 X168.253 Y125.598
G1 F3600 X159.748 Y117.094 E3371.39989
G0 F9000 X159.98 Y117.094
G0 X159.808 Y116.561
G0 X159.582 Y116.288
G0 X158.906 Y116.02
G0 X158.906 Y116.252
G1 F3600 X153.403 Y110.748 E3371.79855
G0 F9000 X153.89 Y110.747
G1 F3600 X152.415 Y116.252 E3372.09047
G0 F9000 X151.439 Y116.252
G1 F3600 X145.936 Y110.748 E3372.48912
G0 F9000 X145.691 Y110.747
G1 F3600 X144.216 Y116.252 E3372.78104
G0 F9000 X143.972 Y116.252
G1 F3600 X138.468 Y110.748 E3373.17973
G0 F9000 X138.468 Y110.98
G0 X140.224 Y110.98
G0 X140.224 Y110.747
G1 F3600 X131.744 Y142.396 E3374.85799
G1 X131.744 Y142.386
G1 X141.256 Y139.837 E3375.36239
G1 X141.257 Y139.671
G1 X131.742 Y130.157 E3376.05159
G0 F9000 X131.976 Y130.157
G0 X131.975 Y128.72
G0 X131.743 Y128.72
G1 F3600 X141.257 Y126.171 E3376.55609
G0 F9000 X141.026 Y126.17
G0 X141.026 Y127.292
G0 X141.258 Y127.293
G1 F3600 X131.746 Y162.789 E3378.43837
G0 F9000 X131.745 Y163.762
G1 F3600 X141.254 Y173.27 E3379.12713
G0 F9000 X141.253 Y172.635
G1 F3600 X131.748 Y175.182 E3379.63116
G1 X131.747 Y174.964
G1 X141.253 Y184.47 E3380.31975
G0 F9000 X141.252 Y183.568
G1 F3600 X131.748 Y186.115 E3380.82373
G1 X131.747 Y186.165
G1 X134.834 Y189.251 E3381.0473
G0 F9000 X135.588 Y189.253
G1 F3600 X141.254 Y168.107 E3382.16862
G0 F9000 X141.254 Y167.169
G1 F3600 X131.747 Y169.716 E3382.67275
G0 F9000 X131.979 Y169.716
G0 X131.979 Y171.229
G0 X131.746 Y171.229
G1 F3600 X141.253 Y180.736 E3383.3614
G1 X141.253 Y180.835
G1 X131.748 Y183.382 E3383.86543
G1 X131.748 Y183.184
G1 X141.255 Y147.7 E3385.74705
G0 F9000 X141.255 Y148.037
G1 F3600 X131.745 Y150.585 E3386.25134
G0 F9000 X131.977 Y150.585
G0 X131.977 Y148.826
G0 X131.744 Y148.826
G1 F3600 X141.255 Y158.337 E3386.94028
G0 F9000 X141.255 Y157.904
G1 F3600 X132.855 Y189.253 E3388.60264
G0 F9000 X132.855 Y189.02
G0 X131.98 Y188.848
G0 X131.749 Y188.848
G1 F3600 X141.251 Y186.302 E3389.10651
G0 F9000 X141.021 Y186.301
G0 X141.021 Y189.034
G0 X141.252 Y189.035
G1 F3600 X140.44 Y189.252 E3389.14956
G0 F9000 X140.44 Y189.02
G0 X138.567 Y189.02
G0 X138.567 Y189.251
G1 F3600 X131.747 Y182.431 E3389.64358
G0 F9000 X131.98 Y182.431
G0 X131.98 Y180.649
G0 X131.748 Y180.649
G1 F3600 X141.252 Y178.102 E3390.14756
G1 X141.253 Y178.311
G1 X138.321 Y189.253 E3390.72779
G0 F9000 X138.321 Y189.02
G0 X131.979 Y172.987
G0 X131.747 Y172.987
G1 F3600 X141.256 Y137.497 E3392.60972
G0 F9000 X141.025 Y137.496
G0 X141.025 Y134.37
G0 X141.256 Y134.371
G1 F3600 X131.744 Y136.919 E3393.11411
G0 F9000 X131.743 Y137.625
G1 F3600 X141.256 Y147.138 E3393.8032
G0 F9000 X141.024 Y147.137
G0 X141.024 Y145.302
G0 X141.255 Y145.303
G1 F3600 X131.745 Y147.852 E3394.30751
G0 F9000 X131.977 Y147.852
G0 X131.977 Y152.56
G0 X131.745 Y152.56
G1 F3600 X141.255 Y162.071 E3394.99642
G0 F9000 X141.254 Y161.703
G1 F3600 X131.746 Y164.25 E3395.50059
G0 F9000 X131.978 Y164.25
G0 X131.978 Y161.517
G0 X131.746 Y161.517
G1 F3600 X141.254 Y158.969 E3396.00478
G0 F9000 X141.023 Y158.968
G0 X141.023 Y156.235
G0 X141.254 Y156.236
G1 F3600 X131.746 Y158.784 E3396.50897
G0 F9000 X131.978 Y158.784
G0 X131.978 Y160.028
G0 X131.745 Y160.028
G1 F3600 X141.254 Y169.537 E3397.19777
G0 F9000 X141.253 Y169.902
G1 F3600 X131.747 Y172.449 E3397.70185
G1 F1500 E3395.70185
G0 F9000 X131.979 Y172.449
G0 X141.148 Y116.654
G0 X141.313 Y116.388
G0 X141.606 Y116.169
G0 X141.859 Y116.081
G0 X159.168 Y116.082
G0 X159.582 Y116.288
G0 X159.808 Y116.561
G0 X159.898 Y116.819
G0 X159.98 Y175.879
G0 X159.748 Y175.879
G1 F1500 E3397.70185
G1 F3600 X168.251 Y173.601 E3398.15274
G0 F9000 X168.02 Y173.601
G0 X159.98 Y176.83
G0 X159.748 Y176.83
G1 F3600 X168.253 Y185.335 E3398.76882
G1 F1500 E3396.76882
G0 F9000 X168.02 Y185.335
G0 X159.98 Y119.486
G0 X159.748 Y119.486
G1 F1500 E3398.76882
G1 F3600 X162.09 Y110.747 E3399.23223
G0 F9000 X162.09 Y110.98
G0 X160.87 Y110.98
G0 X160.87 Y110.748
G1 F3600 X168.253 Y118.131 E3399.76703
G0 F9000 X168.02 Y118.131
G0 X168.081 Y116.892
G0 X168.196 Y116.554
G0 X168.441 Y116.27
G0 X170.936 Y115.424
G0 X171.167 Y115.424
G1 F3600 X159.748 Y118.483 E3400.37254
G0 F9000 X160.32 Y118.483
G1 F1500 E3398.37254
G0 F9000 X168.101 Y116.895
G0 X169.653 Y117.653
G0 X172.569 Y117.653
G0 X173.418 Y116.106
G0 X174.974 Y116.106
G0 X174.74 Y116.34
;TYPE:WALL-INNER
G1 F1500 E3400.37254
G1 F1800 X179.34 Y116.34 E3400.60816
G1 X179.34 Y110.66 E3400.89909
G1 X174.74 Y110.66 E3401.1347
G1 X174.74 Y116.34 E3401.42564
G1 F1500 E3399.42564
G0 F9000 X175.06 Y116.02
G0 X179.106 Y116.106
G0 X179.78 Y116.78
;TYPE:WALL-OUTER
G1 F1500 E3401.42564
G1 F1800 X179.78 Y110.22 E3401.76164
G1 X174.3 Y110.22 E3402.04233
G1 X174.3 Y116.78 E3402.37834
G1 X179.78 Y116.78 E3402.65903
G0 F9000 X179.251 Y115.991
;TYPE:FILL
G1 F3600 X178.274 Y116.253 E3402.71084
G0 F9000 X177.574 Y116.252
G1 F3600 X174.828 Y113.506 E3402.90975
G0 F9000 X174.828 Y114.207
G1 F3600 X175.755 Y110.748 E3403.09318
G1 X175.804 Y110.748
G1 X179.252 Y114.197 E3403.34297
G0 F9000 X179.251 Y113.258
G1 F3600 X174.829 Y114.442 E3403.57745
G0 F9000 X175.06 Y114.442
G0 X175.06 Y111.709
G0 X174.829 Y111.709
G1 F3600 X178.417 Y110.748 E3403.76771
G1 X178.488 Y110.748
G1 X177.013 Y116.253 E3404.05962
G0 F9000 X177.013 Y115.68
G1 F1500 E3402.05962
;MESH:NONMESH
G0 F300 Z5.6
G0 F9000 X174.98 Y116.02
G0 X173.418 Y116.02
G0 X172.57 Y109.347
G0 X127.43 Y109.347
G0 X126.581 Y116.02
G0 X125.016 Y116.02
G0 X120.98 Y116.02
G0 X120.66 Y116.34
;TIME_ELAPSED:2704.361164
;LAYER:19
;TYPE:WALL-INNER
;MESH:motor-slide.stl
G1 F1500 E3404.05962
G1 F1800 X125.94 Y116.34 E3404.33007
G1 X125.94 Y110.66 E3404.621
G1 X120.66 Y110.66 E3404.89145
G1 X120.66 Y116.34 E3405.18238
G0 F9000 X120.22 Y116.78
;TYPE:WALL-OUTER
G1 F1800 X126.38 Y116.78 E3405.4979
G1 X126.38 Y110.22 E3405.8339
G1 X120.22 Y110.22 E3406.14942
G1 X120.22 Y116.78 E3406.48543
G0 F9000 X120.894 Y116.106
G0 X120.98 Y115.473
G0 X120.748 Y115.473
;TYPE:FILL
G1 F3600 X124.438 Y114.484 E3406.68111
G0 F9000 X124.438 Y115.106
G1 F3600 X120.748 Y111.415 E3406.94843
G1 X120.748 Y111.268
G1 X120.888 Y110.747 E3406.97607
G0 F9000 X120.888 Y110.98
G0 X120.98 Y112.739
G0 X120.749 Y112.739
G1 F3600 X124.437 Y111.751 E3407.17163
G0 F9000 X124.438 Y111.372
G1 F3600 X123.814 Y110.748 E3407.21683
G1 X123.621 Y110.747
G1 X122.146 Y116.253 E3407.50879
G0 F9000 X121.851 Y116.252
G1 F3600 X120.748 Y115.149 E3407.58869
G1 F1500 E3405.58869
G0 F9000 X120.98 Y115.149
G0 X124.286 Y115.944
G0 X125.544 Y115.944
;TYPE:SKIN
G1 F1500 E3407.58869
G1 F1800 X124.48 Y115.944 E3407.64319
G1 X124.48 Y111.056 E3407.89356
G1 X125.544 Y111.056 E3407.94806
G1 X125.544 Y115.944 E3408.19842
G1 F1500 E3406.19842
G0 F9000 X124.286 Y115.944
G0 X125.012 Y111.588
G1 F1500 E3408.19842
G1 F1269.2 X125.012 Y115.412 E3408.4762
G0 F9000 X123.866 Y115.412
G1 F1500 E3406.4762
G0 F9000 X124.292 Y116.106
G0 X124.292 Y117.665
G0 X130.347 Y117.653
G0 X131.893 Y116.891
G0 X141.021 Y189.02
G0 X141.34 Y189.34
;TYPE:WALL-INNER
G1 F1500 E3408.4762
G1 F1800 X141.344 Y116.92 E3412.1856
G1 X141.388 Y116.751 E3412.19454
G1 X141.506 Y116.561 E3412.206
G1 X141.718 Y116.403 E3412.21954
G1 X141.914 Y116.34 E3412.23008
G1 X159.12 Y116.34 E3413.11139
G1 X159.419 Y116.489 E3413.1285
G1 X159.581 Y116.685 E3413.14152
G1 X159.66 Y116.914 E3413.15393
G1 X159.66 Y189.34 E3416.86363
G1 X168.34 Y189.34 E3417.30823
G1 X168.34 Y116.924 E3421.01742
G1 X168.419 Y116.685 E3421.03031
G1 X168.581 Y116.489 E3421.04334
G1 X168.913 Y116.34 E3421.06198
G1 X171.94 Y116.34 E3421.21702
G1 X171.94 Y110.66 E3421.50795
G1 X128.052 Y110.66 E3423.75592
G1 X128.052 Y116.34 E3424.04686
G1 X131.101 Y116.34 E3424.20303
G1 X131.283 Y116.403 E3424.21289
G1 X131.494 Y116.561 E3424.2264
G1 X131.612 Y116.751 E3424.23785
G1 X131.656 Y116.92 E3424.2468
G1 X131.66 Y189.34 E3427.95619
G1 X141.34 Y189.34 E3428.45201
G0 F9000 X141.78 Y189.78
;TYPE:WALL-OUTER
G1 F1800 X141.781 Y116.937 E3432.18307
G1 X141.866 Y116.824 E3432.19031
G1 X141.951 Y116.785 E3432.1951
G1 X159.052 Y116.786 E3433.07103
G1 X159.14 Y116.829 E3433.07604
G1 X159.22 Y116.944 E3433.08322
G1 X159.22 Y189.78 E3436.81392
G1 X168.78 Y189.78 E3437.30359
G1 X168.783 Y116.962 E3441.03338
G1 X168.86 Y116.829 E3441.04125
G1 X168.962 Y116.783 E3441.04698
G1 X172.38 Y116.78 E3441.22205
G1 X172.38 Y110.22 E3441.55806
G1 X127.612 Y110.22 E3443.8511
G1 X127.612 Y116.78 E3444.18711
G1 X131.049 Y116.785 E3444.36315
G1 X131.134 Y116.824 E3444.36794
G1 X131.219 Y116.973 E3444.37673
G1 X131.22 Y189.78 E3448.10595
G1 X141.78 Y189.78 E3448.64684
G0 F9000 X141.106 Y189.106
G0 X140.849 Y189.02
G0 X140.849 Y189.253
;TYPE:FILL
G1 F3600 X141.252 Y187.749 E3448.72659
G1 X141.253 Y187.924
G1 X131.747 Y178.417 E3449.41521
G0 F9000 X131.747 Y178.121
G1 F3600 X141.253 Y175.574 E3449.91929
G0 F9000 X141.022 Y175.573
G0 X141.022 Y176.723
G0 X141.254 Y176.724
G1 F3600 X131.746 Y167.216 E3450.60802
G1 X131.747 Y167.188
G1 X141.253 Y164.641 E3451.1121
G0 F9000 X141.254 Y165.524
G1 F3600 X131.745 Y156.014 E3451.80094
G0 F9000 X131.746 Y156.256
G1 F3600 X141.255 Y153.708 E3452.30518
G0 F9000 X141.255 Y154.324
G1 F3600 X131.744 Y144.813 E3452.99412
G0 F9000 X131.745 Y145.324
G1 F3600 X141.255 Y142.775 E3453.49843
G0 F9000 X141.257 Y143.125
G1 F3600 X131.743 Y133.611 E3454.18759
G0 F9000 X131.744 Y134.391
G1 F3600 X141.257 Y131.843 E3454.69203
G1 X141.257 Y131.925
G1 X131.742 Y122.409 E3455.3813
G0 F9000 X131.975 Y122.409
G0 X131.975 Y123.459
G0 X131.743 Y123.459
G1 F3600 X141.257 Y120.91 E3455.8858
G1 X141.258 Y120.725
G1 X131.281 Y110.748 E3456.6085
G0 F9000 X131.82 Y110.747
G1 F3600 X130.345 Y116.252 E3456.90042
G0 F9000 X129.563 Y115.844
G1 F3600 X148.581 Y110.748 E3457.9089
G0 F9000 X148.219 Y110.747
G1 F3600 X146.744 Y116.252 E3458.20081
G0 F9000 X146.744 Y116.02
G0 X147.985 Y116.02
G0 X147.985 Y116.252
G1 F3600 X142.482 Y110.748 E3458.59947
G0 F9000 X142.753 Y110.748
G1 F3600 X131.745 Y151.828 E3460.77785
G0 F9000 X131.745 Y152.28
G1 F3600 X141.255 Y161.791 E3461.46676
G1 X141.254 Y161.908
G1 X131.746 Y164.455 E3461.97093
G0 F9000 X131.745 Y163.482
G1 F3600 X141.254 Y172.99 E3462.6597
G1 X141.252 Y172.841
G1 X131.748 Y175.387 E3463.16366
G0 F9000 X131.747 Y174.684
G1 F3600 X141.253 Y184.19 E3463.85225
G0 F9000 X141.252 Y183.773
G1 F3600 X131.748 Y186.32 E3464.35623
G0 F9000 X131.747 Y185.885
G1 F3600 X135.114 Y189.251 E3464.60009
G0 F9000 X135.383 Y189.253
G1 F3600 X141.254 Y167.342 E3465.76197
G1 X141.254 Y167.374
G1 X131.747 Y169.921 E3466.2661
G0 F9000 X131.979 Y169.921
G0 X131.979 Y170.949
G0 X131.746 Y170.949
G1 F3600 X141.253 Y180.456 E3466.95476
G0 F9000 X141.253 Y181.04
G1 F3600 X131.748 Y183.587 E3467.45878
G0 F9000 X131.98 Y183.587
G0 X131.98 Y182.42
G0 X131.748 Y182.42
G1 F3600 X141.256 Y146.935 E3469.34046
G1 X141.256 Y146.858
G1 X131.743 Y137.345 E3470.02955
G0 F9000 X131.744 Y137.124
G1 F3600 X141.256 Y134.576 E3470.53394
G0 F9000 X141.025 Y134.575
G0 X141.025 Y135.657
G0 X141.257 Y135.658
G1 F3600 X131.742 Y126.144 E3471.22314
G1 X131.743 Y126.192
G1 X141.257 Y123.643 E3471.72764
G0 F9000 X141.258 Y124.459
G1 F3600 X129.562 Y112.763 E3472.57486
G0 F9000 X129.564 Y113.111
G1 F3600 X138.381 Y110.748 E3473.04241
G0 F9000 X138.748 Y110.748
G1 F3600 X144.252 Y116.252 E3473.44111
G0 F9000 X144.011 Y116.252
G1 F3600 X145.486 Y110.747 E3473.73302
G0 F9000 X146.216 Y110.748
G1 F3600 X151.719 Y116.252 E3474.13168
G0 F9000 X152.21 Y116.252
G1 F3600 X153.685 Y110.747 E3474.42359
G1 X153.683 Y110.748
G1 X159.243 Y116.309 E3474.82638
G0 F9000 X158.641 Y116.252
G1 F3600 X170.438 Y113.091 E3475.45194
G0 F9000 X170.439 Y112.571
G1 F3600 X168.617 Y110.748 E3475.58396
G0 F9000 X168.983 Y110.748
G1 F3600 X148.44 Y116.252 E3476.6733
G0 F9000 X148.44 Y116.02
G0 X149.477 Y116.02
G0 X149.477 Y116.252
G1 F3600 X150.952 Y110.747 E3476.96521
G0 F9000 X150.952 Y110.98
G0 X149.949 Y110.98
G0 X149.949 Y110.748
G1 F3600 X155.452 Y116.252 E3477.36387
G0 F9000 X154.943 Y116.252
G1 F3600 X156.418 Y110.748 E3477.65573
G0 F9000 X157.416 Y110.748
G1 F3600 X168.253 Y121.585 E3478.44073
G0 F9000 X168.252 Y121.876
G1 F3600 X159.748 Y124.155 E3478.89168
G1 X159.748 Y124.281
G1 X168.253 Y132.785 E3479.50772
G1 X168.251 Y132.809
G1 X159.748 Y135.087 E3479.95861
G0 F9000 X159.748 Y135.482
G1 F3600 X168.253 Y143.986 E3480.57465
G0 F9000 X168.251 Y143.741
G1 F3600 X159.748 Y146.02 E3481.02555
G0 F9000 X159.748 Y146.682
G1 F3600 X168.253 Y155.187 E3481.64163
G0 F9000 X168.252 Y154.674
G1 F3600 X159.748 Y156.952 E3482.09256
G0 F9000 X159.748 Y157.883
G1 F3600 X168.253 Y166.387 E3482.7086
G0 F9000 X168.251 Y165.606
G1 F3600 X159.748 Y167.885 E3483.1595
G0 F9000 X159.98 Y167.885
G0 X159.98 Y169.083
G0 X159.748 Y169.083
G1 F3600 X168.253 Y177.588 E3483.77558
G0 F9000 X168.02 Y177.588
G0 X168.02 Y176.539
G0 X168.252 Y176.539
G1 F3600 X159.749 Y178.817 E3484.22647
G0 F9000 X159.98 Y178.817
G0 X159.98 Y179.922
G0 X159.748 Y179.922
G1 F3600 X168.252 Y148.185 E3485.9094
G0 F9000 X168.253 Y147.72
G1 F3600 X159.748 Y139.215 E3486.52548
G1 X159.748 Y139.121
G1 X167.351 Y110.747 E3488.03008
G0 F9000 X167.351 Y110.98
G0 X164.883 Y110.98
G0 X164.883 Y110.748
G1 F3600 X170.387 Y116.252 E3488.42877
G0 F9000 X170.437 Y115.824
G1 F3600 X159.748 Y118.688 E3488.99558
G1 X159.748 Y118.721
G1 X161.885 Y110.747 E3489.41843
G0 F9000 X161.15 Y110.748
G1 F3600 X168.253 Y117.851 E3489.93295
G0 F9000 X168.252 Y117.583
G1 F3600 X159.748 Y149.321 E3491.61593
G0 F9000 X159.748 Y148.753
G1 F3600 X168.251 Y146.474 E3492.06683
G0 F9000 X168.02 Y146.474
G0 X168.02 Y149.207
G0 X168.252 Y149.207
G1 F3600 X159.749 Y151.486 E3492.51773
G0 F9000 X159.98 Y151.486
G0 X159.98 Y150.416
G0 X159.748 Y150.416
G1 F3600 X168.253 Y158.92 E3493.13377
G0 F9000 X168.252 Y158.386
G1 F3600 X159.981 Y189.253 E3494.77058
G0 F9000 X159.981 Y189.02
G0 X161.249 Y189.02
G0 X161.249 Y189.251
G1 F3600 X159.748 Y187.751 E3494.87927
G0 F9000 X159.749 Y187.016
G1 F3600 X168.252 Y184.738 E3495.33015
G0 F9000 X168.253 Y185.055
G1 F3600 X159.748 Y176.55 E3495.94623
G0 F9000 X159.748 Y176.084
G1 F3600 X168.251 Y173.806 E3496.39712
G1 X168.253 Y173.854
G1 X159.748 Y165.35 E3497.01316
G1 X159.749 Y165.151
G1 X168.252 Y162.873 E3497.46405
G1 X168.253 Y162.654
G1 X159.748 Y154.149 E3498.08012
G1 X159.748 Y154.219
G1 X168.251 Y151.941 E3498.53101
G0 F9000 X168.253 Y151.453
G1 F3600 X159.748 Y142.949 E3499.14705
G0 F9000 X159.749 Y143.286
G1 F3600 X168.252 Y141.008 E3499.59794
G0 F9000 X168.253 Y140.253
G1 F3600 X159.748 Y131.748 E3500.21401
G0 F9000 X159.748 Y132.354
G1 F3600 X168.251 Y130.076 E3500.6649
G0 F9000 X168.02 Y130.076
G0 X168.02 Y129.052
G0 X168.253 Y129.052
G1 F3600 X159.748 Y120.548 E3501.28094
G0 F9000 X159.748 Y121.421
G1 F3600 X168.252 Y119.143 E3501.73188
G0 F9000 X168.02 Y119.143
G0 X168.081 Y116.892
G0 X168.466 Y116.196
G0 X168.568 Y116.403
G1 F3600 X170.084 Y110.747 E3502.03181
G0 F9000 X170.084 Y110.98
G0 X164.618 Y110.98
G0 X164.618 Y110.747
G1 F3600 X159.748 Y128.921 E3502.99553
G0 F9000 X159.748 Y129.621
G1 F3600 X168.252 Y127.342 E3503.44648
G0 F9000 X168.252 Y127.784
G1 F3600 X159.748 Y159.521 E3505.12942
G1 X159.749 Y159.685
G1 X168.252 Y157.407 E3505.5803
G0 F9000 X168.02 Y157.407
G0 X168.02 Y160.14
G0 X168.251 Y160.14
G1 F3600 X159.748 Y162.418 E3506.03119
G0 F9000 X159.748 Y161.616
G1 F3600 X168.253 Y170.121 E3506.64727
G0 F9000 X168.252 Y171.072
G1 F3600 X159.749 Y173.351 E3507.09817
G0 F9000 X159.748 Y172.817
G1 F3600 X168.253 Y181.321 E3507.71421
G0 F9000 X168.251 Y182.005
G1 F3600 X159.748 Y184.283 E3508.16509
G0 F9000 X159.748 Y184.017
G1 F3600 X164.982 Y189.251 E3508.54423
G0 F9000 X165.447 Y189.253
G1 F3600 X168.252 Y178.786 E3509.09927
G0 F9000 X168.252 Y179.272
G1 F3600 X159.749 Y181.55 E3509.55016
G0 F9000 X159.98 Y181.55
G0 X159.98 Y180.284
G0 X159.748 Y180.284
G1 F3600 X168.253 Y188.788 E3510.1662
G1 X168.252 Y188.986
G1 X168.18 Y189.253 E3510.18036
G0 F9000 X168.05 Y189.05
G0 X168.02 Y187.471
G0 X168.251 Y187.471
G1 F3600 X161.607 Y189.252 E3510.53269
G0 F9000 X161.607 Y189.02
G0 X162.714 Y189.02
G0 X162.714 Y189.253
G1 F3600 X168.252 Y168.585 E3511.62866
G0 F9000 X168.251 Y168.339
G1 F3600 X159.748 Y170.618 E3512.07956
G0 F9000 X159.748 Y169.721
G1 F3600 X168.252 Y137.985 E3513.76245
G0 F9000 X168.251 Y138.275
G1 F3600 X159.748 Y140.553 E3514.21333
G0 F9000 X159.98 Y140.553
G0 X159.98 Y137.82
G0 X159.748 Y137.82
G1 F3600 X168.252 Y135.542 E3514.66427
G0 F9000 X168.253 Y136.519
G1 F3600 X159.748 Y128.015 E3515.28031
G0 F9000 X159.98 Y128.015
G0 X159.98 Y126.888
G0 X159.748 Y126.888
G1 F3600 X168.251 Y124.609 E3515.73121
G0 F9000 X168.253 Y125.318
G1 F3600 X159.697 Y116.763 E3516.35095
G0 F9000 X159.917 Y116.688
G0 X159.582 Y116.288
G0 X159.246 Y116.122
G0 X157.676 Y116.02
G0 X157.676 Y116.252
G1 F3600 X159.152 Y110.747 E3516.64287
G0 F9000 X158.782 Y110.748
G1 F3600 X131.743 Y117.993 E3518.07668
G0 F9000 X131.742 Y118.676
G1 F3600 X141.257 Y128.191 E3518.76592
G0 F9000 X141.256 Y129.11
G1 F3600 X131.744 Y131.658 E3519.27031
G0 F9000 X131.744 Y131.433
G1 F3600 X137.286 Y110.747 E3520.36722
G0 F9000 X137.286 Y110.98
G0 X135.015 Y110.98
G0 X135.015 Y110.748
G1 F3600 X141.258 Y116.992 E3520.81948
G0 F9000 X141.026 Y116.991
G0 X141.026 Y118.176
G0 X141.258 Y118.177
G1 F3600 X131.742 Y120.726 E3521.32408
G0 F9000 X131.743 Y121.237
G1 F3600 X134.553 Y110.748 E3521.88028
G0 F9000 X134.553 Y110.98
G0 X140.02 Y110.98
G0 X140.02 Y110.747
G1 F3600 X131.744 Y141.631 E3523.51799
G0 F9000 X131.744 Y141.079
G1 F3600 X141.256 Y150.591 E3524.20701
G0 F9000 X141.254 Y150.975
G1 F3600 X131.746 Y153.523 E3524.7112
G0 F9000 X131.978 Y153.523
G0 X131.977 Y150.79
G0 X131.745 Y150.79
G1 F3600 X141.255 Y148.242 E3525.21549
G0 F9000 X141.024 Y148.241
G0 X141.024 Y145.507
G0 X141.256 Y145.508
G1 F3600 X131.745 Y148.057 E3525.71984
G0 F9000 X131.744 Y148.546
G1 F3600 X141.255 Y158.057 E3526.40879
G0 F9000 X141.255 Y157.139
G1 F3600 X132.65 Y189.253 E3528.11171
G0 F9000 X131.749 Y189.053
G1 F3600 X141.251 Y186.506 E3528.61559
G0 F9000 X141.021 Y186.505
G0 X138.847 Y189.02
G0 X138.847 Y189.251
G1 F3600 X131.747 Y182.151 E3529.12989
G0 F9000 X131.98 Y182.151
G0 X131.98 Y180.854
G0 X131.748 Y180.854
G1 F3600 X141.252 Y178.307 E3529.63387
G0 F9000 X141.253 Y177.546
G1 F3600 X138.116 Y189.253 E3530.25467
G0 F9000 X138.116 Y189.02
G0 X131.979 Y172.654
G0 X131.747 Y172.654
G1 F3600 X141.253 Y170.107 E3530.75874
G0 F9000 X141.254 Y169.257
G1 F3600 X131.745 Y159.748 E3531.44755
G0 F9000 X131.746 Y158.989
G1 F3600 X141.254 Y156.441 E3531.95174
G0 F9000 X141.023 Y156.44
G0 X141.023 Y159.173
G0 X141.254 Y159.174
G1 F3600 X131.746 Y161.722 E3532.45592
G0 F9000 X131.746 Y162.025
G1 F3600 X141.258 Y126.527 E3534.3383
G1 X141.257 Y126.376
G1 X131.743 Y128.925 E3534.8428
G0 F9000 X131.742 Y129.877
G1 F3600 X141.257 Y139.391 E3535.532
G0 F9000 X141.256 Y140.042
G1 F3600 X131.744 Y142.591 E3536.0364
G0 F9000 X131.977 Y142.591
G0 X131.976 Y139.858
G0 X131.744 Y139.858
G1 F3600 X141.256 Y137.309 E3536.5408
G0 F9000 X141.257 Y136.731
G1 F3600 X131.747 Y172.222 E3538.4228
G1 F1500 E3536.4228
G0 F9000 X131.979 Y172.222
G0 X132.31 Y116.838
G0 X129.795 Y111.59
G0 X128.982 Y111.59
;TYPE:SKIN
G1 F1500 E3538.4228
G1 F1261.1 X128.982 Y115.41 E3538.70207
G0 F9000 X129.516 Y115.944
G1 F1800 X128.448 Y115.944 E3538.75677
G1 X128.448 Y111.056 E3539.00714
G1 X129.516 Y111.056 E3539.06184
G1 X129.516 Y115.944 E3539.31221
G1 F1500 E3537.31221
G0 F9000 X129.795 Y115.944
G0 X170.207 Y111.587
G0 X171.012 Y111.588
G1 F1500 E3539.31221
G1 F1269.2 X171.012 Y115.412 E3539.58998
G0 F9000 X170.48 Y115.944
G1 F1800 X170.48 Y111.056 E3539.84035
G1 X171.544 Y111.056 E3539.89485
G1 X171.544 Y115.944 E3540.14521
G1 X170.48 Y115.944 E3540.19971
G0 F9000 X169.867 Y115.68
G1 F1500 E3538.19971
G0 F9000 X170.287 Y116.017
G0 X170.287 Y117.665
G0 X175.715 Y117.665
G0 X175.715 Y116.017
G0 X179.02 Y116.02
G0 X179.34 Y116.34
;TYPE:WALL-INNER
G1 F1500 E3540.19971
G1 F1800 X179.34 Y110.66 E3540.49064
G1 X174.052 Y110.66 E3540.7615
G1 X174.052 Y116.34 E3541.05243
G1 X179.34 Y116.34 E3541.32329
G0 F9000 X179.78 Y116.78
;TYPE:WALL-OUTER
G1 F1800 X179.78 Y110.22 E3541.65929
G1 X173.612 Y110.22 E3541.97522
G1 X173.612 Y116.78 E3542.31123
G1 X179.78 Y116.78 E3542.62716
G0 F9000 X179.251 Y116.196
;TYPE:FILL
G1 F3600 X179.039 Y116.253 E3542.6384
G0 F9000 X179.039 Y116.02
G0 X177.854 Y116.02
G0 X177.854 Y116.252
G1 F3600 X175.563 Y113.961 E3542.80436
G0 F9000 X175.564 Y114.45
G1 F3600 X179.251 Y113.463 E3542.99986
G0 F9000 X179.252 Y113.917
G1 F3600 X176.083 Y110.748 E3543.22941
G0 F9000 X176.083 Y110.98
G0 X175.795 Y111.717
G0 X175.564 Y111.717
G1 F3600 X179.182 Y110.748 E3543.42126
G0 F9000 X178.283 Y110.748
G1 F3600 X176.808 Y116.253 E3543.71317
G1 F1500 E3541.71317
G0 F9000 X176.808 Y116.02
G0 X175.715 Y115.944
G0 X174.448 Y115.944
;TYPE:SKIN
G1 F1500 E3543.71317
G1 F1800 X174.448 Y111.056 E3543.96354
G1 X175.516 Y111.056 E3544.01824
G1 X175.516 Y115.944 E3544.26861
G1 X174.448 Y115.944 E3544.32331
G1 F1500 E3542.32331
G0 F9000 X175.715 Y115.944
G0 X174.982 Y111.59
G1 F1500 E3544.32331
G1 F1261.1 X174.982 Y115.41 E3544.60258
G0 F9000 X176.135 Y115.41
G1 F1500 E3542.60258
;MESH:NONMESH
G0 F300 Z5.88
G0 F9000 X175.709 Y116.106
G0 X175.709 Y117.665
G0 X169.653 Y117.653
G0 X168.101 Y116.895
G0 X159.168 Y116.082
G0 X141.859 Y116.081
G0 X141.606 Y116.169
G0 X141.313 Y116.388
G0 X141.148 Y116.654
G0 X141.021 Y189.02
G0 X141.34 Y189.34
;TIME_ELAPSED:2800.005360
;LAYER:20
;TYPE:WALL-INNER
;MESH:motor-slide.stl
G1 F1500 E3544.60258
G1 F1800 X141.344 Y116.92 E3548.31197
G1 X141.388 Y116.751 E3548.32092
G1 X141.506 Y116.561 E3548.33237
G1 X141.718 Y116.403 E3548.34592
G1 X141.914 Y116.34 E3548.35646
G1 X159.12 Y116.34 E3549.23776
G1 X159.419 Y116.489 E3549.25487
G1 X159.581 Y116.685 E3549.2679
G1 X159.66 Y116.914 E3549.28031
G1 X159.66 Y189.34 E3552.99001
G1 X168.34 Y189.34 E3553.4346
G1 X168.34 Y116.924 E3557.1438
G1 X168.419 Y116.685 E3557.15669
G1 X168.581 Y116.489 E3557.16971
G1 X168.913 Y116.34 E3557.18835
G1 X179.34 Y116.34 E3557.72243
G1 X179.34 Y110.66 E3558.01336
G1 X120.66 Y110.66 E3561.01899
G1 X120.66 Y116.34 E3561.30992
G1 X131.101 Y116.34 E3561.84472
G1 X131.283 Y116.403 E3561.85458
G1 X131.494 Y116.561 E3561.86808
G1 X131.612 Y116.751 E3561.87954
G1 X131.656 Y116.92 E3561.88848
G1 X131.66 Y189.34 E3565.59788
G1 X141.34 Y189.34 E3566.0937
G0 F9000 X141.78 Y189.78
;TYPE:WALL-OUTER
G1 F1800 X141.781 Y116.937 E3569.82476
G1 X141.866 Y116.824 E3569.832
G1 X141.951 Y116.785 E3569.83679
G1 X159.052 Y116.786 E3570.71271
G1 X159.14 Y116.829 E3570.71773
G1 X159.22 Y116.944 E3570.72491
G1 X159.22 Y189.78 E3574.45561
G1 X168.78 Y189.78 E3574.94528
G1 X168.783 Y116.962 E3578.67506
G1 X168.86 Y116.829 E3578.68293
G1 X168.962 Y116.783 E3578.68867
G1 X179.78 Y116.78 E3579.24277
G1 X179.78 Y110.22 E3579.57878
G1 X120.22 Y110.22 E3582.62948
G1 X120.22 Y116.78 E3582.96548
G1 X131.049 Y116.785 E3583.52015
G1 X131.134 Y116.824 E3583.52494
G1 X131.219 Y116.973 E3583.53373
G1 X131.22 Y189.78 E3587.26295
G1 X141.78 Y189.78 E3587.80384
G0 F9000 X141.106 Y189.106
G0 X140.644 Y189.02
G0 X140.644 Y189.253
;TYPE:FILL
G1 F3600 X141.252 Y186.984 E3587.92416
G0 F9000 X141.252 Y186.711
G1 F3600 X131.771 Y189.252 E3588.42692
G0 F9000 X132.445 Y189.253
G1 F3600 X141.255 Y156.373 E3590.17046
G0 F9000 X141.254 Y156.646
G1 F3600 X131.746 Y159.194 E3590.67465
G0 F9000 X131.745 Y159.468
G1 F3600 X141.254 Y168.977 E3591.36345
G0 F9000 X141.022 Y168.976
G0 X141.022 Y170.311
G0 X141.253 Y170.312
G1 F3600 X131.747 Y172.859 E3591.86753
G0 F9000 X131.979 Y172.859
G0 X131.979 Y171.457
G0 X131.747 Y171.457
G1 F3600 X141.257 Y135.966 E3593.74953
G0 F9000 X141.257 Y135.378
G1 F3600 X131.742 Y125.864 E3594.43873
G0 F9000 X131.743 Y126.397
G1 F3600 X141.257 Y123.848 E3594.94323
G0 F9000 X141.258 Y124.179
G1 F3600 X129.405 Y112.325 E3595.80186
G0 F9000 X129.637 Y112.325
G0 X129.637 Y113.358
G0 X129.406 Y113.358
G1 F3600 X139.146 Y110.748 E3596.31835
G1 X139.029 Y110.748
G1 X144.532 Y116.252 E3596.71701
G0 F9000 X143.806 Y116.252
G1 F3600 X145.281 Y110.748 E3597.00887
G0 F9000 X145.281 Y110.98
G0 X146.496 Y110.98
G0 X146.496 Y110.748
G1 F3600 X151.999 Y116.252 E3597.40753
G1 X152.005 Y116.252
G1 X153.48 Y110.748 E3597.69939
G0 F9000 X153.963 Y110.748
G1 F3600 X168.253 Y125.038 E3598.73452
G0 F9000 X168.251 Y124.814
G1 F3600 X159.748 Y127.093 E3599.18542
G0 F9000 X159.748 Y127.735
G1 F3600 X168.253 Y136.239 E3599.80146
G0 F9000 X168.252 Y135.747
G1 F3600 X159.748 Y138.025 E3600.2524
G0 F9000 X159.748 Y138.356
G1 F3600 X167.146 Y110.748 E3601.71638
G0 F9000 X167.146 Y110.98
G0 X168.897 Y110.98
G0 X168.897 Y110.748
G1 F3600 X170.597 Y112.449 E3601.83956
G0 F9000 X170.596 Y113.254
G1 F3600 X159.225 Y116.3 E3602.44253
G0 F9000 X159.328 Y116.094
G0 X159.808 Y116.561
G0 X159.98 Y117.956
G0 X159.748 Y117.956
G1 F3600 X161.679 Y110.748 E3602.82474
G0 F9000 X161.43 Y110.748
G1 F3600 X168.253 Y117.571 E3603.31898
G0 F9000 X168.02 Y117.571
G0 X168.055 Y117.186
G0 X168.224 Y116.427
G0 X168.402 Y116.575
G1 F3600 X159.748 Y118.893 E3603.77787
G0 F9000 X159.98 Y118.893
G0 X159.98 Y120.268
G0 X159.748 Y120.268
G1 F3600 X168.253 Y128.772 E3604.39391
G0 F9000 X168.02 Y128.772
G0 X168.02 Y127.547
G0 X168.252 Y127.547
G1 F3600 X159.748 Y129.826 E3604.84486
G0 F9000 X159.98 Y129.826
G0 X159.98 Y131.468
G0 X159.748 Y131.468
G1 F3600 X168.253 Y139.972 E3605.4609
G0 F9000 X168.02 Y139.972
G0 X168.02 Y141.213
G0 X168.252 Y141.213
G1 F3600 X159.749 Y143.491 E3605.91179
G0 F9000 X159.748 Y142.669
G1 F3600 X168.253 Y151.173 E3606.52783
G0 F9000 X168.251 Y152.146
G1 F3600 X159.748 Y154.424 E3606.97871
G0 F9000 X159.748 Y153.869
G1 F3600 X168.253 Y162.374 E3607.59479
G0 F9000 X168.252 Y163.078
G1 F3600 X159.749 Y165.356 E3608.04568
G0 F9000 X159.748 Y165.07
G1 F3600 X168.253 Y173.574 E3608.66172
G0 F9000 X168.251 Y174.011
G1 F3600 X159.748 Y176.289 E3609.1126
G1 X159.748 Y176.27
G1 X168.253 Y184.775 E3609.72868
G1 X168.252 Y184.943
G1 X159.749 Y187.221 E3610.17957
G0 F9000 X159.748 Y187.471
G1 F3600 X161.529 Y189.251 E3610.30854
G0 F9000 X162.371 Y189.252
G1 F3600 X168.251 Y187.676 E3610.62035
G0 F9000 X168.252 Y188.221
G1 F3600 X167.975 Y189.253 E3610.67508
G0 F9000 X168.253 Y188.508
G1 F3600 X159.748 Y180.004 E3611.29112
G0 F9000 X159.748 Y179.156
G1 F3600 X168.252 Y147.42 E3612.974
G1 X168.253 Y147.44
G1 X159.748 Y138.935 E3613.59008
G0 F9000 X159.98 Y138.935
G0 X159.98 Y140.758
G0 X159.748 Y140.758
G1 F3600 X168.251 Y138.48 E3614.04097
G0 F9000 X168.02 Y138.48
G0 X168.02 Y137.219
G0 X168.252 Y137.219
G1 F3600 X159.748 Y168.956 E3615.7239
G1 X159.748 Y168.803
G1 X168.253 Y177.308 E3616.33998
G0 F9000 X168.252 Y176.744
G1 F3600 X159.749 Y179.022 E3616.79087
G0 F9000 X159.98 Y179.022
G0 X159.98 Y181.755
G0 X159.749 Y181.755
G1 F3600 X168.251 Y179.477 E3617.2417
G0 F9000 X168.02 Y179.477
G0 X168.02 Y178.021
G0 X168.252 Y178.021
G1 F3600 X165.242 Y189.252 E3617.83726
G1 X165.262 Y189.251
G1 X159.748 Y183.737 E3618.23668
G0 F9000 X159.748 Y184.488
G1 F3600 X168.251 Y182.21 E3618.68757
G0 F9000 X168.02 Y182.21
G0 X168.02 Y181.041
G0 X168.253 Y181.041
G1 F3600 X159.748 Y172.537 E3619.30361
G0 F9000 X159.98 Y172.537
G0 X159.98 Y173.556
G0 X159.749 Y173.556
G1 F3600 X168.252 Y171.277 E3619.75451
G0 F9000 X168.02 Y171.277
G0 X168.02 Y169.841
G0 X168.253 Y169.841
G1 F3600 X159.748 Y161.336 E3620.37058
G0 F9000 X159.98 Y161.336
G0 X159.98 Y162.623
G0 X159.748 Y162.623
G1 F3600 X168.251 Y160.345 E3620.82147
G0 F9000 X168.02 Y160.345
G0 X168.02 Y158.64
G0 X168.253 Y158.64
G1 F3600 X159.748 Y150.136 E3621.43751
G0 F9000 X159.98 Y150.136
G0 X159.98 Y148.958
G0 X159.748 Y148.958
G1 F3600 X168.251 Y146.679 E3621.88841
G0 F9000 X168.02 Y146.679
G0 X168.02 Y143.946
G0 X168.251 Y143.946
G1 F3600 X159.748 Y146.225 E3622.33931
G1 X159.748 Y146.402
G1 X168.253 Y154.907 E3622.95539
G1 X168.252 Y154.879
G1 X159.749 Y157.157 E3623.40628
G0 F9000 X159.748 Y157.603
G1 F3600 X168.253 Y166.107 E3624.02232
G0 F9000 X168.251 Y165.811
G1 F3600 X159.748 Y168.09 E3624.47322
G0 F9000 X159.98 Y168.09
G0 X159.98 Y170.823
G0 X159.748 Y170.823
G1 F3600 X168.252 Y168.544 E3624.92417
G0 F9000 X168.252 Y167.82
G1 F3600 X162.509 Y189.253 E3626.06071
G0 F9000 X162.509 Y189.02
G0 X159.95 Y189.05
G0 X159.776 Y189.253
G1 F3600 X168.252 Y157.621 E3627.73807
G1 X168.252 Y157.612
G1 X159.749 Y159.89 E3628.18896
G0 F9000 X159.98 Y159.89
G0 X159.98 Y158.756
G0 X159.748 Y158.756
G1 F3600 X168.252 Y127.019 E3629.8719
G0 F9000 X168.02 Y127.019
G0 X168.02 Y130.281
G0 X168.251 Y130.281
G1 F3600 X159.748 Y132.559 E3630.32278
G0 F9000 X159.98 Y132.559
G0 X159.98 Y135.202
G0 X159.748 Y135.202
G1 F3600 X168.253 Y143.706 E3630.93882
G0 F9000 X168.02 Y143.706
G0 X168.02 Y149.412
G0 X168.252 Y149.412
G1 F3600 X159.749 Y151.691 E3631.38972
G0 F9000 X159.98 Y151.691
G0 X159.98 Y148.556
G0 X159.748 Y148.556
G1 F3600 X169.879 Y110.748 E3633.39459
G1 X169.747 Y110.748
G1 X149.205 Y116.252 E3634.48388
G1 X149.272 Y116.252
G1 X150.747 Y110.748 E3634.77575
G0 F9000 X150.229 Y110.748
G1 F3600 X155.732 Y116.252 E3635.1744
G0 F9000 X154.738 Y116.252
G1 F3600 X156.213 Y110.748 E3635.46627
G0 F9000 X156.213 Y110.98
G0 X157.696 Y110.98
G0 X157.696 Y110.748
G1 F3600 X168.253 Y121.305 E3636.23098
G0 F9000 X168.252 Y122.081
G1 F3600 X159.748 Y124.36 E3636.68193
G0 F9000 X159.748 Y124.001
G1 F3600 X168.253 Y132.505 E3637.29797
G0 F9000 X168.251 Y133.014
G1 F3600 X159.748 Y135.292 E3637.74886
G0 F9000 X159.98 Y135.292
G0 X159.98 Y128.156
G0 X159.748 Y128.156
G1 F3600 X164.413 Y110.748 E3638.67197
G0 F9000 X165.163 Y110.748
G1 F3600 X170.597 Y116.182 E3639.06559
G1 X170.595 Y115.987
G1 X169.606 Y116.252 E3639.11804
G0 F9000 X169.606 Y116.02
G0 X168.832 Y116.082
G0 X168.418 Y116.288
G0 X168.192 Y116.561
G0 X168.102 Y116.829
G0 X168.02 Y119.348
G0 X168.252 Y119.348
G1 F3600 X159.749 Y121.626 E3639.56892
G0 F9000 X159.98 Y121.626
G0 X159.919 Y116.88
G0 X159.808 Y116.561
G0 X159.582 Y116.288
G0 X159.246 Y116.122
G0 X157.472 Y116.02
G0 X157.472 Y116.252
G1 F3600 X158.946 Y110.748 E3639.86078
G0 F9000 X159.547 Y110.748
G1 F3600 X131.743 Y118.198 E3641.33515
G1 X131.742 Y118.396
G1 X141.257 Y127.911 E3642.02439
G0 F9000 X141.026 Y127.91
G0 X141.026 Y126.58
G0 X141.257 Y126.581
G1 F3600 X131.743 Y129.13 E3642.52889
G0 F9000 X131.742 Y129.597
G1 F3600 X141.257 Y139.111 E3643.21809
G0 F9000 X141.025 Y139.11
G0 X141.025 Y140.246
G0 X141.256 Y140.247
G1 F3600 X131.744 Y142.796 E3643.72249
G0 F9000 X131.977 Y142.796
G0 X131.977 Y144.533
G0 X131.744 Y144.533
G1 F3600 X141.255 Y154.044 E3644.41144
G1 X141.255 Y153.913
G1 X131.746 Y156.461 E3644.91568
G0 F9000 X131.745 Y155.734
G1 F3600 X141.254 Y165.244 E3645.60452
G0 F9000 X141.253 Y164.846
G1 F3600 X131.747 Y167.393 E3646.10859
G0 F9000 X131.746 Y166.936
G1 F3600 X141.254 Y176.444 E3646.79732
G0 F9000 X141.253 Y176.781
G1 F3600 X137.911 Y189.253 E3647.45868
G0 F9000 X137.911 Y189.02
G0 X139.128 Y189.02
G0 X139.128 Y189.251
G1 F3600 X131.747 Y181.871 E3647.9933
G1 X131.748 Y181.655
G1 X141.256 Y146.169 E3649.87503
G0 F9000 X141.256 Y146.578
G1 F3600 X131.743 Y137.065 E3650.56412
G0 F9000 X131.745 Y137.329
G1 F3600 X141.256 Y134.781 E3651.06846
G0 F9000 X141.025 Y134.78
G0 X141.025 Y137.513
G0 X141.256 Y137.514
G1 F3600 X131.744 Y140.063 E3651.57286
G0 F9000 X131.743 Y140.798
G1 F3600 X141.256 Y150.311 E3652.26195
G0 F9000 X141.254 Y151.18
G1 F3600 X131.746 Y153.728 E3652.76614
G0 F9000 X131.978 Y153.728
G0 X131.977 Y152
G0 X131.745 Y152
G1 F3600 X141.255 Y161.511 E3653.45505
G0 F9000 X141.254 Y162.113
G1 F3600 X131.746 Y164.66 E3653.95923
G0 F9000 X131.978 Y164.66
G0 X131.978 Y163.202
G0 X131.745 Y163.202
G1 F3600 X141.254 Y172.71 E3654.648
G0 F9000 X141.253 Y173.046
G1 F3600 X131.748 Y175.592 E3655.15201
G0 F9000 X131.979 Y175.592
G0 X131.979 Y174.404
G0 X131.747 Y174.404
G1 F3600 X141.253 Y183.91 E3655.8406
G1 X141.252 Y183.978
G1 X131.748 Y186.525 E3656.34458
G0 F9000 X131.747 Y185.605
G1 F3600 X135.394 Y189.251 E3656.60872
G1 X135.178 Y189.253
G1 X141.254 Y166.577 E3657.81117
G0 F9000 X141.022 Y166.576
G0 X141.022 Y167.578
G0 X141.254 Y167.579
G1 F3600 X131.747 Y170.126 E3658.31529
G0 F9000 X131.746 Y170.669
G1 F3600 X141.254 Y180.177 E3659.00402
G0 F9000 X141.021 Y180.176
G0 X141.021 Y181.244
G0 X141.253 Y181.245
G1 F3600 X131.748 Y183.792 E3659.50805
G0 F9000 X131.98 Y183.792
G0 X131.98 Y181.059
G0 X131.748 Y181.059
G1 F3600 X141.252 Y178.512 E3660.01203
G0 F9000 X141.021 Y178.511
G0 X141.022 Y175.778
G0 X141.253 Y175.779
G1 F3600 X131.747 Y178.326 E3660.51611
G1 X131.747 Y178.137
G1 X141.253 Y187.644 E3661.20473
G0 F9000 X141.021 Y187.643
G0 X131.978 Y161.927
G0 X131.746 Y161.927
G1 F3600 X141.255 Y159.379 E3661.70897
G0 F9000 X141.023 Y159.378
G0 X141.023 Y157.776
G0 X141.255 Y157.777
G1 F3600 X131.744 Y148.266 E3662.39792
G1 X131.745 Y148.262
G1 X141.256 Y145.713 E3662.90227
G0 F9000 X141.024 Y145.712
G0 X141.024 Y142.979
G0 X141.255 Y142.98
G1 F3600 X131.745 Y145.529 E3663.40657
G0 F9000 X131.977 Y145.529
G0 X131.976 Y140.866
G0 X131.744 Y140.866
G1 F3600 X139.815 Y110.747 E3665.00371
G0 F9000 X139.815 Y110.98
G0 X142.548 Y110.98
G0 X142.548 Y110.748
G1 F3600 X131.745 Y151.063 E3667.14152
G1 X131.745 Y150.995
G1 X141.255 Y148.447 E3667.64581
G0 F9000 X141.024 Y148.446
G0 X141.024 Y142.844
G0 X141.257 Y142.845
G1 F3600 X131.743 Y133.331 E3668.33498
G0 F9000 X131.976 Y133.331
G0 X131.976 Y134.596
G0 X131.744 Y134.596
G1 F3600 X141.257 Y132.048 E3668.83941
G0 F9000 X141.257 Y131.645
G1 F3600 X131.742 Y122.129 E3669.52869
G0 F9000 X131.975 Y122.129
G0 X131.975 Y120.931
G0 X131.742 Y120.931
G1 F3600 X141.258 Y118.382 E3670.03329
G0 F9000 X141.026 Y118.381
G0 X141.075 Y116.694
G0 X141.299 Y116.753
G1 F3600 X135.295 Y110.748 E3670.46823
G0 F9000 X134.348 Y110.748
G1 F3600 X131.743 Y120.471 E3670.98382
G0 F9000 X131.975 Y120.471
G0 X131.975 Y123.664
G0 X131.743 Y123.664
G1 F3600 X141.257 Y121.115 E3671.48832
G0 F9000 X141.258 Y120.445
G1 F3600 X131.561 Y110.748 E3672.19074
G1 X131.615 Y110.747
G1 X130.14 Y116.252 E3672.48265
G0 F9000 X129.598 Y116.252
G1 F3600 X129.405 Y116.059 E3672.49663
G1 X129.405 Y116.091
G1 X149.347 Y110.748 E3673.5541
G0 F9000 X149.347 Y110.98
G0 X148.014 Y110.98
G0 X148.014 Y110.747
G1 F3600 X146.539 Y116.252 E3673.84602
G0 F9000 X146.539 Y116.02
G0 X148.265 Y116.02
G0 X148.265 Y116.252
G1 F3600 X142.762 Y110.748 E3674.24467
G0 F9000 X142.762 Y110.98
G0 X137.081 Y110.98
G0 X137.081 Y110.748
G1 F3600 X131.743 Y130.669 E3675.30103
G0 F9000 X131.976 Y130.669
G0 X131.976 Y131.863
G0 X131.744 Y131.863
G1 F3600 X141.256 Y129.314 E3675.80544
G0 F9000 X141.025 Y129.313
G0 X141.026 Y125.761
G0 X141.258 Y125.762
G1 F3600 X131.746 Y161.26 E3677.68781
G1 F1500 E3675.68781
G0 F9000 X131.978 Y161.26
G0 X131.893 Y116.891
G0 X130.347 Y117.653
G0 X124.45 Y117.665
G0 X124.45 Y116.106
G0 X122.131 Y116.02
G0 X122.131 Y116.252
G1 F1500 E3677.68781
G1 F3600 X120.748 Y114.869 E3677.78799
G0 F9000 X120.748 Y115.678
G1 F3600 X124.595 Y114.647 E3677.99199
G0 F9000 X124.596 Y114.983
G1 F3600 X120.748 Y111.135 E3678.27073
G0 F9000 X120.98 Y111.135
G0 X120.98 Y112.944
G0 X120.749 Y112.944
G1 F3600 X124.596 Y111.914 E3678.47471
G0 F9000 X124.596 Y111.25
G1 F3600 X124.094 Y110.748 E3678.51107
G0 F9000 X123.416 Y110.748
G1 F3600 X121.941 Y116.253 E3678.80299
G1 F1500 E3676.80299
G0 F9000 X121.941 Y116.02
G0 X124.436 Y116.092
G0 X124.464 Y117.665
G0 X130.347 Y190.653
G0 X169.653 Y190.653
G0 X175.537 Y117.665
G0 X175.565 Y116.092
G0 X175.637 Y114.698
G0 X175.406 Y114.698
G1 F1500 E3678.80299
G1 F3600 X179.251 Y113.668 E3679.00688
G1 X179.252 Y113.637
G1 X176.364 Y110.748 E3679.21611
G0 F9000 X176.364 Y110.98
G0 X175.637 Y111.965
G0 X175.406 Y111.965
G1 F3600 X179.251 Y110.934 E3679.42001
G0 F9000 X179.02 Y110.934
G0 X178.078 Y110.98
G0 X178.078 Y110.748
G1 F3600 X176.603 Y116.252 E3679.71188
G0 F9000 X176.603 Y116.02
G0 X178.134 Y116.02
G0 X178.134 Y116.252
G1 F3600 X175.405 Y113.523 E3679.90956
G1 F1500 E3677.90956
G0 F9000 X175.637 Y113.523
G0 X175.557 Y115.943
G0 X175.557 Y117.665
G0 X170.445 Y117.665
G0 X170.445 Y115.941
G0 X170.64 Y115.944
;TYPE:SKIN
G1 F1500 E3679.90956
G1 F1800 X170.64 Y111.056 E3680.15992
G1 X175.36 Y111.056 E3680.40169
G1 X175.36 Y115.944 E3680.65205
G1 X170.64 Y115.944 E3680.89381
G0 F9000 X171.104 Y115.724
G1 F1800 X170.86 Y115.479 E3680.91152
G0 F9000 X170.86 Y114.857
G1 F1800 X171.727 Y115.724 E3680.97433
G0 F9000 X172.349 Y115.724
G1 F1800 X170.86 Y114.235 E3681.08219
G0 F9000 X170.86 Y113.612
G1 F1800 X172.971 Y115.724 E3681.23514
G0 F9000 X173.593 Y115.724
G1 F1800 X170.86 Y112.99 E3681.43314
G0 F9000 X170.86 Y112.368
G1 F1800 X174.216 Y115.724 E3681.67624
G0 F9000 X174.838 Y115.724
G1 F1800 X170.86 Y111.745 E3681.96443
G0 F9000 X171.012 Y111.276
G1 F1800 X175.14 Y115.404 E3682.26345
G0 F9000 X175.14 Y114.782
G1 F1800 X171.635 Y111.276 E3682.51738
G0 F9000 X172.257 Y111.276
G1 F1800 X175.14 Y114.16 E3682.72625
G0 F9000 X175.14 Y113.537
G1 F1800 X172.879 Y111.276 E3682.89003
G0 F9000 X173.501 Y111.276
G1 F1800 X175.14 Y112.915 E3683.00875
G0 F9000 X175.14 Y112.293
G1 F1800 X174.124 Y111.276 E3683.08238
G0 F9000 X174.746 Y111.276
G1 F1800 X175.14 Y111.671 E3683.11096
G1 F1500 E3681.11096
G0 F9000 X175.637 Y111.671
G0 X175.557 Y115.944
G0 X175.557 Y117.665
G0 X170.445 Y117.665
G0 X170.445 Y115.942
G0 X129.637 Y115.944
G0 X129.36 Y115.944
G1 F1500 E3683.11096
G1 F1800 X124.64 Y115.944 E3683.35272
G1 X124.64 Y111.056 E3683.60309
G1 X129.36 Y111.056 E3683.84485
G1 X129.36 Y115.944 E3684.09522
G1 F1500 E3682.09522
G0 F9000 X129.637 Y115.944
G0 X129.537 Y117.665
G0 X124.464 Y117.665
G0 X124.436 Y116.092
G0 X124.364 Y115.724
G0 X125.057 Y115.724
G1 F1500 E3684.09522
G1 F1800 X124.86 Y115.526 E3684.10952
G0 F9000 X124.86 Y114.903
G1 F1800 X125.68 Y115.724 E3684.16896
G0 F9000 X126.302 Y115.724
G1 F1800 X124.86 Y114.281 E3684.27345
G0 F9000 X124.86 Y113.659
G1 F1800 X126.924 Y115.724 E3684.42299
G0 F9000 X127.547 Y115.724
G1 F1800 X124.86 Y113.037 E3684.61763
G0 F9000 X124.86 Y112.414
G1 F1800 X128.169 Y115.724 E3684.85736
G0 F9000 X128.791 Y115.724
G1 F1800 X124.86 Y111.792 E3685.14215
G0 F9000 X124.966 Y111.276
G1 F1800 X129.14 Y115.451 E3685.44453
G0 F9000 X129.14 Y114.828
G1 F1800 X125.588 Y111.276 E3685.70183
G0 F9000 X126.21 Y111.276
G1 F1800 X129.14 Y114.206 E3685.91407
G0 F9000 X129.14 Y113.584
G1 F1800 X126.832 Y111.276 E3686.08125
G0 F9000 X127.455 Y111.276
G1 F1800 X129.14 Y112.962 E3686.20335
G0 F9000 X129.14 Y112.339
G1 F1800 X128.077 Y111.276 E3686.28035
G0 F9000 X128.699 Y111.276
G1 F1800 X129.14 Y111.717 E3686.31229
G0 F9000 X129.977 Y111.717
G1 F1500 E3684.31229
;MESH:NONMESH
G0 F300 Z6.16
G0 F9000 X131.913 Y116.888
G0 X141.05 Y189.05
G0 X141.34 Y189.34
;TIME_ELAPSED:2900.562757
;LAYER:21
;TYPE:WALL-INNER
;MESH:motor-slide.stl
G1 F1500 E3686.31229
G1 F1800 X141.344 Y116.92 E3690.02169
G1 X141.388 Y116.751 E3690.03063
G1 X141.506 Y116.561 E3690.04209
G1 X141.718 Y116.403 E3690.05563
G1 X141.914 Y116.34 E3690.06618
G1 X159.12 Y116.34 E3690.94748
G1 X159.419 Y116.489 E3690.96459
G1 X159.581 Y116.685 E3690.97761
G1 X159.66 Y116.914 E3690.99002
G1 X159.66 Y189.34 E3694.69973
G1 X168.34 Y189.34 E3695.14432
G1 X168.34 Y116.924 E3698.85351
G1 X168.419 Y116.685 E3698.86641
G1 X168.581 Y116.489 E3698.87943
G1 X168.913 Y116.34 E3698.89807
G1 X179.34 Y116.34 E3699.43215
G1 X179.34 Y110.66 E3699.72308
G1 X120.66 Y110.66 E3702.72871
G1 X120.66 Y116.34 E3703.01964
G1 X131.101 Y116.34 E3703.55443
G1 X131.283 Y116.403 E3703.5643
G1 X131.494 Y116.561 E3703.5778
G1 X131.612 Y116.751 E3703.58926
G1 X131.656 Y116.92 E3703.5982
G1 X131.66 Y189.34 E3707.3076
G1 X141.34 Y189.34 E3707.80341
G0 F9000 X141.78 Y189.78
;TYPE:WALL-OUTER
G1 F1800 X141.781 Y116.937 E3711.53448
G1 X141.866 Y116.824 E3711.54172
G1 X141.951 Y116.785 E3711.54651
G1 X159.052 Y116.786 E3712.42243
G1 X159.14 Y116.829 E3712.42745
G1 X159.22 Y116.944 E3712.43462
G1 X159.22 Y189.78 E3716.16533
G1 X168.78 Y189.78 E3716.655
G1 X168.783 Y116.962 E3720.38478
G1 X168.86 Y116.829 E3720.39265
G1 X168.962 Y116.783 E3720.39838
G1 X179.78 Y116.78 E3720.95249
G1 X179.78 Y110.22 E3721.28849
G1 X120.22 Y110.22 E3724.33919
G1 X120.22 Y116.78 E3724.6752
G1 X131.049 Y116.785 E3725.22987
G1 X131.134 Y116.824 E3725.23466
G1 X131.219 Y116.973 E3725.24344
G1 X131.22 Y189.78 E3728.97266
G1 X141.78 Y189.78 E3729.51355
G0 F9000 X140.944 Y188.944
;TYPE:SKIN
G1 F1800 X132.056 Y188.944 E3729.9688
G1 X132.047 Y116.867 E3733.66063
G1 X131.975 Y116.597 E3733.67494
G1 X131.788 Y116.3 E3733.69292
G1 X131.49 Y116.068 E3733.71226
G1 X131.164 Y115.944 E3733.73013
G1 X121.056 Y115.944 E3734.24787
G1 X121.056 Y111.056 E3734.49823
G1 X178.944 Y111.056 E3737.46329
G1 X178.944 Y115.944 E3737.71366
G1 X168.797 Y115.949 E3738.23339
G1 X168.33 Y116.18 E3738.26008
G1 X168.07 Y116.491 E3738.28084
G1 X167.946 Y116.868 E3738.30117
G1 X167.944 Y188.944 E3741.99295
G1 X160.056 Y188.944 E3742.39698
G1 X160.054 Y116.857 E3746.08932
G1 X159.925 Y116.493 E3746.1091
G1 X159.667 Y116.18 E3746.12987
G1 X159.199 Y115.949 E3746.1566
G1 X141.834 Y115.947 E3747.04605
G1 X141.539 Y116.047 E3747.06201
G1 X141.206 Y116.292 E3747.08318
G1 X141.021 Y116.598 E3747.1015
G1 X140.949 Y116.867 E3747.11576
G1 X140.944 Y188.944 E3750.80759
G1 F1500 E3748.80759
G0 F9000 X142.665 Y188.944
G0 X158.347 Y190.653
G0 X167.205 Y190.665
G0 X167.205 Y188.724
G1 F1500 E3750.80759
G1 F1800 X167.724 Y188.205 E3750.84518
G0 F9000 X167.724 Y187.583
G1 F1800 X166.583 Y188.724 E3750.92783
G0 F9000 X165.961 Y188.724
G1 F1800 X167.724 Y186.96 E3751.05557
G0 F9000 X167.724 Y186.338
G1 F1800 X165.339 Y188.724 E3751.22837
G0 F9000 X164.716 Y188.724
G1 F1800 X167.724 Y185.716 E3751.44626
G0 F9000 X167.724 Y185.094
G1 F1800 X164.094 Y188.724 E3751.70921
G0 F9000 X163.472 Y188.724
G1 F1800 X167.724 Y184.471 E3752.01725
G0 F9000 X167.724 Y183.849
G1 F1800 X162.85 Y188.724 E3752.37034
G0 F9000 X162.227 Y188.724
G1 F1800 X167.724 Y183.227 E3752.76853
G0 F9000 X167.724 Y182.605
G1 F1800 X161.605 Y188.724 E3753.21177
G0 F9000 X160.983 Y188.724
G1 F1800 X167.724 Y181.982 E3753.7001
G0 F9000 X167.724 Y181.36
G1 F1800 X160.361 Y188.724 E3754.23349
G0 F9000 X160.276 Y188.187
G1 F1800 X167.724 Y180.738 E3754.77304
G0 F9000 X167.724 Y180.116
G1 F1800 X160.276 Y187.564 E3755.31255
G0 F9000 X160.276 Y186.942
G1 F1800 X167.724 Y179.493 E3755.85209
G0 F9000 X167.724 Y178.871
G1 F1800 X160.276 Y186.32 E3756.39164
G0 F9000 X160.276 Y185.698
G1 F1800 X167.725 Y178.248 E3756.93126
G0 F9000 X167.725 Y177.626
G1 F1800 X160.276 Y185.075 E3757.47084
G0 F9000 X160.276 Y184.453
G1 F1800 X167.725 Y177.004 E3758.01042
G0 F9000 X167.725 Y176.381
G1 F1800 X160.276 Y183.831 E3758.55004
G0 F9000 X160.276 Y183.209
G1 F1800 X167.725 Y175.759 E3759.08966
G0 F9000 X167.725 Y175.137
G1 F1800 X160.276 Y182.586 E3759.62924
G0 F9000 X160.276 Y181.964
G1 F1800 X167.725 Y174.515 E3760.16882
G0 F9000 X167.725 Y173.892
G1 F1800 X160.276 Y181.342 E3760.70844
G0 F9000 X160.276 Y180.72
G1 F1800 X167.725 Y173.27 E3761.24806
G0 F9000 X167.725 Y172.648
G1 F1800 X160.276 Y180.097 E3761.78764
G0 F9000 X160.276 Y179.475
G1 F1800 X167.725 Y172.026 E3762.32722
G0 F9000 X167.725 Y171.403
G1 F1800 X160.276 Y178.853 E3762.86684
G0 F9000 X160.275 Y178.231
G1 F1800 X167.725 Y170.781 E3763.4065
G0 F9000 X167.725 Y170.159
G1 F1800 X160.275 Y177.609 E3763.94615
G0 F9000 X160.275 Y176.987
G1 F1800 X167.725 Y169.537 E3764.48581
G0 F9000 X167.725 Y168.914
G1 F1800 X160.275 Y176.364 E3765.02546
G0 F9000 X160.275 Y175.742
G1 F1800 X167.725 Y168.292 E3765.56512
G0 F9000 X167.726 Y167.669
G1 F1800 X160.275 Y175.12 E3766.10484
G0 F9000 X160.275 Y174.498
G1 F1800 X167.726 Y167.047 E3766.64457
G0 F9000 X167.726 Y166.425
G1 F1800 X160.275 Y173.875 E3767.18426
G0 F9000 X160.275 Y173.253
G1 F1800 X167.726 Y165.802 E3767.72399
G0 F9000 X167.726 Y165.18
G1 F1800 X160.275 Y172.631 E3768.26372
G0 F9000 X160.275 Y172.009
G1 F1800 X167.726 Y164.558 E3768.80344
G0 F9000 X167.726 Y163.936
G1 F1800 X160.275 Y171.386 E3769.34313
G0 F9000 X160.275 Y170.764
G1 F1800 X167.726 Y163.313 E3769.88286
G0 F9000 X167.726 Y162.691
G1 F1800 X160.275 Y170.142 E3770.42259
G0 F9000 X160.275 Y169.52
G1 F1800 X167.726 Y162.069 E3770.96232
G0 F9000 X167.726 Y161.447
G1 F1800 X160.275 Y168.897 E3771.50201
G0 F9000 X160.275 Y168.275
G1 F1800 X167.726 Y160.824 E3772.04173
G0 F9000 X167.726 Y160.202
G1 F1800 X160.274 Y167.654 E3772.58153
G0 F9000 X160.274 Y167.031
G1 F1800 X167.726 Y159.58 E3773.1213
G0 F9000 X167.726 Y158.958
G1 F1800 X160.274 Y166.409 E3773.66106
G0 F9000 X160.274 Y165.787
G1 F1800 X167.726 Y158.335 E3774.20086
G0 F9000 X167.726 Y157.712
G1 F1800 X160.274 Y165.165 E3774.7407
G0 F9000 X160.274 Y164.542
G1 F1800 X167.726 Y157.09 E3775.2805
G0 F9000 X167.726 Y156.468
G1 F1800 X160.274 Y163.92 E3775.82029
G0 F9000 X160.274 Y163.298
G1 F1800 X167.726 Y155.846 E3776.36009
G0 F9000 X167.726 Y155.223
G1 F1800 X160.274 Y162.676 E3776.89993
G0 F9000 X160.274 Y162.053
G1 F1800 X167.726 Y154.601 E3777.43973
G0 F9000 X167.726 Y153.979
G1 F1800 X160.274 Y161.431 E3777.97953
G0 F9000 X160.274 Y160.809
G1 F1800 X167.726 Y153.357 E3778.51933
G0 F9000 X167.726 Y152.734
G1 F1800 X160.274 Y160.187 E3779.05916
G0 F9000 X160.274 Y159.564
G1 F1800 X167.726 Y152.112 E3779.59896
G0 F9000 X167.726 Y151.49
G1 F1800 X160.274 Y158.942 E3780.13876
G0 F9000 X160.274 Y158.32
G1 F1800 X167.726 Y150.868 E3780.67856
G0 F9000 X167.726 Y150.245
G1 F1800 X160.274 Y157.698 E3781.2184
G0 F9000 X160.274 Y157.076
G1 F1800 X167.726 Y149.623 E3781.75824
G0 F9000 X167.726 Y149.001
G1 F1800 X160.274 Y156.454 E3782.29807
G0 F9000 X160.274 Y155.831
G1 F1800 X167.726 Y148.379 E3782.83787
G0 F9000 X167.726 Y147.756
G1 F1800 X160.274 Y155.209 E3783.37771
G0 F9000 X160.274 Y154.587
G1 F1800 X167.727 Y147.133 E3783.91761
G0 F9000 X167.727 Y146.511
G1 F1800 X160.274 Y153.965 E3784.45752
G0 F9000 X160.274 Y153.342
G1 F1800 X167.727 Y145.889 E3784.9974
G0 F9000 X167.727 Y145.267
G1 F1800 X160.274 Y152.72 E3785.53727
G0 F9000 X160.274 Y152.098
G1 F1800 X167.727 Y144.644 E3786.07718
G0 F9000 X167.727 Y144.022
G1 F1800 X160.274 Y151.476 E3786.61708
G0 F9000 X160.274 Y150.853
G1 F1800 X167.727 Y143.4 E3787.15696
G0 F9000 X167.727 Y142.778
G1 F1800 X160.274 Y150.231 E3787.69683
G0 F9000 X160.274 Y149.609
G1 F1800 X167.727 Y142.155 E3788.23674
G0 F9000 X167.727 Y141.533
G1 F1800 X160.274 Y148.987 E3788.77664
G0 F9000 X160.274 Y148.364
G1 F1800 X167.727 Y140.911 E3789.31652
G0 F9000 X167.727 Y140.289
G1 F1800 X160.274 Y147.742 E3789.85639
G0 F9000 X160.273 Y147.121
G1 F1800 X167.727 Y139.666 E3790.39637
G0 F9000 X167.727 Y139.044
G1 F1800 X160.273 Y146.498 E3790.93631
G0 F9000 X160.273 Y145.876
G1 F1800 X167.727 Y138.422 E3791.47626
G0 F9000 X167.727 Y137.8
G1 F1800 X160.273 Y145.254 E3792.0162
G0 F9000 X160.273 Y144.632
G1 F1800 X167.728 Y137.177 E3792.55622
G0 F9000 X167.728 Y136.554
G1 F1800 X160.273 Y144.009 E3793.09624
G0 F9000 X160.273 Y143.387
G1 F1800 X167.728 Y135.932 E3793.63625
G0 F9000 X167.728 Y135.31
G1 F1800 X160.273 Y142.765 E3794.17627
G0 F9000 X160.273 Y142.143
G1 F1800 X167.728 Y134.688 E3794.71629
G0 F9000 X167.728 Y134.065
G1 F1800 X160.273 Y141.52 E3795.2563
G0 F9000 X160.273 Y140.898
G1 F1800 X167.728 Y133.443 E3795.79632
G0 F9000 X167.728 Y132.821
G1 F1800 X160.273 Y140.276 E3796.33634
G0 F9000 X160.273 Y139.654
G1 F1800 X167.728 Y132.199 E3796.87636
G0 F9000 X167.728 Y131.576
G1 F1800 X160.273 Y139.031 E3797.41637
G0 F9000 X160.273 Y138.409
G1 F1800 X167.728 Y130.954 E3797.95639
G0 F9000 X167.728 Y130.332
G1 F1800 X160.273 Y137.787 E3798.49641
G0 F9000 X160.272 Y137.165
G1 F1800 X167.728 Y129.71 E3799.03646
G0 F9000 X167.728 Y129.087
G1 F1800 X160.272 Y136.543 E3799.57655
G0 F9000 X160.272 Y135.921
G1 F1800 X167.728 Y128.465 E3800.11664
G0 F9000 X167.728 Y127.843
G1 F1800 X160.272 Y135.299 E3800.65673
G0 F9000 X160.272 Y134.676
G1 F1800 X167.728 Y127.221 E3801.19678
G0 F9000 X167.729 Y126.598
G1 F1800 X160.272 Y134.054 E3801.73691
G0 F9000 X160.272 Y133.432
G1 F1800 X167.729 Y125.975 E3802.27707
G0 F9000 X167.729 Y125.353
G1 F1800 X160.272 Y132.81 E3802.81723
G0 F9000 X160.272 Y132.187
G1 F1800 X167.729 Y124.731 E3803.35736
G0 F9000 X167.729 Y124.109
G1 F1800 X160.272 Y131.565 E3803.89748
G0 F9000 X160.272 Y130.943
G1 F1800 X167.729 Y123.486 E3804.43764
G0 F9000 X167.729 Y122.864
G1 F1800 X160.272 Y130.32 E3804.97777
G0 F9000 X160.272 Y129.698
G1 F1800 X167.729 Y122.242 E3805.51789
G0 F9000 X167.729 Y121.62
G1 F1800 X160.272 Y129.076 E3806.05802
G0 F9000 X160.272 Y128.454
G1 F1800 X167.729 Y120.997 E3806.59818
G0 F9000 X167.729 Y120.375
G1 F1800 X160.272 Y127.831 E3807.13831
G0 F9000 X160.272 Y127.209
G1 F1800 X167.729 Y119.753 E3807.67843
G0 F9000 X167.729 Y119.131
G1 F1800 X160.271 Y126.588 E3808.21863
G0 F9000 X160.271 Y125.965
G1 F1800 X167.729 Y118.508 E3808.75883
G0 F9000 X167.729 Y117.886
G1 F1800 X160.271 Y125.343 E3809.29903
G0 F9000 X160.271 Y124.721
G1 F1800 X167.729 Y117.264 E3809.83922
G0 F9000 X167.816 Y116.555
G1 F1800 X160.271 Y124.099 E3810.38572
G0 F9000 X160.271 Y123.476
G1 F1800 X172.472 Y111.276 E3811.26949
G0 F9000 X173.094 Y111.276
G1 F1800 X168.551 Y115.819 E3811.59857
G0 F9000 X169.268 Y115.724
G1 F1800 X173.716 Y111.276 E3811.92077
G0 F9000 X174.339 Y111.276
G1 F1800 X169.89 Y115.724 E3812.24301
G0 F9000 X170.512 Y115.724
G1 F1800 X174.961 Y111.276 E3812.56524
G0 F9000 X175.583 Y111.276
G1 F1800 X171.135 Y115.724 E3812.88744
G0 F9000 X171.757 Y115.724
G1 F1800 X176.205 Y111.276 E3813.20964
G0 F9000 X176.828 Y111.276
G1 F1800 X172.379 Y115.724 E3813.53188
G0 F9000 X173.001 Y115.724
G1 F1800 X177.45 Y111.276 E3813.85411
G0 F9000 X178.072 Y111.276
G1 F1800 X173.624 Y115.724 E3814.17631
G0 F9000 X174.246 Y115.724
G1 F1800 X178.694 Y111.276 E3814.49851
G0 F9000 X178.724 Y111.869
G1 F1800 X174.868 Y115.724 E3814.77779
G0 F9000 X175.49 Y115.724
G1 F1800 X178.724 Y112.491 E3815.01201
G0 F9000 X178.724 Y113.113
G1 F1800 X176.113 Y115.724 E3815.20115
G0 F9000 X176.735 Y115.724
G1 F1800 X178.724 Y113.735 E3815.34522
G0 F9000 X178.724 Y114.358
G1 F1800 X177.357 Y115.724 E3815.44421
G0 F9000 X177.979 Y115.724
G1 F1800 X178.724 Y114.98 E3815.49814
G0 F9000 X178.724 Y115.602
G1 F1800 X178.602 Y115.724 E3815.50698
G1 F1500 E3813.50698
G0 F9000 X180.665 Y115.724
G0 X180.653 Y109.347
G0 X171.85 Y109.335
G0 X171.85 Y111.276
G1 F1500 E3815.50698
G1 F1800 X160.271 Y122.854 E3816.34569
G0 F9000 X160.271 Y122.232
G1 F1800 X171.227 Y111.276 E3817.1393
G0 F9000 X170.605 Y111.276
G1 F1800 X160.271 Y121.61 E3817.88787
G0 F9000 X160.271 Y120.987
G1 F1800 X169.983 Y111.276 E3818.59134
G0 F9000 X169.361 Y111.276
G1 F1800 X160.271 Y120.365 E3819.24975
G0 F9000 X160.271 Y119.743
G1 F1800 X168.738 Y111.276 E3819.86308
G0 F9000 X168.116 Y111.276
G1 F1800 X160.271 Y119.121 E3820.43134
G0 F9000 X160.271 Y118.498
G1 F1800 X167.494 Y111.276 E3820.95452
G0 F9000 X166.872 Y111.276
G1 F1800 X160.271 Y117.876 E3821.43264
G0 F9000 X160.271 Y117.254
G1 F1800 X166.249 Y111.276 E3821.86567
G0 F9000 X165.627 Y111.276
G1 F1800 X160.225 Y116.678 E3822.25697
G0 F9000 X160.019 Y116.262
G1 F1800 X165.005 Y111.276 E3822.61814
G0 F9000 X164.383 Y111.276
G1 F1800 X159.709 Y115.95 E3822.95671
G0 F9000 X159.292 Y115.744
G1 F1800 X163.76 Y111.276 E3823.28036
G0 F9000 X163.138 Y111.276
G1 F1800 X158.689 Y115.725 E3823.60263
G0 F9000 X158.067 Y115.725
G1 F1800 X162.516 Y111.276 E3823.9249
G0 F9000 X161.894 Y111.276
G1 F1800 X157.444 Y115.725 E3824.24721
G0 F9000 X156.821 Y115.726
G1 F1800 X161.271 Y111.276 E3824.56955
G0 F9000 X160.649 Y111.276
G1 F1800 X156.199 Y115.726 E3824.8919
G0 F9000 X155.577 Y115.726
G1 F1800 X160.027 Y111.276 E3825.21424
G0 F9000 X159.404 Y111.276
G1 F1800 X154.955 Y115.726 E3825.53655
G0 F9000 X154.332 Y115.727
G1 F1800 X158.782 Y111.276 E3825.85893
G0 F9000 X158.16 Y111.276
G1 F1800 X153.709 Y115.727 E3826.18135
G0 F9000 X153.087 Y115.727
G1 F1800 X157.538 Y111.276 E3826.50376
G0 F9000 X156.915 Y111.276
G1 F1800 X152.464 Y115.727 E3826.82618
G0 F9000 X151.842 Y115.727
G1 F1800 X156.293 Y111.276 E3827.1486
G0 F9000 X155.671 Y111.276
G1 F1800 X151.22 Y115.727 E3827.47101
G0 F9000 X150.597 Y115.727
G1 F1800 X155.049 Y111.276 E3827.79347
G0 F9000 X154.426 Y111.276
G1 F1800 X149.975 Y115.728 E3828.11592
G0 F9000 X149.352 Y115.728
G1 F1800 X153.804 Y111.276 E3828.43841
G0 F9000 X153.182 Y111.276
G1 F1800 X148.73 Y115.728 E3828.7609
G0 F9000 X148.107 Y115.729
G1 F1800 X152.56 Y111.276 E3829.08346
G0 F9000 X151.937 Y111.276
G1 F1800 X147.485 Y115.729 E3829.40598
G0 F9000 X146.863 Y115.729
G1 F1800 X151.315 Y111.276 E3829.72851
G0 F9000 X150.693 Y111.276
G1 F1800 X146.24 Y115.729 E3830.05107
G0 F9000 X145.617 Y115.729
G1 F1800 X150.071 Y111.276 E3830.37367
G0 F9000 X149.448 Y111.276
G1 F1800 X144.995 Y115.729 E3830.69623
G0 F9000 X144.373 Y115.729
G1 F1800 X148.826 Y111.276 E3831.01879
G0 F9000 X148.204 Y111.276
G1 F1800 X143.75 Y115.73 E3831.34142
G0 F9000 X143.128 Y115.73
G1 F1800 X147.582 Y111.276 E3831.66406
G0 F9000 X146.959 Y111.276
G1 F1800 X142.505 Y115.73 E3831.98669
G0 F9000 X141.883 Y115.73
G1 F1800 X146.337 Y111.276 E3832.30933
G0 F9000 X145.715 Y111.276
G1 F1800 X132.266 Y124.724 E3833.28349
G0 F9000 X132.266 Y124.102
G1 F1800 X145.093 Y111.276 E3834.2126
G0 F9000 X144.47 Y111.276
G1 F1800 X132.266 Y123.48 E3835.09662
G0 F9000 X132.266 Y122.858
G1 F1800 X143.848 Y111.276 E3835.93559
G0 F9000 X143.226 Y111.276
G1 F1800 X132.266 Y122.235 E3836.72946
G0 F9000 X132.266 Y121.614
G1 F1800 X142.604 Y111.276 E3837.47831
G0 F9000 X141.981 Y111.276
G1 F1800 X132.266 Y120.992 E3838.18207
G0 F9000 X132.266 Y120.369
G1 F1800 X141.359 Y111.276 E3838.84074
G0 F9000 X140.737 Y111.276
G1 F1800 X132.266 Y119.747 E3839.45435
G0 F9000 X132.266 Y119.125
G1 F1800 X140.115 Y111.276 E3840.02291
G0 F9000 X139.492 Y111.276
G1 F1800 X132.266 Y118.503 E3840.54638
G0 F9000 X132.266 Y117.88
G1 F1800 X138.87 Y111.276 E3841.02475
G0 F9000 X138.248 Y111.276
G1 F1800 X132.266 Y117.258 E3841.45807
G0 F9000 X132.223 Y116.679
G1 F1800 X137.626 Y111.276 E3841.84944
G0 F9000 X137.003 Y111.276
G1 F1800 X132.023 Y116.256 E3842.21018
G0 F9000 X131.703 Y115.954
G1 F1800 X136.381 Y111.276 E3842.54904
G0 F9000 X135.759 Y111.276
G1 F1800 X131.281 Y115.753 E3842.87337
G0 F9000 X130.689 Y115.724
G1 F1800 X135.137 Y111.276 E3843.19557
G0 F9000 X134.514 Y111.276
G1 F1800 X130.067 Y115.724 E3843.51774
G0 F9000 X129.444 Y115.724
G1 F1800 X133.892 Y111.276 E3843.83994
G0 F9000 X133.27 Y111.276
G1 F1800 X128.822 Y115.724 E3844.16214
G0 F9000 X128.2 Y115.724
G1 F1800 X132.648 Y111.276 E3844.48433
G0 F9000 X132.025 Y111.276
G1 F1800 X127.578 Y115.724 E3844.8065
G0 F9000 X126.955 Y115.724
G1 F1800 X131.403 Y111.276 E3845.1287
G0 F9000 X130.781 Y111.276
G1 F1800 X126.333 Y115.724 E3845.4509
G0 F9000 X125.711 Y115.724
G1 F1800 X130.159 Y111.276 E3845.7731
G0 F9000 X129.536 Y111.276
G1 F1800 X125.089 Y115.724 E3846.09526
G0 F9000 X124.466 Y115.724
G1 F1800 X128.914 Y111.276 E3846.41746
G0 F9000 X128.292 Y111.276
G1 F1800 X123.844 Y115.724 E3846.73966
G0 F9000 X123.222 Y115.724
G1 F1800 X127.67 Y111.276 E3847.06186
G0 F9000 X127.047 Y111.276
G1 F1800 X122.6 Y115.724 E3847.38402
G0 F9000 X121.977 Y115.724
G1 F1800 X126.425 Y111.276 E3847.70622
G0 F9000 X125.803 Y111.276
G1 F1800 X121.355 Y115.724 E3848.02842
G0 F9000 X121.276 Y115.181
G1 F1800 X125.181 Y111.276 E3848.31128
G0 F9000 X124.558 Y111.276
G1 F1800 X121.276 Y114.558 E3848.54902
G0 F9000 X121.276 Y113.936
G1 F1800 X123.936 Y111.276 E3848.7417
G0 F9000 X123.314 Y111.276
G1 F1800 X121.276 Y113.314 E3848.88933
G0 F9000 X121.276 Y112.692
G1 F1800 X122.692 Y111.276 E3848.9919
G0 F9000 X122.069 Y111.276
G1 F1800 X121.276 Y112.069 E3849.04934
G0 F9000 X121.276 Y111.447
G1 F1800 X121.447 Y111.276 E3849.06173
G1 F1500 E3847.06173
G0 F9000 X121.447 Y109.335
G0 X119.347 Y109.347
G0 X119.347 Y117.653
G0 X130.335 Y125.347
G0 X132.266 Y125.347
G1 F1500 E3849.06173
G1 F1800 X140.731 Y116.883 E3849.67487
G0 F9000 X140.731 Y117.505
G1 F1800 X132.266 Y125.969 E3850.28801
G0 F9000 X132.267 Y126.59
G1 F1800 X140.731 Y118.127 E3850.90108
G0 F9000 X140.731 Y118.749
G1 F1800 X132.267 Y127.213 E3851.51419
G0 F9000 X132.267 Y127.835
G1 F1800 X140.731 Y119.372 E3852.12726
G0 F9000 X140.731 Y119.994
G1 F1800 X132.267 Y128.457 E3852.74033
G0 F9000 X132.267 Y129.08
G1 F1800 X140.731 Y120.616 E3853.35343
G0 F9000 X140.731 Y121.238
G1 F1800 X132.267 Y129.702 E3853.96654
G0 F9000 X132.267 Y130.324
G1 F1800 X140.731 Y121.861 E3854.57961
G0 F9000 X140.731 Y122.483
G1 F1800 X132.267 Y130.946 E3855.19268
G0 F9000 X132.268 Y131.568
G1 F1800 X140.731 Y123.105 E3855.80571
G0 F9000 X140.731 Y123.727
G1 F1800 X132.268 Y132.19 E3856.41874
G0 F9000 X132.268 Y132.812
G1 F1800 X140.73 Y124.35 E3857.03171
G0 F9000 X140.73 Y124.973
G1 F1800 X132.268 Y133.435 E3857.64467
G0 F9000 X132.268 Y134.057
G1 F1800 X140.73 Y125.595 E3858.25763
G0 F9000 X140.73 Y126.217
G1 F1800 X132.268 Y134.679 E3858.87059
G0 F9000 X132.268 Y135.301
G1 F1800 X140.73 Y126.839 E3859.48355
G0 F9000 X140.73 Y127.462
G1 F1800 X132.268 Y135.924 E3860.09651
G0 F9000 X132.269 Y136.545
G1 F1800 X140.73 Y128.084 E3860.7094
G0 F9000 X140.73 Y128.706
G1 F1800 X132.269 Y137.167 E3861.32229
G0 F9000 X132.269 Y137.79
G1 F1800 X140.73 Y129.328 E3861.93521
G0 F9000 X140.73 Y129.951
G1 F1800 X132.269 Y138.412 E3862.5481
G0 F9000 X132.269 Y139.034
G1 F1800 X140.73 Y130.573 E3863.16099
G0 F9000 X140.73 Y131.195
G1 F1800 X132.269 Y139.656 E3863.77388
G0 F9000 X132.269 Y140.279
G1 F1800 X140.729 Y131.818 E3864.38673
G0 F9000 X140.729 Y132.44
G1 F1800 X132.269 Y140.9 E3864.99955
G0 F9000 X132.269 Y141.522
G1 F1800 X140.729 Y133.063 E3865.61232
G0 F9000 X140.729 Y133.685
G1 F1800 X132.269 Y142.145 E3866.22514
G0 F9000 X132.269 Y142.767
G1 F1800 X140.729 Y134.307 E3866.83796
G0 F9000 X140.729 Y134.929
G1 F1800 X132.269 Y143.389 E3867.45077
G0 F9000 X132.269 Y144.011
G1 F1800 X140.729 Y135.552 E3868.06355
G0 F9000 X140.729 Y136.174
G1 F1800 X132.269 Y144.634 E3868.67637
G0 F9000 X132.269 Y145.256
G1 F1800 X140.729 Y136.796 E3869.28918
G0 F9000 X140.729 Y137.418
G1 F1800 X132.27 Y145.878 E3869.90196
G0 F9000 X132.27 Y146.5
G1 F1800 X140.729 Y138.041 E3870.51471
G0 F9000 X140.728 Y138.664
G1 F1800 X132.27 Y147.122 E3871.12738
G0 F9000 X132.27 Y147.744
G1 F1800 X140.728 Y139.286 E3871.74005
G0 F9000 X140.728 Y139.908
G1 F1800 X132.27 Y148.367 E3872.35276
G0 F9000 X132.27 Y148.989
G1 F1800 X140.728 Y140.53 E3872.96546
G0 F9000 X140.728 Y141.153
G1 F1800 X132.27 Y149.611 E3873.57814
G0 F9000 X132.27 Y150.233
G1 F1800 X140.728 Y141.775 E3874.19081
G0 F9000 X140.728 Y142.397
G1 F1800 X132.271 Y150.855 E3874.80344
G0 F9000 X132.271 Y151.477
G1 F1800 X140.728 Y143.019 E3875.41608
G0 F9000 X140.728 Y143.642
G1 F1800 X132.271 Y152.099 E3876.02868
G0 F9000 X132.271 Y152.722
G1 F1800 X140.728 Y144.264 E3876.64131
G0 F9000 X140.728 Y144.886
G1 F1800 X132.271 Y153.344 E3877.25395
G0 F9000 X132.271 Y153.966
G1 F1800 X140.728 Y145.508 E3877.86658
G0 F9000 X140.728 Y146.131
G1 F1800 X132.271 Y154.588 E3878.47918
G0 F9000 X132.271 Y155.21
G1 F1800 X140.728 Y146.754 E3879.09174
G0 F9000 X140.728 Y147.376
G1 F1800 X132.271 Y155.832 E3879.7043
G0 F9000 X132.271 Y156.454
G1 F1800 X140.728 Y147.998 E3880.31687
G0 F9000 X140.728 Y148.62
G1 F1800 X132.271 Y157.077 E3880.92947
G0 F9000 X132.271 Y157.699
G1 F1800 X140.728 Y149.243 E3881.54203
G0 F9000 X140.728 Y149.865
G1 F1800 X132.271 Y158.321 E3882.15459
G0 F9000 X132.271 Y158.943
G1 F1800 X140.728 Y150.487 E3882.76715
G0 F9000 X140.728 Y151.109
G1 F1800 X132.271 Y159.566 E3883.37975
G0 F9000 X132.272 Y160.187
G1 F1800 X140.728 Y151.732 E3883.99224
G0 F9000 X140.728 Y152.354
G1 F1800 X132.272 Y160.81 E3884.60477
G0 F9000 X132.272 Y161.432
G1 F1800 X140.727 Y152.977 E3885.21722
G0 F9000 X140.727 Y153.599
G1 F1800 X132.272 Y162.054 E3885.82968
G0 F9000 X132.272 Y162.676
G1 F1800 X140.727 Y154.221 E3886.44213
G0 F9000 X140.727 Y154.844
G1 F1800 X132.272 Y163.299 E3887.05458
G0 F9000 X132.272 Y163.921
G1 F1800 X140.727 Y155.466 E3887.66704
G0 F9000 X140.727 Y156.088
G1 F1800 X132.272 Y164.543 E3888.27949
G0 F9000 X132.273 Y165.165
G1 F1800 X140.727 Y156.71 E3888.89191
G0 F9000 X140.727 Y157.333
G1 F1800 X132.273 Y165.787 E3889.50429
G0 F9000 X132.273 Y166.409
G1 F1800 X140.727 Y157.955 E3890.11667
G0 F9000 X140.727 Y158.577
G1 F1800 X132.273 Y167.031 E3890.72905
G0 F9000 X132.273 Y167.654
G1 F1800 X140.727 Y159.199 E3891.34147
G0 F9000 X140.727 Y159.822
G1 F1800 X132.273 Y168.276 E3891.95385
G0 F9000 X132.273 Y168.898
G1 F1800 X140.726 Y160.445 E3892.56616
G0 F9000 X140.726 Y161.067
G1 F1800 X132.273 Y169.52 E3893.17847
G0 F9000 X132.274 Y170.142
G1 F1800 X140.726 Y161.689 E3893.79074
G0 F9000 X140.726 Y162.311
G1 F1800 X132.274 Y170.764 E3894.40301
G0 F9000 X132.274 Y171.386
G1 F1800 X140.726 Y162.934 E3895.01525
G0 F9000 X140.726 Y163.556
G1 F1800 X132.274 Y172.009 E3895.62752
G0 F9000 X132.274 Y172.631
G1 F1800 X140.726 Y164.178 E3896.2398
G0 F9000 X140.726 Y164.8
G1 F1800 X132.274 Y173.253 E3896.85207
G0 F9000 X132.274 Y173.875
G1 F1800 X140.726 Y165.423 E3897.46431
G0 F9000 X140.726 Y166.045
G1 F1800 X132.274 Y174.497 E3898.07654
G0 F9000 X132.274 Y175.119
G1 F1800 X140.726 Y166.667 E3898.68878
G0 F9000 X140.726 Y167.29
G1 F1800 X132.274 Y175.741 E3899.30098
G0 F9000 X132.274 Y176.364
G1 F1800 X140.726 Y167.912 E3899.91322
G0 F9000 X140.726 Y168.535
G1 F1800 X132.274 Y176.986 E3900.52542
G0 F9000 X132.274 Y177.608
G1 F1800 X140.726 Y169.157 E3901.13762
G0 F9000 X140.726 Y169.779
G1 F1800 X132.274 Y178.231 E3901.74985
G0 F9000 X132.274 Y178.853
G1 F1800 X140.726 Y170.401 E3902.36209
G0 F9000 X140.726 Y171.024
G1 F1800 X132.275 Y179.474 E3902.97422
G0 F9000 X132.275 Y180.097
G1 F1800 X140.726 Y171.646 E3903.58638
G0 F9000 X140.726 Y172.268
G1 F1800 X132.275 Y180.719 E3904.19854
G0 F9000 X132.275 Y181.341
G1 F1800 X140.726 Y172.89 E3904.81071
G0 F9000 X140.726 Y173.513
G1 F1800 X132.275 Y181.963 E3905.42284
G0 F9000 X132.275 Y182.586
G1 F1800 X140.726 Y174.135 E3906.035
G0 F9000 X140.725 Y174.758
G1 F1800 X132.275 Y183.208 E3906.64709
G0 F9000 X132.275 Y183.83
G1 F1800 X140.725 Y175.38 E3907.25918
G0 F9000 X140.725 Y176.002
G1 F1800 X132.276 Y184.452 E3907.87124
G0 F9000 X132.276 Y185.074
G1 F1800 X140.725 Y176.625 E3908.48326
G0 F9000 X140.725 Y177.247
G1 F1800 X132.276 Y185.696 E3909.09528
G0 F9000 X132.276 Y186.318
G1 F1800 X140.725 Y177.869 E3909.7073
G0 F9000 X140.725 Y178.491
G1 F1800 X132.276 Y186.941 E3910.31935
G0 F9000 X132.276 Y187.563
G1 F1800 X140.725 Y179.114 E3910.93137
G0 F9000 X140.725 Y179.736
G1 F1800 X132.276 Y188.185 E3911.54339
G0 F9000 X132.359 Y188.724
G1 F1800 X140.725 Y180.358 E3912.1494
G0 F9000 X140.725 Y180.98
G1 F1800 X132.981 Y188.724 E3912.71035
G0 F9000 X133.604 Y188.724
G1 F1800 X140.724 Y181.603 E3913.22614
G0 F9000 X140.724 Y182.226
G1 F1800 X134.226 Y188.724 E3913.69683
G0 F9000 X134.848 Y188.724
G1 F1800 X140.724 Y182.848 E3914.12247
G0 F9000 X140.724 Y183.47
G1 F1800 X135.47 Y188.724 E3914.50305
G0 F9000 X136.093 Y188.724
G1 F1800 X140.724 Y184.092 E3914.83854
G0 F9000 X140.724 Y184.715
G1 F1800 X136.715 Y188.724 E3915.12894
G0 F9000 X137.337 Y188.724
G1 F1800 X140.724 Y185.337 E3915.37429
G0 F9000 X140.724 Y185.959
G1 F1800 X137.959 Y188.724 E3915.57458
G0 F9000 X138.582 Y188.724
G1 F1800 X140.724 Y186.581 E3915.72977
G0 F9000 X140.724 Y187.204
G1 F1800 X139.204 Y188.724 E3915.83988
G0 F9000 X139.826 Y188.724
G1 F1800 X140.724 Y187.826 E3915.90492
G0 F9000 X140.724 Y188.448
G1 F1800 X140.448 Y188.724 E3915.92492
;MESH:NONMESH
G0 F300 Z6.44
G0 F9000 X141.34 Y189.34
;TIME_ELAPSED:3084.211896
;LAYER:22
;TYPE:WALL-INNER
;MESH:motor-slide.stl
G1 F1800 X141.344 Y116.92 E3919.63431
G1 X141.388 Y116.751 E3919.64326
G1 X141.506 Y116.561 E3919.65471
G1 X141.718 Y116.403 E3919.66826
G1 X141.914 Y116.34 E3919.6788
G1 X159.12 Y116.34 E3920.5601
G1 X159.419 Y116.489 E3920.57721
G1 X159.581 Y116.685 E3920.59024
G1 X159.66 Y116.914 E3920.60265
G1 X159.66 Y189.34 E3924.31235
G1 X168.34 Y189.34 E3924.75695
G1 X168.34 Y116.924 E3928.46614
G1 X168.419 Y116.685 E3928.47903
G1 X168.581 Y116.489 E3928.49205
G1 X168.913 Y116.34 E3928.51069
G1 X179.34 Y116.34 E3929.04477
G1 X179.34 Y110.66 E3929.3357
G1 X120.66 Y110.66 E3932.34133
G1 X120.66 Y116.34 E3932.63226
G1 X131.101 Y116.34 E3933.16706
G1 X131.283 Y116.403 E3933.17692
G1 X131.494 Y116.561 E3933.19042
G1 X131.612 Y116.751 E3933.20188
G1 X131.656 Y116.92 E3933.21082
G1 X131.66 Y189.34 E3936.92022
G1 X141.34 Y189.34 E3937.41604
G0 F9000 X141.78 Y189.78
;TYPE:WALL-OUTER
G1 F1800 X141.781 Y116.937 E3941.1471
G1 X141.866 Y116.824 E3941.15434
G1 X141.951 Y116.785 E3941.15913
G1 X159.052 Y116.786 E3942.03506
G1 X159.14 Y116.829 E3942.04007
G1 X159.22 Y116.944 E3942.04725
G1 X159.22 Y189.78 E3945.77795
G1 X168.78 Y189.78 E3946.26762
G1 X168.783 Y116.962 E3949.9974
G1 X168.86 Y116.829 E3950.00527
G1 X168.962 Y116.783 E3950.01101
G1 X179.78 Y116.78 E3950.56511
G1 X179.78 Y110.22 E3950.90112
G1 X120.22 Y110.22 E3953.95182
G1 X120.22 Y116.78 E3954.28782
G1 X131.049 Y116.785 E3954.84249
G1 X131.134 Y116.824 E3954.84728
G1 X131.219 Y116.973 E3954.85607
G1 X131.22 Y189.78 E3958.58529
G1 X141.78 Y189.78 E3959.12618
G0 F9000 X140.944 Y188.944
;TYPE:SKIN
G1 F1800 X132.056 Y188.944 E3959.58143
G1 X132.047 Y116.867 E3963.27325
G1 X131.975 Y116.597 E3963.28757
G1 X131.788 Y116.3 E3963.30554
G1 X131.49 Y116.068 E3963.32489
G1 X131.164 Y115.944 E3963.34275
G1 X121.056 Y115.944 E3963.86049
G1 X121.056 Y111.056 E3964.11086
G1 X178.944 Y111.056 E3967.07592
G1 X178.944 Y115.944 E3967.32628
G1 X168.797 Y115.949 E3967.84602
G1 X168.33 Y116.18 E3967.8727
G1 X168.07 Y116.491 E3967.89347
G1 X167.946 Y116.868 E3967.91379
G1 X167.944 Y188.944 E3971.60557
G1 X160.056 Y188.944 E3972.0096
G1 X160.054 Y116.857 E3975.70194
G1 X159.925 Y116.493 E3975.72172
G1 X159.667 Y116.18 E3975.7425
G1 X159.199 Y115.949 E3975.76923
G1 X141.834 Y115.947 E3976.65867
G1 X141.539 Y116.047 E3976.67463
G1 X141.206 Y116.292 E3976.6958
G1 X141.021 Y116.598 E3976.71412
G1 X140.949 Y116.867 E3976.72838
G1 X140.944 Y188.944 E3980.42021
G1 F1500 E3978.42021
G0 F9000 X140.944 Y190.665
G0 X132.721 Y190.665
G0 X132.721 Y188.724
G1 F1500 E3980.42021
G1 F1800 X132.275 Y188.278 E3980.45252
G0 F9000 X132.275 Y187.656
G1 F1800 X133.343 Y188.724 E3980.52988
G0 F9000 X133.966 Y188.724
G1 F1800 X132.275 Y187.033 E3980.65237
G0 F9000 X132.275 Y186.411
G1 F1800 X134.588 Y188.724 E3980.81992
G0 F9000 X135.21 Y188.724
G1 F1800 X132.275 Y185.789 E3981.03252
G0 F9000 X132.275 Y185.167
G1 F1800 X135.832 Y188.724 E3981.29018
G0 F9000 X136.455 Y188.724
G1 F1800 X132.275 Y184.544 E3981.59296
G0 F9000 X132.274 Y183.921
G1 F1800 X137.077 Y188.724 E3981.94088
G0 F9000 X137.699 Y188.724
G1 F1800 X132.274 Y183.299 E3982.33385
G0 F9000 X132.274 Y182.677
G1 F1800 X138.321 Y188.724 E3982.77187
G0 F9000 X138.944 Y188.724
G1 F1800 X132.274 Y182.055 E3983.25499
G0 F9000 X132.274 Y181.432
G1 F1800 X139.566 Y188.724 E3983.7832
G0 F9000 X140.188 Y188.724
G1 F1800 X132.274 Y180.81 E3984.35647
G0 F9000 X132.274 Y180.188
G1 F1800 X140.725 Y188.638 E3984.9686
G0 F9000 X140.725 Y188.016
G1 F1800 X132.274 Y179.566 E3985.58072
G0 F9000 X132.274 Y178.943
G1 F1800 X140.725 Y187.394 E3986.19289
G0 F9000 X140.725 Y186.772
G1 F1800 X132.274 Y178.32 E3986.80509
G0 F9000 X132.274 Y177.698
G1 F1800 X140.725 Y186.149 E3987.41725
G0 F9000 X140.725 Y185.527
G1 F1800 X132.274 Y177.076 E3988.02942
G0 F9000 X132.274 Y176.454
G1 F1800 X140.725 Y184.905 E3988.64158
G0 F9000 X140.725 Y184.283
G1 F1800 X132.274 Y175.831 E3989.25378
G0 F9000 X132.274 Y175.209
G1 F1800 X140.725 Y183.66 E3989.86594
G0 F9000 X140.725 Y183.038
G1 F1800 X132.274 Y174.587 E3990.47811
G0 F9000 X132.273 Y173.964
G1 F1800 X140.725 Y182.416 E3991.09034
G0 F9000 X140.725 Y181.794
G1 F1800 X132.273 Y173.342 E3991.70258
G0 F9000 X132.273 Y172.719
G1 F1800 X140.726 Y181.172 E3992.31489
G0 F9000 X140.726 Y180.55
G1 F1800 X132.273 Y172.097 E3992.9272
G0 F9000 X132.273 Y171.475
G1 F1800 X140.726 Y179.928 E3993.53951
G0 F9000 X140.726 Y179.305
G1 F1800 X132.273 Y170.853 E3994.15178
G0 F9000 X132.273 Y170.23
G1 F1800 X140.726 Y178.683 E3994.76409
G0 F9000 X140.726 Y178.061
G1 F1800 X132.273 Y169.608 E3995.3764
G0 F9000 X132.272 Y168.985
G1 F1800 X140.726 Y177.439 E3995.98878
G0 F9000 X140.726 Y176.816
G1 F1800 X132.272 Y168.363 E3996.60112
G0 F9000 X132.272 Y167.741
G1 F1800 X140.726 Y176.194 E3997.21347
G0 F9000 X140.726 Y175.572
G1 F1800 X132.272 Y167.118 E3997.82585
G0 F9000 X132.272 Y166.496
G1 F1800 X140.726 Y174.95 E3998.43823
G0 F9000 X140.726 Y174.328
G1 F1800 X132.272 Y165.874 E3999.05061
G0 F9000 X132.272 Y165.252
G1 F1800 X140.726 Y173.706 E3999.663
G0 F9000 X140.726 Y173.083
G1 F1800 X132.271 Y164.629 E4000.27541
G0 F9000 X132.271 Y164.006
G1 F1800 X140.726 Y172.461 E4000.88787
G0 F9000 X140.726 Y171.839
G1 F1800 X132.271 Y163.384 E4001.50032
G0 F9000 X132.271 Y162.762
G1 F1800 X140.726 Y171.217 E4002.11277
G0 F9000 X140.726 Y170.594
G1 F1800 X132.271 Y162.14 E4002.72519
G0 F9000 X132.271 Y161.517
G1 F1800 X140.726 Y169.972 E4003.33765
G0 F9000 X140.726 Y169.35
G1 F1800 X132.271 Y160.895 E4003.9501
G0 F9000 X132.271 Y160.273
G1 F1800 X140.726 Y168.728 E4004.56255
G0 F9000 X140.726 Y168.105
G1 F1800 X132.271 Y159.65 E4005.17501
G0 F9000 X132.271 Y159.028
G1 F1800 X140.726 Y167.483 E4005.78746
G0 F9000 X140.727 Y166.862
G1 F1800 X132.271 Y158.405 E4006.40002
G0 F9000 X132.271 Y157.783
G1 F1800 X140.727 Y166.239 E4007.01255
G0 F9000 X140.727 Y165.617
G1 F1800 X132.271 Y157.161 E4007.62508
G0 F9000 X132.271 Y156.539
G1 F1800 X140.727 Y164.995 E4008.2376
G0 F9000 X140.727 Y164.373
G1 F1800 X132.271 Y155.916 E4008.85016
G0 F9000 X132.271 Y155.294
G1 F1800 X140.727 Y163.75 E4009.46269
G0 F9000 X140.727 Y163.128
G1 F1800 X132.27 Y154.671 E4010.07529
G0 F9000 X132.27 Y154.049
G1 F1800 X140.727 Y162.506 E4010.68789
G0 F9000 X140.727 Y161.884
G1 F1800 X132.27 Y153.427 E4011.30049
G0 F9000 X132.27 Y152.804
G1 F1800 X140.727 Y161.261 E4011.91309
G0 F9000 X140.727 Y160.639
G1 F1800 X132.27 Y152.182 E4012.52568
G0 F9000 X132.27 Y151.56
G1 F1800 X140.727 Y160.017 E4013.13828
G0 F9000 X140.728 Y159.395
G1 F1800 X132.27 Y150.938 E4013.75092
G0 F9000 X132.269 Y150.315
G1 F1800 X140.728 Y158.773 E4014.36363
G0 F9000 X140.728 Y158.151
G1 F1800 X132.269 Y149.692 E4014.97637
G0 F9000 X132.269 Y149.07
G1 F1800 X140.728 Y157.529 E4015.58911
G0 F9000 X140.728 Y156.906
G1 F1800 X132.269 Y148.448 E4016.20182
G0 F9000 X132.269 Y147.826
G1 F1800 X140.728 Y156.284 E4016.81453
G0 F9000 X140.728 Y155.662
G1 F1800 X132.269 Y147.203 E4017.42727
G0 F9000 X132.269 Y146.581
G1 F1800 X140.728 Y155.04 E4018.04001
G0 F9000 X140.728 Y154.417
G1 F1800 X132.269 Y145.959 E4018.65272
G0 F9000 X132.269 Y145.336
G1 F1800 X140.728 Y153.795 E4019.26547
G0 F9000 X140.728 Y153.173
G1 F1800 X132.269 Y144.714 E4019.87821
G0 F9000 X132.269 Y144.091
G1 F1800 X140.728 Y152.551 E4020.49099
G0 F9000 X140.728 Y151.929
G1 F1800 X132.269 Y143.469 E4021.10377
G0 F9000 X132.269 Y142.847
G1 F1800 X140.728 Y151.307 E4021.71655
G0 F9000 X140.728 Y150.684
G1 F1800 X132.269 Y142.225 E4022.32929
G0 F9000 X132.269 Y141.602
G1 F1800 X140.728 Y150.062 E4022.94207
G0 F9000 X140.728 Y149.44
G1 F1800 X132.269 Y140.98 E4023.55485
G0 F9000 X132.268 Y140.357
G1 F1800 X140.728 Y148.818 E4024.1677
G0 F9000 X140.728 Y148.195
G1 F1800 X132.268 Y139.735 E4024.78052
G0 F9000 X132.268 Y139.113
G1 F1800 X140.728 Y147.573 E4025.39334
G0 F9000 X140.728 Y146.951
G1 F1800 X132.268 Y138.49 E4026.00619
G0 F9000 X132.268 Y137.868
G1 F1800 X140.728 Y146.329 E4026.61904
G0 F9000 X140.728 Y145.706
G1 F1800 X132.268 Y137.246 E4027.23186
G0 F9000 X132.268 Y136.624
G1 F1800 X140.729 Y145.085 E4027.84474
G0 F9000 X140.729 Y144.463
G1 F1800 X132.267 Y136.001 E4028.4577
G0 F9000 X132.267 Y135.378
G1 F1800 X140.729 Y143.84 E4029.07067
G0 F9000 X140.729 Y143.218
G1 F1800 X132.267 Y134.756 E4029.68363
G0 F9000 X132.267 Y134.134
G1 F1800 X140.729 Y142.596 E4030.29659
G0 F9000 X140.729 Y141.974
G1 F1800 X132.267 Y133.512 E4030.90955
G0 F9000 X132.267 Y132.889
G1 F1800 X140.729 Y141.351 E4031.52251
G0 F9000 X140.729 Y140.729
G1 F1800 X132.267 Y132.267 E4032.13547
G0 F9000 X132.267 Y131.645
G1 F1800 X140.729 Y140.107 E4032.74843
G0 F9000 X140.729 Y139.485
G1 F1800 X132.266 Y131.022 E4033.36146
G0 F9000 X132.266 Y130.4
G1 F1800 X140.729 Y138.862 E4033.97446
G0 F9000 X140.73 Y138.241
G1 F1800 X132.266 Y129.777 E4034.58757
G0 F9000 X132.266 Y129.155
G1 F1800 X140.73 Y137.619 E4035.20067
G0 F9000 X140.73 Y136.996
G1 F1800 X132.266 Y128.533 E4035.81374
G0 F9000 X132.266 Y127.911
G1 F1800 X140.73 Y136.374 E4036.42681
G0 F9000 X140.73 Y135.752
G1 F1800 X132.266 Y127.288 E4037.03992
G0 F9000 X132.266 Y126.666
G1 F1800 X140.73 Y135.13 E4037.65302
G0 F9000 X140.73 Y134.507
G1 F1800 X132.266 Y126.043 E4038.26613
G0 F9000 X132.266 Y125.421
G1 F1800 X140.73 Y133.885 E4038.87923
G0 F9000 X140.73 Y133.263
G1 F1800 X132.266 Y124.799 E4039.49234
G0 F9000 X132.266 Y124.176
G1 F1800 X140.73 Y132.641 E4040.10548
G0 F9000 X140.73 Y132.018
G1 F1800 X132.266 Y123.554 E4040.71859
G0 F9000 X132.266 Y122.932
G1 F1800 X140.73 Y131.396 E4041.33169
G0 F9000 X140.731 Y130.774
G1 F1800 X132.266 Y122.31 E4041.94484
G0 F9000 X132.266 Y121.687
G1 F1800 X140.731 Y130.152 E4042.55801
G0 F9000 X140.731 Y129.53
G1 F1800 X132.265 Y121.064 E4043.17126
G0 F9000 X132.265 Y120.442
G1 F1800 X140.731 Y128.908 E4043.78452
G0 F9000 X140.731 Y128.285
G1 F1800 X132.265 Y119.82 E4044.39773
G0 F9000 X132.265 Y119.198
G1 F1800 X140.731 Y127.663 E4045.01094
G0 F9000 X140.731 Y127.041
G1 F1800 X132.265 Y118.575 E4045.62419
G0 F9000 X132.265 Y117.953
G1 F1800 X140.731 Y126.419 E4046.23745
G0 F9000 X140.731 Y125.796
G1 F1800 X132.265 Y117.331 E4046.85066
G0 F9000 X132.218 Y116.661
G1 F1800 X140.731 Y125.174 E4047.46731
G0 F9000 X140.731 Y124.552
G1 F1800 X127.455 Y111.276 E4048.42899
G0 F9000 X128.077 Y111.276
G1 F1800 X140.731 Y123.93 E4049.3456
G0 F9000 X140.731 Y123.308
G1 F1800 X128.699 Y111.276 E4050.21716
G0 F9000 X129.321 Y111.276
G1 F1800 X140.731 Y122.686 E4051.04367
G0 F9000 X140.731 Y122.064
G1 F1800 X129.944 Y111.276 E4051.82508
G0 F9000 X130.566 Y111.276
G1 F1800 X140.731 Y121.441 E4052.5614
G0 F9000 X140.731 Y120.819
G1 F1800 X131.188 Y111.276 E4053.25267
G0 F9000 X131.81 Y111.276
G1 F1800 X140.731 Y120.197 E4053.89888
G0 F9000 X140.731 Y119.575
G1 F1800 X132.433 Y111.276 E4054.49999
G0 F9000 X133.055 Y111.276
G1 F1800 X140.731 Y118.952 E4055.05602
G0 F9000 X140.731 Y118.33
G1 F1800 X133.677 Y111.276 E4055.56699
G0 F9000 X134.299 Y111.276
G1 F1800 X140.731 Y117.708 E4056.0329
G0 F9000 X140.731 Y117.086
G1 F1800 X134.922 Y111.276 E4056.45373
G0 F9000 X135.544 Y111.276
G1 F1800 X140.81 Y116.543 E4056.83521
G0 F9000 X141.037 Y116.147
G1 F1800 X136.166 Y111.276 E4057.18805
G0 F9000 X136.788 Y111.276
G1 F1800 X141.393 Y115.881 E4057.52163
G0 F9000 X141.864 Y115.729
G1 F1800 X137.411 Y111.276 E4057.84419
G0 F9000 X138.033 Y111.276
G1 F1800 X142.486 Y115.729 E4058.16675
G0 F9000 X143.109 Y115.729
G1 F1800 X138.655 Y111.276 E4058.48935
G0 F9000 X139.277 Y111.276
G1 F1800 X143.731 Y115.729 E4058.81194
G0 F9000 X144.352 Y115.729
G1 F1800 X139.9 Y111.276 E4059.13447
G0 F9000 X140.522 Y111.276
G1 F1800 X144.975 Y115.729 E4059.45703
G0 F9000 X145.597 Y115.729
G1 F1800 X141.144 Y111.276 E4059.77959
G0 F9000 X141.766 Y111.276
G1 F1800 X146.218 Y115.728 E4060.10208
G0 F9000 X146.841 Y115.728
G1 F1800 X142.389 Y111.276 E4060.42457
G0 F9000 X143.011 Y111.276
G1 F1800 X147.463 Y115.728 E4060.74706
G0 F9000 X148.085 Y115.728
G1 F1800 X143.633 Y111.276 E4061.06955
G0 F9000 X144.255 Y111.276
G1 F1800 X148.707 Y115.727 E4061.392
G0 F9000 X149.329 Y115.727
G1 F1800 X144.878 Y111.276 E4061.71442
G0 F9000 X145.5 Y111.276
G1 F1800 X149.951 Y115.727 E4062.03683
G0 F9000 X150.573 Y115.727
G1 F1800 X146.122 Y111.276 E4062.35925
G0 F9000 X146.744 Y111.276
G1 F1800 X151.195 Y115.727 E4062.68167
G0 F9000 X151.817 Y115.727
G1 F1800 X147.367 Y111.276 E4063.00405
G0 F9000 X147.989 Y111.276
G1 F1800 X152.439 Y115.727 E4063.32643
G0 F9000 X153.061 Y115.726
G1 F1800 X148.611 Y111.276 E4063.64877
G0 F9000 X149.233 Y111.276
G1 F1800 X153.683 Y115.726 E4063.97112
G0 F9000 X154.306 Y115.726
G1 F1800 X149.856 Y111.276 E4064.29346
G0 F9000 X150.478 Y111.276
G1 F1800 X154.927 Y115.725 E4064.61573
G0 F9000 X155.549 Y115.725
G1 F1800 X151.1 Y111.276 E4064.938
G0 F9000 X151.722 Y111.276
G1 F1800 X156.172 Y115.725 E4065.26031
G0 F9000 X156.794 Y115.725
G1 F1800 X152.345 Y111.276 E4065.58258
G0 F9000 X152.967 Y111.276
G1 F1800 X157.415 Y115.724 E4065.90478
G0 F9000 X158.038 Y115.724
G1 F1800 X153.589 Y111.276 E4066.22702
G0 F9000 X154.212 Y111.276
G1 F1800 X158.66 Y115.724 E4066.54922
G0 F9000 X159.31 Y115.752
G1 F1800 X154.834 Y111.276 E4066.87344
G0 F9000 X155.456 Y111.276
G1 F1800 X167.729 Y123.549 E4067.76246
G0 F9000 X167.729 Y124.171
G1 F1800 X160.219 Y116.661 E4068.30646
G0 F9000 X160.271 Y117.335
G1 F1800 X167.729 Y124.794 E4068.84673
G0 F9000 X167.729 Y125.416
G1 F1800 X160.271 Y117.957 E4069.387
G0 F9000 X160.271 Y118.58
G1 F1800 X167.729 Y126.038 E4069.92724
G0 F9000 X167.729 Y126.661
G1 F1800 X160.271 Y119.202 E4070.46751
G0 F9000 X160.271 Y119.824
G1 F1800 X167.729 Y127.282 E4071.00774
G0 F9000 X167.729 Y127.904
G1 F1800 X160.271 Y120.446 E4071.54798
G0 F9000 X160.271 Y121.069
G1 F1800 X167.729 Y128.527 E4072.08821
G0 F9000 X167.729 Y129.149
G1 F1800 X160.271 Y121.691 E4072.62845
G0 F9000 X160.271 Y122.313
G1 F1800 X167.729 Y129.771 E4073.16868
G0 F9000 X167.729 Y130.393
G1 F1800 X160.271 Y122.935 E4073.70891
G0 F9000 X160.271 Y123.558
G1 F1800 X167.729 Y131.016 E4074.24915
G0 F9000 X167.729 Y131.638
G1 F1800 X160.271 Y124.18 E4074.78938
G0 F9000 X160.271 Y124.802
G1 F1800 X167.729 Y132.26 E4075.32962
G0 F9000 X167.729 Y132.882
G1 F1800 X160.271 Y125.424 E4075.86985
G0 F9000 X160.271 Y126.047
G1 F1800 X167.729 Y133.505 E4076.41009
G0 F9000 X167.729 Y134.127
G1 F1800 X160.271 Y126.669 E4076.95032
G0 F9000 X160.271 Y127.292
G1 F1800 X167.729 Y134.749 E4077.49052
G0 F9000 X167.729 Y135.371
G1 F1800 X160.271 Y127.914 E4078.03072
G0 F9000 X160.271 Y128.536
G1 F1800 X167.729 Y135.994 E4078.57095
G0 F9000 X167.729 Y136.616
G1 F1800 X160.271 Y129.159 E4079.11115
G0 F9000 X160.271 Y129.781
G1 F1800 X167.729 Y137.238 E4079.65135
G0 F9000 X167.728 Y137.86
G1 F1800 X160.271 Y130.403 E4080.19151
G0 F9000 X160.271 Y131.025
G1 F1800 X167.728 Y138.482 E4080.73167
G0 F9000 X167.728 Y139.104
G1 F1800 X160.271 Y131.648 E4081.2718
G0 F9000 X160.271 Y132.27
G1 F1800 X167.728 Y139.726 E4081.81192
G0 F9000 X167.728 Y140.349
G1 F1800 X160.271 Y132.892 E4082.35208
G0 F9000 X160.271 Y133.514
G1 F1800 X167.728 Y140.971 E4082.89224
G0 F9000 X167.728 Y141.593
G1 F1800 X160.271 Y134.137 E4083.43237
G0 F9000 X160.271 Y134.759
G1 F1800 X167.728 Y142.215 E4083.9725
G0 F9000 X167.728 Y142.838
G1 F1800 X160.271 Y135.381 E4084.51266
G0 F9000 X160.271 Y136.004
G1 F1800 X167.728 Y143.46 E4085.05278
G0 F9000 X167.728 Y144.082
G1 F1800 X160.271 Y136.626 E4085.59291
G0 F9000 X160.271 Y137.248
G1 F1800 X167.728 Y144.704 E4086.13303
G0 F9000 X167.728 Y145.327
G1 F1800 X160.272 Y137.871 E4086.67312
G0 F9000 X160.272 Y138.493
G1 F1800 X167.728 Y145.949 E4087.21321
G0 F9000 X167.728 Y146.571
G1 F1800 X160.272 Y139.115 E4087.7533
G0 F9000 X160.272 Y139.738
G1 F1800 X167.728 Y147.193 E4088.29336
G0 F9000 X167.727 Y147.815
G1 F1800 X160.272 Y140.36 E4088.83337
G0 F9000 X160.272 Y140.982
G1 F1800 X167.727 Y148.437 E4089.37339
G0 F9000 X167.727 Y149.06
G1 F1800 X160.272 Y141.604 E4089.91344
G0 F9000 X160.272 Y142.227
G1 F1800 X167.727 Y149.682 E4090.45346
G0 F9000 X167.727 Y150.304
G1 F1800 X160.272 Y142.849 E4090.99348
G0 F9000 X160.272 Y143.471
G1 F1800 X167.727 Y150.926 E4091.53349
G0 F9000 X167.727 Y151.549
G1 F1800 X160.272 Y144.094 E4092.07351
G0 F9000 X160.272 Y144.716
G1 F1800 X167.727 Y152.171 E4092.61353
G0 F9000 X167.727 Y152.793
G1 F1800 X160.272 Y145.338 E4093.15354
G0 F9000 X160.272 Y145.96
G1 F1800 X167.727 Y153.415 E4093.69356
G0 F9000 X167.727 Y154.038
G1 F1800 X160.272 Y146.583 E4094.23358
G0 F9000 X160.272 Y147.205
G1 F1800 X167.727 Y154.66 E4094.77359
G0 F9000 X167.727 Y155.282
G1 F1800 X160.273 Y147.828 E4095.31354
G0 F9000 X160.273 Y148.45
G1 F1800 X167.727 Y155.904 E4095.85348
G0 F9000 X167.727 Y156.527
G1 F1800 X160.273 Y149.072 E4096.39346
G0 F9000 X160.273 Y149.695
G1 F1800 X167.727 Y157.149 E4096.93341
G0 F9000 X167.727 Y157.771
G1 F1800 X160.273 Y150.317 E4097.47335
G0 F9000 X160.273 Y150.939
G1 F1800 X167.726 Y158.393 E4098.01326
G0 F9000 X167.726 Y159.015
G1 F1800 X160.273 Y151.561 E4098.55317
G0 F9000 X160.273 Y152.184
G1 F1800 X167.726 Y159.637 E4099.09304
G0 F9000 X167.726 Y160.259
G1 F1800 X160.273 Y152.806 E4099.63291
G0 F9000 X160.273 Y153.428
G1 F1800 X167.726 Y160.882 E4100.17282
G0 F9000 X167.726 Y161.504
G1 F1800 X160.273 Y154.05 E4100.71273
G0 F9000 X160.273 Y154.673
G1 F1800 X167.726 Y162.126 E4101.2526
G0 F9000 X167.726 Y162.748
G1 F1800 X160.273 Y155.295 E4101.79247
G0 F9000 X160.273 Y155.917
G1 F1800 X167.726 Y163.371 E4102.33238
G0 F9000 X167.726 Y163.993
G1 F1800 X160.273 Y156.539 E4102.87229
G0 F9000 X160.273 Y157.162
G1 F1800 X167.726 Y164.615 E4103.41216
G0 F9000 X167.726 Y165.237
G1 F1800 X160.273 Y157.784 E4103.95204
G0 F9000 X160.274 Y158.407
G1 F1800 X167.726 Y165.86 E4104.49187
G0 F9000 X167.726 Y166.482
G1 F1800 X160.274 Y159.029 E4105.03171
G0 F9000 X160.274 Y159.651
G1 F1800 X167.726 Y167.104 E4105.57154
G0 F9000 X167.726 Y167.726
G1 F1800 X160.274 Y160.274 E4106.11134
G0 F9000 X160.274 Y160.896
G1 F1800 X167.726 Y168.348 E4106.65114
G0 F9000 X167.726 Y168.97
G1 F1800 X160.274 Y161.518 E4107.19094
G0 F9000 X160.274 Y162.14
G1 F1800 X167.726 Y169.592 E4107.73074
G0 F9000 X167.726 Y170.215
G1 F1800 X160.274 Y162.763 E4108.27054
G0 F9000 X160.274 Y163.385
G1 F1800 X167.726 Y170.837 E4108.81034
G0 F9000 X167.726 Y171.459
G1 F1800 X160.274 Y164.007 E4109.35014
G0 F9000 X160.274 Y164.629
G1 F1800 X167.726 Y172.082 E4109.88998
G0 F9000 X167.726 Y172.704
G1 F1800 X160.274 Y165.252 E4110.42978
G0 F9000 X160.274 Y165.874
G1 F1800 X167.726 Y173.326 E4110.96958
G0 F9000 X167.726 Y173.948
G1 F1800 X160.274 Y166.496 E4111.50937
G0 F9000 X160.274 Y167.118
G1 F1800 X167.726 Y174.571 E4112.04921
G0 F9000 X167.726 Y175.193
G1 F1800 X160.274 Y167.741 E4112.58901
G0 F9000 X160.274 Y168.364
G1 F1800 X167.726 Y175.815 E4113.12877
G0 F9000 X167.726 Y176.437
G1 F1800 X160.274 Y168.986 E4113.66854
G0 F9000 X160.274 Y169.608
G1 F1800 X167.726 Y177.06 E4114.20834
G0 F9000 X167.726 Y177.682
G1 F1800 X160.274 Y170.23 E4114.74814
G0 F9000 X160.274 Y170.853
G1 F1800 X167.726 Y178.304 E4115.2879
G0 F9000 X167.725 Y178.926
G1 F1800 X160.274 Y171.475 E4115.82763
G0 F9000 X160.274 Y172.097
G1 F1800 X167.725 Y179.548 E4116.36735
G0 F9000 X167.725 Y180.17
G1 F1800 X160.274 Y172.719 E4116.90708
G0 F9000 X160.274 Y173.342
G1 F1800 X167.725 Y180.792 E4117.44677
G0 F9000 X167.725 Y181.415
G1 F1800 X160.274 Y173.964 E4117.9865
G0 F9000 X160.274 Y174.586
G1 F1800 X167.725 Y182.037 E4118.52623
G0 F9000 X167.725 Y182.659
G1 F1800 X160.274 Y175.208 E4119.06595
G0 F9000 X160.274 Y175.831
G1 F1800 X167.725 Y183.281 E4119.60564
G0 F9000 X167.725 Y183.904
G1 F1800 X160.274 Y176.453 E4120.14537
G0 F9000 X160.274 Y177.075
G1 F1800 X167.725 Y184.526 E4120.6851
G0 F9000 X167.725 Y185.148
G1 F1800 X160.274 Y177.697 E4121.22483
G0 F9000 X160.274 Y178.32
G1 F1800 X167.725 Y185.77 E4121.76452
G0 F9000 X167.725 Y186.393
G1 F1800 X160.275 Y178.943 E4122.30417
G0 F9000 X160.275 Y179.565
G1 F1800 X167.725 Y187.015 E4122.84383
G0 F9000 X167.725 Y187.637
G1 F1800 X160.275 Y180.187 E4123.38348
G0 F9000 X160.275 Y180.809
G1 F1800 X167.725 Y188.259 E4123.92314
G0 F9000 X167.567 Y188.724
G1 F1800 X160.275 Y181.432 E4124.45135
G0 F9000 X160.275 Y182.054
G1 F1800 X166.945 Y188.724 E4124.9345
G0 F9000 X166.323 Y188.724
G1 F1800 X160.275 Y182.676 E4125.3726
G0 F9000 X160.275 Y183.298
G1 F1800 X165.701 Y188.724 E4125.76564
G0 F9000 X165.078 Y188.724
G1 F1800 X160.275 Y183.921 E4126.11356
G0 F9000 X160.275 Y184.543
G1 F1800 X164.456 Y188.724 E4126.41641
G0 F9000 X163.834 Y188.724
G1 F1800 X160.275 Y185.165 E4126.67422
G0 F9000 X160.275 Y185.787
G1 F1800 X163.212 Y188.724 E4126.88696
G0 F9000 X162.589 Y188.724
G1 F1800 X160.275 Y186.41 E4127.05458
G0 F9000 X160.275 Y187.032
G1 F1800 X161.967 Y188.724 E4127.17715
G0 F9000 X161.345 Y188.724
G1 F1800 X160.275 Y187.654 E4127.25465
G0 F9000 X160.275 Y188.276
G1 F1800 X160.723 Y188.724 E4127.28711
G1 F1500 E4125.28711
G0 F9000 X160.723 Y190.665
G0 X169.653 Y190.653
G0 X169.665 Y122.927
G0 X167.729 Y122.927
G1 F1500 E4127.28711
G1 F1800 X156.078 Y111.276 E4128.13107
G0 F9000 X156.701 Y111.276
G1 F1800 X167.729 Y122.305 E4128.92994
G0 F9000 X167.729 Y121.682
G1 F1800 X157.323 Y111.276 E4129.68372
G0 F9000 X157.945 Y111.276
G1 F1800 X167.729 Y121.06 E4130.39244
G0 F9000 X167.729 Y120.438
G1 F1800 X158.567 Y111.276 E4131.0561
G0 F9000 X159.19 Y111.276
G1 F1800 X167.729 Y119.816 E4131.67468
G0 F9000 X167.729 Y119.193
G1 F1800 X159.812 Y111.276 E4132.24816
G0 F9000 X160.434 Y111.276
G1 F1800 X167.729 Y118.571 E4132.77659
G0 F9000 X167.729 Y117.949
G1 F1800 X161.056 Y111.276 E4133.25996
G0 F9000 X161.679 Y111.276
G1 F1800 X167.729 Y117.327 E4133.69824
G0 F9000 X167.76 Y116.735
G1 F1800 X162.301 Y111.276 E4134.09367
G0 F9000 X162.923 Y111.276
G1 F1800 X167.942 Y116.295 E4134.45723
G0 F9000 X168.241 Y115.972
G1 F1800 X163.545 Y111.276 E4134.7974
G0 F9000 X164.168 Y111.276
G1 F1800 X168.657 Y115.765 E4135.12257
G0 F9000 X169.238 Y115.724
G1 F1800 X164.79 Y111.276 E4135.44477
G0 F9000 X165.412 Y111.276
G1 F1800 X169.86 Y115.724 E4135.76696
G0 F9000 X170.482 Y115.724
G1 F1800 X166.034 Y111.276 E4136.08916
G0 F9000 X166.657 Y111.276
G1 F1800 X171.104 Y115.724 E4136.41133
G0 F9000 X171.727 Y115.724
G1 F1800 X167.279 Y111.276 E4136.73353
G0 F9000 X167.901 Y111.276
G1 F1800 X172.349 Y115.724 E4137.05573
G0 F9000 X172.971 Y115.724
G1 F1800 X168.523 Y111.276 E4137.37792
G0 F9000 X169.146 Y111.276
G1 F1800 X173.593 Y115.724 E4137.70009
G0 F9000 X174.216 Y115.724
G1 F1800 X169.768 Y111.276 E4138.02229
G0 F9000 X170.39 Y111.276
G1 F1800 X174.838 Y115.724 E4138.34449
G0 F9000 X175.46 Y115.724
G1 F1800 X171.012 Y111.276 E4138.66669
G0 F9000 X171.635 Y111.276
G1 F1800 X176.082 Y115.724 E4138.98885
G0 F9000 X176.705 Y115.724
G1 F1800 X172.257 Y111.276 E4139.31105
G0 F9000 X172.879 Y111.276
G1 F1800 X177.327 Y115.724 E4139.63325
G0 F9000 X177.949 Y115.724
G1 F1800 X173.501 Y111.276 E4139.95545
G0 F9000 X174.124 Y111.276
G1 F1800 X178.571 Y115.724 E4140.27761
G0 F9000 X178.724 Y115.254
G1 F1800 X174.746 Y111.276 E4140.56576
G0 F9000 X175.368 Y111.276
G1 F1800 X178.724 Y114.632 E4140.80886
G0 F9000 X178.724 Y114.01
G1 F1800 X175.99 Y111.276 E4141.0069
G0 F9000 X176.613 Y111.276
G1 F1800 X178.724 Y113.387 E4141.15982
G0 F9000 X178.724 Y112.765
G1 F1800 X177.235 Y111.276 E4141.26768
G0 F9000 X177.857 Y111.276
G1 F1800 X178.724 Y112.143 E4141.33048
G0 F9000 X178.724 Y111.521
G1 F1800 X178.479 Y111.276 E4141.34823
G1 F1500 E4139.34823
G0 F9000 X178.479 Y109.335
G0 X119.347 Y109.347
G0 X119.347 Y117.653
G0 X130.347 Y117.653
G0 X131.329 Y115.772
G1 F1500 E4141.34823
G1 F1800 X126.832 Y111.276 E4141.67394
G0 F9000 X126.21 Y111.276
G1 F1800 X130.658 Y115.724 E4141.99614
G0 F9000 X130.036 Y115.724
G1 F1800 X125.588 Y111.276 E4142.31834
G0 F9000 X124.966 Y111.276
G1 F1800 X129.413 Y115.724 E4142.6405
G0 F9000 X128.791 Y115.724
G1 F1800 X124.343 Y111.276 E4142.9627
G0 F9000 X123.721 Y111.276
G1 F1800 X128.169 Y115.724 E4143.2849
G0 F9000 X127.547 Y115.724
G1 F1800 X123.099 Y111.276 E4143.6071
G0 F9000 X122.477 Y111.276
G1 F1800 X126.924 Y115.724 E4143.92926
G0 F9000 X126.302 Y115.724
G1 F1800 X121.854 Y111.276 E4144.25146
G0 F9000 X121.276 Y111.32
G1 F1800 X125.68 Y115.724 E4144.57047
G0 F9000 X125.057 Y115.724
G1 F1800 X121.276 Y111.942 E4144.84439
G0 F9000 X121.276 Y112.564
G1 F1800 X124.435 Y115.724 E4145.07326
G0 F9000 X123.813 Y115.724
G1 F1800 X121.276 Y113.187 E4145.25703
G0 F9000 X121.276 Y113.809
G1 F1800 X123.191 Y115.724 E4145.39575
G0 F9000 X122.568 Y115.724
G1 F1800 X121.276 Y114.431 E4145.48937
G0 F9000 X121.276 Y115.053
G1 F1800 X121.946 Y115.724 E4145.53794
G1 F1500 E4143.53794
;MESH:NONMESH
G0 F300 Z6.72
G0 F9000 X121.946 Y117.665
G0 X130.347 Y190.653
G0 X142.653 Y190.653
G0 X142.665 Y189.34
G0 X141.34 Y189.34
;TIME_ELAPSED:3269.922477
;LAYER:23
;TYPE:WALL-INNER
;MESH:motor-slide.stl
G1 F1500 E4145.53794
G1 F1800 X141.344 Y116.92 E4149.24734
G1 X141.388 Y116.751 E4149.25628
G1 X141.506 Y116.561 E4149.26774
G1 X141.718 Y116.403 E4149.28128
G1 X141.914 Y116.34 E4149.29182
G1 X159.12 Y116.34 E4150.17313
G1 X159.419 Y116.489 E4150.19024
G1 X159.581 Y116.685 E4150.20326
G1 X159.66 Y116.914 E4150.21567
G1 X159.66 Y189.34 E4153.92537
G1 X168.34 Y189.34 E4154.36997
G1 X168.34 Y116.924 E4158.07916
G92 E0
G1 X168.419 Y116.685 E0.01289
G1 X168.581 Y116.489 E0.02592
G1 X168.913 Y116.34 E0.04456
G1 X179.34 Y116.34 E0.57863
G1 X179.34 Y110.66 E0.86957
G1 X120.66 Y110.66 E3.87519
G1 X120.66 Y116.34 E4.16613
G1 X131.101 Y116.34 E4.70092
G1 X131.283 Y116.403 E4.71078
G1 X131.494 Y116.561 E4.72429
G1 X131.612 Y116.751 E4.73574
G1 X131.656 Y116.92 E4.74469
G1 X131.66 Y189.34 E8.45408
G1 X141.34 Y189.34 E8.9499
G0 F9000 X141.78 Y189.78
;TYPE:WALL-OUTER
G1 F1800 X141.781 Y116.937 E12.68096
G1 X141.866 Y116.824 E12.6882
G1 X141.951 Y116.785 E12.69299
G1 X159.052 Y116.786 E13.56892
G1 X159.14 Y116.829 E13.57394
G1 X159.22 Y116.944 E13.58111
G1 X159.22 Y189.78 E17.31181
G1 X168.78 Y189.78 E17.80148
G1 X168.783 Y116.962 E21.53127
G1 X168.86 Y116.829 E21.53914
G1 X168.962 Y116.783 E21.54487
G1 X179.78 Y116.78 E22.09897
G1 X179.78 Y110.22 E22.43498
G1 X120.22 Y110.22 E25.48568
G1 X120.22 Y116.78 E25.82169
G1 X131.049 Y116.785 E26.37636
G1 X131.134 Y116.824 E26.38115
G1 X131.219 Y116.973 E26.38993
G1 X131.22 Y189.78 E30.11915
G1 X141.78 Y189.78 E30.66004
G0 F9000 X140.944 Y188.944
;TYPE:SKIN
G1 F1800 X132.056 Y188.944 E31.11529
G1 X132.047 Y116.867 E34.80712
G1 X131.975 Y116.597 E34.82143
G1 X131.788 Y116.3 E34.83941
G1 X131.49 Y116.068 E34.85875
G1 X131.164 Y115.944 E34.87662
G1 X121.056 Y115.944 E35.39435
G1 X121.056 Y111.056 E35.64472
G1 X178.944 Y111.056 E38.60978
G1 X178.944 Y115.944 E38.86014
G1 X168.797 Y115.949 E39.37988
G1 X168.33 Y116.18 E39.40657
G1 X168.07 Y116.491 E39.42733
G1 X167.946 Y116.868 E39.44766
G1 X167.944 Y188.944 E43.13943
G1 X160.056 Y188.944 E43.54346
G1 X160.054 Y116.857 E47.2358
G1 X159.925 Y116.493 E47.25558
G1 X159.667 Y116.18 E47.27636
G1 X159.199 Y115.949 E47.30309
G1 X141.834 Y115.947 E48.19254
G1 X141.539 Y116.047 E48.20849
G1 X141.206 Y116.292 E48.22967
G1 X141.021 Y116.598 E48.24798
G1 X140.949 Y116.867 E48.26225
G1 X140.944 Y188.944 E51.95407
G1 F1500 E49.95407
G0 F9000 X142.665 Y188.944
G0 X158.347 Y190.653
G0 X167.205 Y190.665
G0 X167.205 Y188.724
G1 F1500 E51.95407
G1 F1800 X167.724 Y188.205 E51.99167
G0 F9000 X167.724 Y187.583
G1 F1800 X166.583 Y188.724 E52.07432
G0 F9000 X165.961 Y188.724
G1 F1800 X167.724 Y186.96 E52.20206
G0 F9000 X167.724 Y186.338
G1 F1800 X165.339 Y188.724 E52.37486
G0 F9000 X164.716 Y188.724
G1 F1800 X167.724 Y185.716 E52.59275
G0 F9000 X167.724 Y185.094
G1 F1800 X164.094 Y188.724 E52.8557
G0 F9000 X163.472 Y188.724
G1 F1800 X167.724 Y184.471 E53.16373
G0 F9000 X167.724 Y183.849
G1 F1800 X162.85 Y188.724 E53.51683
G0 F9000 X162.227 Y188.724
G1 F1800 X167.724 Y183.227 E53.91501
G0 F9000 X167.724 Y182.605
G1 F1800 X161.605 Y188.724 E54.35825
G0 F9000 X160.983 Y188.724
G1 F1800 X167.724 Y181.982 E54.84659
G0 F9000 X167.724 Y181.36
G1 F1800 X160.361 Y188.724 E55.37998
G0 F9000 X160.276 Y188.187
G1 F1800 X167.724 Y180.738 E55.91952
G0 F9000 X167.724 Y180.116
G1 F1800 X160.276 Y187.564 E56.45903
G0 F9000 X160.276 Y186.942
G1 F1800 X167.724 Y179.493 E56.99858
G0 F9000 X167.724 Y178.871
G1 F1800 X160.276 Y186.32 E57.53812
G0 F9000 X160.276 Y185.698
G1 F1800 X167.725 Y178.248 E58.07774
G0 F9000 X167.725 Y177.626
G1 F1800 X160.276 Y185.075 E58.61733
G0 F9000 X160.276 Y184.453
G1 F1800 X167.725 Y177.004 E59.15691
G0 F9000 X167.725 Y176.381
G1 F1800 X160.276 Y183.831 E59.69653
G0 F9000 X160.276 Y183.209
G1 F1800 X167.725 Y175.759 E60.23614
G0 F9000 X167.725 Y175.137
G1 F1800 X160.276 Y182.586 E60.77573
G0 F9000 X160.276 Y181.964
G1 F1800 X167.725 Y174.515 E61.31531
G0 F9000 X167.725 Y173.892
G1 F1800 X160.276 Y181.342 E61.85493
G0 F9000 X160.276 Y180.72
G1 F1800 X167.725 Y173.27 E62.39455
G0 F9000 X167.725 Y172.648
G1 F1800 X160.276 Y180.097 E62.93413
G0 F9000 X160.276 Y179.475
G1 F1800 X167.725 Y172.026 E63.47371
G0 F9000 X167.725 Y171.403
G1 F1800 X160.276 Y178.853 E64.01333
G0 F9000 X160.275 Y178.231
G1 F1800 X167.725 Y170.781 E64.55298
G0 F9000 X167.725 Y170.159
G1 F1800 X160.275 Y177.609 E65.09264
G0 F9000 X160.275 Y176.987
G1 F1800 X167.725 Y169.537 E65.63229
G0 F9000 X167.725 Y168.914
G1 F1800 X160.275 Y176.364 E66.17195
G0 F9000 X160.275 Y175.742
G1 F1800 X167.725 Y168.292 E66.7116
G0 F9000 X167.726 Y167.669
G1 F1800 X160.275 Y175.12 E67.25133
G0 F9000 X160.275 Y174.498
G1 F1800 X167.726 Y167.047 E67.79106
G0 F9000 X167.726 Y166.425
G1 F1800 X160.275 Y173.875 E68.33075
G0 F9000 X160.275 Y173.253
G1 F1800 X167.726 Y165.802 E68.87048
G0 F9000 X167.726 Y165.18
G1 F1800 X160.275 Y172.631 E69.4102
G0 F9000 X160.275 Y172.009
G1 F1800 X167.726 Y164.558 E69.94993
G0 F9000 X167.726 Y163.936
G1 F1800 X160.275 Y171.386 E70.48962
G0 F9000 X160.275 Y170.764
G1 F1800 X167.726 Y163.313 E71.02935
G0 F9000 X167.726 Y162.691
G1 F1800 X160.275 Y170.142 E71.56908
G0 F9000 X160.275 Y169.52
G1 F1800 X167.726 Y162.069 E72.1088
G0 F9000 X167.726 Y161.447
G1 F1800 X160.275 Y168.897 E72.64849
G0 F9000 X160.275 Y168.275
G1 F1800 X167.726 Y160.824 E73.18822
G0 F9000 X167.726 Y160.202
G1 F1800 X160.274 Y167.654 E73.72802
G0 F9000 X160.274 Y167.031
G1 F1800 X167.726 Y159.58 E74.26778
G0 F9000 X167.726 Y158.958
G1 F1800 X160.274 Y166.409 E74.80755
G0 F9000 X160.274 Y165.787
G1 F1800 X167.726 Y158.335 E75.34735
G0 F9000 X167.726 Y157.712
G1 F1800 X160.274 Y165.165 E75.88718
G0 F9000 X160.274 Y164.542
G1 F1800 X167.726 Y157.09 E76.42698
G0 F9000 X167.726 Y156.468
G1 F1800 X160.274 Y163.92 E76.96678
G0 F9000 X160.274 Y163.298
G1 F1800 X167.726 Y155.846 E77.50658
G0 F9000 X167.726 Y155.223
G1 F1800 X160.274 Y162.676 E78.04642
G0 F9000 X160.274 Y162.053
G1 F1800 X167.726 Y154.601 E78.58622
G0 F9000 X167.726 Y153.979
G1 F1800 X160.274 Y161.431 E79.12602
G0 F9000 X160.274 Y160.809
G1 F1800 X167.726 Y153.357 E79.66582
G0 F9000 X167.726 Y152.734
G1 F1800 X160.274 Y160.187 E80.20565
G0 F9000 X160.274 Y159.564
G1 F1800 X167.726 Y152.112 E80.74545
G0 F9000 X167.726 Y151.49
G1 F1800 X160.274 Y158.942 E81.28525
G0 F9000 X160.274 Y158.32
G1 F1800 X167.726 Y150.868 E81.82505
G0 F9000 X167.726 Y150.245
G1 F1800 X160.274 Y157.698 E82.36489
G0 F9000 X160.274 Y157.076
G1 F1800 X167.726 Y149.623 E82.90472
G0 F9000 X167.726 Y149.001
G1 F1800 X160.274 Y156.454 E83.44456
G0 F9000 X160.274 Y155.831
G1 F1800 X167.726 Y148.379 E83.98436
G0 F9000 X167.726 Y147.756
G1 F1800 X160.274 Y155.209 E84.52419
G0 F9000 X160.274 Y154.587
G1 F1800 X167.727 Y147.133 E85.0641
G0 F9000 X167.727 Y146.511
G1 F1800 X160.274 Y153.965 E85.60401
G0 F9000 X160.274 Y153.342
G1 F1800 X167.727 Y145.889 E86.14388
G0 F9000 X167.727 Y145.267
G1 F1800 X160.274 Y152.72 E86.68375
G0 F9000 X160.274 Y152.098
G1 F1800 X167.727 Y144.644 E87.22366
G0 F9000 X167.727 Y144.022
G1 F1800 X160.274 Y151.476 E87.76357
G0 F9000 X160.274 Y150.853
G1 F1800 X167.727 Y143.4 E88.30344
G0 F9000 X167.727 Y142.778
G1 F1800 X160.274 Y150.231 E88.84331
G0 F9000 X160.274 Y149.609
G1 F1800 X167.727 Y142.155 E89.38322
G0 F9000 X167.727 Y141.533
G1 F1800 X160.274 Y148.987 E89.92313
G0 F9000 X160.274 Y148.364
G1 F1800 X167.727 Y140.911 E90.463
G0 F9000 X167.727 Y140.289
G1 F1800 X160.274 Y147.742 E91.00288
G0 F9000 X160.273 Y147.121
G1 F1800 X167.727 Y139.666 E91.54286
G0 F9000 X167.727 Y139.044
G1 F1800 X160.273 Y146.498 E92.0828
G0 F9000 X160.273 Y145.876
G1 F1800 X167.727 Y138.422 E92.62275
G0 F9000 X167.727 Y137.8
G1 F1800 X160.273 Y145.254 E93.16269
G0 F9000 X160.273 Y144.632
G1 F1800 X167.728 Y137.177 E93.70271
G0 F9000 X167.728 Y136.554
G1 F1800 X160.273 Y144.009 E94.24272
G0 F9000 X160.273 Y143.387
G1 F1800 X167.728 Y135.932 E94.78274
G0 F9000 X167.728 Y135.31
G1 F1800 X160.273 Y142.765 E95.32276
G0 F9000 X160.273 Y142.143
G1 F1800 X167.728 Y134.688 E95.86277
G0 F9000 X167.728 Y134.065
G1 F1800 X160.273 Y141.52 E96.40279
G0 F9000 X160.273 Y140.898
G1 F1800 X167.728 Y133.443 E96.94281
G0 F9000 X167.728 Y132.821
G1 F1800 X160.273 Y140.276 E97.48283
G0 F9000 X160.273 Y139.654
G1 F1800 X167.728 Y132.199 E98.02284
G0 F9000 X167.728 Y131.576
G1 F1800 X160.273 Y139.031 E98.56286
G0 F9000 X160.273 Y138.409
G1 F1800 X167.728 Y130.954 E99.10288
G0 F9000 X167.728 Y130.332
G1 F1800 X160.273 Y137.787 E99.64289
G0 F9000 X160.272 Y137.165
G1 F1800 X167.728 Y129.71 E100.18295
G0 F9000 X167.728 Y129.087
G1 F1800 X160.272 Y136.543 E100.72304
G0 F9000 X160.272 Y135.921
G1 F1800 X167.728 Y128.465 E101.26312
G0 F9000 X167.728 Y127.843
G1 F1800 X160.272 Y135.299 E101.80321
G0 F9000 X160.272 Y134.676
G1 F1800 X167.728 Y127.221 E102.34327
G0 F9000 X167.729 Y126.598
G1 F1800 X160.272 Y134.054 E102.88339
G0 F9000 X160.272 Y133.432
G1 F1800 X167.729 Y125.975 E103.42355
G0 F9000 X167.729 Y125.353
G1 F1800 X160.272 Y132.81 E103.96372
G0 F9000 X160.272 Y132.187
G1 F1800 X167.729 Y124.731 E104.50384
G0 F9000 X167.729 Y124.109
G1 F1800 X160.272 Y131.565 E105.04397
G0 F9000 X160.272 Y130.943
G1 F1800 X167.729 Y123.486 E105.58413
G0 F9000 X167.729 Y122.864
G1 F1800 X160.272 Y130.32 E106.12426
G0 F9000 X160.272 Y129.698
G1 F1800 X167.729 Y122.242 E106.66438
G0 F9000 X167.729 Y121.62
G1 F1800 X160.272 Y129.076 E107.20451
G0 F9000 X160.272 Y128.454
G1 F1800 X167.729 Y120.997 E107.74467
G0 F9000 X167.729 Y120.375
G1 F1800 X160.272 Y127.831 E108.28479
G0 F9000 X160.272 Y127.209
G1 F1800 X167.729 Y119.753 E108.82492
G0 F9000 X167.729 Y119.131
G1 F1800 X160.271 Y126.588 E109.36512
G0 F9000 X160.271 Y125.965
G1 F1800 X167.729 Y118.508 E109.90532
G0 F9000 X167.729 Y117.886
G1 F1800 X160.271 Y125.343 E110.44551
G0 F9000 X160.271 Y124.721
G1 F1800 X167.729 Y117.264 E110.98571
G0 F9000 X167.816 Y116.555
G1 F1800 X160.271 Y124.099 E111.53221
G0 F9000 X160.271 Y123.476
G1 F1800 X172.472 Y111.276 E112.41598
G0 F9000 X173.094 Y111.276
G1 F1800 X168.551 Y115.819 E112.74506
G0 F9000 X169.268 Y115.724
G1 F1800 X173.716 Y111.276 E113.06726
G0 F9000 X174.339 Y111.276
G1 F1800 X169.89 Y115.724 E113.38949
G0 F9000 X170.512 Y115.724
G1 F1800 X174.961 Y111.276 E113.71173
G0 F9000 X175.583 Y111.276
G1 F1800 X171.135 Y115.724 E114.03393
G0 F9000 X171.757 Y115.724
G1 F1800 X176.205 Y111.276 E114.35613
G0 F9000 X176.828 Y111.276
G1 F1800 X172.379 Y115.724 E114.67836
G0 F9000 X173.001 Y115.724
G1 F1800 X177.45 Y111.276 E115.0006
G0 F9000 X178.072 Y111.276
G1 F1800 X173.624 Y115.724 E115.3228
G0 F9000 X174.246 Y115.724
G1 F1800 X178.694 Y111.276 E115.645
G0 F9000 X178.724 Y111.869
G1 F1800 X174.868 Y115.724 E115.92428
G0 F9000 X175.49 Y115.724
G1 F1800 X178.724 Y112.491 E116.1585
G0 F9000 X178.724 Y113.113
G1 F1800 X176.113 Y115.724 E116.34763
G0 F9000 X176.735 Y115.724
G1 F1800 X178.724 Y113.735 E116.49171
G0 F9000 X178.724 Y114.358
G1 F1800 X177.357 Y115.724 E116.5907
G0 F9000 X177.979 Y115.724
G1 F1800 X178.724 Y114.98 E116.64463
G0 F9000 X178.724 Y115.602
G1 F1800 X178.602 Y115.724 E116.65346
G1 F1500 E114.65346
G0 F9000 X180.665 Y115.724
G0 X180.653 Y109.347
G0 X171.85 Y109.335
G0 X171.85 Y111.276
G1 F1500 E116.65346
G1 F1800 X160.271 Y122.854 E117.49217
G0 F9000 X160.271 Y122.232
G1 F1800 X171.227 Y111.276 E118.28579
G0 F9000 X170.605 Y111.276
G1 F1800 X160.271 Y121.61 E119.03435
G0 F9000 X160.271 Y120.987
G1 F1800 X169.983 Y111.276 E119.73782
G0 F9000 X169.361 Y111.276
G1 F1800 X160.271 Y120.365 E120.39624
G0 F9000 X160.271 Y119.743
G1 F1800 X168.738 Y111.276 E121.00956
G0 F9000 X168.116 Y111.276
G1 F1800 X160.271 Y119.121 E121.57783
G0 F9000 X160.271 Y118.498
G1 F1800 X167.494 Y111.276 E122.10101
G0 F9000 X166.872 Y111.276
G1 F1800 X160.271 Y117.876 E122.57913
G0 F9000 X160.271 Y117.254
G1 F1800 X166.249 Y111.276 E123.01215
G0 F9000 X165.627 Y111.276
G1 F1800 X160.225 Y116.678 E123.40346
G0 F9000 X160.019 Y116.262
G1 F1800 X165.005 Y111.276 E123.76463
G0 F9000 X164.383 Y111.276
G1 F1800 X159.709 Y115.95 E124.1032
G0 F9000 X159.292 Y115.744
G1 F1800 X163.76 Y111.276 E124.42685
G0 F9000 X163.138 Y111.276
G1 F1800 X158.689 Y115.725 E124.74912
G0 F9000 X158.067 Y115.725
G1 F1800 X162.516 Y111.276 E125.07139
G0 F9000 X161.894 Y111.276
G1 F1800 X157.444 Y115.725 E125.3937
G0 F9000 X156.821 Y115.726
G1 F1800 X161.271 Y111.276 E125.71604
G0 F9000 X160.649 Y111.276
G1 F1800 X156.199 Y115.726 E126.03838
G0 F9000 X155.577 Y115.726
G1 F1800 X160.027 Y111.276 E126.36073
G0 F9000 X159.404 Y111.276
G1 F1800 X154.955 Y115.726 E126.68304
G0 F9000 X154.332 Y115.727
G1 F1800 X158.782 Y111.276 E127.00542
G0 F9000 X158.16 Y111.276
G1 F1800 X153.709 Y115.727 E127.32783
G0 F9000 X153.087 Y115.727
G1 F1800 X157.538 Y111.276 E127.65025
G0 F9000 X156.915 Y111.276
G1 F1800 X152.464 Y115.727 E127.97267
G0 F9000 X151.842 Y115.727
G1 F1800 X156.293 Y111.276 E128.29508
G0 F9000 X155.671 Y111.276
G1 F1800 X151.22 Y115.727 E128.6175
G0 F9000 X150.597 Y115.727
G1 F1800 X155.049 Y111.276 E128.93995
G0 F9000 X154.426 Y111.276
G1 F1800 X149.975 Y115.728 E129.26241
G0 F9000 X149.352 Y115.728
G1 F1800 X153.804 Y111.276 E129.58489
G0 F9000 X153.182 Y111.276
G1 F1800 X148.73 Y115.728 E129.90738
G0 F9000 X148.107 Y115.729
G1 F1800 X152.56 Y111.276 E130.22994
G0 F9000 X151.937 Y111.276
G1 F1800 X147.485 Y115.729 E130.55247
G0 F9000 X146.863 Y115.729
G1 F1800 X151.315 Y111.276 E130.87499
G0 F9000 X150.693 Y111.276
G1 F1800 X146.24 Y115.729 E131.19756
G0 F9000 X145.617 Y115.729
G1 F1800 X150.071 Y111.276 E131.52015
G0 F9000 X149.448 Y111.276
G1 F1800 X144.995 Y115.729 E131.84272
G0 F9000 X144.373 Y115.729
G1 F1800 X148.826 Y111.276 E132.16528
G0 F9000 X148.204 Y111.276
G1 F1800 X143.75 Y115.73 E132.48791
G0 F9000 X143.128 Y115.73
G1 F1800 X147.582 Y111.276 E132.81054
G0 F9000 X146.959 Y111.276
G1 F1800 X142.505 Y115.73 E133.13318
G0 F9000 X141.883 Y115.73
G1 F1800 X146.337 Y111.276 E133.45581
G0 F9000 X145.715 Y111.276
G1 F1800 X132.266 Y124.724 E134.42998
G0 F9000 X132.266 Y124.102
G1 F1800 X145.093 Y111.276 E135.35909
G0 F9000 X144.47 Y111.276
G1 F1800 X132.266 Y123.48 E136.24311
G0 F9000 X132.266 Y122.858
G1 F1800 X143.848 Y111.276 E137.08207
G0 F9000 X143.226 Y111.276
G1 F1800 X132.266 Y122.235 E137.87595
G0 F9000 X132.266 Y121.614
G1 F1800 X142.604 Y111.276 E138.6248
G0 F9000 X141.981 Y111.276
G1 F1800 X132.266 Y120.992 E139.32856
G0 F9000 X132.266 Y120.369
G1 F1800 X141.359 Y111.276 E139.98723
G0 F9000 X140.737 Y111.276
G1 F1800 X132.266 Y119.747 E140.60084
G0 F9000 X132.266 Y119.125
G1 F1800 X140.115 Y111.276 E141.1694
G0 F9000 X139.492 Y111.276
G1 F1800 X132.266 Y118.503 E141.69286
G0 F9000 X132.266 Y117.88
G1 F1800 X138.87 Y111.276 E142.17124
G0 F9000 X138.248 Y111.276
G1 F1800 X132.266 Y117.258 E142.60455
G0 F9000 X132.223 Y116.679
G1 F1800 X137.626 Y111.276 E142.99593
G0 F9000 X137.003 Y111.276
G1 F1800 X132.023 Y116.256 E143.35667
G0 F9000 X131.703 Y115.954
G1 F1800 X136.381 Y111.276 E143.69553
G0 F9000 X135.759 Y111.276
G1 F1800 X131.281 Y115.753 E144.01986
G0 F9000 X130.689 Y115.724
G1 F1800 X135.137 Y111.276 E144.34206
G0 F9000 X134.514 Y111.276
G1 F1800 X130.067 Y115.724 E144.66422
G0 F9000 X129.444 Y115.724
G1 F1800 X133.892 Y111.276 E144.98642
G0 F9000 X133.27 Y111.276
G1 F1800 X128.822 Y115.724 E145.30862
G0 F9000 X128.2 Y115.724
G1 F1800 X132.648 Y111.276 E145.63082
G0 F9000 X132.025 Y111.276
G1 F1800 X127.578 Y115.724 E145.95298
G0 F9000 X126.955 Y115.724
G1 F1800 X131.403 Y111.276 E146.27518
G0 F9000 X130.781 Y111.276
G1 F1800 X126.333 Y115.724 E146.59738
G0 F9000 X125.711 Y115.724
G1 F1800 X130.159 Y111.276 E146.91958
G0 F9000 X129.536 Y111.276
G1 F1800 X125.089 Y115.724 E147.24175
G0 F9000 X124.466 Y115.724
G1 F1800 X128.914 Y111.276 E147.56394
G0 F9000 X128.292 Y111.276
G1 F1800 X123.844 Y115.724 E147.88614
G0 F9000 X123.222 Y115.724
G1 F1800 X127.67 Y111.276 E148.20834
G0 F9000 X127.047 Y111.276
G1 F1800 X122.6 Y115.724 E148.53051
G0 F9000 X121.977 Y115.724
G1 F1800 X126.425 Y111.276 E148.85271
G0 F9000 X125.803 Y111.276
G1 F1800 X121.355 Y115.724 E149.1749
G0 F9000 X121.276 Y115.181
G1 F1800 X125.181 Y111.276 E149.45777
G0 F9000 X124.558 Y111.276
G1 F1800 X121.276 Y114.558 E149.69551
G0 F9000 X121.276 Y113.936
G1 F1800 X123.936 Y111.276 E149.88819
G0 F9000 X123.314 Y111.276
G1 F1800 X121.276 Y113.314 E150.03582
G0 F9000 X121.276 Y112.692
G1 F1800 X122.692 Y111.276 E150.13839
G0 F9000 X122.069 Y111.276
G1 F1800 X121.276 Y112.069 E150.19583
G0 F9000 X121.276 Y111.447
G1 F1800 X121.447 Y111.276 E150.20822
G1 F1500 E148.20822
G0 F9000 X121.447 Y109.335
G0 X119.347 Y109.347
G0 X119.347 Y117.653
G0 X130.335 Y125.347
G0 X132.266 Y125.347
G1 F1500 E150.20822
G1 F1800 X140.731 Y116.883 E150.82136
G0 F9000 X140.731 Y117.505
G1 F1800 X132.266 Y125.969 E151.4345
G0 F9000 X132.267 Y126.59
G1 F1800 X140.731 Y118.127 E152.04757
G0 F9000 X140.731 Y118.749
G1 F1800 X132.267 Y127.213 E152.66068
G0 F9000 X132.267 Y127.835
G1 F1800 X140.731 Y119.372 E153.27375
G0 F9000 X140.731 Y119.994
G1 F1800 X132.267 Y128.457 E153.88681
G0 F9000 X132.267 Y129.08
G1 F1800 X140.731 Y120.616 E154.49992
G0 F9000 X140.731 Y121.238
G1 F1800 X132.267 Y129.702 E155.11303
G0 F9000 X132.267 Y130.324
G1 F1800 X140.731 Y121.861 E155.7261
G0 F9000 X140.731 Y122.483
G1 F1800 X132.267 Y130.946 E156.33917
G0 F9000 X132.268 Y131.568
G1 F1800 X140.731 Y123.105 E156.9522
G0 F9000 X140.731 Y123.727
G1 F1800 X132.268 Y132.19 E157.56523
G0 F9000 X132.268 Y132.812
G1 F1800 X140.73 Y124.35 E158.17819
G0 F9000 X140.73 Y124.973
G1 F1800 X132.268 Y133.435 E158.79115
G0 F9000 X132.268 Y134.057
G1 F1800 X140.73 Y125.595 E159.40411
G0 F9000 X140.73 Y126.217
G1 F1800 X132.268 Y134.679 E160.01708
G0 F9000 X132.268 Y135.301
G1 F1800 X140.73 Y126.839 E160.63004
G0 F9000 X140.73 Y127.462
G1 F1800 X132.268 Y135.924 E161.243
G0 F9000 X132.269 Y136.545
G1 F1800 X140.73 Y128.084 E161.85589
G0 F9000 X140.73 Y128.706
G1 F1800 X132.269 Y137.167 E162.46877
G0 F9000 X132.269 Y137.79
G1 F1800 X140.73 Y129.328 E163.0817
G0 F9000 X140.73 Y129.951
G1 F1800 X132.269 Y138.412 E163.69459
G0 F9000 X132.269 Y139.034
G1 F1800 X140.73 Y130.573 E164.30748
G0 F9000 X140.73 Y131.195
G1 F1800 X132.269 Y139.656 E164.92036
G0 F9000 X132.269 Y140.279
G1 F1800 X140.729 Y131.818 E165.53322
G0 F9000 X140.729 Y132.44
G1 F1800 X132.269 Y140.9 E166.14603
G0 F9000 X132.269 Y141.522
G1 F1800 X140.729 Y133.063 E166.75881
G0 F9000 X140.729 Y133.685
G1 F1800 X132.269 Y142.145 E167.37163
G0 F9000 X132.269 Y142.767
G1 F1800 X140.729 Y134.307 E167.98444
G0 F9000 X140.729 Y134.929
G1 F1800 X132.269 Y143.389 E168.59726
G0 F9000 X132.269 Y144.011
G1 F1800 X140.729 Y135.552 E169.21004
G0 F9000 X140.729 Y136.174
G1 F1800 X132.269 Y144.634 E169.82286
G0 F9000 X132.269 Y145.256
G1 F1800 X140.729 Y136.796 E170.43567
G0 F9000 X140.729 Y137.418
G1 F1800 X132.27 Y145.878 E171.04845
G0 F9000 X132.27 Y146.5
G1 F1800 X140.729 Y138.041 E171.6612
G0 F9000 X140.728 Y138.664
G1 F1800 X132.27 Y147.122 E172.27387
G0 F9000 X132.27 Y147.744
G1 F1800 X140.728 Y139.286 E172.88654
G0 F9000 X140.728 Y139.908
G1 F1800 X132.27 Y148.367 E173.49924
G0 F9000 X132.27 Y148.989
G1 F1800 X140.728 Y140.53 E174.11195
G0 F9000 X140.728 Y141.153
G1 F1800 X132.27 Y149.611 E174.72462
G0 F9000 X132.27 Y150.233
G1 F1800 X140.728 Y141.775 E175.33729
G0 F9000 X140.728 Y142.397
G1 F1800 X132.271 Y150.855 E175.94993
G0 F9000 X132.271 Y151.477
G1 F1800 X140.728 Y143.019 E176.56256
G0 F9000 X140.728 Y143.642
G1 F1800 X132.271 Y152.099 E177.17516
G0 F9000 X132.271 Y152.722
G1 F1800 X140.728 Y144.264 E177.7878
G0 F9000 X140.728 Y144.886
G1 F1800 X132.271 Y153.344 E178.40043
G0 F9000 X132.271 Y153.966
G1 F1800 X140.728 Y145.508 E179.01307
G0 F9000 X140.728 Y146.131
G1 F1800 X132.271 Y154.588 E179.62567
G0 F9000 X132.271 Y155.21
G1 F1800 X140.728 Y146.754 E180.23823
G0 F9000 X140.728 Y147.376
G1 F1800 X132.271 Y155.832 E180.85079
G0 F9000 X132.271 Y156.454
G1 F1800 X140.728 Y147.998 E181.46335
G0 F9000 X140.728 Y148.62
G1 F1800 X132.271 Y157.077 E182.07595
G0 F9000 X132.271 Y157.699
G1 F1800 X140.728 Y149.243 E182.68851
G0 F9000 X140.728 Y149.865
G1 F1800 X132.271 Y158.321 E183.30108
G0 F9000 X132.271 Y158.943
G1 F1800 X140.728 Y150.487 E183.91364
G0 F9000 X140.728 Y151.109
G1 F1800 X132.271 Y159.566 E184.52624
G0 F9000 X132.272 Y160.187
G1 F1800 X140.728 Y151.732 E185.13873
G0 F9000 X140.728 Y152.354
G1 F1800 X132.272 Y160.81 E185.75125
G0 F9000 X132.272 Y161.432
G1 F1800 X140.727 Y152.977 E186.36371
G0 F9000 X140.727 Y153.599
G1 F1800 X132.272 Y162.054 E186.97616
G0 F9000 X132.272 Y162.676
G1 F1800 X140.727 Y154.221 E187.58862
G0 F9000 X140.727 Y154.844
G1 F1800 X132.272 Y163.299 E188.20107
G0 F9000 X132.272 Y163.921
G1 F1800 X140.727 Y155.466 E188.81352
G0 F9000 X140.727 Y156.088
G1 F1800 X132.272 Y164.543 E189.42598
G0 F9000 X132.273 Y165.165
G1 F1800 X140.727 Y156.71 E190.03839
G0 F9000 X140.727 Y157.333
G1 F1800 X132.273 Y165.787 E190.65078
G0 F9000 X132.273 Y166.409
G1 F1800 X140.727 Y157.955 E191.26316
G0 F9000 X140.727 Y158.577
G1 F1800 X132.273 Y167.031 E191.87554
G0 F9000 X132.273 Y167.654
G1 F1800 X140.727 Y159.199 E192.48796
G0 F9000 X140.727 Y159.822
G1 F1800 X132.273 Y168.276 E193.10034
G0 F9000 X132.273 Y168.898
G1 F1800 X140.726 Y160.445 E193.71265
G0 F9000 X140.726 Y161.067
G1 F1800 X132.273 Y169.52 E194.32496
G0 F9000 X132.274 Y170.142
G1 F1800 X140.726 Y161.689 E194.93723
G0 F9000 X140.726 Y162.311
G1 F1800 X132.274 Y170.764 E195.5495
G0 F9000 X132.274 Y171.386
G1 F1800 X140.726 Y162.934 E196.16174
G0 F9000 X140.726 Y163.556
G1 F1800 X132.274 Y172.009 E196.77401
G0 F9000 X132.274 Y172.631
G1 F1800 X140.726 Y164.178 E197.38628
G0 F9000 X140.726 Y164.8
G1 F1800 X132.274 Y173.253 E197.99856
G0 F9000 X132.274 Y173.875
G1 F1800 X140.726 Y165.423 E198.61079
G0 F9000 X140.726 Y166.045
G1 F1800 X132.274 Y174.497 E199.22303
G0 F9000 X132.274 Y175.119
G1 F1800 X140.726 Y166.667 E199.83527
G0 F9000 X140.726 Y167.29
G1 F1800 X132.274 Y175.741 E200.44747
G0 F9000 X132.274 Y176.364
G1 F1800 X140.726 Y167.912 E201.0597
G0 F9000 X140.726 Y168.535
G1 F1800 X132.274 Y176.986 E201.6719
G0 F9000 X132.274 Y177.608
G1 F1800 X140.726 Y169.157 E202.2841
G0 F9000 X140.726 Y169.779
G1 F1800 X132.274 Y178.231 E202.89634
G0 F9000 X132.274 Y178.853
G1 F1800 X140.726 Y170.401 E203.50858
G0 F9000 X140.726 Y171.024
G1 F1800 X132.275 Y179.474 E204.1207
G0 F9000 X132.275 Y180.097
G1 F1800 X140.726 Y171.646 E204.73287
G0 F9000 X140.726 Y172.268
G1 F1800 X132.275 Y180.719 E205.34503
G0 F9000 X132.275 Y181.341
G1 F1800 X140.726 Y172.89 E205.9572
G0 F9000 X140.726 Y173.513
G1 F1800 X132.275 Y181.963 E206.56932
G0 F9000 X132.275 Y182.586
G1 F1800 X140.726 Y174.135 E207.18149
G0 F9000 X140.725 Y174.758
G1 F1800 X132.275 Y183.208 E207.79358
G0 F9000 X132.275 Y183.83
G1 F1800 X140.725 Y175.38 E208.40567
G0 F9000 X140.725 Y176.002
G1 F1800 X132.276 Y184.452 E209.01773
G0 F9000 X132.276 Y185.074
G1 F1800 X140.725 Y176.625 E209.62975
G0 F9000 X140.725 Y177.247
G1 F1800 X132.276 Y185.696 E210.24176
G0 F9000 X132.276 Y186.318
G1 F1800 X140.725 Y177.869 E210.85378
G0 F9000 X140.725 Y178.491
G1 F1800 X132.276 Y186.941 E211.46584
G0 F9000 X132.276 Y187.563
G1 F1800 X140.725 Y179.114 E212.07786
G0 F9000 X140.725 Y179.736
G1 F1800 X132.276 Y188.185 E212.68988
G0 F9000 X132.359 Y188.724
G1 F1800 X140.725 Y180.358 E213.29588
G0 F9000 X140.725 Y180.98
G1 F1800 X132.981 Y188.724 E213.85684
G0 F9000 X133.604 Y188.724
G1 F1800 X140.724 Y181.603 E214.37262
G0 F9000 X140.724 Y182.226
G1 F1800 X134.226 Y188.724 E214.84332
G0 F9000 X134.848 Y188.724
G1 F1800 X140.724 Y182.848 E215.26896
G0 F9000 X140.724 Y183.47
G1 F1800 X135.47 Y188.724 E215.64954
G0 F9000 X136.093 Y188.724
G1 F1800 X140.724 Y184.092 E215.98503
G0 F9000 X140.724 Y184.715
G1 F1800 X136.715 Y188.724 E216.27543
G0 F9000 X137.337 Y188.724
G1 F1800 X140.724 Y185.337 E216.52077
G0 F9000 X140.724 Y185.959
G1 F1800 X137.959 Y188.724 E216.72106
G0 F9000 X138.582 Y188.724
G1 F1800 X140.724 Y186.581 E216.87626
G0 F9000 X140.724 Y187.204
G1 F1800 X139.204 Y188.724 E216.98636
G0 F9000 X139.826 Y188.724
G1 F1800 X140.724 Y187.826 E217.05141
G0 F9000 X140.724 Y188.448
G1 F1800 X140.448 Y188.724 E217.0714
;MESH:NONMESH
G0 F300 Z7
G0 F9000 X141.34 Y189.34
;TIME_ELAPSED:3536.778920
;LAYER:24
;TYPE:WALL-INNER
;MESH:motor-slide.stl
G1 F1800 X141.344 Y116.92 E220.7808
G1 X141.388 Y116.751 E220.78974
G1 X141.506 Y116.561 E220.8012
G1 X141.718 Y116.403 E220.81474
G1 X141.914 Y116.34 E220.82529
G1 X159.12 Y116.34 E221.70659
G1 X159.419 Y116.489 E221.7237
G1 X159.581 Y116.685 E221.73673
G1 X159.66 Y116.914 E221.74913
G1 X159.66 Y189.34 E225.45884
G1 X168.34 Y189.34 E225.90343
G1 X168.34 Y116.924 E229.61262
G1 X168.419 Y116.685 E229.62552
G1 X168.581 Y116.489 E229.63854
G1 X168.913 Y116.34 E229.65718
G1 X179.34 Y116.34 E230.19126
G1 X179.34 Y110.66 E230.48219
G1 X120.66 Y110.66 E233.48782
G1 X120.66 Y116.34 E233.77875
G1 X131.101 Y116.34 E234.31354
G1 X131.283 Y116.403 E234.32341
G1 X131.494 Y116.561 E234.33691
G1 X131.612 Y116.751 E234.34837
G1 X131.656 Y116.92 E234.35731
G1 X131.66 Y189.34 E238.06671
G1 X141.34 Y189.34 E238.56252
G0 F9000 X141.78 Y189.78
;TYPE:WALL-OUTER
G1 F1800 X141.781 Y116.937 E242.29359
G1 X141.866 Y116.824 E242.30083
G1 X141.951 Y116.785 E242.30562
G1 X159.052 Y116.786 E243.18154
G1 X159.14 Y116.829 E243.18656
G1 X159.22 Y116.944 E243.19373
G1 X159.22 Y189.78 E246.92444
G1 X168.78 Y189.78 E247.41411
G1 X168.783 Y116.962 E251.14389
G1 X168.86 Y116.829 E251.15176
G1 X168.962 Y116.783 E251.15749
G1 X179.78 Y116.78 E251.7116
G1 X179.78 Y110.22 E252.0476
G1 X120.22 Y110.22 E255.0983
G1 X120.22 Y116.78 E255.43431
G1 X131.049 Y116.785 E255.98898
G1 X131.134 Y116.824 E255.99377
G1 X131.219 Y116.973 E256.00256
G1 X131.22 Y189.78 E259.73177
G1 X141.78 Y189.78 E260.27266
G0 F9000 X140.944 Y188.944
;TYPE:SKIN
G1 F1800 X132.056 Y188.944 E260.72791
G1 X132.047 Y116.867 E264.41974
G1 X131.975 Y116.597 E264.43405
G1 X131.788 Y116.3 E264.45203
G1 X131.49 Y116.068 E264.47137
G1 X131.164 Y115.944 E264.48924
G1 X121.056 Y115.944 E265.00698
G1 X121.056 Y111.056 E265.25734
G1 X178.944 Y111.056 E268.2224
G1 X178.944 Y115.944 E268.47277
G1 X168.797 Y115.949 E268.9925
G1 X168.33 Y116.18 E269.01919
G1 X168.07 Y116.491 E269.03995
G1 X167.946 Y116.868 E269.06028
G1 X167.944 Y188.944 E272.75206
G1 X160.056 Y188.944 E273.15609
G1 X160.054 Y116.857 E276.84843
G1 X159.925 Y116.493 E276.86821
G1 X159.667 Y116.18 E276.88898
G1 X159.199 Y115.949 E276.91572
G1 X141.834 Y115.947 E277.80516
G1 X141.539 Y116.047 E277.82112
G1 X141.206 Y116.292 E277.84229
G1 X141.021 Y116.598 E277.86061
G1 X140.949 Y116.867 E277.87487
G1 X140.944 Y188.944 E281.5667
G1 F1500 E279.5667
G0 F9000 X140.944 Y190.665
G0 X132.721 Y190.665
G0 X132.721 Y188.724
G1 F1500 E281.5667
G1 F1800 X132.275 Y188.278 E281.599
G0 F9000 X132.275 Y187.656
G1 F1800 X133.343 Y188.724 E281.67637
G0 F9000 X133.966 Y188.724
G1 F1800 X132.275 Y187.033 E281.79886
G0 F9000 X132.275 Y186.411
G1 F1800 X134.588 Y188.724 E281.9664
G0 F9000 X135.21 Y188.724
G1 F1800 X132.275 Y185.789 E282.17901
G0 F9000 X132.275 Y185.167
G1 F1800 X135.832 Y188.724 E282.43667
G0 F9000 X136.455 Y188.724
G1 F1800 X132.275 Y184.544 E282.73945
G0 F9000 X132.274 Y183.921
G1 F1800 X137.077 Y188.724 E283.08737
G0 F9000 X137.699 Y188.724
G1 F1800 X132.274 Y183.299 E283.48034
G0 F9000 X132.274 Y182.677
G1 F1800 X138.321 Y188.724 E283.91836
G0 F9000 X138.944 Y188.724
G1 F1800 X132.274 Y182.055 E284.40148
G0 F9000 X132.274 Y181.432
G1 F1800 X139.566 Y188.724 E284.92969
G0 F9000 X140.188 Y188.724
G1 F1800 X132.274 Y180.81 E285.50295
G0 F9000 X132.274 Y180.188
G1 F1800 X140.725 Y188.638 E286.11508
G0 F9000 X140.725 Y188.016
G1 F1800 X132.274 Y179.566 E286.72721
G0 F9000 X132.274 Y178.943
G1 F1800 X140.725 Y187.394 E287.33937
G0 F9000 X140.725 Y186.772
G1 F1800 X132.274 Y178.32 E287.95157
G0 F9000 X132.274 Y177.698
G1 F1800 X140.725 Y186.149 E288.56374
G0 F9000 X140.725 Y185.527
G1 F1800 X132.274 Y177.076 E289.1759
G0 F9000 X132.274 Y176.454
G1 F1800 X140.725 Y184.905 E289.78807
G0 F9000 X140.725 Y184.283
G1 F1800 X132.274 Y175.831 E290.40027
G0 F9000 X132.274 Y175.209
G1 F1800 X140.725 Y183.66 E291.01243
G0 F9000 X140.725 Y183.038
G1 F1800 X132.274 Y174.587 E291.62459
G0 F9000 X132.273 Y173.964
G1 F1800 X140.725 Y182.416 E292.23683
G0 F9000 X140.725 Y181.794
G1 F1800 X132.273 Y173.342 E292.84907
G0 F9000 X132.273 Y172.719
G1 F1800 X140.726 Y181.172 E293.46138
G0 F9000 X140.726 Y180.55
G1 F1800 X132.273 Y172.097 E294.07369
G0 F9000 X132.273 Y171.475
G1 F1800 X140.726 Y179.928 E294.68599
G0 F9000 X140.726 Y179.305
G1 F1800 X132.273 Y170.853 E295.29827
G0 F9000 X132.273 Y170.23
G1 F1800 X140.726 Y178.683 E295.91058
G0 F9000 X140.726 Y178.061
G1 F1800 X132.273 Y169.608 E296.52289
G0 F9000 X132.272 Y168.985
G1 F1800 X140.726 Y177.439 E297.13527
G0 F9000 X140.726 Y176.816
G1 F1800 X132.272 Y168.363 E297.74761
G0 F9000 X132.272 Y167.741
G1 F1800 X140.726 Y176.194 E298.35996
G0 F9000 X140.726 Y175.572
G1 F1800 X132.272 Y167.118 E298.97234
G0 F9000 X132.272 Y166.496
G1 F1800 X140.726 Y174.95 E299.58472
G0 F9000 X140.726 Y174.328
G1 F1800 X132.272 Y165.874 E300.1971
G0 F9000 X132.272 Y165.252
G1 F1800 X140.726 Y173.706 E300.80948
G0 F9000 X140.726 Y173.083
G1 F1800 X132.271 Y164.629 E301.4219
G0 F9000 X132.271 Y164.006
G1 F1800 X140.726 Y172.461 E302.03435
G0 F9000 X140.726 Y171.839
G1 F1800 X132.271 Y163.384 E302.64681
G0 F9000 X132.271 Y162.762
G1 F1800 X140.726 Y171.217 E303.25926
G0 F9000 X140.726 Y170.594
G1 F1800 X132.271 Y162.14 E303.87168
G0 F9000 X132.271 Y161.517
G1 F1800 X140.726 Y169.972 E304.48413
G0 F9000 X140.726 Y169.35
G1 F1800 X132.271 Y160.895 E305.09659
G0 F9000 X132.271 Y160.273
G1 F1800 X140.726 Y168.728 E305.70904
G0 F9000 X140.726 Y168.105
G1 F1800 X132.271 Y159.65 E306.32149
G0 F9000 X132.271 Y159.028
G1 F1800 X140.726 Y167.483 E306.93395
G0 F9000 X140.727 Y166.862
G1 F1800 X132.271 Y158.405 E307.54651
G0 F9000 X132.271 Y157.783
G1 F1800 X140.727 Y166.239 E308.15904
G0 F9000 X140.727 Y165.617
G1 F1800 X132.271 Y157.161 E308.77156
G0 F9000 X132.271 Y156.539
G1 F1800 X140.727 Y164.995 E309.38409
G0 F9000 X140.727 Y164.373
G1 F1800 X132.271 Y155.916 E309.99665
G0 F9000 X132.271 Y155.294
G1 F1800 X140.727 Y163.75 E310.60918
G0 F9000 X140.727 Y163.128
G1 F1800 X132.27 Y154.671 E311.22178
G0 F9000 X132.27 Y154.049
G1 F1800 X140.727 Y162.506 E311.83438
G0 F9000 X140.727 Y161.884
G1 F1800 X132.27 Y153.427 E312.44697
G0 F9000 X132.27 Y152.804
G1 F1800 X140.727 Y161.261 E313.05957
G0 F9000 X140.727 Y160.639
G1 F1800 X132.27 Y152.182 E313.67217
G0 F9000 X132.27 Y151.56
G1 F1800 X140.727 Y160.017 E314.28477
G0 F9000 X140.728 Y159.395
G1 F1800 X132.27 Y150.938 E314.8974
G0 F9000 X132.269 Y150.315
G1 F1800 X140.728 Y158.773 E315.51011
G0 F9000 X140.728 Y158.151
G1 F1800 X132.269 Y149.692 E316.12286
G0 F9000 X132.269 Y149.07
G1 F1800 X140.728 Y157.529 E316.7356
G0 F9000 X140.728 Y156.906
G1 F1800 X132.269 Y148.448 E317.34831
G0 F9000 X132.269 Y147.826
G1 F1800 X140.728 Y156.284 E317.96101
G0 F9000 X140.728 Y155.662
G1 F1800 X132.269 Y147.203 E318.57376
G0 F9000 X132.269 Y146.581
G1 F1800 X140.728 Y155.04 E319.1865
G0 F9000 X140.728 Y154.417
G1 F1800 X132.269 Y145.959 E319.79921
G0 F9000 X132.269 Y145.336
G1 F1800 X140.728 Y153.795 E320.41195
G0 F9000 X140.728 Y153.173
G1 F1800 X132.269 Y144.714 E321.0247
G0 F9000 X132.269 Y144.091
G1 F1800 X140.728 Y152.551 E321.63748
G0 F9000 X140.728 Y151.929
G1 F1800 X132.269 Y143.469 E322.25026
G0 F9000 X132.269 Y142.847
G1 F1800 X140.728 Y151.307 E322.86303
G0 F9000 X140.728 Y150.684
G1 F1800 X132.269 Y142.225 E323.47578
G0 F9000 X132.269 Y141.602
G1 F1800 X140.728 Y150.062 E324.08856
G0 F9000 X140.728 Y149.44
G1 F1800 X132.269 Y140.98 E324.70134
G0 F9000 X132.268 Y140.357
G1 F1800 X140.728 Y148.818 E325.31419
G0 F9000 X140.728 Y148.195
G1 F1800 X132.268 Y139.735 E325.92701
G0 F9000 X132.268 Y139.113
G1 F1800 X140.728 Y147.573 E326.53982
G0 F9000 X140.728 Y146.951
G1 F1800 X132.268 Y138.49 E327.15267
G0 F9000 X132.268 Y137.868
G1 F1800 X140.728 Y146.329 E327.76553
G0 F9000 X140.728 Y145.706
G1 F1800 X132.268 Y137.246 E328.37834
G0 F9000 X132.268 Y136.624
G1 F1800 X140.729 Y145.085 E328.99123
G0 F9000 X140.729 Y144.463
G1 F1800 X132.267 Y136.001 E329.60419
G0 F9000 X132.267 Y135.378
G1 F1800 X140.729 Y143.84 E330.21715
G0 F9000 X140.729 Y143.218
G1 F1800 X132.267 Y134.756 E330.83011
G0 F9000 X132.267 Y134.134
G1 F1800 X140.729 Y142.596 E331.44307
G0 F9000 X140.729 Y141.974
G1 F1800 X132.267 Y133.512 E332.05604
G0 F9000 X132.267 Y132.889
G1 F1800 X140.729 Y141.351 E332.669
G0 F9000 X140.729 Y140.729
G1 F1800 X132.267 Y132.267 E333.28196
G0 F9000 X132.267 Y131.645
G1 F1800 X140.729 Y140.107 E333.89492
G0 F9000 X140.729 Y139.485
G1 F1800 X132.266 Y131.022 E334.50795
G0 F9000 X132.266 Y130.4
G1 F1800 X140.729 Y138.862 E335.12095
G0 F9000 X140.73 Y138.241
G1 F1800 X132.266 Y129.777 E335.73405
G0 F9000 X132.266 Y129.155
G1 F1800 X140.73 Y137.619 E336.34716
G0 F9000 X140.73 Y136.996
G1 F1800 X132.266 Y128.533 E336.96023
G0 F9000 X132.266 Y127.911
G1 F1800 X140.73 Y136.374 E337.5733
G0 F9000 X140.73 Y135.752
G1 F1800 X132.266 Y127.288 E338.1864
G0 F9000 X132.266 Y126.666
G1 F1800 X140.73 Y135.13 E338.79951
G0 F9000 X140.73 Y134.507
G1 F1800 X132.266 Y126.043 E339.41262
G0 F9000 X132.266 Y125.421
G1 F1800 X140.73 Y133.885 E340.02572
G0 F9000 X140.73 Y133.263
G1 F1800 X132.266 Y124.799 E340.63883
G0 F9000 X132.266 Y124.176
G1 F1800 X140.73 Y132.641 E341.25197
G0 F9000 X140.73 Y132.018
G1 F1800 X132.266 Y123.554 E341.86508
G0 F9000 X132.266 Y122.932
G1 F1800 X140.73 Y131.396 E342.47818
G0 F9000 X140.731 Y130.774
G1 F1800 X132.266 Y122.31 E343.09132
G0 F9000 X132.266 Y121.687
G1 F1800 X140.731 Y130.152 E343.7045
G0 F9000 X140.731 Y129.53
G1 F1800 X132.265 Y121.064 E344.31775
G0 F9000 X132.265 Y120.442
G1 F1800 X140.731 Y128.908 E344.931
G0 F9000 X140.731 Y128.285
G1 F1800 X132.265 Y119.82 E345.54422
G0 F9000 X132.265 Y119.198
G1 F1800 X140.731 Y127.663 E346.15743
G0 F9000 X140.731 Y127.041
G1 F1800 X132.265 Y118.575 E346.77068
G0 F9000 X132.265 Y117.953
G1 F1800 X140.731 Y126.419 E347.38393
G0 F9000 X140.731 Y125.796
G1 F1800 X132.265 Y117.331 E347.99715
G0 F9000 X132.218 Y116.661
G1 F1800 X140.731 Y125.174 E348.6138
G0 F9000 X140.731 Y124.552
G1 F1800 X127.455 Y111.276 E349.57547
G0 F9000 X128.077 Y111.276
G1 F1800 X140.731 Y123.93 E350.49209
G0 F9000 X140.731 Y123.308
G1 F1800 X128.699 Y111.276 E351.36365
G0 F9000 X129.321 Y111.276
G1 F1800 X140.731 Y122.686 E352.19016
G0 F9000 X140.731 Y122.064
G1 F1800 X129.944 Y111.276 E352.97157
G0 F9000 X130.566 Y111.276
G1 F1800 X140.731 Y121.441 E353.70789
G0 F9000 X140.731 Y120.819
G1 F1800 X131.188 Y111.276 E354.39915
G0 F9000 X131.81 Y111.276
G1 F1800 X140.731 Y120.197 E355.04536
G0 F9000 X140.731 Y119.575
G1 F1800 X132.433 Y111.276 E355.64648
G0 F9000 X133.055 Y111.276
G1 F1800 X140.731 Y118.952 E356.20251
G0 F9000 X140.731 Y118.33
G1 F1800 X133.677 Y111.276 E356.71348
G0 F9000 X134.299 Y111.276
G1 F1800 X140.731 Y117.708 E357.17939
G0 F9000 X140.731 Y117.086
G1 F1800 X134.922 Y111.276 E357.60021
G0 F9000 X135.544 Y111.276
G1 F1800 X140.81 Y116.543 E357.9817
G0 F9000 X141.037 Y116.147
G1 F1800 X136.166 Y111.276 E358.33454
G0 F9000 X136.788 Y111.276
G1 F1800 X141.393 Y115.881 E358.66811
G0 F9000 X141.864 Y115.729
G1 F1800 X137.411 Y111.276 E358.99067
G0 F9000 X138.033 Y111.276
G1 F1800 X142.486 Y115.729 E359.31324
G0 F9000 X143.109 Y115.729
G1 F1800 X138.655 Y111.276 E359.63583
G0 F9000 X139.277 Y111.276
G1 F1800 X143.731 Y115.729 E359.95843
G0 F9000 X144.352 Y115.729
G1 F1800 X139.9 Y111.276 E360.28096
G0 F9000 X140.522 Y111.276
G1 F1800 X144.975 Y115.729 E360.60352
G0 F9000 X145.597 Y115.729
G1 F1800 X141.144 Y111.276 E360.92608
G0 F9000 X141.766 Y111.276
G1 F1800 X146.218 Y115.728 E361.24857
G0 F9000 X146.841 Y115.728
G1 F1800 X142.389 Y111.276 E361.57106
G0 F9000 X143.011 Y111.276
G1 F1800 X147.463 Y115.728 E361.89355
G0 F9000 X148.085 Y115.728
G1 F1800 X143.633 Y111.276 E362.21604
G0 F9000 X144.255 Y111.276
G1 F1800 X148.707 Y115.727 E362.53849
G0 F9000 X149.329 Y115.727
G1 F1800 X144.878 Y111.276 E362.8609
G0 F9000 X145.5 Y111.276
G1 F1800 X149.951 Y115.727 E363.18332
G0 F9000 X150.573 Y115.727
G1 F1800 X146.122 Y111.276 E363.50574
G0 F9000 X146.744 Y111.276
G1 F1800 X151.195 Y115.727 E363.82815
G0 F9000 X151.817 Y115.727
G1 F1800 X147.367 Y111.276 E364.15053
G0 F9000 X147.989 Y111.276
G1 F1800 X152.439 Y115.727 E364.47291
G0 F9000 X153.061 Y115.726
G1 F1800 X148.611 Y111.276 E364.79526
G0 F9000 X149.233 Y111.276
G1 F1800 X153.683 Y115.726 E365.1176
G0 F9000 X154.306 Y115.726
G1 F1800 X149.856 Y111.276 E365.43995
G0 F9000 X150.478 Y111.276
G1 F1800 X154.927 Y115.725 E365.76222
G0 F9000 X155.549 Y115.725
G1 F1800 X151.1 Y111.276 E366.08449
G0 F9000 X151.722 Y111.276
G1 F1800 X156.172 Y115.725 E366.4068
G0 F9000 X156.794 Y115.725
G1 F1800 X152.345 Y111.276 E366.72907
G0 F9000 X152.967 Y111.276
G1 F1800 X157.415 Y115.724 E367.05127
G0 F9000 X158.038 Y115.724
G1 F1800 X153.589 Y111.276 E367.3735
G0 F9000 X154.212 Y111.276
G1 F1800 X158.66 Y115.724 E367.6957
G0 F9000 X159.31 Y115.752
G1 F1800 X154.834 Y111.276 E368.01993
G0 F9000 X155.456 Y111.276
G1 F1800 X167.729 Y123.549 E368.90895
G0 F9000 X167.729 Y124.171
G1 F1800 X160.22 Y116.662 E369.45288
G0 F9000 X160.271 Y117.336
G1 F1800 X167.729 Y124.794 E369.99311
G0 F9000 X167.729 Y125.416
G1 F1800 X160.271 Y117.958 E370.53335
G0 F9000 X160.271 Y118.58
G1 F1800 X167.729 Y126.038 E371.07358
G0 F9000 X167.729 Y126.661
G1 F1800 X160.271 Y119.203 E371.61381
G0 F9000 X160.271 Y119.825
G1 F1800 X167.729 Y127.282 E372.15401
G0 F9000 X167.729 Y127.904
G1 F1800 X160.271 Y120.447 E372.69421
G0 F9000 X160.271 Y121.069
G1 F1800 X167.729 Y128.527 E373.23445
G0 F9000 X167.729 Y129.149
G1 F1800 X160.271 Y121.692 E373.77464
G0 F9000 X160.271 Y122.314
G1 F1800 X167.729 Y129.771 E374.31484
G0 F9000 X167.729 Y130.393
G1 F1800 X160.271 Y122.936 E374.85504
G0 F9000 X160.271 Y123.558
G1 F1800 X167.729 Y131.016 E375.39527
G0 F9000 X167.729 Y131.638
G1 F1800 X160.271 Y124.181 E375.93547
G0 F9000 X160.271 Y124.803
G1 F1800 X167.729 Y132.26 E376.47567
G0 F9000 X167.729 Y132.882
G1 F1800 X160.271 Y125.425 E377.01587
G0 F9000 X160.271 Y126.047
G1 F1800 X167.729 Y133.505 E377.5561
G0 F9000 X167.729 Y134.127
G1 F1800 X160.271 Y126.67 E378.0963
G0 F9000 X160.271 Y127.292
G1 F1800 X167.729 Y134.749 E378.6365
G0 F9000 X167.729 Y135.371
G1 F1800 X160.271 Y127.914 E379.1767
G0 F9000 X160.271 Y128.536
G1 F1800 X167.729 Y135.994 E379.71693
G0 F9000 X167.729 Y136.616
G1 F1800 X160.272 Y129.159 E380.25709
G0 F9000 X160.272 Y129.782
G1 F1800 X167.729 Y137.238 E380.79722
G0 F9000 X167.728 Y137.86
G1 F1800 X160.272 Y130.404 E381.33731
G0 F9000 X160.272 Y131.026
G1 F1800 X167.728 Y138.482 E381.8774
G0 F9000 X167.728 Y139.104
G1 F1800 X160.272 Y131.648 E382.41749
G0 F9000 X160.272 Y132.271
G1 F1800 X167.728 Y139.726 E382.95754
G0 F9000 X167.728 Y140.349
G1 F1800 X160.272 Y132.893 E383.49763
G0 F9000 X160.272 Y133.515
G1 F1800 X167.728 Y140.971 E384.03772
G0 F9000 X167.728 Y141.593
G1 F1800 X160.272 Y134.137 E384.57781
G0 F9000 X160.272 Y134.76
G1 F1800 X167.728 Y142.215 E385.11786
G0 F9000 X167.728 Y142.838
G1 F1800 X160.272 Y135.382 E385.65795
G0 F9000 X160.272 Y136.004
G1 F1800 X167.728 Y143.46 E386.19804
G0 F9000 X167.728 Y144.082
G1 F1800 X160.272 Y136.626 E386.73813
G0 F9000 X160.272 Y137.249
G1 F1800 X167.728 Y144.704 E387.27818
G0 F9000 X167.728 Y145.327
G1 F1800 X160.272 Y137.871 E387.81827
G0 F9000 X160.272 Y138.493
G1 F1800 X167.728 Y145.949 E388.35836
G0 F9000 X167.728 Y146.571
G1 F1800 X160.272 Y139.115 E388.89845
G0 F9000 X160.272 Y139.738
G1 F1800 X167.728 Y147.193 E389.4385
G0 F9000 X167.727 Y147.815
G1 F1800 X160.272 Y140.36 E389.97852
G0 F9000 X160.273 Y140.983
G1 F1800 X167.727 Y148.437 E390.51846
G0 F9000 X167.727 Y149.06
G1 F1800 X160.273 Y141.605 E391.05844
G0 F9000 X160.273 Y142.227
G1 F1800 X167.727 Y149.682 E391.59843
G0 F9000 X167.727 Y150.304
G1 F1800 X160.273 Y142.85 E392.13837
G0 F9000 X160.273 Y143.472
G1 F1800 X167.727 Y150.926 E392.67831
G0 F9000 X167.727 Y151.549
G1 F1800 X160.273 Y144.094 E393.21829
G0 F9000 X160.273 Y144.716
G1 F1800 X167.727 Y152.171 E393.75828
G0 F9000 X167.727 Y152.793
G1 F1800 X160.273 Y145.339 E394.29822
G0 F9000 X160.273 Y145.961
G1 F1800 X167.727 Y153.415 E394.83816
G0 F9000 X167.727 Y154.038
G1 F1800 X160.273 Y146.583 E395.37815
G0 F9000 X160.273 Y147.205
G1 F1800 X167.727 Y154.66 E395.91813
G0 F9000 X167.727 Y155.282
G1 F1800 X160.273 Y147.828 E396.45807
G0 F9000 X160.273 Y148.45
G1 F1800 X167.727 Y155.904 E396.99802
G0 F9000 X167.727 Y156.527
G1 F1800 X160.273 Y149.072 E397.538
G0 F9000 X160.273 Y149.695
G1 F1800 X167.727 Y157.149 E398.07794
G0 F9000 X167.727 Y157.771
G1 F1800 X160.273 Y150.317 E398.61788
G0 F9000 X160.273 Y150.939
G1 F1800 X167.726 Y158.393 E399.15779
G0 F9000 X167.726 Y159.015
G1 F1800 X160.273 Y151.561 E399.6977
G0 F9000 X160.273 Y152.184
G1 F1800 X167.726 Y159.637 E400.23757
G0 F9000 X167.726 Y160.259
G1 F1800 X160.274 Y152.806 E400.77741
G0 F9000 X160.274 Y153.429
G1 F1800 X167.726 Y160.882 E401.31725
G0 F9000 X167.726 Y161.504
G1 F1800 X160.274 Y154.051 E401.85708
G0 F9000 X160.274 Y154.673
G1 F1800 X167.726 Y162.126 E402.39692
G0 F9000 X167.726 Y162.748
G1 F1800 X160.274 Y155.295 E402.93675
G0 F9000 X160.274 Y155.918
G1 F1800 X167.726 Y163.371 E403.47659
G0 F9000 X167.726 Y163.993
G1 F1800 X160.274 Y156.54 E404.01642
G0 F9000 X160.274 Y157.162
G1 F1800 X167.726 Y164.615 E404.55626
G0 F9000 X167.726 Y165.237
G1 F1800 X160.274 Y157.785 E405.09606
G0 F9000 X160.274 Y158.407
G1 F1800 X167.726 Y165.86 E405.6359
G0 F9000 X167.726 Y166.482
G1 F1800 X160.274 Y159.029 E406.17573
G0 F9000 X160.274 Y159.651
G1 F1800 X167.726 Y167.104 E406.71557
G0 F9000 X167.726 Y167.726
G1 F1800 X160.274 Y160.274 E407.25537
G0 F9000 X160.274 Y160.896
G1 F1800 X167.726 Y168.348 E407.79517
G0 F9000 X167.726 Y168.97
G1 F1800 X160.274 Y161.518 E408.33497
G0 F9000 X160.274 Y162.14
G1 F1800 X167.726 Y169.592 E408.87477
G0 F9000 X167.726 Y170.215
G1 F1800 X160.274 Y162.763 E409.41457
G0 F9000 X160.274 Y163.385
G1 F1800 X167.726 Y170.837 E409.95436
G0 F9000 X167.726 Y171.459
G1 F1800 X160.274 Y164.007 E410.49416
G0 F9000 X160.274 Y164.629
G1 F1800 X167.726 Y172.082 E411.034
G0 F9000 X167.726 Y172.704
G1 F1800 X160.274 Y165.252 E411.5738
G0 F9000 X160.274 Y165.875
G1 F1800 X167.726 Y173.326 E412.11356
G0 F9000 X167.726 Y173.948
G1 F1800 X160.274 Y166.497 E412.65333
G0 F9000 X160.274 Y167.119
G1 F1800 X167.726 Y174.571 E413.19313
G0 F9000 X167.726 Y175.193
G1 F1800 X160.274 Y167.741 E413.73293
G0 F9000 X160.274 Y168.364
G1 F1800 X167.726 Y175.815 E414.27269
G0 F9000 X167.726 Y176.437
G1 F1800 X160.274 Y168.986 E414.81245
G0 F9000 X160.274 Y169.608
G1 F1800 X167.726 Y177.06 E415.35225
G0 F9000 X167.726 Y177.682
G1 F1800 X160.274 Y170.23 E415.89205
G0 F9000 X160.274 Y170.853
G1 F1800 X167.726 Y178.304 E416.43182
G0 F9000 X167.725 Y178.926
G1 F1800 X160.274 Y171.475 E416.97154
G0 F9000 X160.274 Y172.097
G1 F1800 X167.725 Y179.548 E417.51127
G0 F9000 X167.725 Y180.17
G1 F1800 X160.274 Y172.719 E418.051
G0 F9000 X160.274 Y173.342
G1 F1800 X167.725 Y180.792 E418.59069
G0 F9000 X167.725 Y181.415
G1 F1800 X160.274 Y173.964 E419.13042
G0 F9000 X160.274 Y174.586
G1 F1800 X167.725 Y182.037 E419.67014
G0 F9000 X167.725 Y182.659
G1 F1800 X160.274 Y175.208 E420.20987
G0 F9000 X160.274 Y175.831
G1 F1800 X167.725 Y183.281 E420.74956
G0 F9000 X167.725 Y183.904
G1 F1800 X160.274 Y176.453 E421.28929
G0 F9000 X160.275 Y177.076
G1 F1800 X167.725 Y184.526 E421.82894
G0 F9000 X167.725 Y185.148
G1 F1800 X160.275 Y177.698 E422.3686
G0 F9000 X160.275 Y178.32
G1 F1800 X167.725 Y185.77 E422.90825
G0 F9000 X167.725 Y186.393
G1 F1800 X160.275 Y178.943 E423.44791
G0 F9000 X160.275 Y179.565
G1 F1800 X167.725 Y187.015 E423.98756
G0 F9000 X167.725 Y187.637
G1 F1800 X160.275 Y180.187 E424.52722
G0 F9000 X160.275 Y180.809
G1 F1800 X167.725 Y188.259 E425.06687
G0 F9000 X167.567 Y188.724
G1 F1800 X160.275 Y181.432 E425.59508
G0 F9000 X160.275 Y182.054
G1 F1800 X166.945 Y188.724 E426.07823
G0 F9000 X166.323 Y188.724
G1 F1800 X160.275 Y182.676 E426.51633
G0 F9000 X160.275 Y183.298
G1 F1800 X165.701 Y188.724 E426.90938
G0 F9000 X165.078 Y188.724
G1 F1800 X160.275 Y183.921 E427.25729
G0 F9000 X160.275 Y184.543
G1 F1800 X164.456 Y188.724 E427.56015
G0 F9000 X163.834 Y188.724
G1 F1800 X160.275 Y185.165 E427.81795
G0 F9000 X160.275 Y185.787
G1 F1800 X163.212 Y188.724 E428.0307
G0 F9000 X162.589 Y188.724
G1 F1800 X160.275 Y186.41 E428.19832
G0 F9000 X160.275 Y187.032
G1 F1800 X161.967 Y188.724 E428.32088
G0 F9000 X161.345 Y188.724
G1 F1800 X160.275 Y187.654 E428.39839
G0 F9000 X160.275 Y188.276
G1 F1800 X160.723 Y188.724 E428.43084
G1 F1500 E426.43084
G0 F9000 X160.723 Y190.665
G0 X169.653 Y190.653
G0 X169.665 Y122.927
G0 X167.729 Y122.927
G1 F1500 E428.43084
G1 F1800 X156.078 Y111.276 E429.2748
G0 F9000 X156.701 Y111.276
G1 F1800 X167.729 Y122.305 E430.07367
G0 F9000 X167.729 Y121.682
G1 F1800 X157.323 Y111.276 E430.82745
G0 F9000 X157.945 Y111.276
G1 F1800 X167.729 Y121.06 E431.53617
G0 F9000 X167.729 Y120.438
G1 F1800 X158.567 Y111.276 E432.19984
G0 F9000 X159.19 Y111.276
G1 F1800 X167.729 Y119.816 E432.81841
G0 F9000 X167.729 Y119.193
G1 F1800 X159.812 Y111.276 E433.3919
G0 F9000 X160.434 Y111.276
G1 F1800 X167.729 Y118.571 E433.92032
G0 F9000 X167.729 Y117.949
G1 F1800 X161.056 Y111.276 E434.40369
G0 F9000 X161.679 Y111.276
G1 F1800 X167.729 Y117.327 E434.84197
G0 F9000 X167.76 Y116.735
G1 F1800 X162.301 Y111.276 E435.23741
G0 F9000 X162.923 Y111.276
G1 F1800 X167.942 Y116.295 E435.60097
G0 F9000 X168.241 Y115.972
G1 F1800 X163.545 Y111.276 E435.94113
G0 F9000 X164.168 Y111.276
G1 F1800 X168.657 Y115.765 E436.2663
G0 F9000 X169.238 Y115.724
G1 F1800 X164.79 Y111.276 E436.5885
G0 F9000 X165.412 Y111.276
G1 F1800 X169.86 Y115.724 E436.9107
G0 F9000 X170.482 Y115.724
G1 F1800 X166.034 Y111.276 E437.2329
G0 F9000 X166.657 Y111.276
G1 F1800 X171.104 Y115.724 E437.55506
G0 F9000 X171.727 Y115.724
G1 F1800 X167.279 Y111.276 E437.87726
G0 F9000 X167.901 Y111.276
G1 F1800 X172.349 Y115.724 E438.19946
G0 F9000 X172.971 Y115.724
G1 F1800 X168.523 Y111.276 E438.52166
G0 F9000 X169.146 Y111.276
G1 F1800 X173.593 Y115.724 E438.84382
G0 F9000 X174.216 Y115.724
G1 F1800 X169.768 Y111.276 E439.16602
G0 F9000 X170.39 Y111.276
G1 F1800 X174.838 Y115.724 E439.48822
G0 F9000 X175.46 Y115.724
G1 F1800 X171.012 Y111.276 E439.81042
G0 F9000 X171.635 Y111.276
G1 F1800 X176.082 Y115.724 E440.13258
G0 F9000 X176.705 Y115.724
G1 F1800 X172.257 Y111.276 E440.45478
G0 F9000 X172.879 Y111.276
G1 F1800 X177.327 Y115.724 E440.77698
G0 F9000 X177.949 Y115.724
G1 F1800 X173.501 Y111.276 E441.09918
G0 F9000 X174.124 Y111.276
G1 F1800 X178.571 Y115.724 E441.42134
G0 F9000 X178.724 Y115.254
G1 F1800 X174.746 Y111.276 E441.7095
G0 F9000 X175.368 Y111.276
G1 F1800 X178.724 Y114.632 E441.9526
G0 F9000 X178.724 Y114.01
G1 F1800 X175.99 Y111.276 E442.15064
G0 F9000 X176.613 Y111.276
G1 F1800 X178.724 Y113.387 E442.30355
G0 F9000 X178.724 Y112.765
G1 F1800 X177.235 Y111.276 E442.41141
G0 F9000 X177.857 Y111.276
G1 F1800 X178.724 Y112.143 E442.47421
G0 F9000 X178.724 Y111.521
G1 F1800 X178.479 Y111.276 E442.49196
G1 F1500 E440.49196
G0 F9000 X178.479 Y109.335
G0 X119.347 Y109.347
G0 X119.347 Y117.653
G0 X130.347 Y117.653
G0 X131.329 Y115.772
G1 F1500 E442.49196
G1 F1800 X126.832 Y111.276 E442.81767
G0 F9000 X126.21 Y111.276
G1 F1800 X130.658 Y115.724 E443.13987
G0 F9000 X130.036 Y115.724
G1 F1800 X125.588 Y111.276 E443.46207
G0 F9000 X124.966 Y111.276
G1 F1800 X129.413 Y115.724 E443.78423
G0 F9000 X128.791 Y115.724
G1 F1800 X124.343 Y111.276 E444.10643
G0 F9000 X123.721 Y111.276
G1 F1800 X128.169 Y115.724 E444.42863
G0 F9000 X127.547 Y115.724
G1 F1800 X123.099 Y111.276 E444.75083
G0 F9000 X122.477 Y111.276
G1 F1800 X126.924 Y115.724 E445.073
G0 F9000 X126.302 Y115.724
G1 F1800 X121.854 Y111.276 E445.39519
G0 F9000 X121.276 Y111.32
G1 F1800 X125.68 Y115.724 E445.71421
G0 F9000 X125.057 Y115.724
G1 F1800 X121.276 Y111.942 E445.98813
G0 F9000 X121.276 Y112.564
G1 F1800 X124.435 Y115.724 E446.21699
G0 F9000 X123.813 Y115.724
G1 F1800 X121.276 Y113.187 E446.40076
G0 F9000 X121.276 Y113.809
G1 F1800 X123.191 Y115.724 E446.53948
G0 F9000 X122.568 Y115.724
G1 F1800 X121.276 Y114.431 E446.6331
G0 F9000 X121.276 Y115.053
G1 F1800 X121.946 Y115.724 E446.68167
;TIME_ELAPSED:3721.065208
G1 F1500 E444.68167
M140 S0
M107
G91; relative positioning
 G1 Z1.0 F3000 ; move z up little to prevent scratching of print
 G90; absolute positioning
 G1 X0 Y200 F1000 ; prepare for part removal
 M104 S0; turn off extruder
 M140 S0 ; turn off bed
 G1 X0 Y300 F1000 ; prepare for part removal
 M84 ; disable motors
 M106 S0 ; turn off fan
M82 ;absolute extrusion mode
M104 S0
;End of Gcode
;SETTING_3 {"global_quality": "[general]\\nversion = 4\\nname = Low Quality #2\\
;SETTING_3 ndefinition = artillery_sidewinder_x1\\n\\n[metadata]\\ntype = qualit
;SETTING_3 y_changes\\nquality_type = low\\nsetting_version = 27\\n\\n[values]\\
;SETTING_3 nadhesion_type = brim\\n\\n", "extruder_quality": ["[general]\\nversi
;SETTING_3 on = 4\\nname = Low Quality #2\\ndefinition = artillery_sidewinder_x1
;SETTING_3 \\n\\n[metadata]\\ntype = quality_changes\\nquality_type = low\\nsett
;SETTING_3 ing_version = 27\\nposition = 0\\n\\n[values]\\ninfill_sparse_density
;SETTING_3  = 50.0\\n\\n"]}
