;FLAVOR:Marlin
;TIME:3727
;Filament used: 3.82731m
;Layer height: 0.28
;MINX:109.642
;MINY:104.389
;MINZ:0.28
;MAXX:190.385
;MAXY:195.611
;MAXZ:8.68
;TARGET_MACHINE.NAME:Artillery Sidewinder X1
;Generated with Cura_SteamEngine 5.13.0
M140 S60
M105
M190 S60
M104 S200
M105
M109 S200
G28 ; home all axes
 M117 Purge extruder
 G92 E0 ; reset extruder
 G1 Z1.0 F3000 ; move z up little to prevent scratching of surface
 G1 X2 Y20 Z0.3 F5000.0 ; move to start-line position
 G1 X2 Y200.0 Z0.3 F1500.0 E15 ; draw 1st line
 G1 X2 Y200.0 Z0.4 F5000.0 ; move to side a little
 G1 X2 Y20 Z0.4 F1500.0 E30 ; draw 2nd line
 G92 E0 ; reset extruder
 G1 Z1.0 F3000 ; move z up little to prevent scratching of surface
M82 ;absolute extrusion mode
G92 E0
G92 E0
G1 F1500 E-2
;LAYER_COUNT:31
;LAYER:0
M107
G0 F6000 X125.205 Y107.789 Z0.28
;TYPE:SKIRT
G1 F1500 E0
G1 F1200 X128.347 Y105.619 E0.19559
G1 X130.232 Y104.815 E0.30055
G1 X133.271 Y104.443 E0.45737
G1 X178.768 Y104.389 E2.78776
G1 X180.658 Y104.563 E2.88498
G1 X184.158 Y105.895 E3.07679
G1 X185.839 Y106.95 E3.17845
G1 X188.405 Y109.839 E3.37636
G1 X189.404 Y111.563 E3.47842
G1 X190.379 Y115.511 E3.68672
G1 X190.385 Y184.465 E7.21858
G1 X189.511 Y188.033 E7.40674
G1 X188.61 Y189.946 E7.51505
G1 X186.152 Y192.654 E7.70237
G1 X184.919 Y193.722 E7.78593
G1 X184.456 Y194.012 E7.81391
G1 X181.125 Y195.238 E7.99571
G1 X179.504 Y195.611 E8.08091
G1 X133.249 Y195.555 E10.45012
G1 X130.585 Y195.235 E10.58756
G1 X128.61 Y194.57 E10.6943
G1 X125.503 Y192.42 E10.88783
G1 X124.045 Y190.9 E10.99571
G1 X122.294 Y187.568 E11.18851
G1 X121.721 Y185.578 E11.29458
G1 X121.721 Y165.244 E12.3361
G1 X121.605 Y164.929 E12.35329
G1 X121.605 Y164.596 E12.37035
G1 X118.569 Y164.552 E12.52587
G1 X116.631 Y164.251 E12.62633
G1 X113.732 Y162.779 E12.79286
G1 X111.462 Y160.509 E12.95729
G1 X109.971 Y157.583 E13.1255
G1 X109.642 Y154.913 E13.26329
G1 X109.703 Y144.321 E13.80583
G1 X110.001 Y142.371 E13.90687
G1 X111.471 Y139.482 E14.0729
G1 X113.746 Y137.207 E14.23769
G1 X116.65 Y135.726 E14.40467
G1 X119.104 Y135.403 E14.53144
G1 X121.661 Y135.387 E14.66242
G1 X121.721 Y135.143 E14.67529
G1 X121.721 Y114.779 E15.71834
G1 X122.14 Y112.739 E15.82502
G1 X123.905 Y109.366 E16.02001
G1 X125.205 Y107.789 E16.12469
G0 F6000 X125.507 Y108.115
G1 F1200 X128.56 Y106.006 E16.31475
G1 X130.346 Y105.245 E16.41419
G1 X133.325 Y104.88 E16.56791
G1 X178.768 Y104.829 E18.89553
G1 X180.559 Y104.996 E18.98767
G1 X183.958 Y106.289 E19.17394
G1 X185.553 Y107.29 E19.27039
G1 X188.045 Y110.096 E19.46261
G1 X188.993 Y111.732 E19.55946
G1 X189.939 Y115.563 E19.76158
G1 X189.945 Y184.413 E23.28812
G1 X189.095 Y187.883 E23.47111
G1 X188.239 Y189.7 E23.57399
G1 X185.864 Y192.321 E23.75516
G1 X184.631 Y193.389 E23.83871
G1 X184.262 Y193.615 E23.86087
G1 X181.026 Y194.809 E24.03755
G1 X179.453 Y195.171 E24.12022
G1 X133.302 Y195.118 E26.48411
G1 X130.681 Y194.803 E26.61932
G1 X128.809 Y194.173 E26.72049
G1 X125.79 Y192.083 E26.90856
G1 X124.407 Y190.642 E27.01087
G1 X122.704 Y187.401 E27.1984
G1 X122.161 Y185.515 E27.29892
G1 X122.161 Y165.165 E28.34126
G1 X122.045 Y164.85 E28.35845
G1 X122.045 Y164.162 E28.39369
G1 X118.636 Y164.117 E28.56832
G1 X116.766 Y163.827 E28.66525
G1 X113.994 Y162.419 E28.8245
G1 X111.823 Y160.248 E28.98176
G1 X110.399 Y157.453 E29.14243
G1 X110.082 Y154.915 E29.27344
G1 X110.138 Y144.388 E29.81264
G1 X110.426 Y142.506 E29.91016
G1 X111.831 Y139.744 E30.06889
G1 X114.007 Y137.568 E30.22651
G1 X116.783 Y136.152 E30.38613
G1 X119.107 Y135.843 E30.50621
G1 X122.045 Y135.825 E30.6567
G1 X122.058 Y135.615 E30.66748
G1 X122.161 Y135.195 E30.68963
G1 X122.161 Y114.823 E31.73309
G1 X122.558 Y112.889 E31.83422
G1 X124.273 Y109.612 E32.02367
G1 X125.507 Y108.115 E32.12304
G0 F6000 X125.809 Y108.441
G1 F1200 X128.772 Y106.395 E32.30747
G1 X130.462 Y105.674 E32.40158
G1 X133.378 Y105.317 E32.55206
G1 X178.768 Y105.269 E34.87696
G1 X180.46 Y105.429 E34.96401
G1 X183.758 Y106.683 E35.14474
G1 X185.267 Y107.63 E35.23599
G1 X187.685 Y110.353 E35.42252
G1 X188.582 Y111.901 E35.51415
G1 X189.499 Y115.615 E35.7101
G1 X189.505 Y184.361 E39.23131
G1 X188.678 Y187.735 E39.40925
G1 X187.869 Y189.454 E39.50656
G1 X185.576 Y191.988 E39.6816
G1 X184.343 Y193.056 E39.76515
G1 X184.071 Y193.216 E39.78132
G1 X180.874 Y194.396 E39.95587
G1 X179.403 Y194.731 E40.03314
G1 X133.354 Y194.681 E42.3918
G1 X130.779 Y194.372 E42.52464
G1 X129.008 Y193.775 E42.62037
G1 X126.077 Y191.746 E42.80296
G1 X124.769 Y190.384 E42.89968
G1 X123.114 Y187.234 E43.08194
G1 X122.601 Y185.452 E43.17692
G1 X122.601 Y165.086 E44.22008
G1 X122.485 Y164.771 E44.23728
G1 X122.485 Y163.727 E44.29075
G1 X118.704 Y163.682 E44.48443
G1 X116.901 Y163.402 E44.57789
G1 X114.256 Y162.059 E44.72983
G1 X112.184 Y159.987 E44.87992
G1 X110.827 Y157.323 E45.03305
G1 X110.519 Y154.86 E45.16019
G1 X110.573 Y144.455 E45.69315
G1 X110.851 Y142.641 E45.78715
G1 X112.191 Y140.006 E45.93856
G1 X114.268 Y137.929 E46.08901
G1 X116.916 Y136.578 E46.24128
G1 X119.11 Y136.283 E46.35467
G1 X122.485 Y136.262 E46.52754
G1 X122.485 Y135.72 E46.5553
G1 X122.601 Y135.247 E46.58025
G1 X122.601 Y114.867 E47.62412
G1 X122.976 Y113.039 E47.71971
G1 X124.641 Y109.858 E47.90361
G1 X125.809 Y108.441 E47.99767
G0 F6000 X126.111 Y108.767
G1 F1200 X128.985 Y106.782 E48.17657
G1 X130.576 Y106.104 E48.26516
G1 X133.432 Y105.754 E48.41254
G1 X178.768 Y105.709 E50.73467
G1 X180.361 Y105.862 E50.81664
G1 X183.558 Y107.077 E50.99182
G1 X184.981 Y107.97 E51.07787
G1 X187.325 Y110.61 E51.25871
G1 X188.171 Y112.07 E51.34513
G1 X189.059 Y115.667 E51.53491
G1 X189.065 Y184.309 E55.05079
G1 X188.261 Y187.587 E55.22367
G1 X187.5 Y189.205 E55.31525
G1 X185.288 Y191.655 E55.48432
G1 X184.055 Y192.723 E55.56788
G1 X183.919 Y192.803 E55.57596
G1 X180.722 Y193.983 E55.75051
G1 X179.355 Y194.291 E55.82228
G1 X133.406 Y194.244 E58.17582
G1 X130.876 Y193.94 E58.30634
G1 X129.208 Y193.378 E58.39649
G1 X126.364 Y191.409 E58.57367
G1 X125.131 Y190.126 E58.66481
G1 X123.524 Y187.067 E58.8418
G1 X123.041 Y185.389 E58.93124
G1 X123.041 Y165.007 E59.97522
G1 X122.925 Y164.692 E59.99241
G1 X122.925 Y163.292 E60.06412
G1 X118.771 Y163.247 E60.27691
G1 X117.036 Y162.978 E60.36683
G1 X114.518 Y161.699 E60.51149
G1 X112.545 Y159.726 E60.65441
G1 X111.255 Y157.193 E60.80001
G1 X110.956 Y154.805 E60.92328
G1 X111.008 Y144.522 E61.44999
G1 X111.275 Y142.777 E61.54041
G1 X112.552 Y140.267 E61.68465
G1 X114.529 Y138.29 E61.82786
G1 X117.049 Y137.004 E61.97277
G1 X119.113 Y136.723 E62.07947
G1 X122.925 Y136.699 E62.27472
G1 X122.925 Y135.772 E62.32221
G1 X123.041 Y135.299 E62.34715
G1 X123.041 Y114.912 E63.39138
G1 X123.395 Y113.188 E63.48153
G1 X125.009 Y110.104 E63.65982
G1 X126.111 Y108.767 E63.74857
G0 F6000 X126.413 Y109.093
G1 F1200 X129.198 Y107.169 E63.92195
G1 X130.691 Y106.533 E64.00507
G1 X133.485 Y106.191 E64.14925
G1 X178.768 Y106.149 E66.46867
G1 X180.262 Y106.295 E66.54556
G1 X183.358 Y107.471 E66.71519
G1 X184.695 Y108.31 E66.79604
G1 X186.965 Y110.867 E66.97118
G1 X187.76 Y112.239 E67.0524
G1 X188.619 Y115.719 E67.23599
G1 X188.625 Y184.257 E70.74655
G1 X187.844 Y187.44 E70.91442
G1 X187.131 Y188.957 E71.00028
G1 X185 Y191.322 E71.16334
G1 X183.767 Y192.39 E71.24689
G1 X180.57 Y193.57 E71.42144
G1 X179.305 Y193.851 E71.48781
G1 X133.459 Y193.807 E73.83608
G1 X130.972 Y193.508 E73.96438
G1 X129.409 Y192.982 E74.04885
G1 X126.649 Y191.07 E74.22083
G1 X125.493 Y189.868 E74.30625
G1 X123.934 Y186.9 E74.47796
G1 X123.481 Y185.326 E74.56186
G1 X123.481 Y164.928 E75.60666
G1 X123.365 Y164.613 E75.62385
G1 X123.365 Y162.856 E75.71384
G1 X118.839 Y162.812 E75.94568
G1 X117.171 Y162.553 E76.03214
G1 X114.78 Y161.339 E76.16949
G1 X112.906 Y159.465 E76.30524
G1 X111.683 Y157.063 E76.4433
G1 X111.393 Y154.75 E76.5627
G1 X111.443 Y144.589 E77.08316
G1 X111.7 Y142.912 E77.17006
G1 X112.912 Y140.529 E77.307
G1 X114.79 Y138.651 E77.44303
G1 X117.182 Y137.43 E77.58059
G1 X119.116 Y137.163 E77.68059
G1 X123.365 Y137.136 E77.89823
G1 X123.365 Y135.824 E77.96543
G1 X123.481 Y135.351 E77.99038
G1 X123.481 Y114.956 E79.03502
G1 X123.813 Y113.338 E79.11962
G1 X125.377 Y110.35 E79.29237
G1 X126.413 Y109.093 E79.3758
G0 F6000 X126.715 Y109.419
G1 F1200 X129.41 Y107.558 E79.54356
G1 X130.807 Y106.962 E79.62135
G1 X133.538 Y106.628 E79.76228
G1 X178.768 Y106.589 E82.07899
G1 X180.163 Y106.728 E82.15079
G1 X183.158 Y107.865 E82.31488
G1 X184.409 Y108.65 E82.39053
G1 X186.605 Y111.124 E82.55997
G1 X187.349 Y112.408 E82.63598
G1 X188.179 Y115.771 E82.8134
G1 X188.185 Y184.205 E86.31863
G1 X187.427 Y187.293 E86.4815
G1 X186.761 Y188.711 E86.56174
G1 X184.712 Y190.989 E86.71868
G1 X183.539 Y192.005 E86.79816
G1 X180.418 Y193.157 E86.96857
G1 X179.256 Y193.411 E87.02949
G1 X133.511 Y193.37 E89.37258
G1 X131.07 Y193.077 E89.4985
G1 X129.608 Y192.584 E89.57753
G1 X126.935 Y190.733 E89.74407
G1 X125.855 Y189.61 E89.82387
G1 X124.344 Y186.733 E89.99032
G1 X123.921 Y185.263 E90.06867
G1 X123.921 Y164.849 E91.11429
G1 X123.805 Y164.534 E91.13148
G1 X123.805 Y162.42 E91.23976
G1 X118.906 Y162.377 E91.4907
G1 X117.306 Y162.129 E91.57363
G1 X115.042 Y160.979 E91.7037
G1 X113.267 Y159.204 E91.83227
G1 X112.111 Y156.933 E91.9628
G1 X111.83 Y154.695 E92.07833
G1 X111.878 Y144.656 E92.59254
G1 X112.124 Y143.048 E92.67586
G1 X113.273 Y140.79 E92.80563
G1 X115.051 Y139.012 E92.93442
G1 X117.315 Y137.856 E93.06463
G1 X119.119 Y137.603 E93.15793
G1 X123.805 Y137.573 E93.39796
G1 X123.805 Y135.876 E93.48488
G1 X123.921 Y135.403 E93.50983
G1 X123.921 Y115.001 E94.55483
G1 X124.232 Y113.487 E94.634
G1 X125.745 Y110.596 E94.80113
G1 X126.715 Y109.419 E94.87925
G0 F6000 X127.017 Y109.745
G1 F1200 X129.622 Y107.947 E95.04137
G1 X130.923 Y107.391 E95.11384
G1 X133.591 Y107.065 E95.25152
G1 X178.768 Y107.029 E97.56551
G1 X180.064 Y107.161 E97.63224
G1 X182.958 Y108.259 E97.79078
G1 X184.123 Y108.99 E97.86122
G1 X186.245 Y111.381 E98.02497
G1 X186.938 Y112.577 E98.09577
G1 X187.739 Y115.823 E98.26702
G1 X187.745 Y184.153 E101.76692
G1 X187.01 Y187.146 E101.92478
G1 X186.391 Y188.465 E101.99941
G1 X184.424 Y190.656 E102.15023
G1 X183.311 Y191.62 E102.22564
G1 X180.266 Y192.744 E102.3919
G1 X179.21 Y192.971 E102.44722
G1 X133.564 Y192.933 E104.78524
G1 X131.168 Y192.645 E104.90885
G1 X129.807 Y192.186 E104.98242
G1 X127.221 Y190.396 E105.14351
G1 X126.217 Y189.352 E105.2177
G1 X124.754 Y186.566 E105.37888
G1 X124.361 Y185.2 E105.45168
G1 X124.361 Y164.77 E106.49812
G1 X124.245 Y164.455 E106.51531
G1 X124.245 Y161.983 E106.64193
G1 X118.974 Y161.942 E106.91192
G1 X117.441 Y161.704 E106.99138
G1 X115.304 Y160.619 E107.11414
G1 X113.628 Y158.943 E107.23555
G1 X112.537 Y156.8 E107.35872
G1 X112.27 Y154.697 E107.4673
G1 X112.313 Y144.723 E107.97818
G1 X112.549 Y143.183 E108.05798
G1 X113.633 Y141.052 E108.18044
G1 X115.312 Y139.373 E108.30206
G1 X117.449 Y138.282 E108.42496
G1 X119.18 Y138.039 E108.51449
G1 X124.245 Y138.011 E108.77393
G1 X124.245 Y135.928 E108.88062
G1 X124.361 Y135.455 E108.90557
G1 X124.361 Y115.045 E109.95098
G1 X124.65 Y113.637 E110.0246
G1 X126.113 Y110.842 E110.18619
G1 X127.017 Y109.745 E110.259
G0 F6000 X127.319 Y110.071
G1 F1200 X129.834 Y108.335 E110.41553
G1 X131.039 Y107.82 E110.48265
G1 X133.644 Y107.502 E110.61707
G1 X178.768 Y107.469 E112.92835
G1 X179.965 Y107.593 E112.98999
G1 X182.758 Y108.653 E113.143
G1 X183.837 Y109.33 E113.20825
G1 X185.885 Y111.638 E113.3663
G1 X186.527 Y112.746 E113.43189
G1 X187.299 Y115.875 E113.59696
G1 X187.305 Y184.101 E117.09154
G1 X186.593 Y186.999 E117.24439
G1 X186.022 Y188.217 E117.31329
G1 X184.136 Y190.323 E117.4581
G1 X183.083 Y191.235 E117.52945
G1 X180.114 Y192.331 E117.69155
G1 X179.162 Y192.531 E117.74138
G1 X133.617 Y192.496 E120.07422
G1 X131.266 Y192.213 E120.19551
G1 X130.006 Y191.788 E120.26362
G1 X127.507 Y190.059 E120.41927
G1 X126.579 Y189.094 E120.48785
G1 X125.164 Y186.399 E120.64376
G1 X124.801 Y185.137 E120.71102
G1 X124.801 Y164.691 E121.75828
G1 X124.685 Y164.376 E121.77547
G1 X124.685 Y161.546 E121.92042
G1 X119.042 Y161.507 E122.20947
G1 X117.576 Y161.279 E122.28546
G1 X115.566 Y160.259 E122.40091
G1 X113.989 Y158.682 E122.51515
G1 X112.963 Y156.667 E122.63096
G1 X112.71 Y154.699 E122.7326
G1 X112.748 Y144.79 E123.24014
G1 X112.974 Y143.318 E123.31642
G1 X113.993 Y141.314 E123.43158
G1 X115.573 Y139.734 E123.54603
G1 X117.583 Y138.708 E123.66162
G1 X119.241 Y138.475 E123.74738
G1 X124.685 Y138.449 E124.02623
G1 X124.685 Y135.98 E124.15269
G1 X124.801 Y135.507 E124.17763
G1 X124.801 Y115.089 E125.22346
G1 X125.068 Y113.787 E125.29153
G1 X126.481 Y111.088 E125.44758
G1 X127.319 Y110.071 E125.51507
G0 F6000 X127.621 Y110.397
G1 F1200 X130.046 Y108.723 E125.66601
G1 X131.155 Y108.249 E125.72778
G1 X133.697 Y107.939 E125.85895
G1 X178.768 Y107.909 E128.16751
G1 X179.866 Y108.026 E128.22407
G1 X182.558 Y109.047 E128.37154
G1 X183.551 Y109.67 E128.43158
G1 X185.525 Y111.895 E128.58394
G1 X186.116 Y112.915 E128.64432
G1 X186.859 Y115.927 E128.80322
G1 X186.865 Y184.049 E132.29247
G1 X186.176 Y186.852 E132.44031
G1 X185.651 Y187.972 E132.50367
G1 X183.848 Y189.99 E132.64228
G1 X182.856 Y190.849 E132.70949
G1 X180.024 Y191.9 E132.86422
G1 X179.115 Y192.091 E132.91179
G1 X133.67 Y192.059 E135.23952
G1 X131.364 Y191.781 E135.35849
G1 X130.205 Y191.39 E135.42114
G1 X127.793 Y189.722 E135.57135
G1 X126.941 Y188.836 E135.6343
G1 X125.574 Y186.232 E135.78494
G1 X125.241 Y185.074 E135.84666
G1 X125.241 Y164.612 E136.89474
G1 X125.125 Y164.297 E136.91193
G1 X125.125 Y161.109 E137.07522
G1 X119.109 Y161.072 E137.38337
G1 X117.711 Y160.855 E137.45584
G1 X115.828 Y159.899 E137.564
G1 X114.35 Y158.421 E137.67106
G1 X113.389 Y156.534 E137.77953
G1 X113.15 Y154.7 E137.87426
G1 X113.183 Y144.857 E138.37843
G1 X113.398 Y143.454 E138.45113
G1 X114.354 Y141.575 E138.55912
G1 X115.834 Y140.095 E138.66632
G1 X117.717 Y139.134 E138.77461
G1 X119.302 Y138.911 E138.85659
G1 X125.125 Y138.887 E139.15485
G1 X125.125 Y136.032 E139.30108
G1 X125.241 Y135.559 E139.32603
G1 X125.241 Y115.134 E140.37221
G1 X125.487 Y113.936 E140.43485
G1 X126.849 Y111.334 E140.58528
G1 X127.621 Y110.397 E140.64747
G0 F6000 X127.923 Y110.723
G1 F1200 X130.258 Y109.111 E140.7928
G1 X131.271 Y108.678 E140.84923
G1 X133.75 Y108.376 E140.97714
G1 X178.768 Y108.349 E143.28299
G1 X179.763 Y108.457 E143.33426
G1 X182.358 Y109.441 E143.47641
G1 X183.265 Y110.01 E143.53125
G1 X185.165 Y112.152 E143.67791
G1 X185.705 Y113.084 E143.73308
G1 X186.419 Y115.979 E143.88581
G1 X186.425 Y183.997 E147.36973
G1 X185.759 Y186.705 E147.51257
G1 X185.281 Y187.724 E147.57022
G1 X183.56 Y189.657 E147.70279
G1 X182.628 Y190.464 E147.76593
G1 X179.871 Y191.487 E147.91656
G1 X179.07 Y191.651 E147.95843
G1 X133.723 Y191.622 E150.28114
G1 X131.462 Y191.349 E150.39779
G1 X130.404 Y190.992 E150.45498
G1 X128.079 Y189.385 E150.59975
G1 X127.302 Y188.577 E150.65716
G1 X125.985 Y186.068 E150.8023
G1 X125.681 Y185.011 E150.85864
G1 X125.681 Y164.533 E151.90753
G1 X125.565 Y164.218 E151.92473
G1 X125.565 Y160.671 E152.10641
G1 X119.177 Y160.637 E152.43361
G1 X117.846 Y160.43 E152.5026
G1 X116.09 Y159.539 E152.60346
G1 X114.711 Y158.16 E152.70335
G1 X113.815 Y156.401 E152.80447
G1 X113.59 Y154.701 E152.8923
G1 X113.618 Y144.924 E153.39309
G1 X113.823 Y143.589 E153.46227
G1 X114.714 Y141.837 E153.56294
G1 X116.095 Y140.456 E153.66298
G1 X117.851 Y139.56 E153.76395
G1 X119.363 Y139.347 E153.84216
G1 X125.565 Y139.326 E154.15984
G1 X125.565 Y136.084 E154.32589
G1 X125.681 Y135.611 E154.35084
G1 X125.681 Y115.178 E155.39743
G1 X125.905 Y114.086 E155.45453
G1 X127.217 Y111.58 E155.59941
G1 X127.923 Y110.723 E155.65629
G0 F6000 X128.225 Y111.049
G1 F1200 X130.47 Y109.499 E155.79602
G1 X131.387 Y109.107 E155.8471
G1 X133.803 Y108.813 E155.97176
G1 X178.768 Y108.789 E158.2749
G1 X179.66 Y108.888 E158.32087
G1 X182.158 Y109.835 E158.4577
G1 X182.979 Y110.35 E158.50734
G1 X184.805 Y112.409 E158.64831
G1 X185.294 Y113.253 E158.69827
G1 X185.979 Y116.031 E158.84482
G1 X185.985 Y183.945 E162.32342
G1 X185.342 Y186.558 E162.46125
G1 X184.911 Y187.477 E162.51324
G1 X183.231 Y189.364 E162.64265
G1 X182.4 Y190.079 E162.6988
G1 X179.718 Y191.074 E162.84532
G1 X179.024 Y191.211 E162.88156
G1 X133.776 Y191.185 E165.19919
G1 X131.56 Y190.917 E165.31352
G1 X130.603 Y190.594 E165.36525
G1 X128.365 Y189.048 E165.50458
G1 X127.663 Y188.318 E165.55645
G1 X126.396 Y185.904 E165.69609
G1 X126.121 Y184.948 E165.74705
G1 X126.121 Y164.454 E166.79676
G1 X126.005 Y164.139 E166.81396
G1 X126.005 Y160.233 E167.01402
G1 X119.244 Y160.202 E167.36033
G1 X117.981 Y160.006 E167.42579
G1 X116.352 Y159.179 E167.51937
G1 X115.072 Y157.899 E167.61209
G1 X114.241 Y156.268 E167.70585
G1 X114.03 Y154.702 E167.78678
G1 X114.053 Y144.991 E168.28419
G1 X114.247 Y143.725 E168.34979
G1 X115.075 Y142.098 E168.4433
G1 X116.356 Y140.817 E168.53609
G1 X117.985 Y139.986 E168.62976
G1 X119.424 Y139.783 E168.70419
G1 X126.005 Y139.765 E169.04128
G1 X126.005 Y136.136 E169.22716
G1 X126.121 Y135.663 E169.2521
G1 X126.121 Y115.223 E170.29905
G1 X126.324 Y114.235 E170.35072
G1 X127.585 Y111.826 E170.48999
G1 X128.225 Y111.049 E170.54155
G0 F6000 X128.527 Y111.375
G1 F1200 X130.682 Y109.887 E170.67569
G1 X131.503 Y109.536 E170.72142
G1 X133.856 Y109.25 E170.84283
G1 X178.768 Y109.229 E173.14325
G1 X179.557 Y109.319 E173.18393
G1 X181.958 Y110.229 E173.31544
G1 X182.693 Y110.69 E173.35988
G1 X184.445 Y112.666 E173.49515
G1 X184.883 Y113.422 E173.5399
G1 X185.539 Y116.083 E173.68028
G1 X185.545 Y183.893 E177.15355
G1 X184.925 Y186.411 E177.28637
G1 X184.541 Y187.23 E177.33271
G1 X182.902 Y189.071 E177.45896
G1 X182.171 Y189.695 E177.50819
G1 X179.633 Y190.642 E177.64694
G1 X178.98 Y190.771 E177.68103
G1 X133.829 Y190.748 E179.99369
G1 X131.658 Y190.485 E180.10571
G1 X130.802 Y190.196 E180.15198
G1 X128.651 Y188.711 E180.28586
G1 X128.024 Y188.059 E180.3322
G1 X126.807 Y185.74 E180.46634
G1 X126.561 Y184.885 E180.51191
G1 X126.561 Y164.375 E181.56245
G1 X126.445 Y164.06 E181.57964
G1 X126.445 Y159.795 E181.7981
G1 X119.312 Y159.767 E182.16345
G1 X118.116 Y159.581 E182.22545
G1 X116.614 Y158.819 E182.31172
G1 X115.433 Y157.638 E182.39727
G1 X114.667 Y156.135 E182.48367
G1 X114.47 Y154.703 E182.55771
G1 X114.488 Y145.058 E183.05174
G1 X114.672 Y143.86 E183.11382
G1 X115.435 Y142.36 E183.20002
G1 X116.617 Y141.178 E183.28564
G1 X118.119 Y140.412 E183.372
G1 X119.486 Y140.219 E183.44271
G1 X126.445 Y140.204 E183.79916
G1 X126.445 Y136.188 E184.00486
G1 X126.561 Y135.715 E184.0298
G1 X126.561 Y115.267 E185.07716
G1 X126.742 Y114.385 E185.12328
G1 X127.953 Y112.072 E185.25701
G1 X128.527 Y111.375 E185.30326
G0 F6000 X128.829 Y111.701
G1 F1200 X130.894 Y110.275 E185.4318
G1 X131.619 Y109.965 E185.47218
G1 X133.909 Y109.687 E185.59034
G1 X178.768 Y109.669 E187.88805
G1 X179.454 Y109.75 E187.92343
G1 X181.758 Y110.623 E188.04963
G1 X182.407 Y111.03 E188.08886
G1 X184.085 Y112.923 E188.21843
G1 X184.472 Y113.591 E188.25798
G1 X185.099 Y116.135 E188.39218
G1 X185.105 Y183.841 E191.86012
G1 X184.508 Y186.264 E191.98794
G1 X184.171 Y186.983 E192.02862
G1 X182.573 Y188.778 E192.15171
G1 X181.945 Y189.309 E192.19384
G1 X179.548 Y190.21 E192.325
G1 X178.936 Y190.331 E192.35695
G1 X133.882 Y190.311 E194.66465
G1 X131.756 Y190.053 E194.77434
G1 X131 Y189.798 E194.81521
G1 X128.937 Y188.374 E194.9436
G1 X128.385 Y187.8 E194.98439
G1 X127.218 Y185.576 E195.11304
G1 X127.001 Y184.822 E195.15323
G1 X127.001 Y164.296 E196.20458
G1 X126.885 Y163.981 E196.22177
G1 X126.885 Y159.356 E196.45867
G1 X119.379 Y159.332 E196.84313
G1 X118.251 Y159.157 E196.9016
G1 X116.876 Y158.459 E196.98058
G1 X115.794 Y157.377 E197.05896
G1 X115.093 Y156.002 E197.13801
G1 X114.91 Y154.704 E197.20516
G1 X114.923 Y145.125 E197.6958
G1 X115.097 Y143.995 E197.75436
G1 X115.795 Y142.622 E197.83325
G1 X116.878 Y141.539 E197.9117
G1 X118.253 Y140.838 E197.99075
G1 X119.548 Y140.655 E198.05774
G1 X126.885 Y140.643 E198.43355
G1 X126.885 Y136.24 E198.65907
G1 X127.001 Y135.767 E198.68402
G1 X127.001 Y115.311 E199.73179
G1 X127.16 Y114.535 E199.77236
G1 X128.321 Y112.318 E199.90055
G1 X128.829 Y111.701 E199.94148
G0 F6000 X129.129 Y112.028
G1 F1200 X131.106 Y110.663 E200.06454
G1 X131.735 Y110.394 E200.09958
G1 X133.962 Y110.124 E200.21448
G1 X178.768 Y110.109 E202.50947
G1 X179.352 Y110.181 E202.53961
G1 X181.558 Y111.017 E202.66044
G1 X182.121 Y111.37 E202.69448
G1 X183.725 Y113.18 E202.81836
G1 X184.061 Y113.76 E202.85269
G1 X184.659 Y116.187 E202.98072
G1 X184.665 Y183.789 E206.44334
G1 X184.091 Y186.117 E206.56615
G1 X183.801 Y186.736 E206.60116
G1 X182.244 Y188.485 E206.7211
G1 X181.719 Y188.924 E206.75615
G1 X179.393 Y189.798 E206.88343
G1 X178.896 Y189.891 E206.90932
G1 X133.935 Y189.874 E209.21225
G1 X131.852 Y189.621 E209.31973
G1 X131.199 Y189.401 E209.35503
G1 X129.223 Y188.037 E209.47801
G1 X128.746 Y187.541 E209.51326
G1 X127.629 Y185.412 E209.6364
G1 X127.441 Y184.759 E209.67121
G1 X127.441 Y164.217 E210.72338
G1 X127.325 Y163.902 E210.74058
G1 X127.325 Y158.917 E210.99591
G1 X119.446 Y158.897 E211.39948
G1 X118.386 Y158.733 E211.45442
G1 X117.138 Y158.099 E211.52612
G1 X116.155 Y157.116 E211.59732
G1 X115.518 Y155.866 E211.66918
G1 X115.35 Y154.704 E211.72932
G1 X115.358 Y145.192 E212.21653
G1 X115.521 Y144.131 E212.27151
G1 X116.156 Y142.883 E212.34324
G1 X117.139 Y141.9 E212.41444
G1 X118.389 Y141.263 E212.4863
G1 X119.549 Y141.095 E212.54634
G1 X127.325 Y141.082 E212.94463
G1 X127.325 Y136.292 E213.18998
G1 X127.441 Y135.819 E213.21492
G1 X127.441 Y115.356 E214.26305
G1 X127.579 Y114.684 E214.29819
G1 X128.691 Y112.561 E214.42094
G1 X129.129 Y112.028 E214.45628
G0 F6000 X129.429 Y112.355
G1 F1200 X131.318 Y111.051 E214.57385
G1 X131.851 Y110.823 E214.60354
G1 X134.015 Y110.561 E214.71519
G1 X178.768 Y110.549 E217.00747
G1 X179.246 Y110.611 E217.03216
G1 X181.358 Y111.411 E217.14784
G1 X181.835 Y111.71 E217.17667
G1 X183.365 Y113.437 E217.29485
G1 X183.65 Y113.929 E217.32397
G1 X184.219 Y116.239 E217.44583
G1 X184.225 Y183.737 E220.90312
G1 X183.674 Y185.97 E221.02092
G1 X183.43 Y186.491 E221.05039
G1 X181.962 Y188.147 E221.16374
G1 X181.494 Y188.538 E221.19498
G1 X179.276 Y189.372 E221.31635
G1 X178.853 Y189.451 E221.33839
G1 X133.988 Y189.437 E223.63641
G1 X131.948 Y189.189 E223.74167
G1 X131.398 Y189.004 E223.77139
G1 X129.509 Y187.7 E223.88896
G1 X129.107 Y187.282 E223.91866
G1 X128.04 Y185.248 E224.03631
G1 X127.881 Y184.696 E224.06573
G1 X127.881 Y164.138 E225.11873
G1 X127.765 Y163.823 E225.13592
G1 X127.765 Y158.478 E225.40969
G1 X119.513 Y158.462 E225.83237
G1 X118.521 Y158.309 E225.88378
G1 X117.4 Y157.739 E225.94819
G1 X116.516 Y156.855 E226.01223
G1 X115.943 Y155.73 E226.0769
G1 X115.79 Y154.704 E226.13003
G1 X115.793 Y145.259 E226.61381
G1 X115.946 Y144.266 E226.66527
G1 X116.516 Y143.145 E226.72968
G1 X117.4 Y142.261 E226.79372
G1 X118.525 Y141.688 E226.85839
G1 X119.55 Y141.535 E226.91147
G1 X127.765 Y141.521 E227.33225
G1 X127.765 Y136.344 E227.59742
G1 X127.881 Y135.871 E227.62236
G1 X127.881 Y115.4 E228.6709
G1 X127.997 Y114.834 E228.70049
G1 X129.061 Y112.804 E228.81789
G1 X129.429 Y112.355 E228.84762
G0 F6000 X129.73 Y112.682
G1 F1200 X131.53 Y111.439 E228.95967
G1 X131.967 Y111.252 E228.98401
G1 X134.068 Y110.998 E229.09241
G1 X178.768 Y110.989 E231.38197
G1 X179.141 Y111.041 E231.40126
G1 X181.158 Y111.805 E231.51174
G1 X181.549 Y112.05 E231.53537
G1 X183.005 Y113.694 E231.64785
G1 X183.239 Y114.098 E231.67177
G1 X183.779 Y116.291 E231.78745
G1 X183.785 Y183.685 E235.23941
G1 X183.258 Y185.822 E235.35215
G1 X183.059 Y186.246 E235.37614
G1 X181.633 Y187.855 E235.48626
G1 X181.269 Y188.153 E235.51036
G1 X179.195 Y188.939 E235.62396
G1 X178.81 Y189.011 E235.64402
G1 X134.041 Y189 E237.93712
G1 X132.044 Y188.757 E238.04016
G1 X131.597 Y188.607 E238.06431
G1 X129.795 Y187.363 E238.17647
G1 X129.468 Y187.023 E238.20063
G1 X128.45 Y185.083 E238.31285
G1 X128.321 Y184.634 E238.33678
G1 X128.321 Y164.059 E239.39064
G1 X128.205 Y163.744 E239.40783
G1 X128.205 Y158.039 E239.70005
G1 X119.514 Y158.022 E240.14521
G1 X118.658 Y157.885 E240.18961
G1 X117.662 Y157.379 E240.24683
G1 X116.877 Y156.594 E240.3037
G1 X116.368 Y155.594 E240.36117
G1 X116.23 Y154.704 E240.4073
G1 X116.233 Y145.259 E240.89108
G1 X116.37 Y144.403 E240.93548
G1 X116.876 Y143.407 E240.9927
G1 X117.661 Y142.622 E241.04957
G1 X118.661 Y142.113 E241.10704
G1 X119.551 Y141.975 E241.15317
G1 X128.205 Y141.96 E241.59644
G1 X128.205 Y136.398 E241.88132
G1 X128.286 Y136.046 E241.89983
G1 X128.321 Y135.947 E241.9052
G1 X128.321 Y115.445 E242.95533
G1 X128.416 Y114.983 E242.97949
G1 X129.431 Y113.047 E243.09145
G1 X129.73 Y112.682 E243.11562
G0 F6000 X130.031 Y113.009
G1 F1200 X131.746 Y111.825 E243.22236
G1 X132.08 Y111.682 E243.24097
G1 X134.121 Y111.435 E243.34628
G1 X178.768 Y111.429 E245.63312
G1 X179.034 Y111.47 E245.64691
G1 X180.958 Y112.199 E245.7523
G1 X181.263 Y112.39 E245.77073
G1 X182.646 Y113.952 E245.87759
G1 X182.827 Y114.265 E245.89611
G1 X183.339 Y116.343 E246.00573
G1 X183.345 Y183.633 E249.45236
G1 X182.842 Y185.674 E249.56003
G1 X182.688 Y186.001 E249.57854
G1 X181.304 Y187.563 E249.68544
G1 X181.045 Y187.768 E249.70236
G1 X179.08 Y188.513 E249.81
G1 X178.768 Y188.571 E249.82625
G1 X134.094 Y188.563 E252.11448
G1 X132.14 Y188.325 E252.21531
G1 X131.796 Y188.21 E252.23388
G1 X130.081 Y187.026 E252.34063
G1 X129.829 Y186.764 E252.35925
G1 X128.861 Y184.919 E252.46597
G1 X128.761 Y184.571 E252.48451
G1 X128.761 Y163.981 E253.53915
G1 X128.645 Y163.665 E253.55639
G1 X128.645 Y161.068 E253.68941
G1 X128.672 Y160.894 E253.69843
G1 X128.645 Y160.778 E253.70453
G1 X128.645 Y157.6 E253.86731
G1 X119.583 Y157.587 E254.33147
G1 X118.793 Y157.461 E254.37244
G1 X117.924 Y157.019 E254.42238
G1 X117.237 Y156.332 E254.47215
G1 X116.793 Y155.459 E254.52231
G1 X116.665 Y154.636 E254.56497
G1 X116.668 Y145.328 E255.04173
G1 X116.794 Y144.538 E255.08271
G1 X117.236 Y143.669 E255.13265
G1 X117.923 Y142.982 E255.18241
G1 X118.796 Y142.538 E255.23258
G1 X119.619 Y142.41 E255.27524
G1 X128.645 Y142.4 E255.73756
G1 X128.645 Y139.362 E255.89317
G1 X128.672 Y139.188 E255.90218
G1 X128.645 Y139.072 E255.90828
G1 X128.645 Y136.449 E256.04264
G1 X128.715 Y136.145 E256.05861
G1 X128.761 Y136.04 E256.06449
G1 X128.761 Y115.489 E257.11712
G1 X128.834 Y115.133 E257.13574
G1 X129.801 Y113.29 E257.24234
G1 X130.031 Y113.009 E257.26094
G0 F6000 X130.581 Y113.698
G1 F1200 X132.246 Y112.549 E257.36456
G1 X134.227 Y112.309 E257.46677
G1 X178.768 Y112.309 E259.74818
G1 X180.646 Y113.021 E259.85106
G1 X181.988 Y114.536 E259.95472
G1 X182.459 Y116.447 E260.05554
G1 X182.465 Y183.529 E263.49152
G1 X181.988 Y185.464 E263.59359
G1 X180.646 Y186.979 E263.69726
G1 X178.768 Y187.691 E263.80013
G1 X134.2 Y187.689 E266.08293
G1 X132.246 Y187.451 E266.18376
G1 X130.581 Y186.302 E266.28738
G1 X129.641 Y184.511 E266.39098
G1 X129.641 Y163.688 E267.45755
G1 X129.525 Y163.563 E267.46628
G1 X129.525 Y161.068 E267.59408
G1 X129.564 Y160.943 E267.60078
G1 X129.725 Y160.852 E267.61026
G1 X129.62 Y160.819 E267.61589
G1 X129.525 Y160.698 E267.62377
G1 X129.525 Y156.72 E267.82753
G1 X119.721 Y156.717 E268.3297
G1 X119.067 Y156.613 E268.36362
G1 X118.446 Y156.297 E268.3993
G1 X117.958 Y155.809 E268.43465
G1 X117.642 Y155.188 E268.47034
G1 X117.535 Y154.5 E268.50601
G1 X117.538 Y145.466 E268.96873
G1 X117.642 Y144.812 E269.00265
G1 X117.958 Y144.191 E269.03834
G1 X118.446 Y143.703 E269.07369
G1 X119.067 Y143.387 E269.10938
G1 X119.755 Y143.28 E269.14504
G1 X129.525 Y143.28 E269.64547
G1 X129.525 Y139.362 E269.84615
G1 X129.564 Y139.237 E269.85286
G1 X129.725 Y139.146 E269.86233
G1 X129.62 Y139.113 E269.86797
G1 X129.525 Y138.992 E269.87585
G1 X129.525 Y136.5 E270.00349
G1 X129.564 Y136.375 E270.0102
G1 X129.641 Y136.314 E270.01523
G1 X129.641 Y115.489 E271.0819
G1 X130.581 Y113.698 E271.1855
G0 F6000 X130.331 Y113.336
G1 F1200 X131.996 Y112.187 E271.28912
G1 X132.193 Y112.112 E271.29992
G1 X134.174 Y111.872 E271.40213
G1 X178.768 Y111.869 E273.68626
G1 X178.924 Y111.898 E273.69439
G1 X180.802 Y112.61 E273.79726
G1 X180.975 Y112.729 E273.80801
G1 X182.317 Y114.244 E273.91168
G1 X182.415 Y114.431 E273.92249
G1 X182.899 Y116.395 E274.0261
G1 X182.905 Y183.581 E277.46741
G1 X182.415 Y185.569 E277.57228
G1 X182.317 Y185.756 E277.5831
G1 X180.975 Y187.271 E277.68676
G1 X180.825 Y187.381 E277.69629
G1 X178.924 Y188.102 E277.80043
G1 X178.768 Y188.131 E277.80856
G1 X134.147 Y188.126 E280.09407
G1 X132.193 Y187.888 E280.19489
G1 X131.996 Y187.813 E280.20569
G1 X130.331 Y186.664 E280.30931
G1 X130.191 Y186.506 E280.32012
G1 X129.251 Y184.715 E280.42373
G1 X129.201 Y184.511 E280.43448
G1 X129.201 Y163.86 E281.49224
G1 X129.085 Y163.665 E281.50386
G1 X129.085 Y161.068 E281.63688
G1 X129.128 Y160.865 E281.64751
G1 X129.085 Y160.778 E281.65248
G1 X129.085 Y157.16 E281.8378
G1 X119.652 Y157.152 E282.32096
G1 X118.93 Y157.037 E282.35841
G1 X118.185 Y156.658 E282.40122
G1 X117.597 Y156.07 E282.44382
G1 X117.218 Y155.324 E282.48668
G1 X117.1 Y154.568 E282.52587
G1 X117.103 Y145.397 E282.99561
G1 X117.218 Y144.675 E283.03306
G1 X117.597 Y143.93 E283.07587
G1 X118.185 Y143.342 E283.11846
G1 X118.931 Y142.963 E283.16132
G1 X119.687 Y142.845 E283.20052
G1 X129.085 Y142.84 E283.68189
G1 X129.085 Y139.362 E283.86003
G1 X129.128 Y139.159 E283.87066
G1 X129.085 Y139.072 E283.87563
G1 X129.085 Y136.5 E284.00737
G1 X129.144 Y136.244 E284.02083
G1 X129.201 Y136.161 E284.02598
G1 X129.201 Y115.489 E285.08482
G1 X129.251 Y115.285 E285.09557
G1 X130.191 Y113.494 E285.19918
G1 X130.331 Y113.336 E285.20999
G1 F1500 E283.20999
G0 F6000 X144.845 Y143.6
G1 F1500 E285.20999
G1 F1200 X144.845 Y144.423 E285.25215
G1 X145.424 Y143.6 E285.30369
G1 X144.845 Y143.6 E285.33334
G1 F1500 E283.33334
G0 F6000 X151.079 Y144.04
G1 F1500 E285.33334
G1 F1200 X151.362 Y144.452 E285.35895
G1 X151.902 Y145.184 E285.40554
G1 X152.316 Y144.659 E285.43978
G1 X152.75 Y144.04 E285.47851
G1 X151.079 Y144.04 E285.56409
G0 F6000 X150.514 Y143.995
G1 F1200 X151 Y144.702 E285.60804
G1 X151.452 Y145.314 E285.64701
G1 X151.795 Y145.676 E285.67255
G1 X151.926 Y145.757 E285.68044
G1 X152.244 Y145.462 E285.70266
G1 X152.668 Y144.923 E285.73778
G1 X153.596 Y143.6 E285.82056
G1 X150.222 Y143.6 E285.99338
G1 X150.514 Y143.995 E286.01854
G1 F1500 E284.01854
G0 F6000 X159.24 Y144.04
G1 F1500 E286.01854
G1 F1200 X159.674 Y144.659 E286.05726
G1 X160.087 Y145.183 E286.09143
G1 X160.637 Y144.439 E286.13882
G1 X160.911 Y144.04 E286.16361
G1 X159.24 Y144.04 E286.2492
G0 F6000 X159.322 Y144.923
G1 F1200 X159.746 Y145.462 E286.28433
G1 X160.064 Y145.757 E286.30655
G1 X160.195 Y145.676 E286.31444
G1 X160.536 Y145.316 E286.33984
G1 X160.991 Y144.701 E286.37902
G1 X161.482 Y143.987 E286.4234
G1 X161.77 Y143.6 E286.44811
G1 X158.394 Y143.6 E286.62103
G1 X159.322 Y144.923 E286.70381
G1 F1500 E284.70381
G0 F6000 X166.568 Y143.6
G1 F1500 E286.70381
G1 F1200 X167.145 Y144.422 E286.75525
G1 X167.145 Y143.6 E286.79735
G1 X166.568 Y143.6 E286.82691
G0 F6000 X165.975 Y144.287
G1 F1200 X166.943 Y145.666 E286.9132
G1 X167.42 Y146.226 E286.95088
G1 X167.856 Y146.567 E286.97923
G1 X168.025 Y146.613 E286.98821
G1 X168.025 Y139.152 E287.37036
G1 X167.777 Y139.152 E287.38306
G1 X167.87 Y139.181 E287.38805
G1 X167.965 Y139.302 E287.39593
G1 X167.965 Y142.5 E287.55974
G1 X167.926 Y142.625 E287.56644
G1 X167.805 Y142.72 E287.57432
G1 X143.965 Y142.72 E288.79542
G1 X143.965 Y146.613 E288.99483
G1 X144.134 Y146.567 E289.0038
G1 X144.57 Y146.226 E289.03215
G1 X145.047 Y145.666 E289.06983
G1 X146.022 Y144.277 E289.15675
G1 X146.535 Y143.628 E289.19912
G1 X147.052 Y143.149 E289.23522
G1 X147.627 Y142.891 E289.2675
G1 X148.227 Y142.946 E289.29836
G1 X148.785 Y143.291 E289.33197
G1 X149.312 Y143.851 E289.37136
G1 X149.806 Y144.519 E289.41391
G1 X150.292 Y145.225 E289.45781
G1 X150.775 Y145.878 E289.49941
G1 X151.235 Y146.365 E289.53373
G1 X151.657 Y146.626 E289.55914
G1 X152.037 Y146.661 E289.57869
G1 X152.442 Y146.479 E289.60143
G1 X152.893 Y146.061 E289.63293
G1 X153.372 Y145.451 E289.67265
G1 X154.357 Y144.048 E289.76046
G1 X154.847 Y143.472 E289.79919
G1 X155.403 Y143.033 E289.83548
G1 X155.995 Y142.872 E289.8669
G1 X156.587 Y143.033 E289.89833
G1 X157.143 Y143.472 E289.93461
G1 X157.633 Y144.048 E289.97335
G1 X158.618 Y145.451 E290.06115
G1 X159.097 Y146.061 E290.10088
G1 X159.548 Y146.479 E290.13237
G1 X159.953 Y146.661 E290.15512
G1 X160.333 Y146.626 E290.17466
G1 X160.755 Y146.365 E290.20008
G1 X161.215 Y145.878 E290.23439
G1 X161.698 Y145.225 E290.27599
G1 X162.188 Y144.513 E290.32026
G1 X162.695 Y143.831 E290.36379
G1 X163.205 Y143.291 E290.40184
G1 X163.763 Y142.946 E290.43544
G1 X164.363 Y142.891 E290.4663
G1 X164.938 Y143.149 E290.49858
G1 X165.478 Y143.653 E290.53642
G1 X165.975 Y144.287 E290.57768
G0 F6000 X166.335 Y144.034
G1 F1200 X167.292 Y145.397 E290.66298
G1 X167.585 Y145.741 E290.68613
G1 X167.585 Y143.16 E290.81833
G1 X165.595 Y143.16 E290.92026
G1 X165.824 Y143.382 E290.93659
G1 X166.335 Y144.034 E290.97902
G1 F1500 E288.97902
G0 F6000 X162.724 Y143.16
G1 F1500 E290.97902
G1 F1200 X157.45 Y143.16 E291.24916
G1 X157.993 Y143.795 E291.29196
G1 X158.97 Y145.187 E291.37906
G1 X159.422 Y145.762 E291.41653
G1 X159.796 Y146.108 E291.44262
G1 X160.027 Y146.212 E291.4556
G1 X160.19 Y146.197 E291.46398
G1 X160.474 Y146.022 E291.48107
G1 X160.875 Y145.598 E291.51096
G1 X161.345 Y144.963 E291.55143
G1 X161.835 Y144.25 E291.59574
G1 X162.342 Y143.568 E291.63927
G1 X162.724 Y143.16 E291.6679
G1 F1500 E289.6679
G0 F6000 X154.54 Y143.16
G1 F1500 E291.6679
G1 F1200 X149.266 Y143.16 E291.93803
G1 X149.666 Y143.589 E291.96808
G1 X150.16 Y144.257 E292.01063
G1 X150.646 Y144.963 E292.05453
G1 X151.115 Y145.598 E292.09497
G1 X151.516 Y146.022 E292.12486
G1 X151.8 Y146.197 E292.14195
G1 X151.963 Y146.212 E292.15033
G1 X152.194 Y146.108 E292.16331
G1 X152.568 Y145.762 E292.1894
G1 X153.02 Y145.187 E292.22686
G1 X153.997 Y143.795 E292.31397
G1 X154.54 Y143.16 E292.35677
G1 F1500 E290.35677
G0 F6000 X146.393 Y143.16
G1 F1500 E292.35677
G1 F1200 X144.405 Y143.16 E292.45859
G1 X144.405 Y145.741 E292.5908
G1 X144.698 Y145.397 E292.61394
G1 X145.677 Y144.004 E292.70115
G1 X146.236 Y143.305 E292.74699
G1 X146.393 Y143.16 E292.75794
G1 F1500 E290.75794
G0 F6000 X144.845 Y155.578
G1 F1500 E292.75794
G1 F1200 X144.845 Y156.4 E292.80004
G1 X145.422 Y156.4 E292.8296
G1 X144.845 Y155.578 E292.88104
G1 F1500 E290.88104
G0 F6000 X151.079 Y155.96
G1 F1500 E292.88104
G1 F1200 X152.75 Y155.96 E292.96663
G1 X152.316 Y155.341 E293.00535
G1 X151.903 Y154.818 E293.03948
G1 X151.353 Y155.561 E293.08683
G1 X151.079 Y155.96 E293.11162
G0 F6000 X150.508 Y156.013
G1 F1200 X150.22 Y156.4 E293.13633
G1 X153.596 Y156.4 E293.30925
G1 X152.668 Y155.077 E293.39203
G1 X152.244 Y154.538 E293.42715
G1 X151.926 Y154.243 E293.44937
G1 X151.795 Y154.324 E293.45726
G1 X151.455 Y154.683 E293.48259
G1 X150.999 Y155.299 E293.52184
G1 X150.508 Y156.013 E293.56623
G1 F1500 E291.56623
G0 F6000 X159.24 Y155.96
G1 F1500 E293.56623
G1 F1200 X159.674 Y155.341 E293.60495
G1 X160.087 Y154.817 E293.63912
G1 X160.632 Y155.555 E293.68611
G1 X160.912 Y155.96 E293.71133
G1 X159.24 Y155.96 E293.79697
G0 F6000 X159.322 Y155.077
G1 F1200 X159.746 Y154.538 E293.8321
G1 X160.064 Y154.243 E293.85432
G1 X160.195 Y154.323 E293.86218
G1 X160.535 Y154.683 E293.88754
G1 X160.986 Y155.293 E293.9264
G1 X161.476 Y156.005 E293.97067
G1 X161.768 Y156.4 E293.99583
G1 X158.394 Y156.4 E294.16865
G1 X159.322 Y155.077 E294.25142
G1 F1500 E292.25142
G0 F6000 X166.566 Y156.4
G1 F1500 E294.25142
G1 F1200 X167.145 Y155.577 E294.30296
G1 X167.145 Y156.4 E294.34512
G1 X166.566 Y156.4 E294.37478
G0 F6000 X165.968 Y155.723
G1 F1200 X165.455 Y156.372 E294.41715
G1 X164.938 Y156.851 E294.45325
G1 X164.363 Y157.109 E294.48553
G1 X163.763 Y157.054 E294.51639
G1 X163.205 Y156.709 E294.54999
G1 X162.678 Y156.149 E294.58938
G1 X162.184 Y155.481 E294.63194
G1 X161.694 Y154.769 E294.67621
G1 X161.215 Y154.122 E294.71744
G1 X160.755 Y153.635 E294.75175
G1 X160.333 Y153.374 E294.77717
G1 X159.953 Y153.339 E294.79671
G1 X159.548 Y153.521 E294.81946
G1 X159.097 Y153.939 E294.85095
G1 X158.618 Y154.549 E294.89068
G1 X157.633 Y155.952 E294.97848
G1 X157.143 Y156.528 E295.01722
G1 X156.587 Y156.967 E295.0535
G1 X155.995 Y157.128 E295.08493
G1 X155.403 Y156.967 E295.11635
G1 X154.847 Y156.528 E295.15264
G1 X154.357 Y155.952 E295.19137
G1 X153.372 Y154.549 E295.27918
G1 X152.893 Y153.939 E295.3189
G1 X152.442 Y153.521 E295.3504
G1 X152.037 Y153.339 E295.37314
G1 X151.657 Y153.374 E295.39269
G1 X151.235 Y153.635 E295.4181
G1 X150.775 Y154.122 E295.45242
G1 X150.292 Y154.775 E295.49402
G1 X149.802 Y155.487 E295.53829
G1 X149.295 Y156.169 E295.58182
G1 X148.785 Y156.709 E295.61986
G1 X148.227 Y157.054 E295.65347
G1 X147.627 Y157.109 E295.68433
G1 X147.052 Y156.851 E295.71661
G1 X146.512 Y156.347 E295.75444
G1 X146.015 Y155.713 E295.7957
G1 X145.047 Y154.334 E295.882
G1 X144.57 Y153.774 E295.91968
G1 X144.134 Y153.433 E295.94803
G1 X143.965 Y153.387 E295.957
G1 X143.965 Y157.28 E296.15641
G1 X167.745 Y157.28 E297.37443
G1 X167.87 Y157.319 E297.38114
G1 X167.965 Y157.44 E297.38902
G1 X167.965 Y160.639 E297.55287
G1 X167.926 Y160.764 E297.55958
G1 X167.823 Y160.845 E297.56629
G1 X168.025 Y160.848 E297.57664
G1 X168.025 Y153.387 E297.9588
G1 X167.856 Y153.433 E297.96777
G1 X167.42 Y153.774 E297.99612
G1 X166.943 Y154.334 E298.0338
G1 X165.968 Y155.723 E298.12072
G0 F6000 X166.313 Y155.996
G1 F1200 X167.292 Y154.602 E298.20797
G1 X167.585 Y154.259 E298.23108
G1 X167.585 Y156.84 E298.36328
G1 X165.597 Y156.84 E298.4651
G1 X165.754 Y156.695 E298.47605
G1 X166.313 Y155.996 E298.5219
G1 F1500 E296.5219
G0 F6000 X162.724 Y156.84
G1 F1500 E298.5219
G1 F1200 X162.324 Y156.411 E298.55194
G1 X161.83 Y155.743 E298.59449
G1 X161.34 Y155.031 E298.63876
G1 X160.875 Y154.403 E298.67879
G1 X160.474 Y153.978 E298.70872
G1 X160.19 Y153.803 E298.7258
G1 X160.027 Y153.788 E298.73419
G1 X159.796 Y153.892 E298.74716
G1 X159.422 Y154.238 E298.77326
G1 X158.97 Y154.813 E298.81072
G1 X157.993 Y156.205 E298.89783
G1 X157.45 Y156.84 E298.94063
G1 X162.724 Y156.84 E299.21076
G1 F1500 E297.21076
G0 F6000 X154.54 Y156.84
G1 F1500 E299.21076
G1 F1200 X153.997 Y156.205 E299.25356
G1 X153.02 Y154.813 E299.34067
G1 X152.568 Y154.238 E299.37813
G1 X152.194 Y153.892 E299.40423
G1 X151.963 Y153.788 E299.4172
G1 X151.8 Y153.803 E299.42559
G1 X151.516 Y153.978 E299.44267
G1 X151.115 Y154.402 E299.47257
G1 X150.645 Y155.037 E299.51303
G1 X150.155 Y155.75 E299.55734
G1 X149.648 Y156.432 E299.60087
G1 X149.267 Y156.84 E299.62946
G1 X154.54 Y156.84 E299.89955
G1 F1500 E297.89955
G0 F6000 X146.395 Y156.84
G1 F1500 E299.89955
G1 F1200 X144.405 Y156.84 E300.00148
G1 X144.405 Y154.259 E300.13368
G1 X144.698 Y154.602 E300.15679
G1 X145.655 Y155.966 E300.24213
G1 X146.166 Y156.618 E300.28456
G1 X146.395 Y156.84 E300.3009
G1 F1500 E298.3009
;MESH:din-rail-clip-mount.stl
G0 F6000 X150 Y159.976
;TYPE:WALL-INNER
G1 F1500 E300.3009
G1 F1200 X167.084 Y159.976 E301.17595
G1 X167.084 Y158.16 E301.26897
G1 X143.744 Y158.16 E302.46446
G1 X143.433 Y158.083 E302.48087
G1 X143.216 Y157.896 E302.49554
G1 X143.084 Y157.633 E302.51061
G1 X143.084 Y153.025 E302.74664
G1 X143.194 Y152.735 E302.76252
G1 X143.518 Y152.498 E302.78309
G1 X143.194 Y152.261 E302.80365
G1 X143.084 Y151.971 E302.81953
G1 X143.084 Y148.074 E303.01914
G1 X143.194 Y147.734 E303.03744
G1 X143.519 Y147.5 E303.05796
G1 X143.194 Y147.266 E303.07847
G1 X143.084 Y147.019 E303.09232
G1 X143.084 Y142.367 E303.3306
G1 X143.216 Y142.103 E303.34572
G1 X143.433 Y141.917 E303.36035
G1 X143.659 Y141.84 E303.37258
G1 X167.084 Y141.84 E304.57243
G1 X167.084 Y140.02 E304.66565
G1 X130.404 Y140.02 E306.54442
G1 X130.404 Y143.59 E306.72728
G1 X130.338 Y143.79 E306.73806
G1 X130.17 Y144.005 E306.75204
G1 X129.944 Y144.13 E306.76527
G1 X129.814 Y144.157 E306.77207
G1 X121.208 Y144.161 E307.21287
G1 F1320 X120.252 Y144.12 E307.25743
G1 F1408 X119.801 Y144.135 E307.27713
G1 F1269.2 X119.343 Y144.232 E307.2998
G1 F1175.9 X118.978 Y144.427 E307.32143
G1 F1155.4 X118.683 Y144.722 E307.34363
G1 F1178.6 X118.487 Y145.088 E307.36528
G1 F1275.4 X118.386 Y145.551 E307.38812
G1 F1411.8 X118.372 Y146 E307.40767
G1 F1458.6 X118.374 Y154.127 E307.75015
G1 F1400.5 X118.386 Y154.445 E307.76412
G1 F1275.4 X118.487 Y154.908 E307.78696
G1 F1178.6 X118.683 Y155.274 E307.80861
G1 F1155.4 X118.978 Y155.569 E307.8308
G1 F1178.6 X119.344 Y155.765 E307.85245
G1 F1275.4 X119.804 Y155.865 E307.87514
G1 F1411.8 X120.252 Y155.88 E307.89466
G1 F1320 X121.221 Y155.84 E307.93982
G1 F1200 X129.814 Y155.843 E308.37995
G1 X130.053 Y155.916 E308.39275
G1 X130.276 Y156.108 E308.40783
G1 X130.369 Y156.285 E308.41807
G1 X130.404 Y156.5 E308.42923
G1 X130.404 Y159.976 E308.60727
G1 X150 Y159.976 E309.61099
G1 F1500 E307.61099
G0 F6000 X150 Y186.805
G1 F1500 E309.61099
G1 F1200 X178.607 Y186.808 E311.07626
G1 X178.958 Y186.676 E311.09546
G1 F967 X179.332 Y186.422 E311.1242
G1 F819.9 X179.614 Y186.322 E311.14663
G1 F804.9 X180.062 Y186.132 E311.18379
G1 F800 X180.814 Y185.307 E311.26956
G1 F802.4 X181.08 Y184.988 E311.30137
G1 F797.6 X181.371 Y183.838 E311.39279
G1 F877.1 X181.584 Y183.429 E311.42511
G1 F960 X181.584 Y181.67 E311.53773
G1 F965.3 X181.584 Y179.911 E311.64973
G1 F970.6 X181.584 Y178.152 E311.76113
G1 F976 X181.584 Y176.393 E311.8719
G1 F981.4 X181.584 Y174.634 E311.98207
G1 F986.9 X181.584 Y172.875 E312.09162
G1 F992.5 X181.584 Y171.116 E312.20055
G1 F998.1 X181.584 Y169.357 E312.30888
G1 F1003.8 X181.584 Y167.598 E312.41658
G1 F1009.6 X181.584 Y165.839 E312.52368
G1 F1015.4 X181.584 Y164.08 E312.63015
G1 F1021.3 X181.584 Y162.321 E312.73602
G1 F1027.2 X181.584 Y160.562 E312.84127
G1 F1031.2 X181.584 Y158.803 E312.94611
G1 F1037.3 X181.584 Y157.044 E313.05033
G1 F1043.5 X181.584 Y155.285 E313.15395
G1 F1049.7 X181.584 Y153.526 E313.25694
G1 F1056 X181.584 Y151.767 E313.35933
G1 F1062.4 X181.584 Y150.008 E313.46109
G1 F1068.8 X181.584 Y148.249 E313.56225
G1 F1075.4 X181.584 Y146.49 E313.66279
G1 F1082 X181.584 Y144.731 E313.76271
G1 F1088.7 X181.584 Y142.972 E313.86203
G1 F1095.4 X181.584 Y141.213 E313.96072
G1 F1102.3 X181.584 Y139.454 E314.05881
G1 F1106.9 X181.584 Y137.695 E314.15648
G1 F1113.9 X181.584 Y135.936 E314.25354
G1 F1121 X181.584 Y134.177 E314.34998
G1 F1128.2 X181.584 Y132.418 E314.44581
G1 F1135.5 X181.584 Y130.659 E314.54103
G1 F1142.9 X181.584 Y128.9 E314.63563
G1 F1150.3 X181.584 Y127.141 E314.72962
G1 F1157.9 X181.584 Y125.382 E314.82299
G1 F1165.6 X181.584 Y123.623 E314.91575
G1 F1173.3 X181.584 Y121.864 E315.0079
G1 F1181.2 X181.584 Y120.105 E315.09943
G1 F1189.2 X181.584 Y118.346 E315.19034
G1 F1197.3 X181.584 Y116.587 E315.28064
G1 F1200 X181.186 Y114.953 E315.36679
G1 F1077.6 X180.105 Y113.738 E315.45955
G1 F898 X179.616 Y113.679 E315.49327
G1 F821.2 X179.342 Y113.581 E315.51505
G1 F970.6 X178.969 Y113.327 E315.54363
G1 F1200 X178.606 Y113.188 E315.56353
G1 X134.269 Y113.188 E317.8345
G1 F1189.2 X133.98 Y113.228 E317.84958
G1 F977.8 X133.575 Y113.369 E317.87654
G1 F797.6 X132.614 Y113.516 E317.95146
G1 F800 X132.083 Y113.845 E317.99945
G1 F797.6 X131.355 Y114.386 E318.06935
G1 X131.003 Y114.983 E318.12276
G1 X130.649 Y115.739 E318.18709
G1 F821.2 X130.595 Y116.783 E318.26534
G1 F1025.2 X130.52 Y117.687 E318.31972
G1 F1200 X130.52 Y136.5 E319.28334
G1 X130.478 Y136.734 E319.29551
G1 X130.404 Y136.784 E319.30009
G1 X130.404 Y138.272 E319.3763
G1 X168.293 Y138.273 E321.317
G1 X168.471 Y138.311 E321.32632
G1 X168.669 Y138.426 E321.33805
G1 X168.837 Y138.639 E321.35195
G1 X168.9 Y138.855 E321.36347
G1 X168.904 Y146.9 E321.77554
G1 X168.859 Y147.142 E321.78815
G1 X168.782 Y147.283 E321.79638
G1 X168.47 Y147.5 E321.81584
G1 X168.782 Y147.717 E321.83531
G1 X168.902 Y148.043 E321.8531
G1 X168.9 Y151.976 E322.05455
G1 X168.783 Y152.278 E322.07114
G1 X168.469 Y152.498 E322.09078
G1 X168.783 Y152.718 E322.11042
G1 X168.901 Y153.029 E322.12746
G1 X168.9 Y161.145 E322.54316
G1 X168.837 Y161.36 E322.55464
G1 X168.669 Y161.574 E322.56857
G1 X168.471 Y161.689 E322.5803
G1 X168.295 Y161.727 E322.58953
G1 X130.404 Y161.728 E324.53033
G1 X130.404 Y163.216 E324.60654
G1 X130.478 Y163.266 E324.61112
G1 X130.52 Y163.5 E324.62329
G1 X130.521 Y182.311 E325.5868
G1 F974.2 X130.623 Y183.218 E325.64439
G1 F831.5 X130.613 Y183.5 E325.66525
G1 F838.1 X130.617 Y183.685 E325.67882
G1 F864.2 X130.496 Y184.299 E325.72333
G1 F859.9 X130.902 Y184.802 E325.76954
G1 F827.6 X131.095 Y185.176 E325.80079
G1 F981.4 X131.202 Y185.593 E325.82776
G1 F1079.8 X131.271 Y185.724 E325.83618
G1 F898 X131.923 Y186.037 E325.88569
G1 F828.9 X132.237 Y186.256 E325.91408
G1 F795.2 X132.615 Y186.483 E325.94816
G1 F797.6 X133.579 Y186.629 E326.0233
G1 F826.3 X133.765 Y186.647 E326.0372
G1 F974.2 X134.238 Y186.804 E326.06864
G1 F1200 X150 Y186.805 E326.87598
G1 F1500 E324.87598
G0 F6000 X133.756 Y186.023
G1 F1500 E326.87598
G1 F778.8 X132.828 Y185.818 E326.95099
G1 F795.2 X132.551 Y185.705 E326.97411
G1 F828.9 X132.33 Y185.551 E326.99409
G1 F981.4 X131.96 Y185.039 E327.03365
G1 X131.627 Y184.835 E327.05811
G1 F827.6 X131.494 Y184.571 E327.08006
G1 F977.8 X131.457 Y184.052 E327.11277
G1 F983.2 X131.246 Y183.631 E327.14221
G1 F826.3 X131.256 Y183.301 E327.16677
G1 F974.2 X131.59 Y182.452 E327.22433
G1 F1200 X131.761 Y182.157 E327.2418
G1 X132.401 Y181.517 E327.28816
G1 X132.696 Y181.346 E327.30562
G1 X133.655 Y181.088 E327.35649
G1 X133.853 Y181.093 E327.36663
G1 X134.863 Y181.37 E327.42028
G1 X135.05 Y181.482 E327.43144
G1 X135.75 Y182.181 E327.48211
G1 X135.876 Y182.365 E327.49353
G1 X136.148 Y183.424 E327.54954
G1 X136.13 Y183.67 E327.56217
G1 X135.898 Y184.542 E327.60839
G1 X135.729 Y184.838 E327.62585
G1 X135.089 Y185.482 E327.67235
G1 X134.789 Y185.654 E327.69006
G1 X134.17 Y185.819 E327.72288
G1 F954.8 X133.756 Y186.023 E327.75259
G1 F1500 E325.75259
G0 F6000 X120.252 Y155.52
G1 F1500 E327.75259
G1 F1367.9 X119.767 Y155.47 E327.7745
G1 F1251.2 X119.316 Y155.262 E327.79889
G1 F1183.9 X119.037 Y154.983 E327.81938
G1 F1178.6 X118.893 Y154.738 E327.8342
G1 F1291 X118.777 Y154.446 E327.84916
G1 F1430.9 X118.732 Y154 E327.86842
G1 F1458.6 X118.737 Y145.903 E328.20963
G1 F1404.3 X118.783 Y145.509 E328.22699
G1 F1284.7 X118.99 Y145.06 E328.25065
G1 F1233.6 X119.32 Y144.73 E328.2739
G1 F1300.5 X119.773 Y144.528 E328.29734
G1 F1411.8 X120.252 Y144.48 E328.3183
G1 X120.752 Y144.53 E328.34018
G1 F1275.4 X121.169 Y144.723 E328.36232
G1 F1200 X121.522 Y145.076 E328.38789
G1 X121.745 Y145.516 E328.41316
G1 X121.812 Y145.942 E328.43525
G1 X121.812 Y154.054 E328.85075
G1 X121.744 Y154.482 E328.87295
G1 X121.523 Y154.919 E328.89803
G1 X121.171 Y155.271 E328.92353
G1 F1275.4 X120.752 Y155.47 E328.94588
G1 F1411.8 X120.252 Y155.52 E328.96776
G1 F1500 E326.96776
G0 F6000 X133.853 Y118.903
G1 F1500 E328.96776
G1 F1200 X133.574 Y118.887 E328.98207
G1 X132.699 Y118.654 E329.02845
G1 X132.399 Y118.482 E329.04617
G1 X131.759 Y117.838 E329.09267
G1 X131.591 Y117.545 E329.10997
G1 F1025.2 X131.282 Y116.692 E329.16436
G1 F862.7 X131.246 Y116.631 E329.16941
G1 F826.3 X131.256 Y116.301 E329.19396
G1 F788.1 X131.333 Y115.914 E329.22474
G1 F777.6 X131.528 Y115.323 E329.27393
G1 F803.7 X131.686 Y115.082 E329.29597
G1 F783.4 X131.868 Y114.868 E329.31801
G1 F777.6 X132.399 Y114.384 E329.3748
G1 F789.2 X132.736 Y114.203 E329.4046
G1 F807.3 X133.651 Y113.997 E329.476
G1 F977.8 X133.918 Y114.106 E329.49413
G1 F1189.2 X134.792 Y114.346 E329.54098
G1 F1200 X135.087 Y114.517 E329.55844
G1 X135.727 Y115.157 E329.6048
G1 X135.898 Y115.454 E329.62235
G1 X136.152 Y116.41 E329.67302
G1 X136.147 Y116.605 E329.68301
G1 X135.875 Y117.601 E329.73589
G1 X135.771 Y117.779 E329.74645
G1 X135.067 Y118.503 E329.79818
G1 X134.884 Y118.63 E329.80959
G1 X133.853 Y118.903 E329.86422
G1 F1500 E327.86422
G0 F6000 X178.328 Y118.91
G1 F1500 E329.86422
G1 F1200 X178.134 Y118.903 E329.87416
G1 X177.129 Y118.632 E329.92748
G1 X176.899 Y118.482 E329.94154
G1 X176.21 Y117.789 E329.99159
G1 X176.09 Y117.545 E330.00552
G1 X175.837 Y116.609 E330.05518
G1 X175.854 Y116.328 E330.0696
G1 X176.09 Y115.452 E330.11607
G1 X176.261 Y115.157 E330.13354
G1 X176.901 Y114.517 E330.1799
G1 X177.196 Y114.346 E330.19736
G1 X178.13 Y114.098 E330.24686
G1 X178.407 Y114.107 E330.26106
G1 X178.692 Y114.183 E330.27616
G1 F970.6 X179.143 Y114.196 E330.30474
G1 F821.2 X179.39 Y114.274 E330.32413
G1 F979.6 X179.561 Y114.493 E330.34156
G1 F1200 X180.307 Y115.24 E330.39563
G1 X180.398 Y115.455 E330.40759
G1 X180.652 Y116.41 E330.45821
G1 X180.647 Y116.609 E330.4684
G1 X180.399 Y117.542 E330.51785
G1 X180.229 Y117.838 E330.53534
G1 X179.588 Y118.482 E330.58188
G1 X179.29 Y118.654 E330.5995
G1 X178.328 Y118.91 E330.65049
G1 F1500 E328.65049
G0 F6000 X178.24 Y185.93
G1 F1500 E330.65049
G1 F1200 X177.199 Y185.654 E330.70565
G1 X176.899 Y185.482 E330.72337
G1 X176.259 Y184.838 E330.76987
G1 X176.09 Y184.545 E330.78719
G1 X175.854 Y183.673 E330.83347
G1 X175.837 Y183.391 E330.84794
G1 X176.113 Y182.383 E330.90147
G1 X176.238 Y182.181 E330.91363
G1 X176.92 Y181.499 E330.96304
G1 X177.103 Y181.371 E330.97448
G1 X178.135 Y181.093 E331.02922
G1 X178.328 Y181.086 E331.03911
G1 X179.292 Y181.346 E331.09025
G1 X179.587 Y181.517 E331.10772
G1 X180.227 Y182.157 E331.15408
G1 X180.399 Y182.455 E331.1717
G1 X180.631 Y183.331 E331.21812
G1 F965.3 X180.737 Y183.683 E331.24153
G1 F795.2 X180.451 Y184.755 E331.32729
G1 F783.4 X179.64 Y185.595 E331.4189
G1 F804.9 X179.389 Y185.726 E331.44052
G1 F819.9 X179.134 Y185.803 E331.46049
G1 F967 X178.683 Y185.813 E331.48916
G1 F1200 X178.24 Y185.93 E331.51263
G0 F6000 X178.242 Y185.476
;TYPE:WALL-OUTER
G1 F1200 X177.311 Y185.229 E331.56197
G1 X177.211 Y185.172 E331.56786
G1 X176.571 Y184.528 E331.61437
G1 X176.515 Y184.43 E331.62015
G1 X176.266 Y183.49 E331.66996
G1 X176.536 Y182.505 E331.72227
G1 X177.247 Y181.793 E331.77381
G1 X178.249 Y181.521 E331.82699
G1 X179.234 Y181.786 E331.87923
G1 X179.916 Y182.468 E331.92864
G1 X179.973 Y182.567 E331.93449
G1 X180.219 Y183.504 E331.98411
G1 X179.954 Y184.491 E332.03645
G1 X179.222 Y185.217 E332.08926
G1 X178.242 Y185.476 E332.14118
G1 F1500 E330.14118
G0 F6000 X150 Y187.248
G1 F1500 E332.14118
G1 F1200 X178.687 Y187.248 E333.61054
G1 X180.387 Y186.605 E333.70364
G1 X181.587 Y185.254 E333.7962
G1 X182.024 Y183.473 E333.89013
G1 X182.024 Y116.523 E337.31934
G1 X181.587 Y114.742 E337.41327
G1 X180.387 Y113.395 E337.50568
G1 X178.687 Y112.748 E337.59884
G1 X134.242 Y112.748 E339.87534
G1 X132.409 Y112.972 E339.96993
G1 X130.918 Y113.999 E340.06266
G1 X130.081 Y115.599 E340.15515
G1 X130.08 Y136.568 E341.2292
G1 X129.964 Y136.649 E341.23645
G1 X129.964 Y138.712 E341.34211
G1 X168.279 Y138.714 E343.30463
G1 X168.417 Y138.794 E343.3128
G1 X168.463 Y138.906 E343.319
G1 X168.464 Y146.921 E343.72954
G1 X168.424 Y147.028 E343.73539
G1 F1106.9 X168.311 Y147.148 E343.74454
G1 F1003.8 X168.198 Y147.201 E343.75218
G1 F1029.2 X167.682 Y147.001 E343.78523
G1 F1205.5 X167.144 Y146.537 E343.82145
G1 F1442.6 X166.631 Y145.904 E343.85617
G1 F1530.4 X166.212 Y145.308 E343.88543
G1 F1458.6 X165.637 Y144.522 E343.92647
G1 F1320 X165.159 Y143.963 E343.96072
G1 F1090.9 X164.662 Y143.568 E343.99649
G1 F919.9 X164.268 Y143.417 E344.02468
G1 F911.9 X163.951 Y143.446 E344.04614
G1 F979.6 X163.51 Y143.663 E344.07697
G1 F1157.9 X162.982 Y144.151 E344.11514
G1 F1411.8 X162.422 Y144.872 E344.15489
G1 F1483.1 X161.518 Y146.135 E344.21925
G1 F1367.9 X161.002 Y146.712 E344.25404
G1 F1086.4 X160.463 Y147.101 E344.29164
G1 F915.1 X160.183 Y147.16 E344.31086
G1 F949.6 X159.884 Y147.178 E344.33025
G1 F1095.4 X159.332 Y146.869 E344.36575
G1 F1294.1 X158.805 Y146.343 E344.40111
G1 F1474.9 X158.298 Y145.676 E344.43603
G1 F1526 X157.866 Y145.06 E344.46633
G1 F1411.8 X157.302 Y144.309 E344.50722
G1 F1183.9 X156.798 Y143.786 E344.54493
G1 F988.8 X156.352 Y143.497 E344.57797
G1 F904.1 X155.993 Y143.405 E344.60316
G1 X155.636 Y143.497 E344.62823
G1 F988.8 X155.19 Y143.786 E344.66126
G1 F1183.9 X154.68 Y144.316 E344.69945
G1 F1411.8 X154.104 Y145.085 E344.74128
G1 F1526 X153.685 Y145.683 E344.77069
G1 F1474.9 X153.178 Y146.348 E344.80554
G1 F1291 X152.656 Y146.869 E344.84066
G1 F1060.2 X152.167 Y147.143 E344.87315
G1 F942.9 X151.976 Y147.195 E344.88606
G1 F936.2 X151.525 Y147.102 E344.91629
G1 F1086.4 X150.983 Y146.712 E344.95407
G1 F1375 X150.457 Y146.118 E344.98953
G1 F1466.7 X149.47 Y144.744 E345.06043
G1 F1382.2 X149.004 Y144.152 E345.09393
G1 F1150.3 X148.478 Y143.663 E345.13231
G1 F977.8 X148.033 Y143.446 E345.16343
G1 F910.3 X147.716 Y143.418 E345.18492
G1 F919.9 X147.326 Y143.568 E345.21284
G1 F1095.4 X146.812 Y143.978 E345.24973
G1 F1343.5 X146.285 Y144.605 E345.2872
G1 F1474.9 X145.348 Y145.916 E345.35436
G1 F1442.6 X144.844 Y146.537 E345.38843
G1 F1200 X144.297 Y147.006 E345.42534
G1 F1025.2 X143.789 Y147.199 E345.45792
G1 F1005.7 X143.677 Y147.148 E345.46544
G1 F1109.2 X143.527 Y146.942 E345.47956
G1 F1200 X143.524 Y142.454 E345.70944
G1 X143.568 Y142.367 E345.71443
G1 X143.706 Y142.283 E345.72271
G1 X167.524 Y142.28 E346.94268
G1 X167.524 Y139.58 E347.08097
G1 X129.964 Y139.58 E349.00482
G1 X129.961 Y143.54 E349.20765
G1 X129.927 Y143.624 E349.2123
G1 X129.79 Y143.716 E349.22075
G1 X119.769 Y143.72 E349.73403
G1 X119.205 Y143.808 E349.76327
G1 X118.711 Y144.061 E349.7917
G1 X118.317 Y144.455 E349.82024
G1 X118.064 Y144.95 E349.84871
G1 X117.972 Y145.518 E349.87818
G1 X117.972 Y154.478 E350.33712
G1 X118.064 Y155.046 E350.36659
G1 X118.317 Y155.541 E350.39507
G1 X118.711 Y155.935 E350.42361
G1 X119.206 Y156.188 E350.45208
G1 X119.77 Y156.279 E350.48134
G1 X129.79 Y156.284 E350.99457
G1 X129.927 Y156.376 E351.00303
G1 X129.961 Y156.46 E351.00767
G1 X129.964 Y160.416 E351.2103
G1 X167.524 Y160.416 E353.13414
G1 X167.524 Y157.72 E353.27223
G1 X143.659 Y157.72 E354.49461
G1 X143.524 Y157.546 E354.50589
G1 X143.527 Y153.058 E354.73577
G1 F1150.3 X143.679 Y152.869 E354.74873
G1 F998.1 X143.818 Y152.819 E354.75783
G1 F988.8 X144.307 Y152.995 E354.79013
G1 F1205.5 X144.844 Y153.459 E354.82632
G1 F1442.6 X145.354 Y154.089 E354.86085
G1 F1526 X145.774 Y154.689 E354.89035
G1 F1450.5 X146.344 Y155.47 E354.93132
G1 F1320 X146.826 Y156.034 E354.96587
G1 F1090.9 X147.326 Y156.432 E355.00188
G1 F921.5 X147.715 Y156.58 E355.02964
G1 F915.1 X148.034 Y156.551 E355.05115
G1 F983.2 X148.479 Y156.334 E355.0821
G1 F1163 X149.013 Y155.837 E355.12066
G1 F1419.4 X149.567 Y155.124 E355.15976
G1 F1517.2 X149.979 Y154.534 E355.18891
G1 X150.458 Y153.878 E355.22182
G1 F1375 X150.983 Y153.288 E355.25712
G1 F1086.4 X151.526 Y152.897 E355.29498
G1 F911.9 X151.805 Y152.839 E355.31418
G1 F946.2 X152.102 Y152.821 E355.33351
G1 F1090.9 X152.657 Y153.131 E355.36933
G1 F1287.8 X153.177 Y153.647 E355.40429
G1 F1474.9 X153.689 Y154.321 E355.43957
G1 F1526 X154.115 Y154.926 E355.46937
G1 F1466.7 X154.643 Y155.643 E355.50669
G1 F1313.4 X155.171 Y156.2 E355.5426
G1 F1043.5 X155.637 Y156.503 E355.57534
G1 F902.6 X155.993 Y156.594 E355.60037
G1 X156.351 Y156.503 E355.62552
G1 F1029.2 X156.815 Y156.202 E355.65855
G1 F1245.3 X157.309 Y155.68 E355.69402
G1 F1411.8 X157.891 Y154.901 E355.73636
G1 F1530.4 X158.304 Y154.314 E355.76519
G1 F1479 X158.811 Y153.648 E355.79997
G1 F1287.8 X159.331 Y153.131 E355.83497
G1 F1090.9 X159.885 Y152.821 E355.87074
G1 F946.2 X160.181 Y152.838 E355.89
G1 F911.9 X160.463 Y152.899 E355.90944
G1 F1084.2 X161.002 Y153.288 E355.94713
G1 F1367.9 X161.514 Y153.861 E355.98166
G1 F1508.6 X162.009 Y154.539 E356.01586
G1 F1491.5 X162.514 Y155.252 E356.05186
G1 F1389.5 X162.982 Y155.848 E356.08539
G1 F1157.9 X163.509 Y156.334 E356.12344
G1 F983.2 X163.95 Y156.551 E356.15416
G1 F913.5 X164.269 Y156.579 E356.17571
G1 F919.9 X164.662 Y156.432 E356.20375
G1 F1095.4 X165.174 Y156.021 E356.24059
G1 F1346.9 X165.714 Y155.38 E356.27883
G1 F1474.9 X166.644 Y154.076 E356.34558
G1 F1438.7 X167.144 Y153.459 E356.37951
G1 F1200 X167.693 Y152.989 E356.41653
G1 F1027.2 X168.159 Y152.815 E356.44629
G1 F1039.4 X168.308 Y152.869 E356.45566
G1 F1147.8 X168.424 Y152.972 E356.46397
G1 F1200 X168.464 Y153.081 E356.46992
G1 X168.459 Y161.119 E356.88163
G1 X168.37 Y161.25 E356.88974
G1 X168.279 Y161.286 E356.89475
G1 X129.964 Y161.288 E358.85727
G1 X129.964 Y163.351 E358.96294
G1 X130.08 Y163.432 E358.97019
G1 X130.08 Y184.401 E360.04423
G1 X130.918 Y185.997 E360.13656
G1 X132.409 Y187.027 E360.22938
G1 X134.242 Y187.248 E360.32395
G1 X150 Y187.248 E361.13109
G1 F1500 E359.13109
G0 F6000 X133.734 Y185.474
G1 F1500 E361.13109
G1 F1200 X132.759 Y185.215 E361.18276
G1 X132.029 Y184.483 E361.23571
G1 X131.764 Y183.497 E361.28801
G1 X132.03 Y182.51 E361.34036
G1 X132.712 Y181.828 E361.38977
G1 X132.81 Y181.771 E361.39557
G1 X133.739 Y181.521 E361.44485
G1 X134.737 Y181.789 E361.49778
G1 X135.457 Y182.51 E361.54997
G1 X135.719 Y183.504 E361.60262
G1 X135.458 Y184.487 E361.65472
G1 X134.777 Y185.172 E361.70419
G1 X134.677 Y185.229 E361.71009
G1 X133.734 Y185.474 E361.75999
G1 F1500 E359.75999
G0 F6000 X120.252 Y155.124
G1 F1500 E361.75999
G1 F1200 X119.904 Y155.068 E361.77804
G1 X119.574 Y154.886 E361.79735
G1 X119.352 Y154.661 E361.81354
G1 X119.188 Y154.349 E361.83159
G1 X119.134 Y154.035 E361.84791
G1 X119.134 Y145.965 E362.26126
G1 X119.184 Y145.648 E362.2777
G1 X119.366 Y145.318 E362.297
G1 X119.591 Y145.096 E362.31319
G1 X119.905 Y144.935 E362.33127
G1 X120.251 Y144.876 E362.34924
G1 X120.601 Y144.931 E362.36739
G1 X120.915 Y145.091 E362.38544
G1 X121.162 Y145.338 E362.40333
G1 X121.321 Y145.651 E362.42132
G1 X121.37 Y145.965 E362.43759
G1 X121.37 Y154.035 E362.85095
G1 X121.321 Y154.345 E362.86702
G1 X121.161 Y154.659 E362.88507
G1 X120.916 Y154.904 E362.90282
G1 X120.602 Y155.069 E362.92099
G1 X120.252 Y155.124 E362.93913
G1 F1500 E360.93913
G0 F6000 X150 Y153.917
G1 F1500 E362.93913
G1 F1539.4 X149.757 Y154.262 E362.95598
G1 F1517.2 X149.279 Y154.918 E362.98887
G1 F1375 X148.753 Y155.512 E363.02433
G1 F1133 X148.233 Y155.886 E363.05908
G1 F946.2 X147.932 Y155.96 E363.07921
G1 F947.9 X147.636 Y155.98 E363.09845
G1 F1095.4 X147.08 Y155.668 E363.13422
G1 F1291 X146.557 Y155.144 E363.16947
G1 F1474.9 X146.046 Y154.476 E363.20452
G1 F1526 X145.618 Y153.865 E363.23457
G1 F1411.8 X145.057 Y153.115 E363.27535
G1 F1248.2 X144.568 Y152.594 E363.31053
G1 F1031.2 X144.1 Y152.296 E363.3436
G1 F910.3 X143.969 Y152.26 E363.35277
G1 F998.1 X143.679 Y152.127 E363.37242
G1 F1150.3 X143.527 Y151.938 E363.38538
G1 F1200 X143.527 Y148.058 E363.58412
G1 F1109.2 X143.677 Y147.852 E363.59824
G1 F967 X144.1 Y147.703 E363.62674
G1 F988.8 X144.55 Y147.41 E363.66012
G1 F1183.9 X145.057 Y146.881 E363.69816
G1 F1411.8 X145.639 Y146.101 E363.74054
G1 F1530.4 X146.052 Y145.513 E363.76939
G1 F1474.9 X146.562 Y144.848 E363.80432
G1 F1287.8 X147.08 Y144.331 E363.83925
G1 F1095.4 X147.637 Y144.021 E363.87502
G1 F946.2 X147.93 Y144.038 E363.89408
G1 F911.9 X148.212 Y144.098 E363.91351
G1 F1086.4 X148.753 Y144.488 E363.95125
G1 F1375 X149.278 Y145.078 E363.98655
G1 F1517.2 X149.761 Y145.74 E364.01975
G1 F1495.8 X150.263 Y146.452 E364.05555
G1 F1389.5 X150.731 Y147.044 E364.08893
G1 F1155.4 X151.257 Y147.534 E364.12717
G1 F946.2 X151.681 Y147.748 E364.15802
G1 F882.9 X152.021 Y147.779 E364.18179
G1 F921.5 X152.411 Y147.632 E364.20959
G1 F1090.9 X152.922 Y147.224 E364.24643
G1 F1320 X153.398 Y146.662 E364.28073
G1 F1454.5 X153.972 Y145.875 E364.32189
G1 F1526 X154.396 Y145.271 E364.35161
G1 F1434.8 X154.896 Y144.658 E364.3855
G1 F1197.3 X155.439 Y144.194 E364.42217
G1 F1047.6 X155.994 Y143.983 E364.457
G1 F1051.8 X156.556 Y144.198 E364.49217
G1 F1200 X157.092 Y144.658 E364.52835
G1 F1434.8 X157.602 Y145.284 E364.56294
G1 F1526 X158.025 Y145.888 E364.59264
G1 F1454.5 X158.595 Y146.67 E364.63353
G1 F1320 X159.072 Y147.23 E364.66778
G1 F1090.9 X159.577 Y147.632 E364.70415
G1 F923.1 X159.967 Y147.78 E364.73193
G1 F915.1 X160.284 Y147.751 E364.75331
G1 F981.4 X160.727 Y147.534 E364.7842
G1 F1160.4 X161.263 Y147.037 E364.82292
G1 F1411.8 X161.82 Y146.323 E364.86234
G1 F1517.2 X162.23 Y145.734 E364.89142
G1 F1508.6 X162.722 Y145.061 E364.92538
G1 F1367.9 X163.234 Y144.487 E364.95994
G1 F1082 X163.771 Y144.099 E364.99758
G1 F910.3 X164.054 Y144.039 E365.01711
G1 F946.2 X164.352 Y144.021 E365.03651
G1 F1090.9 X164.905 Y144.331 E365.07222
G1 F1287.8 X165.425 Y144.847 E365.10719
G1 F1474.9 X165.941 Y145.521 E365.14256
G1 F1526 X166.367 Y146.126 E365.17237
G1 F1411.8 X166.931 Y146.881 E365.2134
G1 F1245.3 X167.419 Y147.401 E365.2486
G1 F1031.2 X167.885 Y147.703 E365.28169
G1 F967 X168.311 Y147.852 E365.31038
G1 F1106.9 X168.424 Y147.972 E365.31953
G1 F1200 X168.464 Y148.081 E365.32548
G1 X168.46 Y151.941 E365.52319
G1 F1147.8 X168.308 Y152.127 E365.53605
G1 F996.2 X168.02 Y152.259 E365.5556
G1 F910.3 X167.885 Y152.296 E365.56505
G1 F988.8 X167.438 Y152.586 E365.59817
G1 F1186.5 X166.931 Y153.115 E365.63613
G1 F1411.8 X166.352 Y153.891 E365.67828
G1 F1526 X165.936 Y154.483 E365.70743
G1 F1474.9 X165.427 Y155.149 E365.74236
G1 F1287.8 X164.904 Y155.669 E365.77756
G1 F1095.4 X164.353 Y155.978 E365.81301
G1 F949.6 X164.054 Y155.961 E365.83239
G1 F915.1 X163.773 Y155.9 E365.8517
G1 F1086.4 X163.234 Y155.512 E365.88928
G1 F1371.4 X162.719 Y154.935 E365.92394
G1 F1483.1 X161.791 Y153.637 E365.99006
G1 F1408 X161.255 Y152.956 E366.0279
G1 F1157.9 X160.726 Y152.463 E366.06628
G1 F979.6 X160.286 Y152.246 E366.09706
G1 F910.3 X159.968 Y152.218 E366.11862
G1 F919.9 X159.577 Y152.368 E366.1466
G1 F1100 X159.065 Y152.774 E366.18311
G1 F1357.3 X158.499 Y153.454 E366.22318
G1 F1487.3 X157.6 Y154.716 E366.28721
G1 F1442.6 X157.095 Y155.338 E366.32135
G1 F1202.7 X156.556 Y155.799 E366.35759
G1 F1051.8 X155.994 Y156.018 E366.39284
G1 X155.432 Y155.799 E366.42809
G1 F1202.7 X154.893 Y155.338 E366.46433
G1 F1438.7 X154.388 Y154.716 E366.49856
G1 F1450.5 X153.388 Y153.322 E366.57126
G1 F1316.7 X152.912 Y152.763 E366.60553
G1 F1088.7 X152.411 Y152.368 E366.64155
G1 F919.9 X152.02 Y152.218 E366.66953
G1 F880 X151.682 Y152.249 E366.69324
G1 F944.5 X151.258 Y152.463 E366.72415
G1 F1157.9 X150.732 Y152.953 E366.76231
G1 F1415.5 X150.172 Y153.673 E366.80191
G1 F1508.6 X150 Y153.917 E366.81408
G1 F1500 E364.81408
G0 F6000 X133.74 Y118.475
G1 F1500 E366.81408
G1 F1200 X132.811 Y118.229 E366.8633
G1 X132.711 Y118.172 E366.8692
G1 X132.03 Y117.487 E366.91867
G1 X131.764 Y116.497 E366.97118
G1 X132.039 Y115.501 E367.0241
G1 X132.761 Y114.784 E367.07622
G1 X133.749 Y114.521 E367.12859
G1 X134.734 Y114.786 E367.18084
G1 X135.416 Y115.468 E367.23024
G1 X135.473 Y115.567 E367.23609
G1 X135.718 Y116.507 E367.28584
G1 X135.452 Y117.479 E367.33746
G1 X134.74 Y118.208 E367.38966
G1 X133.74 Y118.475 E367.44267
G1 F1500 E365.44267
G0 F6000 X178.235 Y118.474
G1 F1500 E367.44267
G1 F1200 X177.251 Y118.212 E367.49483
G1 X176.53 Y117.484 E367.54731
G1 X176.265 Y116.496 E367.5997
G1 X176.53 Y115.51 E367.652
G1 X177.212 Y114.828 E367.7014
G1 X177.31 Y114.771 E367.70721
G1 X178.247 Y114.52 E367.75689
G1 X179.235 Y114.788 E367.80933
G1 X179.954 Y115.507 E367.86141
G1 X180.218 Y116.506 E367.91434
G1 X179.958 Y117.487 E367.96632
G1 X179.276 Y118.172 E368.01583
G1 X179.177 Y118.229 E368.02168
G1 X178.235 Y118.474 E368.07154
G1 F1500 E366.07154
G0 F6000 X178.744 Y186.269
;TYPE:SKIN
G1 F1500 E368.07154
G1 F956.5 X178.355 Y186.36 E368.09721
G1 F937.8 X177.983 Y186.341 E368.12162
G1 F1500 E366.12162
G0 F6000 X177.983 Y188.136
G0 X150 Y188.136
G0 X150 Y186.409
G1 F1500 E368.12162
G1 F1200 X134.306 Y186.408 E368.92548
G1 X134.126 Y186.315 E368.93585
G1 X134.303 Y186.191 E368.94692
G1 X134.913 Y186.03 E368.97924
G1 X135.355 Y185.774 E369.0054
G1 X136.025 Y185.098 E369.05415
G1 X136.273 Y184.671 E369.07944
G1 X136.55 Y183.632 E369.13452
G1 X136.533 Y183.307 E369.15119
G1 X136.242 Y182.231 E369.20828
G1 X136.075 Y181.952 E369.22494
G1 X135.277 Y181.149 E369.28292
G1 X134.982 Y180.991 E369.30006
G1 X133.942 Y180.707 E369.35528
G1 X133.608 Y180.686 E369.37243
G1 X132.572 Y180.966 E369.42739
G1 X132.129 Y181.222 E369.4536
G1 X131.483 Y181.872 E369.50054
G1 X131.218 Y182.307 E369.52663
G1 X131.01 Y182.711 E369.54991
G1 X130.916 Y182.291 E369.57195
G1 X130.913 Y163.46 E370.53649
G1 X130.85 Y163.133 E370.55354
G1 X130.8 Y163.07 E370.55766
G1 X130.8 Y162.124 E370.60612
G1 X168.331 Y162.119 E372.52848
G1 X168.611 Y162.059 E372.54315
G1 X168.92 Y161.876 E372.56154
G1 X169.189 Y161.539 E372.58363
G1 X169.289 Y161.202 E372.60163
G1 X169.296 Y152.993 E373.0221
G1 X169.215 Y152.688 E373.03827
G1 X169.104 Y152.499 E373.04949
G1 X169.215 Y152.304 E373.06098
G1 X169.293 Y152.022 E373.07597
G1 X169.3 Y147.968 E373.28362
G1 X169.118 Y147.498 E373.30944
G1 X169.291 Y147.039 E373.33456
G1 X169.292 Y138.795 E373.75682
G1 X169.193 Y138.469 E373.77427
G1 X169.058 Y138.258 E373.7871
G1 X168.76 Y138.008 E373.80703
G1 X168.372 Y137.882 E373.82792
G1 X130.8 Y137.876 E375.75238
G1 X130.8 Y136.926 E375.80104
G1 X130.85 Y136.863 E375.80516
G1 X130.913 Y136.536 E375.82222
G1 X130.916 Y117.703 E376.78686
G1 X131 Y117.203 E376.81283
G1 X131.211 Y117.668 E376.83898
G1 X131.46 Y118.1 E376.86452
G1 X132.129 Y118.774 E376.91316
G1 X132.571 Y119.03 E376.93933
G1 X133.612 Y119.306 E376.99449
G1 X133.933 Y119.289 E377.01095
G1 X135.045 Y118.996 E377.06986
G1 X135.333 Y118.795 E377.08784
G1 X136.084 Y118.016 E377.14327
G1 X136.242 Y117.749 E377.15916
G1 X136.533 Y116.695 E377.21517
G1 X136.55 Y116.363 E377.23219
G1 X136.273 Y115.325 E377.28722
G1 X136.02 Y114.888 E377.31308
G1 X135.351 Y114.219 E377.36154
G1 X134.914 Y113.967 E377.38738
G1 X134.047 Y113.724 E377.4335
G1 X133.963 Y113.678 E377.43841
G1 X134.067 Y113.616 E377.44461
G1 X134.292 Y113.584 E377.45625
G1 X177.045 Y113.584 E379.64608
G1 F1051.8 X178.048 Y113.646 E379.70481
G1 X177.042 Y113.984 E379.76683
G1 F1200 X176.632 Y114.22 E379.79106
G1 X175.964 Y114.888 E379.83945
G1 X175.711 Y115.326 E379.86536
G1 X175.43 Y116.364 E379.92044
G1 X175.451 Y116.699 E379.93763
G1 X175.745 Y117.759 E379.99397
G1 X175.909 Y118.044 E380.01081
G1 X176.705 Y118.837 E380.06837
G1 X176.984 Y119.002 E380.08497
G1 X178.05 Y119.289 E380.14151
G1 X178.376 Y119.306 E380.15823
G1 X179.419 Y119.029 E380.21351
G1 X179.851 Y118.777 E380.23913
G1 X180.524 Y118.101 E380.28799
G1 X180.759 Y117.695 E380.31201
G1 F1019.3 X181.11 Y116.695 E380.37592
G1 X181.188 Y117.693 E380.43628
G1 F1200 X181.188 Y183.323 E383.79789
G1 X181.095 Y183.434 E383.80531
G1 X181.025 Y183.281 E383.81393
G1 X180.773 Y182.327 E383.86447
G1 X180.524 Y181.892 E383.89014
G1 X179.852 Y181.22 E383.93882
G1 X179.412 Y180.966 E383.96484
G1 X178.376 Y180.686 E384.01981
G1 X178.046 Y180.707 E384.03675
G1 X176.94 Y181.004 E384.0954
G1 X176.665 Y181.193 E384.1125
G1 X175.899 Y181.965 E384.1682
G1 X175.735 Y182.261 E384.18553
G1 X175.451 Y183.297 E384.24055
G1 X175.43 Y183.632 E384.25775
G1 X175.711 Y184.67 E384.31283
G1 X175.959 Y185.098 E384.33817
G1 X176.632 Y185.776 E384.3871
G1 X177.046 Y186.015 E384.41158
G1 F1033.3 X177.983 Y186.341 E384.4706
G1 X177.052 Y186.411 E384.52613
G1 F1200 X150 Y186.409 E385.91175
G1 F1500 E383.91175
G0 F6000 X178.048 Y113.646
G1 F1500 E385.91175
G1 F929.6 X178.443 Y113.629 E385.9379
G1 F932.9 X178.756 Y113.73 E385.95957
G0 F6000 X179.893 Y114.185
G1 F1003.8 X180.633 Y114.97 E386.02562
G1 F1017.3 X180.788 Y115.2 E386.04238
G1 F1000 X181.087 Y116.368 E386.11649
G1 F954.8 X181.113 Y116.628 E386.13331
G1 F890.4 X181.11 Y116.695 E386.13794
G1 F1500 E384.13794
G0 F6000 X179.308 Y116.5
G0 X177.712 Y115.579
G0 X176.747 Y113.899
G1 F1500 E386.13794
G1 F1200 X176.653 Y113.805 E386.14475
G0 F6000 X176.383 Y114.157
G1 F1200 X176.031 Y113.805 E386.17024
G0 F6000 X175.408 Y113.805
G1 F1200 X176.072 Y114.469 E386.21834
G0 F6000 X175.768 Y114.787
G1 F1200 X174.786 Y113.805 E386.28948
G0 F6000 X174.164 Y113.805
G1 F1200 X175.541 Y115.182 E386.38922
G0 F6000 X175.394 Y115.658
G1 F1200 X173.542 Y113.805 E386.52341
G0 F6000 X172.919 Y113.805
G1 F1200 X175.261 Y116.147 E386.69306
G0 F6000 X175.235 Y116.743
G1 F1200 X172.297 Y113.805 E386.90588
G0 F6000 X171.675 Y113.805
G1 F1200 X175.476 Y117.607 E387.18125
G1 F1500 E385.18125
G0 F6000 X177.141 Y119.271
G1 F1500 E387.18125
G1 F1200 X180.968 Y123.099 E387.4585
G0 F6000 X180.968 Y123.721
G1 F1200 X171.053 Y113.805 E388.17675
G0 F6000 X170.43 Y113.805
G1 F1200 X180.968 Y124.343 E388.94009
G0 F6000 X180.968 Y124.966
G1 F1200 X169.808 Y113.805 E389.74852
G0 F6000 X169.186 Y113.805
G1 F1200 X180.968 Y125.588 E390.602
G0 F6000 X180.968 Y126.21
G1 F1200 X168.564 Y113.805 E391.50055
G0 F6000 X167.941 Y113.805
G1 F1200 X180.968 Y126.832 E392.44418
G0 F6000 X180.968 Y127.455
G1 F1200 X167.319 Y113.805 E393.43291
G0 F6000 X166.697 Y113.805
G1 F1200 X180.968 Y128.077 E394.46669
G0 F6000 X180.968 Y128.699
G1 F1200 X166.075 Y113.805 E395.54553
G0 F6000 X165.452 Y113.805
G1 F1200 X180.968 Y129.321 E396.66946
G0 F6000 X180.968 Y129.944
G1 F1200 X164.83 Y113.805 E397.83849
G0 F6000 X164.208 Y113.805
G1 F1200 X180.968 Y130.566 E399.05256
G0 F6000 X180.968 Y131.188
G1 F1200 X163.586 Y113.805 E400.3117
G0 F6000 X162.963 Y113.805
G1 F1200 X180.968 Y131.81 E401.61592
G0 F6000 X180.968 Y132.433
G1 F1200 X162.341 Y113.805 E402.96524
G0 F6000 X161.719 Y113.805
G1 F1200 X180.968 Y133.055 E404.35962
G0 F6000 X180.968 Y133.677
G1 F1200 X161.097 Y113.805 E405.79904
G0 F6000 X160.474 Y113.805
G1 F1200 X180.968 Y134.299 E407.28357
G0 F6000 X180.968 Y134.922
G1 F1200 X159.852 Y113.805 E408.81318
G0 F6000 X159.23 Y113.805
G1 F1200 X180.968 Y135.544 E410.38785
G0 F6000 X180.968 Y136.166
G1 F1200 X158.608 Y113.805 E412.00757
G0 F6000 X157.985 Y113.805
G1 F1200 X180.968 Y136.788 E413.67239
G0 F6000 X180.968 Y137.411
G1 F1200 X157.363 Y113.805 E415.3823
G0 F6000 X156.741 Y113.805
G1 F1200 X180.968 Y138.033 E417.13726
G0 F6000 X180.968 Y138.655
G1 F1200 X156.119 Y113.805 E418.93728
G0 F6000 X155.496 Y113.805
G1 F1200 X180.968 Y139.277 E420.7824
G0 F6000 X180.968 Y139.9
G1 F1200 X154.873 Y113.805 E422.67264
G0 F6000 X154.251 Y113.805
G1 F1200 X180.968 Y140.522 E424.60793
G0 F6000 X180.968 Y141.144
G1 F1200 X153.629 Y113.805 E426.58828
G0 F6000 X153.007 Y113.805
G1 F1200 X180.968 Y141.766 E428.61369
G0 F6000 X180.968 Y142.389
G1 F1200 X152.384 Y113.805 E430.68423
G0 F6000 X151.762 Y113.805
G1 F1200 X180.968 Y143.011 E432.79982
G0 F6000 X180.968 Y143.633
G1 F1200 X151.14 Y113.805 E434.96047
G0 F6000 X150.518 Y113.805
G1 F1200 X180.968 Y144.255 E437.16617
G0 F6000 X180.968 Y144.878
G1 F1200 X149.895 Y113.805 E439.417
G0 F6000 X149.273 Y113.805
G1 F1200 X180.968 Y145.5 E441.71289
G0 F6000 X180.968 Y146.122
G1 F1200 X148.651 Y113.805 E444.05383
G0 F6000 X148.029 Y113.805
G1 F1200 X180.968 Y146.744 E446.43983
G0 F6000 X180.968 Y147.367
G1 F1200 X147.406 Y113.805 E448.87095
G0 F6000 X146.784 Y113.805
G1 F1200 X180.968 Y147.989 E451.34714
G0 F6000 X180.968 Y148.611
G1 F1200 X146.162 Y113.805 E453.86837
G0 F6000 X145.54 Y113.805
G1 F1200 X180.968 Y149.233 E456.43467
G0 F6000 X180.968 Y149.856
G1 F1200 X144.917 Y113.805 E459.04609
G0 F6000 X144.295 Y113.805
G1 F1200 X168.154 Y137.664 E460.77436
G0 F6000 X167.532 Y137.664
G1 F1200 X143.673 Y113.805 E462.50263
G0 F6000 X143.051 Y113.805
G1 F1200 X166.91 Y137.664 E464.2309
G0 F6000 X166.287 Y137.664
G1 F1200 X142.428 Y113.805 E465.95918
G0 F6000 X141.806 Y113.805
G1 F1200 X165.665 Y137.664 E467.68745
G0 F6000 X165.042 Y137.663
G1 F1200 X141.184 Y113.805 E469.41565
G0 F6000 X140.562 Y113.805
G1 F1200 X164.42 Y137.663 E471.14385
G0 F6000 X163.798 Y137.663
G1 F1200 X139.939 Y113.805 E472.87208
G0 F6000 X139.317 Y113.805
G1 F1200 X163.175 Y137.663 E474.60028
G0 F6000 X162.553 Y137.663
G1 F1200 X138.695 Y113.805 E476.32848
G0 F6000 X138.072 Y113.805
G1 F1200 X161.93 Y137.662 E478.05664
G0 F6000 X161.308 Y137.662
G1 F1200 X137.45 Y113.805 E479.7848
G0 F6000 X136.828 Y113.805
G1 F1200 X160.686 Y137.662 E481.51297
G0 F6000 X160.064 Y137.662
G1 F1200 X136.206 Y113.805 E483.24113
G0 F6000 X135.583 Y113.805
G1 F1200 X159.441 Y137.662 E484.96929
G0 F6000 X158.818 Y137.662
G1 F1200 X136.508 Y115.352 E486.58536
G0 F6000 X136.734 Y116.2
G1 F1200 X158.196 Y137.662 E488.14
G0 F6000 X157.574 Y137.662
G1 F1200 X136.727 Y116.815 E489.65009
G0 F6000 X136.592 Y117.302
G1 F1200 X156.952 Y137.662 E491.12491
G0 F6000 X156.329 Y137.662
G1 F1200 X136.457 Y117.789 E492.56441
G0 F6000 X136.229 Y118.184
G1 F1200 X155.706 Y137.661 E493.97526
G0 F6000 X155.084 Y137.661
G1 F1200 X135.924 Y118.5 E495.36319
G0 F6000 X135.617 Y118.817
G1 F1200 X154.462 Y137.661 E496.72823
G0 F6000 X153.84 Y137.661
G1 F1200 X135.279 Y119.1 E498.07273
G0 F6000 X134.835 Y119.279
G1 F1200 X153.217 Y137.661 E499.40426
G0 F6000 X152.594 Y137.66
G1 F1200 X134.343 Y119.409 E500.72631
G0 F6000 X133.825 Y119.513
G1 F1200 X151.972 Y137.66 E502.04082
G0 F6000 X151.35 Y137.66
G1 F1200 X133.083 Y119.394 E503.36399
G0 F6000 X132.052 Y118.985
G1 F1200 X150.728 Y137.66 E504.71678
G0 F6000 X150.105 Y137.66
G1 F1200 X131.136 Y118.691 E506.09084
G0 F6000 X131.293 Y118.225
G1 F1200 X131.136 Y118.068 E506.10221
G0 F6000 X131.136 Y119.313
G1 F1200 X149.482 Y137.66 E507.43117
G0 F6000 X148.86 Y137.66
G1 F1200 X131.136 Y119.935 E508.71508
G0 F6000 X131.136 Y120.557
G1 F1200 X148.238 Y137.66 E509.95393
G0 F6000 X147.616 Y137.66
G1 F1200 X131.136 Y121.18 E511.14769
G0 F6000 X131.136 Y121.802
G1 F1200 X146.993 Y137.66 E512.29636
G0 F6000 X146.37 Y137.659
G1 F1200 X131.136 Y122.424 E513.3999
G0 F6000 X131.136 Y123.046
G1 F1200 X145.748 Y137.659 E514.45838
G0 F6000 X145.126 Y137.659
G1 F1200 X131.136 Y123.669 E515.47177
G0 F6000 X131.136 Y124.291
G1 F1200 X144.504 Y137.659 E516.44011
G0 F6000 X143.881 Y137.659
G1 F1200 X131.136 Y124.913 E517.36336
G0 F6000 X131.136 Y125.535
G1 F1200 X143.258 Y137.658 E518.24147
G0 F6000 X142.636 Y137.658
G1 F1200 X131.136 Y126.158 E519.0745
G0 F6000 X131.136 Y126.78
G1 F1200 X142.014 Y137.658 E519.86246
G0 F6000 X141.392 Y137.658
G1 F1200 X131.136 Y127.402 E520.60538
G0 F6000 X131.136 Y128.025
G1 F1200 X140.769 Y137.658 E521.30316
G0 F6000 X140.146 Y137.657
G1 F1200 X131.136 Y128.647 E521.95582
G0 F6000 X131.136 Y129.269
G1 F1200 X139.524 Y137.657 E522.56342
G0 F6000 X138.902 Y137.657
G1 F1200 X131.136 Y129.891 E523.12596
G0 F6000 X131.136 Y130.514
G1 F1200 X138.28 Y137.657 E523.64342
G0 F6000 X137.657 Y137.657
G1 F1200 X131.136 Y131.136 E524.11578
G0 F6000 X131.136 Y131.758
G1 F1200 X137.034 Y137.657 E524.54304
G0 F6000 X136.412 Y137.657
G1 F1200 X131.136 Y132.38 E524.92526
G0 F6000 X131.136 Y133.003
G1 F1200 X135.79 Y137.657 E525.26238
G0 F6000 X135.168 Y137.657
G1 F1200 X131.136 Y133.625 E525.55444
G0 F6000 X131.136 Y134.247
G1 F1200 X134.545 Y137.657 E525.80142
G0 F6000 X133.922 Y137.656
G1 F1200 X131.136 Y134.869 E526.00326
G0 F6000 X131.136 Y135.492
G1 F1200 X133.3 Y137.656 E526.16002
G0 F6000 X132.678 Y137.656
G1 F1200 X131.136 Y136.114 E526.27171
G0 F6000 X131.103 Y136.703
G1 F1200 X132.056 Y137.656 E526.34075
G0 F6000 X131.433 Y137.656
G1 F1200 X131.02 Y137.242 E526.3707
G1 F1500 E524.3707
G0 F6000 X129.08 Y137.242
G0 X118.184 Y143.338
G0 X117.593 Y143.929
G0 X117.213 Y144.675
G0 X117.091 Y145.448
G0 X117.091 Y154.552
G0 X117.213 Y155.325
G0 X117.593 Y156.071
G0 X118.125 Y156.603
G0 X129.08 Y162.344
G0 X131.231 Y162.344
G1 F1500 E526.3707
G1 F1200 X155.076 Y186.189 E528.09796
G0 F6000 X154.454 Y186.189
G1 F1200 X131.021 Y162.755 E529.79541
G0 F6000 X131.136 Y163.493
G1 F1200 X153.832 Y186.189 E531.43943
G0 F6000 X153.21 Y186.189
G1 F1200 X131.136 Y164.115 E533.03841
G0 F6000 X131.136 Y164.737
G1 F1200 X152.587 Y186.189 E534.59229
G0 F6000 X151.965 Y186.189
G1 F1200 X131.136 Y165.36 E536.10107
G0 F6000 X131.136 Y165.982
G1 F1200 X151.343 Y186.189 E537.56481
G0 F6000 X150.721 Y186.189
G1 F1200 X131.136 Y166.604 E538.98348
G0 F6000 X131.136 Y167.227
G1 F1200 X150.098 Y186.189 E540.35703
G0 F6000 X149.476 Y186.189
G1 F1200 X131.136 Y167.849 E541.68552
G0 F6000 X131.136 Y168.471
G1 F1200 X148.854 Y186.189 E542.96896
G0 F6000 X148.232 Y186.189
G1 F1200 X131.136 Y169.093 E544.20734
G0 F6000 X131.136 Y169.716
G1 F1200 X147.609 Y186.189 E545.40059
G0 F6000 X146.987 Y186.189
G1 F1200 X131.136 Y170.338 E546.54879
G0 F6000 X131.136 Y170.96
G1 F1200 X146.365 Y186.189 E547.65193
G0 F6000 X145.742 Y186.189
G1 F1200 X131.136 Y171.582 E548.70998
G0 F6000 X131.136 Y172.205
G1 F1200 X145.12 Y186.188 E549.7229
G0 F6000 X144.497 Y186.188
G1 F1200 X131.136 Y172.827 E550.69073
G0 F6000 X131.136 Y173.449
G1 F1200 X143.875 Y186.188 E551.6135
G0 F6000 X143.253 Y186.188
G1 F1200 X131.136 Y174.071 E552.49122
G0 F6000 X131.136 Y174.694
G1 F1200 X142.631 Y186.188 E553.32385
G0 F6000 X142.008 Y186.188
G1 F1200 X131.136 Y175.316 E554.11138
G0 F6000 X131.136 Y175.938
G1 F1200 X141.386 Y186.188 E554.85386
G0 F6000 X140.764 Y186.188
G1 F1200 X131.136 Y176.56 E555.55128
G0 F6000 X131.136 Y177.183
G1 F1200 X134.616 Y180.663 E555.80336
G0 F6000 X133.806 Y180.475
G1 F1200 X131.136 Y177.805 E555.99677
G0 F6000 X131.136 Y178.427
G1 F1200 X133.261 Y180.552 E556.1507
G0 F6000 X132.771 Y180.684
G1 F1200 X131.136 Y179.049 E556.26913
G0 F6000 X131.136 Y179.672
G1 F1200 X132.32 Y180.856 E556.3549
G0 F6000 X131.941 Y181.099
G1 F1200 X131.136 Y180.294 E556.41321
G0 F6000 X131.136 Y180.916
G1 F1200 X131.631 Y181.412 E556.4491
G0 F6000 X131.322 Y181.725
G1 F1200 X131.136 Y181.538 E556.46261
G1 F1500 E554.46261
G0 F6000 X132.824 Y182.967
G0 X134.706 Y183.122
G0 X136.574 Y182.621
G1 F1500 E556.46261
G1 F1200 X140.141 Y186.188 E556.72099
G0 F6000 X139.519 Y186.188
G1 F1200 X136.757 Y183.426 E556.92106
G0 F6000 X136.686 Y183.977
G1 F1200 X138.897 Y186.188 E557.08122
G0 F6000 X138.275 Y186.188
G1 F1200 X136.555 Y184.469 E557.20578
G0 F6000 X136.383 Y184.918
G1 F1200 X137.652 Y186.188 E557.29773
G0 F6000 X137.03 Y186.188
G1 F1200 X136.138 Y185.296 E557.36235
G0 F6000 X135.828 Y185.608
G1 F1200 X136.408 Y186.188 E557.40436
G0 F6000 X135.786 Y186.188
G1 F1200 X135.518 Y185.92 E557.42377
G1 F1500 E555.42377
G0 F6000 X155.699 Y186.189
G1 F1500 E557.42377
G1 F1200 X131.853 Y162.344 E559.15107
G0 F6000 X132.476 Y162.344
G1 F1200 X156.322 Y186.19 E560.8784
G0 F6000 X156.944 Y186.19
G1 F1200 X133.098 Y162.344 E562.60573
G0 F6000 X133.72 Y162.344
G1 F1200 X157.566 Y186.19 E564.33306
G0 F6000 X158.188 Y186.19
G1 F1200 X134.343 Y162.344 E566.06035
G0 F6000 X134.965 Y162.344
G1 F1200 X158.811 Y186.19 E567.78768
G0 F6000 X159.433 Y186.19
G1 F1200 X135.587 Y162.344 E569.51501
G0 F6000 X136.209 Y162.344
G1 F1200 X160.055 Y186.19 E571.24234
G0 F6000 X160.677 Y186.19
G1 F1200 X136.832 Y162.344 E572.96963
G0 F6000 X137.454 Y162.344
G1 F1200 X161.3 Y186.19 E574.69696
G0 F6000 X161.922 Y186.19
G1 F1200 X138.076 Y162.344 E576.42429
G0 F6000 X138.698 Y162.343
G1 F1200 X162.544 Y186.19 E578.15166
G0 F6000 X163.166 Y186.19
G1 F1200 X139.32 Y162.343 E579.87903
G0 F6000 X139.942 Y162.343
G1 F1200 X163.789 Y186.19 E581.60643
G0 F6000 X164.411 Y186.19
G1 F1200 X140.564 Y162.343 E583.33383
G0 F6000 X141.187 Y162.343
G1 F1200 X165.033 Y186.19 E585.0612
G0 F6000 X165.655 Y186.19
G1 F1200 X141.809 Y162.343 E586.78856
G0 F6000 X142.431 Y162.343
G1 F1200 X166.278 Y186.19 E588.51596
G0 F6000 X166.901 Y186.19
G1 F1200 X143.053 Y162.343 E590.2434
G0 F6000 X143.676 Y162.343
G1 F1200 X167.523 Y186.19 E591.9708
G0 F6000 X168.145 Y186.19
G1 F1200 X144.298 Y162.343 E593.69821
G0 F6000 X144.92 Y162.343
G1 F1200 X168.767 Y186.19 E595.42561
G0 F6000 X169.39 Y186.19
G1 F1200 X145.542 Y162.343 E597.15305
G0 F6000 X146.164 Y162.343
G1 F1200 X170.012 Y186.19 E598.88049
G0 F6000 X170.634 Y186.19
G1 F1200 X146.786 Y162.343 E600.60792
G0 F6000 X147.408 Y162.343
G1 F1200 X171.256 Y186.19 E602.33536
G0 F6000 X171.879 Y186.19
G1 F1200 X148.031 Y162.343 E604.0628
G0 F6000 X148.653 Y162.343
G1 F1200 X172.501 Y186.19 E605.79024
G0 F6000 X173.123 Y186.19
G1 F1200 X149.275 Y162.343 E607.51768
G0 F6000 X149.897 Y162.343
G1 F1200 X173.745 Y186.19 E609.24512
G0 F6000 X174.368 Y186.19
G1 F1200 X150.52 Y162.343 E610.97256
G0 F6000 X151.142 Y162.343
G1 F1200 X174.99 Y186.19 E612.69999
G0 F6000 X175.612 Y186.19
G1 F1200 X151.764 Y162.343 E614.42743
G0 F6000 X152.386 Y162.343
G1 F1200 X176.234 Y186.19 E616.15487
G0 F6000 X176.784 Y186.118
G1 F1200 X176.857 Y186.19 E616.16012
G1 F1500 E614.16012
G0 F6000 X175.623 Y184.957
G1 F1500 E616.16012
G1 F1200 X153.009 Y162.343 E617.79821
G0 F6000 X153.63 Y162.342
G1 F1200 X175.307 Y184.019 E619.36842
G0 F6000 X175.225 Y183.315
G1 F1200 X154.253 Y162.342 E620.88761
G0 F6000 X154.875 Y162.342
G1 F1200 X175.355 Y182.822 E622.37111
G0 F6000 X175.491 Y182.336
G1 F1200 X155.497 Y162.342 E623.81942
G0 F6000 X156.119 Y162.342
G1 F1200 X175.682 Y181.905 E625.2365
G0 F6000 X175.978 Y181.578
G1 F1200 X156.742 Y162.342 E626.6299
G0 F6000 X157.364 Y162.342
G1 F1200 X176.287 Y181.265 E628.00062
G0 F6000 X176.608 Y180.964
G1 F1200 X157.986 Y162.342 E629.34954
G0 F6000 X158.608 Y162.342
G1 F1200 X177.021 Y180.754 E630.68328
G0 F6000 X177.511 Y180.623
G1 F1200 X159.231 Y162.342 E632.00746
G0 F6000 X159.853 Y162.342
G1 F1200 X178.004 Y180.493 E633.32227
G0 F6000 X178.672 Y180.539
G1 F1200 X160.475 Y162.342 E634.6404
G0 F6000 X161.097 Y162.341
G1 F1200 X179.543 Y180.787 E635.97657
G0 F6000 X180.968 Y180.968
G1 F1200 X162.341 Y162.341 E637.32585
G0 F6000 X161.719 Y162.341
G1 F1200 X180.968 Y181.591 E638.72023
G0 F6000 X180.968 Y180.346
G1 F1200 X162.963 Y162.341 E640.02445
G0 F6000 X163.586 Y162.341
G1 F1200 X180.968 Y179.724 E641.28359
G0 F6000 X180.968 Y179.102
G1 F1200 X164.208 Y162.341 E642.49766
G0 F6000 X164.83 Y162.341
G1 F1200 X180.968 Y178.479 E643.66665
G0 F6000 X180.968 Y177.857
G1 F1200 X165.452 Y162.341 E644.79058
G0 F6000 X166.075 Y162.341
G1 F1200 X180.968 Y177.235 E645.86942
G0 F6000 X180.968 Y176.613
G1 F1200 X166.697 Y162.341 E646.9032
G0 F6000 X167.319 Y162.341
G1 F1200 X180.968 Y175.99 E647.89189
G0 F6000 X180.968 Y175.368
G1 F1200 X167.941 Y162.341 E648.83553
G0 F6000 X168.523 Y162.301
G1 F1200 X180.968 Y174.746 E649.73701
G0 F6000 X180.968 Y174.124
G1 F1200 X168.954 Y162.109 E650.6073
G0 F6000 X169.265 Y161.798
G1 F1200 X180.968 Y173.501 E651.45503
G0 F6000 X180.968 Y172.879
G1 F1200 X169.464 Y161.374 E652.28838
G0 F6000 X169.508 Y160.796
G1 F1200 X180.968 Y172.257 E653.11854
G0 F6000 X180.968 Y171.635
G1 F1200 X169.508 Y160.175 E653.94867
G0 F6000 X169.509 Y159.553
G1 F1200 X180.968 Y171.012 E654.77872
G0 F6000 X180.968 Y170.39
G1 F1200 X169.51 Y158.931 E655.60874
G0 F6000 X169.51 Y158.309
G1 F1200 X180.968 Y169.768 E656.43876
G0 F6000 X180.968 Y169.146
G1 F1200 X169.51 Y157.688 E657.26874
G0 F6000 X169.511 Y157.066
G1 F1200 X180.968 Y168.523 E658.09865
G0 F6000 X180.968 Y167.901
G1 F1200 X169.512 Y156.445 E658.92849
G0 F6000 X169.513 Y155.823
G1 F1200 X180.968 Y167.279 E659.75829
G0 F6000 X180.968 Y166.657
G1 F1200 X169.513 Y155.201 E660.58809
G0 F6000 X169.513 Y154.579
G1 F1200 X180.968 Y166.034 E661.41785
G0 F6000 X180.968 Y165.412
G1 F1200 X169.514 Y153.958 E662.24754
G0 F6000 X169.515 Y153.336
G1 F1200 X180.968 Y164.79 E663.0772
G0 F6000 X180.968 Y164.168
G1 F1200 X169.423 Y152.622 E663.91352
G0 F6000 X169.503 Y152.08
G1 F1200 X180.968 Y163.545 E664.74401
G0 F6000 X180.968 Y162.923
G1 F1200 X169.513 Y151.467 E665.57381
G0 F6000 X169.513 Y150.846
G1 F1200 X180.968 Y162.301 E666.40357
G0 F6000 X180.968 Y161.679
G1 F1200 X169.514 Y150.224 E667.2333
G0 F6000 X169.515 Y149.603
G1 F1200 X180.968 Y161.056 E668.06292
G0 F6000 X180.968 Y160.434
G1 F1200 X169.515 Y148.981 E668.89254
G0 F6000 X169.517 Y148.36
G1 F1200 X180.968 Y159.812 E669.72205
G0 F6000 X180.968 Y159.19
G1 F1200 X169.4 Y147.621 E670.56004
G0 F6000 X169.504 Y147.103
G1 F1200 X180.968 Y158.567 E671.39045
G0 F6000 X180.968 Y157.945
G1 F1200 X169.513 Y146.489 E672.22025
G0 F6000 X169.512 Y145.866
G1 F1200 X180.968 Y157.323 E673.05013
G0 F6000 X180.968 Y156.701
G1 F1200 X169.512 Y145.244 E673.88
G0 F6000 X169.511 Y144.621
G1 F1200 X180.968 Y156.078 E674.70991
G0 F6000 X180.968 Y155.456
G1 F1200 X169.511 Y143.999 E675.53982
G0 F6000 X169.51 Y143.376
G1 F1200 X180.968 Y154.834 E676.3698
G0 F6000 X180.968 Y154.212
G1 F1200 X169.51 Y142.753 E677.19982
G0 F6000 X169.51 Y142.131
G1 F1200 X180.968 Y153.589 E678.0298
G0 F6000 X180.968 Y152.967
G1 F1200 X169.509 Y141.508 E678.85985
G0 F6000 X169.509 Y140.885
G1 F1200 X180.968 Y152.345 E679.68995
G0 F6000 X180.968 Y151.722
G1 F1200 X169.508 Y140.262 E680.52007
G0 F6000 X169.508 Y139.639
G1 F1200 X180.968 Y151.1 E681.35023
G0 F6000 X180.968 Y150.478
G1 F1200 X169.508 Y139.017 E682.1804
G1 F1500 E680.1804
G0 F6000 X180.968 Y122.477
G1 F1500 E682.1804
G1 F1200 X177.993 Y119.501 E682.39593
G0 F6000 X178.591 Y119.477
G1 F1200 X180.968 Y121.854 E682.56812
G0 F6000 X180.968 Y121.232
G1 F1200 X179.083 Y119.347 E682.70466
G0 F6000 X179.561 Y119.202
G1 F1200 X180.968 Y120.61 E682.80661
G0 F6000 X180.968 Y119.988
G1 F1200 X179.954 Y118.973 E682.8801
G0 F6000 X180.271 Y118.667
G1 F1200 X180.968 Y119.365 E682.93063
G0 F6000 X180.968 Y118.743
G1 F1200 X180.58 Y118.355 E682.95873
G0 F6000 X180.84 Y117.993
G1 F1200 X180.968 Y118.121 E682.968
G1 F1500 E680.968
G0 F6000 X150 Y159.58
G1 F1500 E682.968
G1 F1200 X130.8 Y159.58 E683.95144
G1 X130.797 Y156.457 E684.1114
G1 X130.74 Y156.154 E684.12719
G1 X130.612 Y155.902 E684.14167
G1 X130.426 Y155.691 E684.15608
G1 X130.157 Y155.526 E684.17224
G1 X129.856 Y155.449 E684.18816
G1 X121.56 Y155.443 E684.61308
G1 X121.726 Y155.274 E684.62522
G1 X121.903 Y155.033 E684.64053
G1 X122.045 Y154.76 E684.65629
G1 X122.154 Y154.431 E684.67405
G1 X122.206 Y154.103 E684.69106
G1 X122.206 Y145.889 E685.11178
G1 X122.154 Y145.561 E685.12879
G1 X122.044 Y145.23 E685.14666
G1 X121.904 Y144.964 E685.16205
G1 X121.748 Y144.744 E685.17587
G1 X121.563 Y144.556 E685.18938
G1 X129.856 Y144.551 E685.61415
G1 X130.153 Y144.47 E685.62992
G1 X130.41 Y144.314 E685.64532
G1 X130.599 Y144.115 E685.65938
G1 X130.74 Y143.842 E685.67511
G1 X130.797 Y143.539 E685.69091
G1 X130.8 Y140.416 E685.85087
G1 X166.688 Y140.416 E687.68907
G1 X166.688 Y141.444 E687.74173
G1 X143.598 Y141.447 E688.92441
G1 X143.242 Y141.564 E688.94361
G1 X142.894 Y141.857 E688.96691
G1 X142.742 Y142.166 E688.98454
G1 X142.689 Y142.474 E689.00055
G1 X142.69 Y146.964 E689.23053
G1 X142.748 Y147.252 E689.24558
G1 X142.883 Y147.498 E689.25995
G1 X142.748 Y147.748 E689.27451
G1 X142.69 Y148.036 E689.28955
G1 X142.688 Y151.943 E689.48967
G1 X142.748 Y152.245 E689.50544
G1 X142.886 Y152.496 E689.52012
G1 X142.748 Y152.747 E689.53479
G1 X142.688 Y153.047 E689.55046
G1 X142.689 Y157.521 E689.77962
G1 X142.743 Y157.836 E689.79599
G1 X142.895 Y158.135 E689.81317
G1 X143.244 Y158.437 E689.83681
G1 X143.694 Y158.55 E689.86057
G1 X166.688 Y158.556 E691.03834
G1 X166.688 Y159.58 E691.09079
G1 X150 Y159.58 E691.94556
G1 F1500 E689.94556
G0 F6000 X166.149 Y140.636
G1 F1500 E691.94556
G1 F1200 X166.468 Y140.955 E691.96867
G0 F6000 X166.114 Y141.224
G1 F1200 X165.527 Y140.636 E692.01122
G0 F6000 X165.492 Y141.224
G1 F1200 X164.904 Y140.636 E692.05382
G0 F6000 X164.87 Y141.224
G1 F1200 X164.282 Y140.636 E692.09641
G0 F6000 X164.247 Y141.224
G1 F1200 X163.66 Y140.636 E692.13897
G0 F6000 X163.625 Y141.224
G1 F1200 X163.038 Y140.636 E692.18152
G0 F6000 X163.004 Y141.225
G1 F1200 X162.415 Y140.636 E692.22419
G0 F6000 X162.381 Y141.225
G1 F1200 X161.793 Y140.636 E692.26682
G0 F6000 X161.759 Y141.225
G1 F1200 X161.171 Y140.636 E692.30945
G0 F6000 X161.137 Y141.225
G1 F1200 X160.549 Y140.636 E692.35208
G0 F6000 X160.515 Y141.225
G1 F1200 X159.926 Y140.636 E692.39474
G0 F6000 X159.893 Y141.225
G1 F1200 X159.304 Y140.636 E692.43741
G0 F6000 X159.271 Y141.225
G1 F1200 X158.682 Y140.636 E692.48007
G0 F6000 X158.649 Y141.225
G1 F1200 X158.06 Y140.636 E692.52274
G0 F6000 X158.026 Y141.225
G1 F1200 X157.437 Y140.636 E692.5654
G0 F6000 X157.405 Y141.226
G1 F1200 X156.815 Y140.636 E692.60814
G0 F6000 X156.783 Y141.226
G1 F1200 X156.193 Y140.636 E692.65088
G0 F6000 X156.16 Y141.226
G1 F1200 X155.571 Y140.636 E692.69358
G0 F6000 X155.538 Y141.226
G1 F1200 X154.948 Y140.636 E692.73632
G0 F6000 X154.916 Y141.227
G1 F1200 X154.326 Y140.636 E692.77909
G0 F6000 X154.294 Y141.227
G1 F1200 X153.704 Y140.636 E692.82186
G0 F6000 X153.672 Y141.227
G1 F1200 X153.082 Y140.636 E692.86464
G0 F6000 X153.05 Y141.227
G1 F1200 X152.459 Y140.636 E692.90745
G0 F6000 X152.427 Y141.227
G1 F1200 X151.837 Y140.636 E692.95022
G0 F6000 X151.806 Y141.228
G1 F1200 X151.215 Y140.636 E692.99307
G0 F6000 X151.184 Y141.228
G1 F1200 X150.593 Y140.636 E693.03592
G0 F6000 X150.561 Y141.228
G1 F1200 X149.97 Y140.636 E693.07876
G0 F6000 X149.939 Y141.228
G1 F1200 X149.348 Y140.636 E693.12161
G0 F6000 X149.317 Y141.228
G1 F1200 X148.726 Y140.636 E693.16445
G0 F6000 X148.695 Y141.228
G1 F1200 X148.104 Y140.636 E693.2073
G0 F6000 X148.073 Y141.228
G1 F1200 X147.481 Y140.636 E693.25018
G0 F6000 X147.451 Y141.228
G1 F1200 X146.859 Y140.636 E693.29307
G0 F6000 X146.829 Y141.228
G1 F1200 X146.237 Y140.636 E693.33595
G0 F6000 X146.207 Y141.229
G1 F1200 X145.614 Y140.636 E693.3789
G0 F6000 X145.585 Y141.229
G1 F1200 X144.992 Y140.636 E693.42186
G0 F6000 X144.963 Y141.229
G1 F1200 X144.37 Y140.636 E693.46481
G0 F6000 X144.34 Y141.229
G1 F1200 X143.748 Y140.636 E693.50773
G0 F6000 X143.718 Y141.229
G1 F1200 X143.125 Y140.636 E693.55069
G0 F6000 X142.503 Y140.636
G1 F1200 X143.21 Y141.343 E693.6019
G0 F6000 X142.85 Y141.606
G1 F1200 X141.881 Y140.636 E693.67213
G0 F6000 X141.259 Y140.636
G1 F1200 X142.594 Y141.971 E693.76883
G0 F6000 X142.471 Y142.471
G1 F1200 X140.636 Y140.636 E693.90175
G0 F6000 X140.014 Y140.636
G1 F1200 X142.471 Y143.093 E694.07973
G0 F6000 X142.47 Y143.715
G1 F1200 X139.392 Y140.636 E694.30273
G0 F6000 X138.77 Y140.636
G1 F1200 X142.47 Y144.337 E694.57078
G0 F6000 X142.469 Y144.958
G1 F1200 X138.147 Y140.636 E694.88385
G0 F6000 X137.525 Y140.636
G1 F1200 X142.469 Y145.581 E695.24202
G0 F6000 X142.469 Y146.202
G1 F1200 X136.903 Y140.636 E695.6452
G0 F6000 X136.281 Y140.636
G1 F1200 X142.469 Y146.824 E696.09344
G0 F6000 X142.591 Y147.569
G1 F1200 X135.658 Y140.636 E696.59565
G0 F6000 X135.036 Y140.636
G1 F1200 X142.473 Y148.073 E697.13436
G0 F6000 X142.472 Y148.695
G1 F1200 X134.414 Y140.636 E697.71809
G0 F6000 X133.792 Y140.636
G1 F1200 X142.472 Y149.317 E698.34688
G0 F6000 X142.471 Y149.938
G1 F1200 X133.169 Y140.636 E699.02069
G0 F6000 X132.547 Y140.636
G1 F1200 X142.471 Y150.56 E699.73955
G0 F6000 X142.47 Y151.182
G1 F1200 X131.925 Y140.636 E700.50343
G0 F6000 X131.303 Y140.636
G1 F1200 X142.469 Y151.803 E701.3123
G0 F6000 X142.598 Y152.554
G1 F1200 X131.019 Y140.975 E702.15105
G0 F6000 X131.018 Y141.596
G1 F1200 X142.473 Y153.051 E702.98081
G0 F6000 X142.472 Y153.673
G1 F1200 X131.016 Y142.217 E703.81065
G0 F6000 X131.016 Y142.838
G1 F1200 X142.471 Y154.294 E704.64045
G0 F6000 X142.471 Y154.916
G1 F1200 X131.014 Y143.459 E705.47036
G0 F6000 X130.913 Y143.98
G1 F1200 X142.471 Y155.538 E706.30758
G0 F6000 X142.47 Y156.16
G1 F1200 X130.671 Y144.361 E707.16227
G0 F6000 X130.316 Y144.627
G1 F1200 X142.469 Y156.781 E708.04263
G0 F6000 X142.469 Y157.403
G1 F1200 X129.835 Y144.77 E708.95776
G0 F6000 X129.213 Y144.77
G1 F1200 X143.804 Y159.36 E710.01465
G0 F6000 X143.842 Y158.776
G1 F1200 X144.426 Y159.36 E710.05695
G0 F6000 X144.464 Y158.776
G1 F1200 X145.048 Y159.36 E710.09926
G0 F6000 X145.086 Y158.776
G1 F1200 X145.67 Y159.36 E710.14156
G0 F6000 X145.709 Y158.776
G1 F1200 X146.293 Y159.36 E710.18386
G0 F6000 X146.331 Y158.776
G1 F1200 X146.915 Y159.36 E710.22616
G0 F6000 X146.953 Y158.776
G1 F1200 X147.537 Y159.36 E710.26847
G0 F6000 X147.575 Y158.776
G1 F1200 X148.159 Y159.36 E710.31077
G0 F6000 X148.198 Y158.776
G1 F1200 X148.782 Y159.36 E710.35307
G0 F6000 X148.82 Y158.776
G1 F1200 X149.404 Y159.36 E710.39538
G0 F6000 X149.442 Y158.776
G1 F1200 X150.026 Y159.36 E710.43768
G0 F6000 X150.064 Y158.776
G1 F1200 X150.648 Y159.36 E710.47998
G0 F6000 X150.687 Y158.776
G1 F1200 X151.271 Y159.36 E710.52229
G0 F6000 X151.309 Y158.776
G1 F1200 X151.893 Y159.36 E710.56459
G0 F6000 X151.931 Y158.776
G1 F1200 X152.515 Y159.36 E710.60689
G0 F6000 X152.553 Y158.776
G1 F1200 X153.137 Y159.36 E710.6492
G0 F6000 X153.176 Y158.776
G1 F1200 X153.76 Y159.36 E710.6915
G0 F6000 X153.798 Y158.776
G1 F1200 X154.382 Y159.36 E710.7338
G0 F6000 X154.42 Y158.776
G1 F1200 X155.004 Y159.36 E710.77611
G0 F6000 X155.042 Y158.776
G1 F1200 X155.626 Y159.36 E710.81841
G0 F6000 X155.665 Y158.776
G1 F1200 X156.249 Y159.36 E710.86071
G0 F6000 X156.287 Y158.776
G1 F1200 X156.871 Y159.36 E710.90302
G0 F6000 X156.909 Y158.776
G1 F1200 X157.493 Y159.36 E710.94532
G0 F6000 X157.531 Y158.776
G1 F1200 X158.115 Y159.36 E710.98762
G0 F6000 X158.154 Y158.776
G1 F1200 X158.738 Y159.36 E711.02992
G0 F6000 X158.776 Y158.776
G1 F1200 X159.36 Y159.36 E711.07223
G0 F6000 X159.398 Y158.776
G1 F1200 X159.982 Y159.36 E711.11453
G0 F6000 X160.02 Y158.776
G1 F1200 X160.604 Y159.36 E711.15683
G0 F6000 X160.643 Y158.776
G1 F1200 X161.227 Y159.36 E711.19914
G0 F6000 X161.265 Y158.776
G1 F1200 X161.849 Y159.36 E711.24144
G0 F6000 X161.887 Y158.776
G1 F1200 X162.471 Y159.36 E711.28374
G0 F6000 X162.509 Y158.776
G1 F1200 X163.093 Y159.36 E711.32605
G0 F6000 X163.132 Y158.776
G1 F1200 X163.716 Y159.36 E711.36835
G0 F6000 X163.754 Y158.776
G1 F1200 X164.338 Y159.36 E711.41065
G0 F6000 X164.376 Y158.776
G1 F1200 X164.96 Y159.36 E711.45296
G0 F6000 X164.998 Y158.776
G1 F1200 X165.582 Y159.36 E711.49526
G0 F6000 X165.621 Y158.776
G1 F1200 X166.205 Y159.36 E711.53756
G0 F6000 X166.468 Y159.001
G1 F1200 X166.243 Y158.776 E711.55386
G1 F1500 E709.55386
G0 F6000 X143.181 Y159.36
G1 F1500 E711.55386
G1 F1200 X128.592 Y144.77 E712.61068
G0 F6000 X127.97 Y144.771
G1 F1200 X142.559 Y159.36 E713.66746
G0 F6000 X141.937 Y159.36
G1 F1200 X127.349 Y144.772 E714.72417
G0 F6000 X126.727 Y144.772
G1 F1200 X141.315 Y159.36 E715.78088
G0 F6000 X140.692 Y159.36
G1 F1200 X126.105 Y144.772 E716.83755
G0 F6000 X125.483 Y144.773
G1 F1200 X140.07 Y159.36 E717.89419
G0 F6000 X139.448 Y159.36
G1 F1200 X124.862 Y144.774 E718.95075
G0 F6000 X124.24 Y144.774
G1 F1200 X138.826 Y159.36 E720.00732
G0 F6000 X138.203 Y159.36
G1 F1200 X123.618 Y144.774 E721.06384
G0 F6000 X122.996 Y144.775
G1 F1200 X137.581 Y159.36 E722.12034
G0 F6000 X136.959 Y159.36
G1 F1200 X122.375 Y144.776 E723.17676
G0 F6000 X122.311 Y145.334
G1 F1200 X136.337 Y159.36 E724.19276
G0 F6000 X135.714 Y159.36
G1 F1200 X122.423 Y146.068 E725.15555
G0 F6000 X122.423 Y146.691
G1 F1200 X135.092 Y159.36 E726.07325
G0 F6000 X134.47 Y159.36
G1 F1200 X122.424 Y147.314 E726.94583
G0 F6000 X122.424 Y147.936
G1 F1200 X129.718 Y155.23 E727.47418
G0 F6000 X129.095 Y155.23
G1 F1200 X122.424 Y148.559 E727.95741
G0 F6000 X122.424 Y149.181
G1 F1200 X128.473 Y155.23 E728.39558
G0 F6000 X127.85 Y155.229
G1 F1200 X122.425 Y149.804 E728.78855
G0 F6000 X122.425 Y150.426
G1 F1200 X127.227 Y155.228 E729.13639
G0 F6000 X126.604 Y155.228
G1 F1200 X122.426 Y151.049 E729.43907
G0 F6000 X122.426 Y151.672
G1 F1200 X125.982 Y155.228 E729.69665
G0 F6000 X125.359 Y155.227
G1 F1200 X122.426 Y152.295 E729.90908
G0 F6000 X122.427 Y152.917
G1 F1200 X124.736 Y155.226 E730.07633
G0 F6000 X124.113 Y155.225
G1 F1200 X122.427 Y153.54 E730.19842
G0 F6000 X122.414 Y154.149
G1 F1200 X123.49 Y155.225 E730.27637
G0 F6000 X122.868 Y155.225
G1 F1200 X122.308 Y154.665 E730.31693
G0 F6000 X122.119 Y155.099
G1 F1200 X122.245 Y155.224 E730.32602
G1 F1500 E728.32602
G0 F6000 X122.245 Y157.165
G0 X129.092 Y157.153
G0 X131.014 Y156.527
G1 F1500 E730.32602
G1 F1200 X133.848 Y159.36 E730.53127
G0 F6000 X133.225 Y159.36
G1 F1200 X131.016 Y157.15 E730.69132
G0 F6000 X131.017 Y157.774
G1 F1200 X132.603 Y159.36 E730.80621
G0 F6000 X131.981 Y159.36
G1 F1200 X131.018 Y158.398 E730.87593
G0 F6000 X131.019 Y159.021
G1 F1200 X131.359 Y159.36 E730.90052
G1 F1500 E728.90052
G0 F6000 X131.065 Y184.174
G1 F1500 E730.90052
G1 F936.2 X131.03 Y184.235 E730.90514
G1 X130.96 Y184.235 E730.90973
G1 X130.925 Y184.174 E730.91435
G1 X130.96 Y184.113 E730.91897
G1 X131.03 Y184.113 E730.92356
G1 X131.065 Y184.174 E730.92818
G0 F6000 X131.7 Y185.379
G1 F942.9 X131.665 Y185.44 E730.93277
G1 X131.595 Y185.44 E730.93733
G1 X131.56 Y185.379 E730.94191
G1 X131.595 Y185.318 E730.9465
G1 X131.665 Y185.318 E730.95106
G1 X131.7 Y185.379 E730.95565
G1 F1500 E728.95565
;MESH:NONMESH
G0 F300 Z0.56
G0 F6000 X133.809 Y118.914
;TIME_ELAPSED:779.424417
;LAYER:1
M106 S85
;TYPE:WALL-INNER
;MESH:din-rail-clip-mount.stl
G1 F1500 E730.95565
G1 X133.574 Y118.887 E730.96776
G1 X132.699 Y118.654 E731.01414
G1 X132.399 Y118.482 E731.03185
G1 X131.759 Y117.838 E731.07836
G1 X131.591 Y117.545 E731.09566
G1 F1281.6 X131.282 Y116.692 E731.15005
G1 F1078.4 X131.246 Y116.631 E731.1551
G1 F1032.9 X131.256 Y116.301 E731.17965
G1 F985.1 X131.333 Y115.914 E731.21043
G1 F972 X131.528 Y115.323 E731.25962
G1 F1004.6 X131.686 Y115.082 E731.28166
G1 F979.2 X131.868 Y114.868 E731.3037
G1 F972 X132.399 Y114.384 E731.36049
G1 F986.5 X132.736 Y114.203 E731.39028
G1 F1009.2 X133.651 Y113.997 E731.46169
G1 F1222.2 X133.918 Y114.106 E731.47982
G1 F1486.5 X134.792 Y114.346 E731.52666
G1 F1500 X135.087 Y114.517 E731.54413
G1 X135.727 Y115.157 E731.59049
G1 X135.899 Y115.455 E731.60811
G1 X136.131 Y116.33 E731.65448
G1 X136.14 Y116.63 E731.66985
G1 X135.874 Y117.634 E731.72305
G1 X135.735 Y117.823 E731.73507
G1 X135.092 Y118.479 E731.78212
G1 X134.895 Y118.627 E731.79474
G1 X133.809 Y118.914 E731.85228
G1 F1500 E729.85228
G0 F7500 X138.869 Y137.212
G1 F1500 E731.85228
G1 F1178.6 X137.744 Y137.218 E731.92562
G1 F1325.3 X137.216 Y136.896 E731.96147
G1 F1500 X137.084 Y136.5 E731.98285
G1 X137.084 Y120.349 E732.81011
G1 X137.182 Y120.12 E732.82287
G1 X137.397 Y119.906 E732.83841
G1 X137.624 Y119.808 E732.85107
G1 X138.813 Y119.811 E732.91197
G1 X139.004 Y119.861 E732.92209
G1 X139.195 Y119.985 E732.93375
G1 X139.366 Y120.245 E732.94969
G1 X139.404 Y120.468 E732.96128
G1 X139.404 Y136.5 E733.78245
G1 X139.272 Y136.896 E733.80383
G1 F1314.7 X138.869 Y137.212 E733.83375
G1 F1500 E731.83375
G0 F7500 X144.398 Y135.847
G0 X150 Y135.835
G0 X150 Y137.218
G1 F1500 E733.83375
G1 F1187.1 X143.744 Y137.218 E734.23867
G1 F1325.3 X143.216 Y136.896 E734.27452
G1 F1500 X143.084 Y136.5 E734.2959
G1 X143.084 Y120.468 E735.11707
G1 X143.122 Y120.245 E735.12866
G1 X143.293 Y119.985 E735.1446
G1 X143.478 Y119.863 E735.15595
G1 X143.659 Y119.808 E735.16564
G1 X168.838 Y119.808 E736.45532
G1 X169.01 Y119.863 E736.46457
G1 X169.195 Y119.985 E736.47592
G1 X169.366 Y120.245 E736.49186
G1 X169.404 Y120.468 E736.50345
G1 X169.402 Y136.558 E737.32759
G1 X169.292 Y136.87 E737.34453
G1 X169.046 Y137.088 E737.36137
G1 X168.744 Y137.16 E737.37727
G1 F1325.3 X168.244 Y137.218 E737.40645
G1 F1187.1 X150 Y137.218 E738.58728
G1 F1500 E736.58728
G0 F7500 X150 Y160.416
G1 F1500 E738.58728
G1 X167.084 Y160.416 E739.46233
G1 X167.084 Y158.16 E739.57789
G1 X143.744 Y158.16 E740.77337
G1 X143.433 Y158.083 E740.78979
G1 X143.216 Y157.896 E740.80446
G1 X143.084 Y157.633 E740.81953
G1 X143.084 Y153.025 E741.05555
G1 X143.194 Y152.735 E741.07144
G1 X143.518 Y152.498 E741.092
G1 X143.194 Y152.261 E741.11256
G1 X143.084 Y151.971 E741.12845
G1 X143.084 Y148.074 E741.32806
G1 X143.194 Y147.734 E741.34636
G1 X143.519 Y147.5 E741.36687
G1 X143.194 Y147.266 E741.38739
G1 X143.084 Y147.019 E741.40124
G1 X143.084 Y142.367 E741.63951
G1 X143.216 Y142.103 E741.65463
G1 X143.433 Y141.917 E741.66927
G1 X143.656 Y141.84 E741.68136
G1 X167.084 Y141.84 E742.88135
G1 X167.084 Y139.58 E742.99711
G1 X130.404 Y139.58 E744.87588
G1 X130.398 Y143.596 E745.08158
G1 X130.331 Y143.803 E745.09273
G1 X130.17 Y144.005 E745.10596
G1 X129.944 Y144.13 E745.11919
G1 X129.814 Y144.157 E745.12599
G1 X121.208 Y144.161 E745.56679
G1 F1650 X120.252 Y144.12 E745.61135
G1 F1760 X119.801 Y144.135 E745.63105
G1 F1586.5 X119.343 Y144.232 E745.65372
G1 F1469.9 X118.978 Y144.427 E745.67535
G1 F1444.2 X118.683 Y144.722 E745.69754
G1 F1473.2 X118.487 Y145.088 E745.7192
G1 F1594.2 X118.386 Y145.551 E745.74204
G1 F1764.7 X118.372 Y146 E745.76159
G1 F1823.2 X118.374 Y154.127 E746.10407
G1 F1750.7 X118.386 Y154.445 E746.11804
G1 F1594.2 X118.487 Y154.908 E746.14087
G1 F1473.2 X118.683 Y155.274 E746.16253
G1 F1444.2 X118.978 Y155.569 E746.18472
G1 F1473.2 X119.344 Y155.765 E746.20637
G1 F1594.2 X119.804 Y155.865 E746.22906
G1 F1764.7 X120.252 Y155.88 E746.24858
G1 F1650 X121.221 Y155.84 E746.29374
G1 F1500 X129.814 Y155.843 E746.73387
G1 X130.053 Y155.916 E746.74667
G1 X130.276 Y156.108 E746.76175
G1 X130.404 Y156.373 E746.77682
G1 X130.404 Y160.416 E746.98391
G1 X150 Y160.416 E747.98762
G1 F1500 E745.98762
G0 F7500 X150 Y180.188
G1 F1500 E747.98762
G1 X143.65 Y180.188 E748.31288
G1 X143.478 Y180.133 E748.32212
G1 X143.293 Y180.011 E748.33348
G1 X143.122 Y179.751 E748.34941
G1 X143.086 Y179.586 E748.35807
G1 X143.084 Y163.5 E749.182
G1 X143.216 Y163.103 E749.20343
G1 F1312.1 X143.619 Y162.787 E749.23342
G1 F1166.1 X168.417 Y162.777 E750.86731
G1 F1274.1 X168.744 Y162.825 E750.88724
G1 F1450.5 X169.046 Y162.912 E750.90389
G1 F1500 X169.292 Y163.13 E750.92073
G1 X169.37 Y163.288 E750.92975
G1 X169.404 Y163.5 E750.94075
G1 X169.402 Y179.586 E751.76468
G1 X169.366 Y179.751 E751.77333
G1 X169.195 Y180.011 E751.78927
G1 X169.01 Y180.133 E751.80062
G1 X168.829 Y180.188 E751.81031
G1 X150 Y180.188 E752.77475
G1 F1500 E750.77475
G0 F7500 X150 Y186.805
G1 F1500 E752.77475
G1 X178.607 Y186.808 E754.24001
G1 X178.958 Y186.676 E754.25922
G1 F1208.8 X179.332 Y186.422 E754.28796
G1 F1024.8 X179.614 Y186.322 E754.31039
G1 F1006.1 X180.062 Y186.132 E754.34755
G1 F1000 X180.814 Y185.307 E754.43332
G1 F1003 X181.08 Y184.988 E754.46513
G1 F997 X181.371 Y183.838 E754.55655
G1 F1096.3 X181.584 Y183.429 E754.58886
G1 F1200 X181.584 Y181.67 E754.70149
G1 F1206.6 X181.584 Y179.911 E754.81349
G1 F1213.2 X181.584 Y178.152 E754.92489
G1 F1220 X181.584 Y176.393 E755.03566
G1 F1226.8 X181.584 Y174.634 E755.14583
G1 F1233.6 X181.584 Y172.875 E755.25538
G1 F1240.6 X181.584 Y171.116 E755.36431
G1 F1247.6 X181.584 Y169.357 E755.47263
G1 F1254.8 X181.584 Y167.598 E755.58034
G1 F1262 X181.584 Y165.839 E755.68743
G1 F1269.2 X181.584 Y164.08 E755.79391
G1 F1276.6 X181.584 Y162.321 E755.89978
G1 F1284 X181.584 Y160.562 E756.00503
G1 F1289.1 X181.584 Y158.803 E756.10987
G1 F1296.7 X181.584 Y157.044 E756.21409
G1 F1304.3 X181.584 Y155.285 E756.3177
G1 F1312.1 X181.584 Y153.526 E756.4207
G1 F1320 X181.584 Y151.767 E756.52308
G1 F1328 X181.584 Y150.008 E756.62485
G1 F1336 X181.584 Y148.249 E756.72601
G1 F1344.2 X181.584 Y146.49 E756.82655
G1 F1352.5 X181.584 Y144.731 E756.92647
G1 F1360.8 X181.584 Y142.972 E757.02579
G1 F1369.3 X181.584 Y141.213 E757.12448
G1 F1377.9 X181.584 Y139.454 E757.22257
G1 F1383.6 X181.584 Y137.695 E757.32024
G1 F1392.4 X181.584 Y135.936 E757.4173
G1 F1401.3 X181.584 Y134.177 E757.51374
G1 F1410.3 X181.584 Y132.418 E757.60957
G1 F1419.4 X181.584 Y130.659 E757.70479
G1 F1428.6 X181.584 Y128.9 E757.79939
G1 F1437.9 X181.584 Y127.141 E757.89338
G1 F1447.4 X181.584 Y125.382 E757.98675
G1 F1457 X181.584 Y123.623 E758.07951
G1 F1466.7 X181.584 Y121.864 E758.17166
G1 F1476.5 X181.584 Y120.105 E758.26319
G1 F1486.5 X181.584 Y118.346 E758.3541
G1 F1496.6 X181.584 Y116.587 E758.4444
G1 F1500 X181.186 Y114.953 E758.53055
G1 F1346.9 X180.105 Y113.738 E758.62331
G1 F1122.4 X179.616 Y113.679 E758.65702
G1 F1026.4 X179.342 Y113.581 E758.67881
G1 F1213.2 X178.969 Y113.327 E758.70738
G1 F1500 X178.606 Y113.188 E758.72729
G1 X134.269 Y113.188 E760.99826
G1 F1486.5 X133.98 Y113.228 E761.01334
G1 F1222.2 X133.575 Y113.369 E761.0403
G1 F997 X132.614 Y113.516 E761.11522
G1 F1000 X132.083 Y113.845 E761.16321
G1 F997 X131.355 Y114.386 E761.23311
G1 X131.003 Y114.983 E761.28652
G1 X130.649 Y115.739 E761.35085
G1 F1026.4 X130.595 Y116.783 E761.4291
G1 F1281.6 X130.52 Y117.687 E761.48348
G1 F1500 X130.52 Y136.5 E762.4471
G1 X130.467 Y136.761 E762.46074
G1 X130.404 Y136.802 E762.46459
G1 X130.404 Y137.832 E762.51734
G1 X136.748 Y137.832 E762.84229
G1 F1325.3 X137.744 Y137.774 E762.90013
G1 F1178.6 X138.917 Y137.77 E762.97659
G1 F1314.7 X139.74 Y137.832 E763.02482
G1 F1500 X142.748 Y137.832 E763.1789
G1 F1325.3 X143.744 Y137.774 E763.23673
G1 F1187.1 X168.244 Y137.774 E764.82248
G1 F1325.3 X168.556 Y137.91 E764.84221
G1 F1500 X168.788 Y138.116 E764.8581
G1 X168.901 Y138.425 E764.87495
G1 X168.9 Y146.98 E765.31315
G1 X168.782 Y147.283 E765.3298
G1 X168.47 Y147.5 E765.34927
G1 X168.782 Y147.717 E765.36873
G1 X168.902 Y148.043 E765.38653
G1 X168.9 Y151.976 E765.58798
G1 X168.783 Y152.278 E765.60457
G1 X168.469 Y152.498 E765.6242
G1 X168.783 Y152.718 E765.64384
G1 X168.901 Y153.029 E765.66088
G1 X168.901 Y161.572 E766.09846
G1 X168.787 Y161.88 E766.11528
G1 F1450.5 X168.563 Y162.099 E766.13187
G1 F1274.1 X168.369 Y162.217 E766.14556
G1 F1166.1 X143.571 Y162.227 E767.77946
G1 F1312.1 X142.746 Y162.164 E767.82791
G1 F1500 X139.742 Y162.164 E767.98178
G1 F1322.6 X138.744 Y162.223 E768.03985
G1 F1174.4 X137.571 Y162.227 E768.11659
G1 F1312.1 X136.746 Y162.164 E768.16504
G1 F1500 X130.404 Y162.164 E768.48988
G1 X130.404 Y163.198 E768.54284
G1 X130.467 Y163.24 E768.54672
G1 X130.52 Y163.5 E768.56031
G1 X130.521 Y182.311 E769.52382
G1 F1217.7 X130.623 Y183.218 E769.58141
G1 F1039.4 X130.613 Y183.5 E769.60227
G1 F1047.6 X130.617 Y183.685 E769.61584
G1 F1080.2 X130.496 Y184.299 E769.66035
G1 F1074.9 X130.902 Y184.802 E769.70656
G1 F1034.5 X131.095 Y185.176 E769.73781
G1 F1226.8 X131.202 Y185.593 E769.76478
G1 F1349.7 X131.271 Y185.724 E769.7732
G1 F1122.4 X131.923 Y186.037 E769.82271
G1 F1036.1 X132.237 Y186.256 E769.8511
G1 F994 X132.615 Y186.483 E769.88518
G1 F997 X133.579 Y186.629 E769.96032
G1 F1032.9 X133.765 Y186.647 E769.97422
G1 F1217.7 X134.238 Y186.804 E770.00566
G1 F1500 X150 Y186.805 E770.813
G1 F1500 E768.813
G0 F7500 X138.813 Y180.185
G1 F1500 E770.813
G1 X137.618 Y180.188 E770.87421
G1 X137.389 Y180.085 E770.88707
G1 X137.18 Y179.872 E770.90236
G1 X137.084 Y179.647 E770.91488
G1 X137.084 Y163.5 E771.74194
G1 X137.216 Y163.103 E771.76337
G1 F1312.1 X137.619 Y162.787 E771.79336
G1 F1174.4 X138.744 Y162.781 E771.86696
G1 F1322.6 X139.272 Y163.103 E771.90289
G1 F1500 X139.404 Y163.5 E771.92432
G1 X139.402 Y179.586 E772.74825
G1 X139.281 Y179.912 E772.76606
G1 X139.123 Y180.069 E772.77747
G1 X138.813 Y180.185 E772.79442
G1 F1500 E770.79442
G0 F7500 X134.666 Y182.967
G0 X133.745 Y184.563
G0 X133.756 Y186.023
G1 F1500 E772.79442
G1 F973.5 X132.828 Y185.818 E772.86943
G1 F994 X132.551 Y185.705 E772.89256
G1 F1036.1 X132.33 Y185.551 E772.91253
G1 F1226.8 X131.96 Y185.039 E772.95209
G1 X131.627 Y184.835 E772.97655
G1 F1034.5 X131.494 Y184.571 E772.99851
G1 F1222.2 X131.457 Y184.052 E773.03121
G1 F1229.1 X131.246 Y183.631 E773.06065
G1 F1032.9 X131.256 Y183.301 E773.08521
G1 F1217.7 X131.59 Y182.452 E773.14277
G1 F1500 X131.761 Y182.157 E773.16024
G1 X132.401 Y181.517 E773.2066
G1 X132.696 Y181.346 E773.22406
G1 X133.572 Y181.11 E773.27053
G1 X133.81 Y181.081 E773.28281
G1 X134.895 Y181.374 E773.34038
G1 X135.087 Y181.517 E773.35264
G1 X135.727 Y182.157 E773.399
G1 X135.869 Y182.346 E773.41111
G1 X136.14 Y183.369 E773.46532
G1 X136.13 Y183.67 E773.48074
G1 X135.898 Y184.542 E773.52696
G1 X135.729 Y184.838 E773.54442
G1 X135.089 Y185.482 E773.59092
G1 X134.789 Y185.654 E773.60864
G1 X134.17 Y185.819 E773.64145
G1 F1193.5 X133.756 Y186.023 E773.67116
G1 F1500 E771.67116
G0 F7500 X120.252 Y155.52
G1 F1500 E773.67116
G1 F1709.8 X119.767 Y155.47 E773.69307
G1 F1564 X119.316 Y155.262 E773.71747
G1 F1479.8 X119.037 Y154.983 E773.73795
G1 F1473.2 X118.893 Y154.738 E773.75277
G1 F1613.7 X118.777 Y154.446 E773.76773
G1 F1788.6 X118.732 Y154 E773.78699
G1 F1823.2 X118.737 Y145.903 E774.1282
G1 F1755.3 X118.783 Y145.509 E774.14556
G1 F1605.8 X118.99 Y145.06 E774.16922
G1 F1542.1 X119.32 Y144.73 E774.19247
G1 F1625.6 X119.773 Y144.528 E774.21591
G1 F1764.7 X120.252 Y144.48 E774.23687
G1 X120.752 Y144.53 E774.25875
G1 F1594.2 X121.169 Y144.723 E774.28089
G1 F1500 X121.522 Y145.076 E774.30646
G1 X121.745 Y145.516 E774.33173
G1 X121.812 Y145.942 E774.35382
G1 X121.812 Y154.054 E774.76932
G1 X121.744 Y154.482 E774.79152
G1 X121.523 Y154.919 E774.8166
G1 X121.171 Y155.271 E774.8421
G1 F1594.2 X120.752 Y155.47 E774.86445
G1 F1764.7 X120.252 Y155.52 E774.88633
G1 F1500 E772.88633
G0 F7500 X173.664 Y137.161
G1 F1500 E774.88633
G1 X173.366 Y137.042 E774.90277
G1 X173.196 Y136.87 E774.91515
G1 X173.086 Y136.558 E774.9321
G1 X173.084 Y120.468 E775.75624
G1 X173.122 Y120.245 E775.76782
G1 X173.207 Y120.084 E775.77715
G1 X173.365 Y119.927 E775.78856
G1 X173.681 Y119.811 E775.8058
G1 X174.463 Y119.806 E775.84586
G1 X174.687 Y119.893 E775.85816
G1 X174.902 Y120.09 E775.8731
G1 X175.019 Y120.431 E775.89157
G1 X175.02 Y136.584 E776.71893
G1 X174.916 Y136.857 E776.7339
G1 X174.766 Y137.022 E776.74532
G1 X174.444 Y137.155 E776.76316
G1 X173.664 Y137.161 E776.80312
G1 F1500 E774.80312
G0 F7500 X178.31 Y118.914
G1 F1500 E776.80312
G1 X178.074 Y118.887 E776.81528
G1 X177.091 Y118.625 E776.86739
G1 X176.899 Y118.482 E776.87965
G1 X176.259 Y117.838 E776.92616
G1 X176.117 Y117.646 E776.93839
G1 X175.826 Y116.57 E776.99548
G1 X175.854 Y116.328 E777.00796
G1 X176.09 Y115.452 E777.05443
G1 X176.261 Y115.157 E777.07189
G1 X176.901 Y114.517 E777.11825
G1 X177.196 Y114.346 E777.13572
G1 X178.13 Y114.098 E777.18522
G1 X178.407 Y114.107 E777.19941
G1 X178.692 Y114.183 E777.21452
G1 F1213.2 X179.143 Y114.196 E777.24309
G1 F1026.4 X179.39 Y114.274 E777.26248
G1 F1224.5 X179.561 Y114.493 E777.27992
G1 F1500 X180.307 Y115.24 E777.33399
G1 X180.398 Y115.455 E777.34595
G1 X180.652 Y116.41 E777.39656
G1 X180.647 Y116.609 E777.40676
G1 X180.399 Y117.542 E777.45621
G1 X180.229 Y117.838 E777.47369
G1 X179.588 Y118.482 E777.52023
G1 X179.29 Y118.654 E777.53786
G1 X178.31 Y118.914 E777.58979
G1 F1500 E775.58979
G0 F7500 X173.679 Y180.185
G1 F1500 E777.58979
G1 X173.365 Y180.069 E777.60693
G1 X173.207 Y179.912 E777.61834
G1 X173.086 Y179.586 E777.63615
G1 X173.084 Y163.5 E778.46009
G1 X173.118 Y163.288 E778.47109
G1 X173.196 Y163.13 E778.48011
G1 X173.366 Y162.958 E778.4925
G1 X173.664 Y162.839 E778.50893
G1 X174.444 Y162.845 E778.54889
G1 X174.766 Y162.978 E778.56673
G1 X174.916 Y163.143 E778.57815
G1 X175.02 Y163.401 E778.5924
G1 X175.019 Y179.569 E779.42054
G1 X174.911 Y179.892 E779.43798
G1 X174.689 Y180.101 E779.4536
G1 X174.468 Y180.188 E779.46576
G1 X173.679 Y180.185 E779.50618
G1 F1500 E777.50618
G0 F7500 X177.324 Y182.967
G0 X178.245 Y184.563
G0 X178.24 Y185.93
G1 F1500 E779.50618
G1 X177.199 Y185.654 E779.56134
G1 X176.899 Y185.482 E779.57905
G1 X176.259 Y184.838 E779.62556
G1 X176.09 Y184.545 E779.64288
G1 X175.854 Y183.673 E779.68915
G1 X175.826 Y183.431 E779.70163
G1 X176.118 Y182.349 E779.75904
G1 X176.261 Y182.157 E779.7713
G1 X176.901 Y181.517 E779.81766
G1 X177.091 Y181.374 E779.82984
G1 X178.072 Y181.11 E779.88187
G1 X178.309 Y181.081 E779.8941
G1 X179.292 Y181.346 E779.94625
G1 X179.587 Y181.517 E779.96372
G1 X180.227 Y182.157 E780.01008
G1 X180.399 Y182.455 E780.0277
G1 X180.631 Y183.331 E780.07412
G1 F1206.6 X180.737 Y183.683 E780.09752
G1 F994 X180.451 Y184.755 E780.18328
G1 F979.2 X179.64 Y185.595 E780.2749
G1 F1006.1 X179.389 Y185.726 E780.29652
G1 F1024.8 X179.134 Y185.803 E780.31649
G1 F1208.8 X178.683 Y185.813 E780.34516
G1 F1500 X178.24 Y185.93 E780.36863
G0 F7500 X178.242 Y185.476
;TYPE:WALL-OUTER
G1 F1500 X177.311 Y185.229 E780.41796
G1 X177.211 Y185.172 E780.42386
G1 X176.531 Y184.487 E780.4733
G1 X176.264 Y183.503 E780.52552
G1 X176.539 Y182.501 E780.57874
G1 X177.245 Y181.795 E780.62988
G1 X178.243 Y181.519 E780.68292
G1 X179.234 Y181.786 E780.73549
G1 X179.916 Y182.468 E780.78489
G1 X179.973 Y182.567 E780.79074
G1 X180.219 Y183.504 E780.84036
G1 X179.954 Y184.491 E780.89271
G1 X179.222 Y185.217 E780.94551
G1 X178.242 Y185.476 E780.99743
G1 F1500 E778.99743
G0 F7500 X178.245 Y184.563
G0 X177.324 Y182.967
G0 X173.707 Y179.749
G1 F1500 E780.99743
G1 X173.565 Y179.656 E781.00613
G1 X173.524 Y179.548 E781.01205
G1 X173.524 Y163.5 E781.83403
G1 X173.561 Y163.376 E781.84066
G1 X173.706 Y163.283 E781.84949
G1 X174.388 Y163.281 E781.88442
G1 X174.496 Y163.326 E781.89041
G1 X174.576 Y163.457 E781.89827
G1 X174.58 Y179.542 E782.72216
G1 X174.544 Y179.65 E782.72799
G1 X174.411 Y179.743 E782.7363
G1 X173.707 Y179.749 E782.77236
G1 F1500 E780.77236
G0 F7500 X150 Y179.744
G1 F1500 E782.77236
G1 X143.698 Y179.744 E783.09515
G1 X143.593 Y179.689 E783.10122
G1 X143.524 Y179.585 E783.10762
G1 X143.524 Y163.5 E783.9315
G1 X143.568 Y163.367 E783.93868
G1 X143.706 Y163.283 E783.94695
G1 X168.818 Y163.28 E785.2332
G1 X168.927 Y163.376 E785.24064
G1 X168.964 Y163.5 E785.24727
G1 X168.964 Y179.548 E786.06926
G1 X168.923 Y179.656 E786.07518
G1 X168.79 Y179.744 E786.08334
G1 X150 Y179.744 E787.04578
G1 F1500 E785.04578
G0 F7500 X150 Y187.248
G1 F1500 E787.04578
G1 X178.687 Y187.248 E788.51515
G1 X180.387 Y186.605 E788.60824
G1 X181.587 Y185.254 E788.7008
G1 X182.024 Y183.473 E788.79473
G1 X182.024 Y116.523 E792.22395
G1 X181.587 Y114.742 E792.31788
G1 X180.387 Y113.395 E792.41028
G1 X178.687 Y112.748 E792.50345
G1 X134.242 Y112.748 E794.77995
G1 X132.409 Y112.972 E794.87453
G1 X130.918 Y113.999 E794.96726
G1 X130.081 Y115.599 E795.05975
G1 X130.08 Y136.576 E796.13421
G1 X129.964 Y136.652 E796.14131
G1 X129.964 Y138.272 E796.22429
G1 X168.244 Y138.272 E798.18501
G1 X168.426 Y138.366 E798.19551
G1 X168.463 Y138.469 E798.20111
G1 X168.464 Y146.921 E798.63403
G1 X168.424 Y147.028 E798.63988
G1 F1383.6 X168.311 Y147.148 E798.64903
G1 F1254.8 X168.198 Y147.201 E798.65667
G1 F1286.5 X167.682 Y147.001 E798.68972
G1 F1506.8 X167.144 Y146.537 E798.72595
G1 F1803.3 X166.631 Y145.904 E798.76066
G1 F1913 X166.212 Y145.308 E798.78992
G1 F1823.2 X165.637 Y144.522 E798.83096
G1 F1650 X165.159 Y143.963 E798.86521
G1 F1363.6 X164.662 Y143.568 E798.90098
G1 F1149.8 X164.268 Y143.417 E798.92917
G1 F1139.9 X163.951 Y143.446 E798.95063
G1 F1224.5 X163.51 Y143.663 E798.98147
G1 F1447.4 X162.982 Y144.151 E799.01963
G1 F1764.7 X162.422 Y144.872 E799.05938
G1 F1853.9 X161.518 Y146.135 E799.12375
G1 F1709.8 X161.002 Y146.712 E799.15853
G1 F1358 X160.463 Y147.101 E799.19614
G1 F1143.8 X160.183 Y147.16 E799.21536
G1 F1187.1 X159.884 Y147.178 E799.23474
G1 F1369.3 X159.332 Y146.869 E799.27024
G1 F1617.6 X158.805 Y146.343 E799.3056
G1 F1843.6 X158.298 Y145.676 E799.34052
G1 F1907.5 X157.866 Y145.06 E799.37082
G1 F1764.7 X157.302 Y144.309 E799.41171
G1 F1479.8 X156.798 Y143.786 E799.44942
G1 F1236 X156.352 Y143.497 E799.48246
G1 F1130.1 X155.993 Y143.405 E799.50766
G1 X155.636 Y143.497 E799.53272
G1 F1236 X155.19 Y143.786 E799.56575
G1 F1479.8 X154.68 Y144.316 E799.60394
G1 F1764.7 X154.104 Y145.085 E799.64577
G1 F1907.5 X153.685 Y145.683 E799.67518
G1 F1843.6 X153.178 Y146.348 E799.71003
G1 F1613.7 X152.656 Y146.869 E799.74515
G1 F1325.3 X152.167 Y147.143 E799.77764
G1 F1178.6 X151.976 Y147.195 E799.79055
G1 F1170.2 X151.525 Y147.102 E799.82078
G1 F1358 X150.983 Y146.712 E799.85856
G1 F1718.8 X150.457 Y146.118 E799.89403
G1 F1833.3 X149.47 Y144.744 E799.96492
G1 F1727.7 X149.004 Y144.152 E799.99843
G1 F1437.9 X148.478 Y143.663 E800.0368
G1 F1222.2 X148.033 Y143.446 E800.06792
G1 F1137.9 X147.716 Y143.418 E800.08941
G1 F1149.8 X147.326 Y143.568 E800.11733
G1 F1369.3 X146.812 Y143.978 E800.15422
G1 F1679.4 X146.285 Y144.605 E800.19169
G1 F1843.6 X145.348 Y145.916 E800.25885
G1 F1803.3 X144.844 Y146.537 E800.29293
G1 F1500 X144.297 Y147.006 E800.32983
G1 F1281.6 X143.789 Y147.199 E800.36241
G1 F1257.1 X143.677 Y147.148 E800.36993
G1 F1386.6 X143.527 Y146.942 E800.38405
G1 F1500 X143.524 Y142.454 E800.61393
G1 X143.568 Y142.367 E800.61892
G1 X143.706 Y142.283 E800.6272
G1 X167.524 Y142.28 E801.84717
G1 X167.524 Y139.14 E802.008
G1 X129.964 Y139.14 E803.93185
G1 X129.962 Y143.532 E804.15681
G1 X129.927 Y143.624 E804.16185
G1 X129.79 Y143.716 E804.17031
G1 X119.769 Y143.72 E804.68359
G1 X119.205 Y143.808 E804.71283
G1 X118.711 Y144.061 E804.74125
G1 X118.317 Y144.455 E804.76979
G1 X118.064 Y144.95 E804.79827
G1 X117.972 Y145.518 E804.82774
G1 X117.972 Y154.478 E805.28668
G1 X118.064 Y155.046 E805.31615
G1 X118.317 Y155.541 E805.34462
G1 X118.711 Y155.935 E805.37316
G1 X119.206 Y156.188 E805.40164
G1 X119.77 Y156.279 E805.4309
G1 X129.79 Y156.284 E805.94413
G1 X129.927 Y156.376 E805.95258
G1 X129.962 Y156.467 E805.95758
G1 X129.964 Y160.856 E806.18238
G1 X167.524 Y160.856 E808.10623
G1 X167.524 Y157.72 E808.26686
G1 X143.659 Y157.72 E809.48924
G1 X143.524 Y157.546 E809.50052
G1 X143.527 Y153.058 E809.7304
G1 F1437.9 X143.679 Y152.869 E809.74336
G1 F1247.6 X143.818 Y152.819 E809.75245
G1 F1236 X144.307 Y152.995 E809.78476
G1 F1506.8 X144.844 Y153.459 E809.82094
G1 F1803.3 X145.354 Y154.089 E809.85548
G1 F1907.5 X145.774 Y154.689 E809.88498
G1 F1813.2 X146.344 Y155.47 E809.92595
G1 F1650 X146.826 Y156.034 E809.96049
G1 F1363.6 X147.326 Y156.432 E809.9965
G1 F1151.8 X147.715 Y156.58 E810.02426
G1 F1143.8 X148.034 Y156.551 E810.04578
G1 F1229.1 X148.479 Y156.334 E810.07673
G1 F1453.7 X149.013 Y155.837 E810.11528
G1 F1774.2 X149.567 Y155.124 E810.15438
G1 F1896.6 X149.979 Y154.534 E810.18354
G1 X150.458 Y153.878 E810.21644
G1 F1718.8 X150.983 Y153.288 E810.25174
G1 F1358 X151.526 Y152.897 E810.2896
G1 F1139.9 X151.805 Y152.839 E810.30881
G1 F1182.8 X152.102 Y152.821 E810.32814
G1 F1363.6 X152.657 Y153.131 E810.36395
G1 F1609.8 X153.177 Y153.647 E810.39892
G1 F1843.6 X153.689 Y154.321 E810.43419
G1 F1907.5 X154.115 Y154.926 E810.46399
G1 F1833.3 X154.643 Y155.643 E810.50131
G1 F1641.8 X155.171 Y156.2 E810.53723
G1 F1304.3 X155.637 Y156.503 E810.56997
G1 F1128.2 X155.993 Y156.594 E810.59499
G1 X156.351 Y156.503 E810.62015
G1 F1286.5 X156.815 Y156.202 E810.65318
G1 F1556.6 X157.309 Y155.68 E810.68865
G1 F1764.7 X157.891 Y154.901 E810.73098
G1 F1913 X158.304 Y154.314 E810.75981
G1 F1848.7 X158.811 Y153.648 E810.7946
G1 F1609.8 X159.331 Y153.131 E810.82959
G1 F1363.6 X159.885 Y152.821 E810.86536
G1 F1182.8 X160.181 Y152.838 E810.88462
G1 F1139.9 X160.463 Y152.899 E810.90407
G1 F1355.2 X161.002 Y153.288 E810.94175
G1 F1709.8 X161.514 Y153.861 E810.97628
G1 F1885.7 X162.009 Y154.539 E811.01048
G1 F1864.4 X162.514 Y155.252 E811.04649
G1 F1736.8 X162.982 Y155.848 E811.08001
G1 F1447.4 X163.509 Y156.334 E811.11806
G1 F1229.1 X163.95 Y156.551 E811.14879
G1 F1141.9 X164.269 Y156.579 E811.17034
G1 F1149.8 X164.662 Y156.432 E811.19837
G1 F1369.3 X165.174 Y156.021 E811.23521
G1 F1683.7 X165.714 Y155.38 E811.27346
G1 F1843.6 X166.644 Y154.076 E811.34021
G1 F1798.4 X167.144 Y153.459 E811.37414
G1 F1500 X167.693 Y152.989 E811.41115
G1 F1284 X168.159 Y152.815 E811.44092
G1 F1299.2 X168.308 Y152.869 E811.45029
G1 F1434.8 X168.424 Y152.972 E811.4586
G1 F1500 X168.464 Y153.081 E811.46454
G1 X168.463 Y161.527 E811.89715
G1 X168.425 Y161.63 E811.90278
G1 X168.282 Y161.721 E811.91146
G1 X129.964 Y161.724 E813.87413
G1 X129.964 Y163.348 E813.95731
G1 X130.08 Y163.424 E813.96441
G1 X130.08 Y184.401 E815.03887
G1 X130.918 Y185.997 E815.1312
G1 X132.409 Y187.027 E815.22402
G1 X134.242 Y187.248 E815.31859
G1 X150 Y187.248 E816.12572
G1 F1500 E814.12572
G0 F7500 X138.786 Y179.745
G1 F1500 E816.12572
G1 X137.701 Y179.748 E816.1813
G1 X137.617 Y179.709 E816.18604
G1 X137.524 Y179.567 E816.19474
G1 X137.524 Y163.5 E817.0177
G1 X137.568 Y163.367 E817.02487
G1 X137.706 Y163.283 E817.03315
G1 X138.744 Y163.28 E817.08632
G1 X138.92 Y163.367 E817.09637
G1 X138.964 Y163.5 E817.10355
G1 X138.964 Y179.548 E817.92554
G1 X138.923 Y179.656 E817.93145
G1 X138.786 Y179.745 E817.93982
G1 F1500 E815.93982
G0 F7500 X134.666 Y182.967
G0 X133.745 Y184.563
G0 X133.734 Y185.474
G1 F1500 E817.93982
G1 X132.759 Y185.215 E817.99149
G1 X132.029 Y184.483 E818.04444
G1 X131.764 Y183.497 E818.09674
G1 X132.015 Y182.566 E818.14613
G1 X132.072 Y182.468 E818.15194
G1 X132.754 Y181.786 E818.20134
G1 X133.686 Y181.535 E818.25078
G1 X133.802 Y181.535 E818.25672
G1 X134.743 Y181.795 E818.30672
G1 X135.449 Y182.501 E818.35786
G1 X135.719 Y183.505 E818.41111
G1 X135.457 Y184.487 E818.46317
G1 X134.777 Y185.172 E818.51261
G1 X134.677 Y185.229 E818.51851
G1 X133.734 Y185.474 E818.56841
G1 F1500 E816.56841
G0 F7500 X120.252 Y155.124
G1 F1500 E818.56841
G1 X119.904 Y155.068 E818.58647
G1 X119.574 Y154.886 E818.60577
G1 X119.352 Y154.661 E818.62196
G1 X119.188 Y154.349 E818.64001
G1 X119.134 Y154.035 E818.65633
G1 X119.134 Y145.965 E819.06968
G1 X119.184 Y145.648 E819.08612
G1 X119.366 Y145.318 E819.10542
G1 X119.591 Y145.096 E819.12161
G1 X119.905 Y144.935 E819.13969
G1 X120.251 Y144.876 E819.15767
G1 X120.601 Y144.931 E819.17581
G1 X120.915 Y145.091 E819.19386
G1 X121.162 Y145.338 E819.21176
G1 X121.321 Y145.651 E819.22974
G1 X121.37 Y145.965 E819.24602
G1 X121.37 Y154.035 E819.65937
G1 X121.321 Y154.345 E819.67544
G1 X121.161 Y154.659 E819.69349
G1 X120.916 Y154.904 E819.71124
G1 X120.602 Y155.069 E819.72941
G1 X120.252 Y155.124 E819.74756
G1 F1500 E817.74756
G0 F7500 X138.782 Y136.717
G1 F1500 E819.74756
G1 X137.744 Y136.72 E819.80072
G1 X137.568 Y136.632 E819.8108
G1 X137.524 Y136.5 E819.81793
G1 X137.524 Y120.429 E820.64109
G1 X137.556 Y120.352 E820.64537
G1 X137.703 Y120.248 E820.65459
G1 X138.786 Y120.251 E820.71006
G1 X138.895 Y120.307 E820.71634
G1 X138.964 Y120.411 E820.72273
G1 X138.964 Y136.5 E821.54682
G1 X138.92 Y136.632 E821.55395
G1 X138.782 Y136.717 E821.56225
G1 F1500 E819.56225
G0 F7500 X144.398 Y135.847
G0 X150 Y135.835
G0 X150 Y136.72
G1 F1500 E821.56225
G1 X143.744 Y136.72 E821.88268
G1 X143.568 Y136.632 E821.89276
G1 X143.524 Y136.5 E821.89989
G1 X143.524 Y120.409 E822.72408
G1 X143.617 Y120.287 E822.73194
G1 X143.698 Y120.252 E822.73646
G1 X168.79 Y120.252 E824.02168
G1 X168.895 Y120.307 E824.02776
G1 X168.964 Y120.411 E824.03415
G1 X168.964 Y136.52 E824.85926
G1 X168.927 Y136.624 E824.86492
G1 X168.818 Y136.72 E824.87236
G1 X150 Y136.72 E825.83622
G1 F1500 E823.83622
G0 F7500 X150 Y153.917
G1 F1500 E825.83622
G1 F1924.2 X149.757 Y154.262 E825.85307
G1 F1896.6 X149.279 Y154.918 E825.88596
G1 F1718.8 X148.753 Y155.512 E825.92142
G1 F1416.3 X148.233 Y155.886 E825.95617
G1 F1182.8 X147.932 Y155.96 E825.9763
G1 F1184.9 X147.636 Y155.98 E825.99554
G1 F1369.3 X147.08 Y155.668 E826.03131
G1 F1613.7 X146.557 Y155.144 E826.06656
G1 F1843.6 X146.046 Y154.476 E826.10161
G1 F1907.5 X145.618 Y153.865 E826.13166
G1 F1764.7 X145.057 Y153.115 E826.17244
G1 F1560.3 X144.568 Y152.594 E826.20762
G1 F1289.1 X144.1 Y152.296 E826.24069
G1 F1137.9 X143.969 Y152.26 E826.24986
G1 F1247.6 X143.679 Y152.127 E826.26951
G1 F1437.9 X143.527 Y151.938 E826.28247
G1 F1500 X143.527 Y148.058 E826.48121
G1 F1386.6 X143.677 Y147.852 E826.49533
G1 F1208.8 X144.1 Y147.703 E826.52383
G1 F1236 X144.55 Y147.41 E826.55721
G1 F1479.8 X145.057 Y146.881 E826.59525
G1 F1764.7 X145.639 Y146.101 E826.63763
G1 F1913 X146.052 Y145.513 E826.66648
G1 F1843.6 X146.562 Y144.848 E826.70141
G1 F1609.8 X147.08 Y144.331 E826.73634
G1 F1369.3 X147.637 Y144.021 E826.77211
G1 F1182.8 X147.93 Y144.038 E826.79117
G1 F1139.9 X148.212 Y144.098 E826.8106
G1 F1358 X148.753 Y144.488 E826.84834
G1 F1718.8 X149.278 Y145.078 E826.88364
G1 F1896.6 X149.761 Y145.74 E826.91684
G1 F1869.7 X150.263 Y146.452 E826.95264
G1 F1736.8 X150.731 Y147.044 E826.98602
G1 F1444.2 X151.257 Y147.534 E827.02426
G1 F1182.8 X151.681 Y147.748 E827.05511
G1 F1103.7 X152.021 Y147.779 E827.07888
G1 F1151.8 X152.411 Y147.632 E827.10668
G1 F1372.1 X152.925 Y147.222 E827.1435
G1 F1683.7 X153.455 Y146.59 E827.18113
G1 F1843.6 X154.396 Y145.271 E827.24866
G1 F1793.5 X154.896 Y144.658 E827.28255
G1 F1496.6 X155.439 Y144.194 E827.31921
G1 F1309.5 X155.994 Y143.983 E827.35405
G1 F1314.7 X156.556 Y144.198 E827.38921
G1 F1500 X157.092 Y144.658 E827.42539
G1 F1793.5 X157.602 Y145.284 E827.45998
G1 F1907.5 X158.025 Y145.888 E827.48968
G1 F1818.2 X158.595 Y146.67 E827.53057
G1 F1650 X159.072 Y147.23 E827.56483
G1 F1363.6 X159.577 Y147.632 E827.6012
G1 F1153.8 X159.967 Y147.78 E827.62897
G1 F1143.8 X160.284 Y147.751 E827.65035
G1 F1226.8 X160.727 Y147.534 E827.68125
G1 F1450.5 X161.263 Y147.037 E827.71996
G1 F1764.7 X161.82 Y146.323 E827.75939
G1 F1896.6 X162.23 Y145.734 E827.78846
G1 F1885.7 X162.722 Y145.061 E827.82243
G1 F1709.8 X163.234 Y144.487 E827.85699
G1 F1352.5 X163.771 Y144.099 E827.89463
G1 F1137.9 X164.054 Y144.039 E827.91416
G1 F1182.8 X164.352 Y144.021 E827.93355
G1 F1363.6 X164.905 Y144.331 E827.96927
G1 F1609.8 X165.425 Y144.847 E828.00423
G1 F1843.6 X165.941 Y145.521 E828.03961
G1 F1907.5 X166.367 Y146.126 E828.06941
G1 F1764.7 X166.931 Y146.881 E828.11044
G1 F1556.6 X167.419 Y147.401 E828.14564
G1 F1289.1 X167.885 Y147.703 E828.17874
G1 F1208.8 X168.311 Y147.852 E828.20742
G1 F1383.6 X168.424 Y147.972 E828.21658
G1 F1500 X168.464 Y148.081 E828.22252
G1 X168.46 Y151.941 E828.42024
G1 F1434.8 X168.308 Y152.127 E828.4331
G1 F1245.3 X168.02 Y152.259 E828.45264
G1 F1137.9 X167.885 Y152.296 E828.4621
G1 F1236 X167.438 Y152.586 E828.49522
G1 F1483.1 X166.931 Y153.115 E828.53318
G1 F1764.7 X166.352 Y153.891 E828.57533
G1 F1907.5 X165.936 Y154.483 E828.60447
G1 F1843.6 X165.427 Y155.149 E828.6394
G1 F1609.8 X164.904 Y155.669 E828.67461
G1 F1369.3 X164.353 Y155.978 E828.71005
G1 F1187.1 X164.054 Y155.961 E828.72944
G1 F1143.8 X163.773 Y155.9 E828.74875
G1 F1358 X163.234 Y155.512 E828.78632
G1 F1714.3 X162.719 Y154.935 E828.82099
G1 F1853.9 X161.791 Y153.637 E828.88711
G1 F1760 X161.255 Y152.956 E828.92494
G1 F1447.4 X160.726 Y152.463 E828.96333
G1 F1224.5 X160.286 Y152.246 E828.99411
G1 F1137.9 X159.968 Y152.218 E829.01566
G1 F1149.8 X159.577 Y152.368 E829.04365
G1 F1375 X159.065 Y152.774 E829.08016
G1 F1696.7 X158.499 Y153.454 E829.12022
G1 F1859.2 X157.6 Y154.716 E829.18426
G1 F1803.3 X157.095 Y155.338 E829.21839
G1 F1503.4 X156.556 Y155.799 E829.25464
G1 F1314.7 X155.994 Y156.018 E829.28989
G1 X155.432 Y155.799 E829.32513
G1 F1503.4 X154.893 Y155.338 E829.36138
G1 F1798.4 X154.388 Y154.716 E829.39561
G1 F1813.2 X153.388 Y153.322 E829.4683
G1 F1645.9 X152.912 Y152.763 E829.50258
G1 F1360.8 X152.411 Y152.368 E829.5386
G1 F1149.8 X152.02 Y152.218 E829.56658
G1 F1100 X151.682 Y152.249 E829.59029
G1 F1180.7 X151.258 Y152.463 E829.62119
G1 F1447.4 X150.732 Y152.953 E829.65935
G1 F1769.4 X150.172 Y153.673 E829.69896
G1 F1885.7 X150 Y153.917 E829.71112
G1 F1500 E827.71112
G0 F7500 X173.706 Y136.717
G1 F1500 E829.71112
G1 X173.561 Y136.624 E829.71995
G1 X173.524 Y136.52 E829.7256
G1 X173.524 Y120.409 E830.55082
G1 X173.617 Y120.287 E830.55867
G1 X173.694 Y120.253 E830.56298
G1 X174.395 Y120.247 E830.59889
G1 X174.544 Y120.346 E830.60805
G1 X174.58 Y120.455 E830.61393
G1 X174.576 Y136.543 E831.43797
G1 X174.449 Y136.719 E831.44909
G1 X173.706 Y136.717 E831.48714
G1 F1500 E829.48714
G0 F7500 X178.243 Y118.476
G1 F1500 E831.48714
G1 X177.243 Y118.205 E831.54021
G1 X176.539 Y117.496 E831.59139
G1 X176.264 Y116.497 E831.64446
G1 X176.53 Y115.51 E831.69682
G1 X177.212 Y114.828 E831.74622
G1 X177.31 Y114.771 E831.75203
G1 X178.247 Y114.52 E831.80172
G1 X179.235 Y114.788 E831.85415
G1 X179.954 Y115.507 E831.90623
G1 X180.218 Y116.506 E831.95916
G1 X179.958 Y117.487 E832.01114
G1 X179.276 Y118.172 E832.06065
G1 X179.177 Y118.229 E832.0665
G1 X178.243 Y118.476 E832.11599
G1 F1500 E830.11599
G0 F7500 X133.744 Y118.476
G1 F1500 E832.11599
G1 X132.811 Y118.229 E832.16542
G1 X132.711 Y118.172 E832.17132
G1 X132.03 Y117.487 E832.22079
G1 X131.764 Y116.497 E832.2733
G1 X132.039 Y115.501 E832.32622
G1 X132.761 Y114.784 E832.37834
G1 X133.749 Y114.521 E832.43071
G1 X134.734 Y114.786 E832.48296
G1 X135.416 Y115.468 E832.53236
G1 X135.473 Y115.567 E832.53821
G1 X135.72 Y116.5 E832.58765
G1 X135.454 Y117.481 E832.63971
G1 X134.745 Y118.205 E832.69161
G1 X133.744 Y118.476 E832.74473
G1 F1500 E830.74473
G0 F7500 X178.744 Y186.269
;TYPE:SKIN
G1 F1500 E832.74473
G1 F1195.7 X178.355 Y186.36 E832.7704
G1 F1172.3 X177.983 Y186.341 E832.79481
G1 F1500 E830.79481
G0 F7500 X178.245 Y184.563
G0 X177.324 Y182.967
G0 X173.63 Y180.578
G1 F1500 E832.79481
G1 X174.534 Y180.585 E832.84112
G1 X174.899 Y180.433 E832.86137
G1 X175.24 Y180.11 E832.88543
G1 X175.365 Y179.85 E832.9002
G1 X175.409 Y179.622 E832.9121
G1 X175.412 Y163.332 E833.74648
G1 X175.25 Y162.928 E833.76878
G1 X175.009 Y162.667 E833.78697
G1 X174.742 Y162.515 E833.80271
G1 X174.492 Y162.449 E833.81595
G1 X173.605 Y162.444 E833.86139
G1 X173.14 Y162.623 E833.88691
G1 X172.865 Y162.908 E833.90719
G1 X172.742 Y163.16 E833.92156
G1 X172.69 Y163.464 E833.93735
G1 X172.688 Y179.62 E834.76487
G1 X172.749 Y179.885 E834.7788
G1 X172.889 Y180.146 E834.79397
G1 X173.126 Y180.384 E834.81118
G1 X173.406 Y180.528 E834.8273
G1 X173.63 Y180.578 E834.83906
G1 F1500 E832.83906
G0 F7500 X150 Y186.409
G1 F1500 E834.83906
G1 X134.306 Y186.408 E835.64292
G1 X134.126 Y186.315 E835.65329
G1 X134.303 Y186.191 E835.66436
G1 X134.913 Y186.03 E835.69668
G1 X135.355 Y185.774 E835.72284
G1 X136.025 Y185.098 E835.77159
G1 X136.273 Y184.671 E835.79688
G1 X136.509 Y183.772 E835.84449
G1 X136.526 Y183.293 E835.86904
G1 X136.232 Y182.183 E835.92786
G1 X136.025 Y181.896 E835.94598
G1 X135.368 Y181.236 E835.99368
G1 X135.059 Y181.011 E836.01326
G1 X133.846 Y180.677 E836.0777
G1 X133.494 Y180.721 E836.09587
G1 X132.571 Y180.966 E836.14479
G1 X132.132 Y181.22 E836.17076
G1 X131.464 Y181.888 E836.21915
G1 X131.217 Y182.308 E836.24411
G1 X131.01 Y182.711 E836.26731
G1 X130.916 Y182.291 E836.28936
G1 X130.912 Y163.454 E837.2542
G1 X130.831 Y163.094 E837.2731
G1 X130.8 Y163.055 E837.27565
G1 X130.8 Y162.56 E837.30101
G1 X136.731 Y162.56 E837.6048
G1 X137.167 Y162.625 E837.62738
G1 X136.903 Y162.852 E837.64521
G1 X136.688 Y163.469 E837.67868
G1 X136.689 Y179.566 E838.50318
G1 X136.729 Y179.819 E838.5163
G1 X136.84 Y180.076 E838.53063
G1 X137.169 Y180.413 E838.55476
G1 X137.424 Y180.533 E838.56919
G1 X137.671 Y180.582 E838.58209
G1 X138.852 Y180.579 E838.64258
G1 X139.274 Y180.471 E838.66489
G1 X139.599 Y180.147 E838.6884
G1 X139.735 Y179.885 E838.70352
G1 X139.796 Y179.62 E838.71745
G1 X139.8 Y163.467 E839.54481
G1 X139.597 Y162.853 E839.57794
G1 X139.24 Y162.62 E839.59977
G1 X139.742 Y162.561 E839.62566
G1 X142.731 Y162.56 E839.77876
G1 X143.167 Y162.625 E839.80134
G1 X142.903 Y162.852 E839.81918
G1 X142.688 Y163.464 E839.8524
G1 X142.688 Y179.623 E840.68007
G1 X142.745 Y179.881 E840.69361
G1 X143.014 Y180.296 E840.71894
G1 X143.287 Y180.477 E840.73572
G1 X143.585 Y180.584 E840.75193
G1 X168.882 Y180.581 E842.04766
G1 X169.28 Y180.461 E842.06895
G1 X169.604 Y180.145 E842.09214
G1 X169.735 Y179.885 E842.10705
G1 X169.796 Y179.62 E842.12098
G1 X169.798 Y163.464 E842.9485
G1 X169.742 Y163.16 E842.96433
G1 X169.61 Y162.891 E842.97968
G1 X169.237 Y162.558 E843.00529
G1 X168.796 Y162.426 E843.02887
G1 X169.123 Y162.097 E843.05263
G1 X169.295 Y161.633 E843.07797
G1 X169.296 Y152.993 E843.52052
G1 X169.215 Y152.688 E843.53668
G1 X169.104 Y152.499 E843.54791
G1 X169.215 Y152.304 E843.5594
G1 X169.293 Y152.022 E843.57439
G1 X169.3 Y147.968 E843.78204
G1 X169.118 Y147.499 E843.80781
G1 X169.295 Y147.017 E843.83411
G1 X169.294 Y138.374 E844.27681
G1 X169.247 Y138.164 E844.28783
G1 X169.113 Y137.881 E844.30387
G1 X168.744 Y137.557 E844.32902
G1 X169.231 Y137.442 E844.35465
G1 X169.628 Y137.088 E844.38189
G1 X169.796 Y136.613 E844.4077
G1 X169.8 Y120.468 E845.23466
G1 X169.74 Y120.114 E845.25305
G1 X169.472 Y119.697 E845.27844
G1 X169.198 Y119.516 E845.29526
G1 X168.898 Y119.412 E845.31152
G1 X143.602 Y119.415 E846.6072
G1 X143.204 Y119.531 E846.62843
G1 X142.888 Y119.846 E846.65129
G1 X142.748 Y120.111 E846.66664
G1 X142.692 Y120.421 E846.68277
G1 X142.688 Y136.525 E847.50763
G1 X142.889 Y137.136 E847.54057
G1 X143.246 Y137.376 E847.56261
G1 X142.746 Y137.435 E847.5884
G1 X139.749 Y137.436 E847.7419
G1 X139.319 Y137.371 E847.76418
G1 X139.598 Y137.132 E847.783
G1 X139.8 Y136.525 E847.81576
G1 X139.797 Y120.427 E848.64031
G1 X139.74 Y120.114 E848.65661
G1 X139.474 Y119.701 E848.68177
G1 X139.165 Y119.492 E848.70088
G1 X138.848 Y119.417 E848.71756
G1 X137.542 Y119.416 E848.78446
G1 X137.188 Y119.568 E848.80419
G1 X136.85 Y119.903 E848.82857
G1 X136.729 Y120.175 E848.84381
G1 X136.69 Y120.426 E848.85683
G1 X136.688 Y136.525 E849.68143
G1 X136.889 Y137.136 E849.71437
G1 X137.246 Y137.376 E849.73641
G1 X136.735 Y137.436 E849.76276
G1 X130.8 Y137.436 E850.06675
G1 X130.8 Y136.943 E850.092
G1 X130.831 Y136.907 E850.09444
G1 X130.912 Y136.542 E850.11359
G1 X130.916 Y117.703 E851.07853
G1 X131 Y117.203 E851.1045
G1 X131.211 Y117.668 E851.13066
G1 X131.46 Y118.1 E851.1562
G1 X132.129 Y118.774 E851.20484
G1 X132.571 Y119.029 E851.23098
G1 X133.494 Y119.271 E851.27985
G1 X133.837 Y119.317 E851.29758
G1 X135.066 Y118.991 E851.3627
G1 X135.373 Y118.755 E851.38254
G1 X136.018 Y118.099 E851.42966
G1 X136.237 Y117.791 E851.44902
G1 X136.526 Y116.704 E851.50663
G1 X136.516 Y116.273 E851.52871
G1 X136.274 Y115.328 E851.57868
G1 X136.024 Y114.892 E851.60442
G1 X135.351 Y114.219 E851.65317
G1 X134.914 Y113.967 E851.67901
G1 X134.047 Y113.724 E851.72513
G1 X133.963 Y113.678 E851.73003
G1 X134.067 Y113.616 E851.73623
G1 X134.292 Y113.584 E851.74787
G1 X177.045 Y113.584 E853.93771
G1 F1314.7 X178.048 Y113.646 E853.99643
G1 X177.042 Y113.984 E854.05845
G1 F1500 X176.632 Y114.22 E854.08268
G1 X175.964 Y114.888 E854.13107
G1 X175.711 Y115.326 E854.15698
G1 X175.471 Y116.214 E854.2041
G1 X175.428 Y116.603 E854.22414
G1 X175.75 Y117.814 E854.28832
G1 X175.975 Y118.116 E854.30761
G1 X176.615 Y118.76 E854.35412
G1 X176.929 Y118.989 E854.37403
G1 X177.994 Y119.271 E854.43046
G1 X178.337 Y119.317 E854.44818
G1 X179.419 Y119.029 E854.50553
G1 X179.851 Y118.777 E854.53115
G1 X180.524 Y118.101 E854.58001
G1 X180.759 Y117.695 E854.60404
G1 F1274.1 X181.11 Y116.695 E854.66794
G1 X181.188 Y117.693 E854.72831
G1 F1500 X181.188 Y183.323 E858.08991
G1 X181.095 Y183.434 E858.09733
G1 X181.025 Y183.281 E858.10595
G1 X180.773 Y182.327 E858.15649
G1 X180.52 Y181.888 E858.18244
G1 X179.852 Y181.22 E858.23083
G1 X179.412 Y180.966 E858.25685
G1 X178.345 Y180.677 E858.31348
G1 X177.994 Y180.721 E858.33159
G1 X176.929 Y181.011 E858.38813
G1 X176.642 Y181.213 E858.40611
G1 X175.98 Y181.872 E858.45395
G1 X175.756 Y182.179 E858.47342
G1 X175.428 Y183.394 E858.53788
G1 X175.465 Y183.746 E858.55601
G1 X175.71 Y184.67 E858.60497
G1 X175.959 Y185.098 E858.63033
G1 X176.632 Y185.776 E858.67926
G1 X177.046 Y186.015 E858.70375
G1 F1291.6 X177.983 Y186.341 E858.76276
G1 X177.052 Y186.411 E858.8183
G1 F1500 X150 Y186.409 E860.20392
G1 F1500 E858.20392
G0 F7500 X178.048 Y113.646
G1 F1500 E860.20392
G1 F1162 X178.443 Y113.629 E860.23006
G1 F1166.1 X178.756 Y113.73 E860.25173
G0 F7500 X179.893 Y114.185
G1 F1254.8 X180.633 Y114.97 E860.31779
G1 F1271.7 X180.788 Y115.2 E860.33455
G1 F1250 X181.087 Y116.368 E860.40865
G1 F1193.5 X181.113 Y116.628 E860.42548
G1 F1113 X181.11 Y116.695 E860.43011
G1 F1500 E858.43011
G0 F7500 X173.611 Y137.553
G1 F1500 E860.43011
G1 X174.492 Y137.547 E860.47523
G1 X174.74 Y137.486 E860.48831
G1 X175.008 Y137.334 E860.50409
G1 X175.255 Y137.071 E860.52257
G1 X175.413 Y136.642 E860.54599
G1 X175.41 Y120.384 E861.37874
G1 X175.364 Y120.145 E861.3912
G1 X175.232 Y119.865 E861.40706
G1 X174.881 Y119.548 E861.43128
G1 X174.525 Y119.411 E861.45082
G1 X173.63 Y119.418 E861.49667
G1 X173.408 Y119.464 E861.50828
G1 X173.122 Y119.611 E861.52475
G1 X172.888 Y119.846 E861.54173
G1 X172.748 Y120.111 E861.55709
G1 X172.692 Y120.421 E861.57322
G1 X172.688 Y136.613 E862.40259
G1 X172.859 Y137.086 E862.42835
G1 X173.14 Y137.372 E862.44888
G1 X173.611 Y137.553 E862.47473
G1 F1500 E860.47473
G0 F7500 X135.483 Y114.041
G1 F1500 E862.47473
G1 X135.72 Y113.804 E862.4919
G0 F7500 X135.795 Y114.351
G1 F1500 X136.342 Y113.804 E862.53152
G0 F7500 X136.964 Y113.804
G1 F1500 X136.106 Y114.662 E862.59367
G0 F7500 X136.358 Y115.032
G1 F1500 X137.587 Y113.804 E862.68266
G0 F7500 X138.209 Y113.804
G1 F1500 X136.539 Y115.473 E862.80359
G0 F7500 X136.669 Y115.966
G1 F1500 X138.831 Y113.804 E862.9602
G0 F7500 X139.453 Y113.804
G1 F1500 X136.74 Y116.518 E863.15676
G0 F7500 X136.602 Y117.277
G1 F1500 X140.076 Y113.804 E863.40837
G0 F7500 X140.698 Y113.804
G1 F1500 X131.136 Y123.365 E864.10097
G0 F7500 X131.136 Y122.743
G1 F1500 X134.515 Y119.365 E864.3457
G0 F7500 X133.737 Y119.521
G1 F1500 X131.136 Y122.121 E864.53407
G0 F7500 X131.136 Y121.499
G1 F1500 X133.213 Y119.423 E864.68449
G0 F7500 X132.718 Y119.295
G1 F1500 X131.136 Y120.876 E864.79905
G0 F7500 X131.136 Y120.254
G1 F1500 X132.276 Y119.114 E864.88163
G0 F7500 X131.906 Y118.863
G1 F1500 X131.136 Y119.632 E864.93737
G0 F7500 X131.136 Y119.01
G1 F1500 X131.596 Y118.55 E864.97069
G0 F7500 X131.294 Y118.23
G1 F1500 X131.136 Y118.387 E864.9821
G1 F1500 E862.9821
G0 F7500 X129.196 Y118.387
G0 X129.196 Y123.988
G0 X131.136 Y123.988
G1 F1500 E864.9821
G1 X141.32 Y113.804 E865.71979
G0 F7500 X141.942 Y113.804
G1 F1500 X131.136 Y124.61 E866.50255
G0 F7500 X131.136 Y125.232
G1 F1500 X142.565 Y113.804 E867.33039
G0 F7500 X143.187 Y113.804
G1 F1500 X137.797 Y119.193 E867.72079
G0 F7500 X138.417 Y119.196
G1 F1500 X143.809 Y113.804 E868.11137
G0 F7500 X144.432 Y113.804
G1 F1500 X139.007 Y119.229 E868.50434
G0 F7500 X139.442 Y119.415
G1 F1500 X145.054 Y113.804 E868.91082
G0 F7500 X145.676 Y113.804
G1 F1500 X139.753 Y119.727 E869.33986
G0 F7500 X139.965 Y120.137
G1 F1500 X146.298 Y113.804 E869.7986
G0 F7500 X146.921 Y113.804
G1 F1500 X140.015 Y120.709 E870.29882
G0 F7500 X140.015 Y121.332
G1 F1500 X147.543 Y113.804 E870.84412
G0 F7500 X148.165 Y113.804
G1 F1500 X140.015 Y121.954 E871.43448
G0 F7500 X140.016 Y122.576
G1 F1500 X142.536 Y120.055 E871.61706
G0 F7500 X142.469 Y120.745
G1 F1500 X140.016 Y123.198 E871.79475
G0 F7500 X140.016 Y123.82
G1 F1500 X142.469 Y121.367 E871.97244
G0 F7500 X142.469 Y121.989
G1 F1500 X140.016 Y124.442 E872.15012
G0 F7500 X140.016 Y125.064
G1 F1500 X142.469 Y122.612 E872.32777
G0 F7500 X142.469 Y123.234
G1 F1500 X140.016 Y125.686 E872.50543
G0 F7500 X140.016 Y126.308
G1 F1500 X142.469 Y123.856 E872.68308
G0 F7500 X142.469 Y124.478
G1 F1500 X140.017 Y126.93 E872.86069
G0 F7500 X140.017 Y127.552
G1 F1500 X142.469 Y125.101 E873.03827
G0 F7500 X142.469 Y125.723
G1 F1500 X140.017 Y128.174 E873.21585
G0 F7500 X140.018 Y128.796
G1 F1500 X142.469 Y126.345 E873.39339
G0 F7500 X142.469 Y126.967
G1 F1500 X140.018 Y129.418 E873.57094
G0 F7500 X140.018 Y130.04
G1 F1500 X142.469 Y127.59 E873.74844
G0 F7500 X142.469 Y128.212
G1 F1500 X140.018 Y130.662 E873.92595
G0 F7500 X140.018 Y131.284
G1 F1500 X142.469 Y128.834 E874.10346
G0 F7500 X142.469 Y129.456
G1 F1500 X140.018 Y131.907 E874.281
G0 F7500 X140.019 Y132.528
G1 F1500 X142.469 Y130.079 E874.45843
G0 F7500 X142.469 Y130.701
G1 F1500 X140.019 Y133.15 E874.63587
G0 F7500 X140.019 Y133.773
G1 F1500 X142.469 Y131.323 E874.81334
G0 F7500 X142.469 Y131.945
G1 F1500 X140.019 Y134.395 E874.99081
G0 F7500 X140.02 Y135.016
G1 F1500 X142.469 Y132.568 E875.16817
G0 F7500 X142.469 Y133.19
G1 F1500 X140.02 Y135.639 E875.34557
G0 F7500 X140.02 Y136.261
G1 F1500 X142.469 Y133.812 E875.52297
G0 F7500 X142.469 Y134.434
G1 F1500 X139.859 Y137.044 E875.71203
G0 F7500 X140.309 Y137.216
G1 F1500 X142.469 Y135.057 E875.86845
G0 F7500 X142.469 Y135.679
G1 F1500 X140.931 Y137.216 E875.97982
G0 F7500 X141.554 Y137.216
G1 F1500 X142.469 Y136.301 E876.0461
G0 F7500 X142.558 Y136.834
G1 F1500 X142.176 Y137.216 E876.07378
G1 F1500 E874.07378
G0 F7500 X136.657 Y137.135
G1 F1500 E876.07378
G1 X136.576 Y137.216 E876.07964
G0 F7500 X136.503 Y136.667
G1 F1500 X135.953 Y137.216 E876.11945
G0 F7500 X135.331 Y137.216
G1 F1500 X136.468 Y136.079 E876.20181
G0 F7500 X136.468 Y135.457
G1 F1500 X134.709 Y137.216 E876.32922
G0 F7500 X134.087 Y137.216
G1 F1500 X136.468 Y134.835 E876.5017
G0 F7500 X136.468 Y134.212
G1 F1500 X133.464 Y137.216 E876.7193
G0 F7500 X132.842 Y137.216
G1 F1500 X136.468 Y133.59 E876.98195
G0 F7500 X136.468 Y132.968
G1 F1500 X132.22 Y137.216 E877.28966
G0 F7500 X131.598 Y137.216
G1 F1500 X136.468 Y132.346 E877.64243
G0 F7500 X136.468 Y131.723
G1 F1500 X131.002 Y137.189 E878.03837
G0 F7500 X131.136 Y136.433
G1 F1500 X136.469 Y131.1 E878.42468
G0 F7500 X136.469 Y130.478
G1 F1500 X131.136 Y135.81 E878.81095
G0 F7500 X131.136 Y135.188
G1 F1500 X136.469 Y129.856 E879.19722
G0 F7500 X136.469 Y129.234
G1 F1500 X131.136 Y134.566 E879.58349
G0 F7500 X131.136 Y133.944
G1 F1500 X136.469 Y128.611 E879.96979
G0 F7500 X136.469 Y127.989
G1 F1500 X131.136 Y133.321 E880.35606
G0 F7500 X131.136 Y132.699
G1 F1500 X136.469 Y127.367 E880.74233
G0 F7500 X136.469 Y126.745
G1 F1500 X131.136 Y132.077 E881.1286
G0 F7500 X131.136 Y131.455
G1 F1500 X136.469 Y126.122 E881.51491
G0 F7500 X136.469 Y125.499
G1 F1500 X131.136 Y130.832 E881.90121
G0 F7500 X131.136 Y130.21
G1 F1500 X136.469 Y124.877 E882.28752
G0 F7500 X136.469 Y124.255
G1 F1500 X131.136 Y129.588 E882.67383
G0 F7500 X131.136 Y128.966
G1 F1500 X136.469 Y123.633 E883.06013
G0 F7500 X136.469 Y123.01
G1 F1500 X131.136 Y128.343 E883.44644
G0 F7500 X131.136 Y127.721
G1 F1500 X136.469 Y122.388 E883.83274
G0 F7500 X136.469 Y121.766
G1 F1500 X131.136 Y127.099 E884.21905
G0 F7500 X131.136 Y126.477
G1 F1500 X136.469 Y121.144 E884.60535
G0 F7500 X136.469 Y120.521
G1 F1500 X131.136 Y125.854 E884.99166
G1 F1500 E882.99166
G0 F7500 X143.323 Y119.268
G1 F1500 E884.99166
G1 X148.787 Y113.804 E885.38746
G0 F7500 X149.41 Y113.804
G1 F1500 X144.015 Y119.198 E885.77822
G0 F7500 X144.637 Y119.198
G1 F1500 X150.032 Y113.804 E886.16898
G0 F7500 X150.654 Y113.804
G1 F1500 X145.26 Y119.198 E886.5597
G0 F7500 X145.882 Y119.198
G1 F1500 X151.276 Y113.804 E886.95043
G0 F7500 X151.899 Y113.804
G1 F1500 X146.505 Y119.198 E887.34115
G0 F7500 X147.127 Y119.198
G1 F1500 X152.521 Y113.804 E887.73188
G0 F7500 X153.143 Y113.804
G1 F1500 X147.749 Y119.198 E888.1226
G0 F7500 X148.372 Y119.198
G1 F1500 X153.765 Y113.804 E888.51329
G0 F7500 X154.388 Y113.804
G1 F1500 X148.994 Y119.198 E888.90401
G0 F7500 X149.617 Y119.197
G1 F1500 X155.01 Y113.804 E889.29466
G0 F7500 X155.632 Y113.804
G1 F1500 X150.239 Y119.197 E889.68532
G0 F7500 X150.861 Y119.197
G1 F1500 X156.254 Y113.805 E890.07593
G0 F7500 X156.876 Y113.805
G1 F1500 X151.483 Y119.197 E890.46655
G0 F7500 X152.106 Y119.196
G1 F1500 X157.498 Y113.805 E890.85709
G0 F7500 X158.12 Y113.805
G1 F1500 X152.729 Y119.196 E891.2476
G0 F7500 X153.351 Y119.196
G1 F1500 X158.743 Y113.805 E891.63814
G0 F7500 X159.365 Y113.805
G1 F1500 X153.973 Y119.196 E892.02869
G0 F7500 X154.595 Y119.196
G1 F1500 X159.987 Y113.805 E892.41923
G0 F7500 X160.609 Y113.805
G1 F1500 X155.218 Y119.196 E892.80974
G0 F7500 X155.841 Y119.196
G1 F1500 X161.232 Y113.805 E893.20024
G0 F7500 X161.854 Y113.805
G1 F1500 X156.463 Y119.196 E893.59075
G0 F7500 X157.085 Y119.196
G1 F1500 X162.476 Y113.805 E893.98126
G0 F7500 X163.098 Y113.805
G1 F1500 X157.708 Y119.195 E894.37169
G0 F7500 X158.33 Y119.195
G1 F1500 X163.721 Y113.805 E894.76216
G0 F7500 X164.343 Y113.805
G1 F1500 X158.953 Y119.195 E895.1526
G0 F7500 X159.575 Y119.195
G1 F1500 X164.965 Y113.805 E895.54303
G0 F7500 X165.587 Y113.805
G1 F1500 X160.197 Y119.195 E895.93347
G0 F7500 X160.82 Y119.194
G1 F1500 X166.209 Y113.805 E896.32383
G0 F7500 X166.831 Y113.805
G1 F1500 X161.442 Y119.194 E896.71419
G0 F7500 X162.065 Y119.194
G1 F1500 X167.453 Y113.805 E897.10452
G0 F7500 X168.076 Y113.805
G1 F1500 X162.687 Y119.194 E897.49488
G0 F7500 X163.31 Y119.193
G1 F1500 X168.698 Y113.805 E897.88517
G0 F7500 X169.32 Y113.805
G1 F1500 X163.932 Y119.193 E898.27546
G0 F7500 X164.554 Y119.193
G1 F1500 X169.943 Y113.805 E898.66579
G0 F7500 X170.565 Y113.805
G1 F1500 X165.177 Y119.193 E899.05608
G0 F7500 X165.799 Y119.193
G1 F1500 X171.187 Y113.805 E899.44637
G0 F7500 X171.809 Y113.805
G1 F1500 X166.422 Y119.193 E899.83662
G0 F7500 X167.044 Y119.193
G1 F1500 X172.432 Y113.805 E900.22691
G0 F7500 X173.054 Y113.805
G1 F1500 X167.666 Y119.193 E900.6172
G0 F7500 X168.289 Y119.193
G1 F1500 X173.676 Y113.805 E901.00745
G0 F7500 X174.298 Y113.805
G1 F1500 X168.911 Y119.193 E901.39771
G0 F7500 X169.363 Y119.363
G1 F1500 X174.921 Y113.805 E901.80031
G0 F7500 X175.543 Y113.805
G1 F1500 X169.701 Y119.647 E902.22349
G0 F7500 X169.944 Y120.026
G1 F1500 X176.166 Y113.805 E902.67415
G0 F7500 X176.619 Y113.974
G1 F1500 X176.788 Y113.805 E902.6864
G1 F1500 E900.6864
G0 F7500 X175.716 Y114.877
G1 F1500 E902.6864
G1 X170.015 Y120.578 E903.09936
G0 F7500 X170.015 Y121.2
G1 F1500 X175.333 Y115.882 E903.48458
G0 F7500 X175.206 Y116.631
G1 F1500 X170.015 Y121.822 E903.8606
G0 F7500 X170.015 Y122.445
G1 F1500 X172.674 Y119.785 E904.05324
G0 F7500 X173.081 Y119.379
G1 F1500 X175.338 Y117.122 E904.21673
G0 F7500 X175.469 Y117.613
G1 F1500 X173.885 Y119.197 E904.33147
G0 F7500 X174.517 Y119.187
G1 F1500 X175.652 Y118.051 E904.41373
G0 F7500 X175.937 Y118.389
G1 F1500 X174.974 Y119.352 E904.48348
G0 F7500 X175.309 Y119.639
G1 F1500 X176.246 Y118.702 E904.55136
G0 F7500 X176.571 Y119
G1 F1500 X175.549 Y120.021 E904.62535
G0 F7500 X175.628 Y120.565
G1 F1500 X176.969 Y119.224 E904.72249
G0 F7500 X177.46 Y119.355
G1 F1500 X175.628 Y121.187 E904.85519
G0 F7500 X175.628 Y121.809
G1 F1500 X177.953 Y119.485 E905.02357
G0 F7500 X178.581 Y119.479
G1 F1500 X175.629 Y122.431 E905.23741
G0 F7500 X175.629 Y123.053
G1 F1500 X179.428 Y119.254 E905.51259
G1 F1500 E903.51259
G0 F7500 X180.968 Y118.959
G1 F1500 E905.51259
G1 X175.63 Y124.297 E905.89926
G0 F7500 X175.63 Y124.918
G1 F1500 X180.968 Y119.581 E906.28589
G0 F7500 X180.968 Y120.203
G1 F1500 X175.63 Y125.54 E906.67253
G0 F7500 X175.63 Y126.163
G1 F1500 X180.968 Y120.825 E907.05919
G0 F7500 X180.968 Y121.448
G1 F1500 X175.631 Y126.784 E907.44575
G0 F7500 X175.631 Y127.406
G1 F1500 X180.968 Y122.07 E907.83231
G0 F7500 X180.968 Y122.692
G1 F1500 X175.632 Y128.028 E908.21884
G0 F7500 X175.632 Y128.65
G1 F1500 X180.968 Y123.314 E908.60536
G0 F7500 X180.968 Y123.937
G1 F1500 X175.633 Y129.272 E908.99181
G0 F7500 X175.633 Y129.894
G1 F1500 X180.968 Y124.559 E909.37826
G0 F7500 X180.968 Y125.181
G1 F1500 X175.633 Y130.516 E909.76471
G0 F7500 X175.633 Y131.138
G1 F1500 X180.968 Y125.803 E910.15116
G0 F7500 X180.968 Y126.426
G1 F1500 X175.633 Y131.76 E910.53758
G0 F7500 X175.634 Y132.382
G1 F1500 X180.968 Y127.048 E910.92395
G0 F7500 X180.968 Y127.67
G1 F1500 X175.634 Y133.004 E911.31033
G0 F7500 X175.634 Y133.626
G1 F1500 X180.968 Y128.293 E911.69667
G0 F7500 X180.968 Y128.915
G1 F1500 X175.635 Y134.248 E912.08298
G0 F7500 X175.635 Y134.87
G1 F1500 X180.968 Y129.537 E912.46929
G0 F7500 X180.968 Y130.159
G1 F1500 X175.635 Y135.492 E912.85559
G0 F7500 X175.635 Y136.114
G1 F1500 X180.968 Y130.782 E913.24186
G0 F7500 X180.968 Y131.404
G1 F1500 X175.606 Y136.765 E913.63023
G0 F7500 X174.635 Y137.737
G1 F1500 X169.514 Y142.857 E914.00115
G0 F7500 X169.514 Y142.235
G1 F1500 X173.978 Y137.771 E914.3245
G0 F7500 X173.412 Y137.715
G1 F1500 X169.514 Y141.613 E914.60686
G0 F7500 X169.514 Y140.991
G1 F1500 X172.987 Y137.517 E914.85847
G0 F7500 X172.673 Y137.21
G1 F1500 X169.514 Y140.368 E915.08726
G0 F7500 X169.514 Y139.746
G1 F1500 X172.506 Y136.754 E915.304
G0 F7500 X172.468 Y136.17
G1 F1500 X169.514 Y139.124 E915.51797
G0 F7500 X169.514 Y138.502
G1 F1500 X172.468 Y135.547 E915.73199
G0 F7500 X172.468 Y134.925
G1 F1500 X169.404 Y137.989 E915.95394
G0 F7500 X169.958 Y136.813
G1 F1500 X172.468 Y134.303 E916.13575
G0 F7500 X172.468 Y133.681
G1 F1500 X170.015 Y136.134 E916.31344
G0 F7500 X170.015 Y135.511
G1 F1500 X172.468 Y133.058 E916.49113
G0 F7500 X172.468 Y132.436
G1 F1500 X170.015 Y134.889 E916.66881
G0 F7500 X170.015 Y134.267
G1 F1500 X172.468 Y131.814 E916.8465
G0 F7500 X172.468 Y131.192
G1 F1500 X170.015 Y133.645 E917.02419
G0 F7500 X170.015 Y133.022
G1 F1500 X172.468 Y130.569 E917.20188
G0 F7500 X172.468 Y129.947
G1 F1500 X170.015 Y132.4 E917.37957
G0 F7500 X170.015 Y131.778
G1 F1500 X172.468 Y129.325 E917.55725
G0 F7500 X172.468 Y128.703
G1 F1500 X170.015 Y131.156 E917.73494
G0 F7500 X170.015 Y130.533
G1 F1500 X172.468 Y128.08 E917.91263
G0 F7500 X172.468 Y127.458
G1 F1500 X170.015 Y129.911 E918.09032
G0 F7500 X170.015 Y129.289
G1 F1500 X172.468 Y126.836 E918.268
G0 F7500 X172.468 Y126.214
G1 F1500 X170.015 Y128.667 E918.44569
G0 F7500 X170.015 Y128.045
G1 F1500 X172.468 Y125.591 E918.62342
G0 F7500 X172.468 Y124.969
G1 F1500 X170.015 Y127.423 E918.80114
G0 F7500 X170.015 Y126.801
G1 F1500 X172.468 Y124.347 E918.97886
G0 F7500 X172.468 Y123.725
G1 F1500 X170.015 Y126.178 E919.15655
G0 F7500 X170.015 Y125.556
G1 F1500 X172.468 Y123.102 E919.33427
G0 F7500 X172.468 Y122.48
G1 F1500 X170.015 Y124.934 E919.512
G0 F7500 X170.015 Y124.311
G1 F1500 X172.468 Y121.858 E919.68969
G0 F7500 X172.468 Y121.236
G1 F1500 X170.015 Y123.689 E919.86737
G0 F7500 X170.015 Y123.067
G1 F1500 X172.468 Y120.613 E920.0451
G1 F1500 E918.0451
G0 F7500 X175.63 Y123.674
G1 F1500 E920.0451
G1 X180.968 Y118.336 E920.43177
G1 F1500 E918.43177
G0 F7500 X182.91 Y118.336
G0 X182.91 Y132.026
G0 X180.968 Y132.026
G1 F1500 E920.43177
G1 X169.514 Y143.48 E921.26146
G0 F7500 X169.514 Y144.102
G1 F1500 X180.968 Y132.648 E922.09115
G0 F7500 X180.968 Y133.271
G1 F1500 X169.514 Y144.724 E922.92081
G0 F7500 X169.514 Y145.347
G1 F1500 X180.968 Y133.893 E923.7505
G0 F7500 X180.968 Y134.515
G1 F1500 X169.514 Y145.969 E924.58019
G0 F7500 X169.514 Y146.591
G1 F1500 X180.968 Y135.137 E925.40988
G0 F7500 X180.968 Y135.76
G1 F1500 X169.431 Y147.297 E926.24559
G0 F7500 X169.49 Y147.86
G1 F1500 X180.968 Y136.382 E927.07702
G0 F7500 X180.968 Y137.004
G1 F1500 X169.517 Y148.455 E927.90649
G0 F7500 X169.516 Y149.078
G1 F1500 X180.968 Y137.626 E928.73604
G0 F7500 X180.968 Y138.249
G1 F1500 X169.515 Y149.701 E929.56562
G0 F7500 X169.515 Y150.324
G1 F1500 X180.968 Y138.871 E930.39524
G0 F7500 X180.968 Y139.493
G1 F1500 X169.514 Y150.947 E931.22493
G0 F7500 X169.513 Y151.57
G1 F1500 X180.968 Y140.115 E932.0547
G0 F7500 X180.968 Y140.738
G1 F1500 X169.462 Y152.243 E932.88812
G0 F7500 X169.484 Y152.843
G1 F1500 X180.968 Y141.36 E933.71995
G0 F7500 X180.968 Y141.982
G1 F1500 X169.515 Y153.434 E934.54953
G0 F7500 X169.515 Y154.057
G1 F1500 X180.968 Y142.604 E935.37915
G0 F7500 X180.968 Y143.227
G1 F1500 X169.515 Y154.679 E936.20874
G0 F7500 X169.515 Y155.301
G1 F1500 X180.968 Y143.849 E937.03832
G0 F7500 X180.968 Y144.471
G1 F1500 X169.515 Y155.923 E937.8679
G0 F7500 X169.515 Y156.546
G1 F1500 X180.968 Y145.093 E938.69752
G0 F7500 X180.968 Y145.716
G1 F1500 X169.515 Y157.168 E939.5271
G0 F7500 X169.515 Y157.791
G1 F1500 X180.968 Y146.338 E940.35672
G0 F7500 X180.968 Y146.96
G1 F1500 X169.515 Y158.413 E941.18634
G0 F7500 X169.515 Y159.035
G1 F1500 X180.968 Y147.582 E942.01596
G0 F7500 X180.968 Y148.205
G1 F1500 X169.515 Y159.658 E942.84558
G0 F7500 X169.515 Y160.28
G1 F1500 X180.968 Y148.827 E943.6752
G0 F7500 X180.968 Y149.449
G1 F1500 X169.515 Y160.902 E944.50482
G0 F7500 X169.515 Y161.524
G1 F1500 X180.968 Y150.071 E945.33444
G0 F7500 X180.968 Y150.694
G1 F1500 X169.296 Y162.365 E946.17989
G0 F7500 X169.649 Y162.635
G1 F1500 X180.968 Y151.316 E946.9998
G0 F7500 X180.968 Y151.938
G1 F1500 X169.909 Y162.997 E947.80088
G0 F7500 X170.015 Y163.513
G1 F1500 X180.968 Y152.56 E948.59428
G0 F7500 X180.968 Y153.183
G1 F1500 X170.015 Y164.135 E949.38765
G0 F7500 X170.015 Y164.757
G1 F1500 X180.968 Y153.805 E950.18101
G0 F7500 X180.968 Y154.427
G1 F1500 X170.015 Y165.38 E950.97441
G0 F7500 X170.015 Y166.002
G1 F1500 X172.473 Y163.545 E951.15243
G0 F7500 X172.473 Y164.167
G1 F1500 X170.015 Y166.624 E951.33044
G0 F7500 X170.015 Y167.246
G1 F1500 X172.473 Y164.789 E951.50845
G0 F7500 X172.473 Y165.411
G1 F1500 X170.015 Y167.869 E951.6865
G0 F7500 X170.015 Y168.491
G1 F1500 X172.473 Y166.034 E951.86452
G0 F7500 X172.472 Y166.657
G1 F1500 X170.015 Y169.113 E952.04246
G0 F7500 X170.015 Y169.735
G1 F1500 X172.472 Y167.279 E952.2204
G0 F7500 X172.472 Y167.901
G1 F1500 X170.015 Y170.358 E952.39838
G0 F7500 X170.015 Y170.98
G1 F1500 X172.472 Y168.523 E952.57635
G0 F7500 X172.471 Y169.146
G1 F1500 X170.015 Y171.602 E952.75426
G0 F7500 X170.015 Y172.224
G1 F1500 X172.471 Y169.769 E952.93213
G0 F7500 X172.471 Y170.391
G1 F1500 X170.015 Y172.847 E953.11003
G0 F7500 X170.015 Y173.469
G1 F1500 X172.471 Y171.013 E953.28794
G0 F7500 X172.47 Y171.636
G1 F1500 X170.015 Y174.091 E953.46577
G0 F7500 X170.015 Y174.713
G1 F1500 X172.47 Y172.258 E953.6436
G0 F7500 X172.47 Y172.881
G1 F1500 X170.015 Y175.336 E953.82144
G0 F7500 X170.015 Y175.958
G1 F1500 X172.47 Y173.503 E953.99927
G0 F7500 X172.47 Y174.125
G1 F1500 X170.015 Y176.58 E954.1771
G0 F7500 X170.015 Y177.202
G1 F1500 X172.47 Y174.748 E954.3549
G0 F7500 X172.47 Y175.37
G1 F1500 X170.015 Y177.825 E954.53273
G0 F7500 X170.015 Y178.447
G1 F1500 X172.47 Y175.993 E954.71053
G0 F7500 X172.47 Y176.615
G1 F1500 X170.015 Y179.069 E954.88832
G0 F7500 X170 Y179.707
G1 F1500 X172.469 Y177.238 E955.06717
G0 F7500 X172.469 Y177.86
G1 F1500 X164.139 Y186.19 E955.67057
G0 F7500 X164.761 Y186.19
G1 F1500 X172.469 Y178.482 E956.22891
G0 F7500 X172.469 Y179.104
G1 F1500 X165.383 Y186.19 E956.7422
G0 F7500 X166.005 Y186.19
G1 F1500 X172.485 Y179.71 E957.21159
G0 F7500 X172.652 Y180.166
G1 F1500 X166.628 Y186.19 E957.64795
G0 F7500 X167.25 Y186.19
G1 F1500 X172.934 Y180.506 E958.05968
G0 F7500 X173.33 Y180.733
G1 F1500 X167.872 Y186.19 E958.45501
G0 F7500 X168.494 Y186.19
G1 F1500 X173.883 Y180.802 E958.84533
G0 F7500 X174.503 Y180.804
G1 F1500 X169.117 Y186.19 E959.23548
G0 F7500 X169.739 Y186.19
G1 F1500 X180.968 Y174.962 E960.04883
G0 F7500 X180.968 Y175.584
G1 F1500 X170.361 Y186.19 E960.81714
G0 F7500 X170.983 Y186.19
G1 F1500 X180.968 Y176.206 E961.54038
G0 F7500 X180.968 Y176.828
G1 F1500 X177.04 Y180.756 E961.82491
G0 F7500 X177.896 Y180.522
G1 F1500 X180.968 Y177.451 E962.0474
G0 F7500 X180.968 Y178.073
G1 F1500 X178.538 Y180.502 E962.22339
G0 F7500 X179.027 Y180.635
G1 F1500 X180.968 Y178.695 E962.36395
G0 F7500 X180.968 Y179.317
G1 F1500 X179.514 Y180.771 E962.46928
G0 F7500 X179.908 Y180.999
G1 F1500 X180.968 Y179.94 E962.54602
G0 F7500 X180.968 Y180.562
G1 F1500 X180.237 Y181.293 E962.59898
G0 F7500 X180.548 Y181.604
G1 F1500 X180.968 Y181.184 E962.6294
G0 F7500 X180.968 Y181.806
G1 F1500 X180.816 Y181.958 E962.64041
G1 F1500 E960.64041
G0 F7500 X179.166 Y182.967
G0 X177.324 Y182.967
G0 X175.498 Y182.298
G1 F1500 E962.64041
G1 X171.606 Y186.19 E962.92233
G0 F7500 X172.228 Y186.19
G1 F1500 X175.261 Y183.158 E963.142
G0 F7500 X175.251 Y183.79
G1 F1500 X172.85 Y186.19 E963.31588
G0 F7500 X173.472 Y186.19
G1 F1500 X175.381 Y184.282 E963.45413
G0 F7500 X175.515 Y184.77
G1 F1500 X174.095 Y186.19 E963.55699
G0 F7500 X174.717 Y186.19
G1 F1500 X175.744 Y185.164 E963.63135
G0 F7500 X176.038 Y185.491
G1 F1500 X175.339 Y186.19 E963.68198
G0 F7500 X175.961 Y186.19
G1 F1500 X176.348 Y185.804 E963.70998
G0 F7500 X176.703 Y186.071
G1 F1500 X176.583 Y186.191 E963.71867
G1 F1500 E961.71867
G0 F7500 X177.712 Y184.421
G0 X177.712 Y182.579
G0 X175.621 Y179.686
G1 F1500 E963.71867
G1 X180.968 Y174.339 E964.10599
G0 F7500 X180.968 Y173.717
G1 F1500 X175.628 Y179.056 E964.49276
G0 F7500 X175.628 Y178.434
G1 F1500 X180.968 Y173.095 E964.87954
G0 F7500 X180.968 Y172.473
G1 F1500 X175.629 Y177.811 E965.26625
G0 F7500 X175.629 Y177.189
G1 F1500 X180.968 Y171.85 E965.65299
G0 F7500 X180.968 Y171.228
G1 F1500 X175.63 Y176.566 E966.03965
G0 F7500 X175.63 Y175.944
G1 F1500 X180.968 Y170.606 E966.42632
G0 F7500 X180.968 Y169.984
G1 F1500 X175.63 Y175.321 E966.81295
G0 F7500 X175.63 Y174.699
G1 F1500 X180.968 Y169.361 E967.19962
G0 F7500 X180.968 Y168.739
G1 F1500 X175.631 Y174.076 E967.58622
G0 F7500 X175.631 Y173.453
G1 F1500 X180.968 Y168.117 E967.97278
G0 F7500 X180.968 Y167.495
G1 F1500 X175.632 Y172.83 E968.35926
G0 F7500 X175.632 Y172.208
G1 F1500 X180.968 Y166.872 E968.74579
G0 F7500 X180.968 Y166.25
G1 F1500 X175.632 Y171.586 E969.13231
G0 F7500 X175.633 Y170.963
G1 F1500 X180.968 Y165.628 E969.51876
G0 F7500 X180.968 Y165.005
G1 F1500 X175.633 Y170.341 E969.90525
G0 F7500 X175.633 Y169.718
G1 F1500 X180.968 Y164.383 E970.2917
G0 F7500 X180.968 Y163.761
G1 F1500 X175.633 Y169.095 E970.67811
G0 F7500 X175.634 Y168.472
G1 F1500 X180.968 Y163.139 E971.06446
G0 F7500 X180.968 Y162.516
G1 F1500 X175.634 Y167.85 E971.45083
G0 F7500 X175.635 Y167.227
G1 F1500 X180.968 Y161.894 E971.83714
G0 F7500 X180.968 Y161.272
G1 F1500 X175.635 Y166.605 E972.22345
G0 F7500 X175.635 Y165.982
G1 F1500 X180.968 Y160.65 E972.60972
G0 F7500 X180.968 Y160.027
G1 F1500 X175.635 Y165.36 E972.99602
G0 F7500 X175.635 Y164.737
G1 F1500 X180.968 Y159.405 E973.38229
G0 F7500 X180.968 Y158.783
G1 F1500 X175.636 Y164.115 E973.76852
G0 F7500 X175.636 Y163.492
G1 F1500 X180.968 Y158.161 E974.15472
G0 F7500 X180.968 Y157.538
G1 F1500 X175.514 Y162.992 E974.54979
G0 F7500 X175.263 Y162.62
G1 F1500 X180.968 Y156.916 E974.96301
G0 F7500 X180.968 Y156.294
G1 F1500 X174.904 Y162.357 E975.40223
G0 F7500 X174.409 Y162.23
G1 F1500 X180.968 Y155.672 E975.87731
G0 F7500 X180.968 Y155.049
G1 F1500 X173.791 Y162.226 E976.39719
G1 F1500 E974.39719
G0 F7500 X168.092 Y164.153
G0 X168.092 Y178.876
G0 X168.909 Y180.798
G1 F1500 E976.39719
G1 X163.516 Y186.19 E976.7878
G0 F7500 X162.895 Y186.19
G1 F1500 X168.286 Y180.798 E977.17835
G0 F7500 X167.664 Y180.798
G1 F1500 X162.273 Y186.19 E977.56889
G0 F7500 X161.65 Y186.19
G1 F1500 X167.042 Y180.798 E977.95947
G0 F7500 X166.42 Y180.798
G1 F1500 X161.028 Y186.19 E978.35005
G0 F7500 X160.406 Y186.19
G1 F1500 X165.797 Y180.798 E978.74059
G0 F7500 X165.174 Y180.799
G1 F1500 X159.784 Y186.19 E979.13106
G0 F7500 X159.161 Y186.19
G1 F1500 X164.552 Y180.799 E979.52157
G0 F7500 X163.93 Y180.799
G1 F1500 X158.539 Y186.19 E979.91208
G0 F7500 X157.917 Y186.19
G1 F1500 X163.308 Y180.799 E980.30258
G0 F7500 X162.685 Y180.799
G1 F1500 X157.294 Y186.19 E980.69309
G0 F7500 X156.672 Y186.19
G1 F1500 X162.063 Y180.799 E981.0836
G0 F7500 X161.44 Y180.799
G1 F1500 X156.05 Y186.19 E981.47407
G0 F7500 X155.428 Y186.19
G1 F1500 X160.818 Y180.799 E981.86454
G0 F7500 X160.196 Y180.799
G1 F1500 X154.805 Y186.19 E982.25505
G0 F7500 X154.183 Y186.19
G1 F1500 X159.573 Y180.799 E982.64552
G0 F7500 X158.951 Y180.8
G1 F1500 X153.561 Y186.19 E983.03595
G0 F7500 X152.939 Y186.19
G1 F1500 X158.328 Y180.8 E983.42635
G0 F7500 X157.706 Y180.8
G1 F1500 X152.316 Y186.19 E983.81679
G0 F7500 X151.694 Y186.19
G1 F1500 X157.084 Y180.8 E984.20722
G0 F7500 X156.462 Y180.8
G1 F1500 X151.072 Y186.19 E984.59766
G0 F7500 X150.45 Y186.19
G1 F1500 X155.839 Y180.801 E984.98802
G0 F7500 X155.216 Y180.801
G1 F1500 X149.828 Y186.189 E985.37831
G0 F7500 X149.206 Y186.189
G1 F1500 X154.594 Y180.801 E985.7686
G0 F7500 X153.972 Y180.801
G1 F1500 X148.584 Y186.189 E986.15889
G0 F7500 X147.961 Y186.189
G1 F1500 X153.35 Y180.801 E986.54921
G0 F7500 X152.727 Y180.802
G1 F1500 X147.339 Y186.189 E986.93947
G0 F7500 X146.717 Y186.189
G1 F1500 X152.104 Y180.802 E987.32969
G0 F7500 X151.482 Y180.802
G1 F1500 X146.095 Y186.189 E987.7199
G0 F7500 X145.472 Y186.189
G1 F1500 X150.86 Y180.802 E988.11016
G0 F7500 X150.238 Y180.802
G1 F1500 X144.85 Y186.189 E988.50041
G0 F7500 X144.228 Y186.189
G1 F1500 X149.615 Y180.802 E988.89063
G0 F7500 X148.992 Y180.802
G1 F1500 X143.606 Y186.189 E989.28081
G0 F7500 X142.983 Y186.189
G1 F1500 X148.37 Y180.802 E989.67103
G0 F7500 X147.748 Y180.802
G1 F1500 X142.361 Y186.189 E990.06124
G0 F7500 X141.739 Y186.189
G1 F1500 X147.126 Y180.802 E990.45146
G0 F7500 X146.503 Y180.803
G1 F1500 X141.117 Y186.189 E990.84161
G0 F7500 X140.494 Y186.189
G1 F1500 X145.88 Y180.803 E991.23175
G0 F7500 X145.258 Y180.803
G1 F1500 X139.872 Y186.189 E991.6219
G0 F7500 X139.25 Y186.189
G1 F1500 X144.636 Y180.803 E992.01204
G0 F7500 X144.014 Y180.803
G1 F1500 X138.628 Y186.189 E992.40219
G0 F7500 X138.005 Y186.189
G1 F1500 X143.432 Y180.762 E992.7953
G0 F7500 X143.012 Y180.56
G1 F1500 X137.384 Y186.188 E993.20298
G0 F7500 X136.762 Y186.188
G1 F1500 X142.714 Y180.236 E993.63412
G0 F7500 X142.506 Y179.821
G1 F1500 X136.139 Y186.188 E994.09533
G0 F7500 X135.517 Y186.188
G1 F1500 X142.469 Y179.237 E994.59887
G0 F7500 X142.469 Y178.614
G1 F1500 X136.532 Y184.551 E995.02893
G0 F7500 X136.736 Y183.725
G1 F1500 X142.469 Y177.992 E995.44421
G0 F7500 X142.469 Y177.37
G1 F1500 X139.96 Y179.878 E995.62592
G0 F7500 X140.016 Y179.2
G1 F1500 X142.469 Y176.748 E995.80357
G0 F7500 X142.469 Y176.125
G1 F1500 X140.016 Y178.578 E995.98126
G0 F7500 X140.016 Y177.955
G1 F1500 X142.469 Y175.503 E996.15891
G0 F7500 X142.469 Y174.881
G1 F1500 X140.016 Y177.333 E996.33656
G0 F7500 X140.017 Y176.71
G1 F1500 X142.469 Y174.259 E996.51414
G0 F7500 X142.469 Y173.636
G1 F1500 X140.017 Y176.088 E996.69175
G0 F7500 X140.017 Y175.466
G1 F1500 X142.469 Y173.014 E996.86937
G0 F7500 X142.469 Y172.392
G1 F1500 X140.017 Y174.843 E997.04695
G0 F7500 X140.018 Y174.221
G1 F1500 X142.469 Y171.77 E997.22449
G0 F7500 X142.468 Y171.148
G1 F1500 X140.018 Y173.598 E997.40196
G0 F7500 X140.018 Y172.976
G1 F1500 X142.468 Y170.526 E997.57943
G0 F7500 X142.468 Y169.904
G1 F1500 X140.018 Y172.354 E997.7569
G0 F7500 X140.018 Y171.731
G1 F1500 X142.468 Y169.281 E997.93437
G0 F7500 X142.468 Y168.659
G1 F1500 X140.018 Y171.109 E998.11184
G0 F7500 X140.018 Y170.486
G1 F1500 X142.468 Y168.037 E998.28928
G0 F7500 X142.468 Y167.415
G1 F1500 X140.018 Y169.864 E998.46671
G0 F7500 X140.018 Y169.242
G1 F1500 X142.468 Y166.792 E998.64418
G0 F7500 X142.468 Y166.17
G1 F1500 X140.019 Y168.619 E998.82158
G0 F7500 X140.019 Y167.997
G1 F1500 X142.468 Y165.548 E998.99898
G0 F7500 X142.468 Y164.926
G1 F1500 X140.019 Y167.374 E999.17634
G0 F7500 X140.019 Y166.752
G1 F1500 X142.468 Y164.303 E999.35374
G0 F7500 X142.468 Y163.681
G1 F1500 X140.02 Y166.129 E999.53106
G0 F7500 X140.02 Y165.507
G1 F1500 X142.66 Y162.866 E999.72233
G0 F7500 X142.124 Y162.78
G1 F1500 X140.02 Y164.885 E999.87478
G0 F7500 X140.02 Y164.262
G1 F1500 X141.502 Y162.78 E999.98213
G0 F7500 X140.88 Y162.78
G1 F1500 X140.02 Y163.64 E1000.04442
G0 F7500 X139.917 Y163.12
G1 F1500 X140.257 Y162.78 E1000.06905
G1 F1500 E998.06905
G0 F7500 X136.525 Y162.78
G1 F1500 E1000.06905
G1 X131.137 Y168.167 E1000.4593
G0 F7500 X131.137 Y168.789
G1 F1500 X136.468 Y163.458 E1000.84547
G0 F7500 X136.468 Y164.081
G1 F1500 X131.137 Y169.411 E1001.23159
G0 F7500 X131.137 Y170.034
G1 F1500 X136.468 Y164.703 E1001.61775
G0 F7500 X136.468 Y165.325
G1 F1500 X131.137 Y170.656 E1002.00391
G0 F7500 X131.137 Y171.278
G1 F1500 X136.468 Y165.947 E1002.39007
G0 F7500 X136.468 Y166.57
G1 F1500 X131.137 Y171.9 E1002.7762
G0 F7500 X131.137 Y172.523
G1 F1500 X136.468 Y167.192 E1003.16236
G0 F7500 X136.469 Y167.813
G1 F1500 X131.137 Y173.145 E1003.54859
G0 F7500 X131.137 Y173.767
G1 F1500 X136.469 Y168.436 E1003.93479
G0 F7500 X136.469 Y169.058
G1 F1500 X131.137 Y174.39 E1004.32102
G0 F7500 X131.137 Y175.012
G1 F1500 X136.469 Y169.68 E1004.70726
G0 F7500 X136.469 Y170.302
G1 F1500 X131.137 Y175.634 E1005.09349
G0 F7500 X131.137 Y176.256
G1 F1500 X136.469 Y170.925 E1005.47969
G0 F7500 X136.469 Y171.546
G1 F1500 X131.137 Y176.879 E1005.86596
G0 F7500 X131.137 Y177.501
G1 F1500 X136.469 Y172.168 E1006.25223
G0 F7500 X136.469 Y172.791
G1 F1500 X131.137 Y178.123 E1006.63846
G0 F7500 X131.137 Y178.745
G1 F1500 X136.469 Y173.413 E1007.02469
G0 F7500 X136.469 Y174.035
G1 F1500 X131.137 Y179.368 E1007.41096
G0 F7500 X131.137 Y179.99
G1 F1500 X136.469 Y174.657 E1007.79723
G0 F7500 X136.469 Y175.28
G1 F1500 X131.137 Y180.612 E1008.18347
G0 F7500 X131.137 Y181.234
G1 F1500 X136.47 Y175.901 E1008.56977
G0 F7500 X136.47 Y176.524
G1 F1500 X131.137 Y181.857 E1008.95608
G1 F1500 E1006.95608
G0 F7500 X132.987 Y180.629
G1 F1500 E1008.95608
G1 X136.47 Y177.146 E1009.20838
G0 F7500 X136.47 Y177.768
G1 F1500 X133.772 Y180.466 E1009.40381
G0 F7500 X134.288 Y180.572
G1 F1500 X136.47 Y178.39 E1009.56187
G0 F7500 X136.47 Y179.013
G1 F1500 X134.775 Y180.708 E1009.68465
G0 F7500 X135.24 Y180.865
G1 F1500 X136.477 Y179.628 E1009.77425
G0 F7500 X136.617 Y180.111
G1 F1500 X135.582 Y181.145 E1009.84919
G0 F7500 X135.893 Y181.456
G1 F1500 X136.899 Y180.451 E1009.92202
G0 F7500 X137.27 Y180.702
G1 F1500 X136.204 Y181.767 E1009.99921
G0 F7500 X136.447 Y182.147
G1 F1500 X137.795 Y180.799 E1010.09685
G0 F7500 X138.418 Y180.798
G1 F1500 X136.578 Y182.638 E1010.23013
G0 F7500 X136.709 Y183.129
G1 F1500 X139.096 Y180.743 E1010.403
G1 F1500 E1008.403
G0 F7500 X131.137 Y167.545
G1 F1500 E1010.403
G1 X135.902 Y162.78 E1010.74817
G0 F7500 X135.28 Y162.78
G1 F1500 X131.137 Y166.922 E1011.04824
G0 F7500 X131.137 Y166.3
G1 F1500 X134.658 Y162.78 E1011.30325
G0 F7500 X134.036 Y162.78
G1 F1500 X131.137 Y165.678 E1011.51321
G0 F7500 X131.137 Y165.056
G1 F1500 X133.413 Y162.78 E1011.67808
G0 F7500 X132.791 Y162.78
G1 F1500 X131.137 Y164.433 E1011.79785
G0 F7500 X131.137 Y163.811
G1 F1500 X132.169 Y162.78 E1011.87257
G0 F7500 X131.547 Y162.78
G1 F1500 X131.091 Y163.236 E1011.9056
G1 F1500 E1009.9056
G0 F7500 X150 Y160.02
G1 F1500 E1011.9056
G1 X130.8 Y160.02 E1012.88904
G1 X130.796 Y156.357 E1013.07666
G1 X130.613 Y155.897 E1013.10201
G1 X130.415 Y155.682 E1013.11698
G1 X130.157 Y155.526 E1013.13243
G1 X129.856 Y155.449 E1013.14834
G1 X121.56 Y155.443 E1013.57327
G1 X121.726 Y155.274 E1013.5854
G1 X121.903 Y155.033 E1013.60072
G1 X122.045 Y154.76 E1013.61648
G1 X122.154 Y154.431 E1013.63423
G1 X122.206 Y154.103 E1013.65124
G1 X122.206 Y145.889 E1014.07197
G1 X122.154 Y145.561 E1014.08898
G1 X122.044 Y145.23 E1014.10684
G1 X121.904 Y144.964 E1014.12224
G1 X121.748 Y144.744 E1014.13605
G1 X121.563 Y144.556 E1014.14956
G1 X129.856 Y144.551 E1014.57434
G1 X130.157 Y144.47 E1014.5903
G1 X130.411 Y144.314 E1014.60557
G1 X130.654 Y144.034 E1014.62456
G1 X130.76 Y143.784 E1014.63847
G1 X130.798 Y143.527 E1014.65178
G1 X130.8 Y139.976 E1014.83366
G1 X166.688 Y139.976 E1016.67186
G1 X166.688 Y141.444 E1016.74706
G1 X143.597 Y141.447 E1017.92979
G1 X143.242 Y141.564 E1017.94894
G1 X142.894 Y141.857 E1017.97224
G1 X142.742 Y142.166 E1017.98988
G1 X142.689 Y142.474 E1018.00588
G1 X142.69 Y146.964 E1018.23587
G1 X142.748 Y147.252 E1018.25091
G1 X142.883 Y147.498 E1018.26529
G1 X142.748 Y147.748 E1018.27984
G1 X142.69 Y148.036 E1018.29489
G1 X142.688 Y151.943 E1018.49501
G1 X142.748 Y152.245 E1018.51078
G1 X142.886 Y152.496 E1018.52545
G1 X142.748 Y152.747 E1018.54012
G1 X142.688 Y153.047 E1018.55579
G1 X142.689 Y157.521 E1018.78495
G1 X142.743 Y157.836 E1018.80132
G1 X142.894 Y158.133 E1018.81839
G1 X143.242 Y158.437 E1018.84205
G1 X143.694 Y158.55 E1018.86592
G1 X166.688 Y158.556 E1020.04369
G1 X166.688 Y160.02 E1020.11867
G1 X150 Y160.02 E1020.97344
G1 F1500 E1018.97344
G0 F7500 X166.261 Y159.8
G1 F1500 E1020.97344
G1 X166.468 Y159.593 E1020.98844
G0 F7500 X166.468 Y158.971
G1 F1500 X165.638 Y159.8 E1021.04852
G0 F7500 X165.016 Y159.8
G1 F1500 X166.041 Y158.776 E1021.12273
G0 F7500 X165.418 Y158.776
G1 F1500 X164.394 Y159.8 E1021.19691
G0 F7500 X163.772 Y159.8
G1 F1500 X164.796 Y158.776 E1021.27108
G0 F7500 X164.174 Y158.776
G1 F1500 X163.149 Y159.8 E1021.3453
G0 F7500 X162.527 Y159.8
G1 F1500 X163.552 Y158.776 E1021.41951
G0 F7500 X162.929 Y158.776
G1 F1500 X161.905 Y159.8 E1021.49368
G0 F7500 X161.283 Y159.8
G1 F1500 X162.307 Y158.776 E1021.56786
G0 F7500 X161.685 Y158.776
G1 F1500 X160.66 Y159.8 E1021.64207
G0 F7500 X160.038 Y159.8
G1 F1500 X161.063 Y158.776 E1021.71628
G0 F7500 X160.44 Y158.776
G1 F1500 X159.416 Y159.8 E1021.79046
G0 F7500 X158.794 Y159.8
G1 F1500 X159.818 Y158.776 E1021.86463
G0 F7500 X159.196 Y158.776
G1 F1500 X158.171 Y159.8 E1021.93884
G0 F7500 X157.549 Y159.8
G1 F1500 X158.574 Y158.776 E1022.01306
G0 F7500 X157.951 Y158.776
G1 F1500 X156.927 Y159.8 E1022.08723
G0 F7500 X156.305 Y159.8
G1 F1500 X157.329 Y158.776 E1022.16141
G0 F7500 X156.707 Y158.776
G1 F1500 X155.682 Y159.8 E1022.23562
G0 F7500 X155.06 Y159.8
G1 F1500 X156.085 Y158.776 E1022.30983
G0 F7500 X155.462 Y158.776
G1 F1500 X154.438 Y159.8 E1022.38401
G0 F7500 X153.816 Y159.8
G1 F1500 X154.84 Y158.776 E1022.45818
G0 F7500 X154.218 Y158.776
G1 F1500 X153.193 Y159.8 E1022.53239
G0 F7500 X152.571 Y159.8
G1 F1500 X153.596 Y158.776 E1022.6066
G0 F7500 X152.973 Y158.776
G1 F1500 X151.949 Y159.8 E1022.68078
G0 F7500 X151.327 Y159.8
G1 F1500 X152.351 Y158.776 E1022.75495
G0 F7500 X151.729 Y158.776
G1 F1500 X150.704 Y159.8 E1022.82917
G0 F7500 X150.082 Y159.8
G1 F1500 X151.107 Y158.776 E1022.90338
G0 F7500 X150.484 Y158.776
G1 F1500 X149.46 Y159.8 E1022.97755
G0 F7500 X148.837 Y159.8
G1 F1500 X149.862 Y158.776 E1023.05176
G0 F7500 X149.24 Y158.776
G1 F1500 X148.215 Y159.8 E1023.12598
G0 F7500 X147.593 Y159.8
G1 F1500 X148.618 Y158.776 E1023.20019
G0 F7500 X147.995 Y158.776
G1 F1500 X146.971 Y159.8 E1023.27436
G0 F7500 X146.348 Y159.8
G1 F1500 X147.373 Y158.776 E1023.34857
G0 F7500 X146.751 Y158.776
G1 F1500 X145.726 Y159.8 E1023.42279
G0 F7500 X145.104 Y159.8
G1 F1500 X146.129 Y158.776 E1023.497
G0 F7500 X145.506 Y158.776
G1 F1500 X144.482 Y159.8 E1023.57117
G0 F7500 X143.859 Y159.8
G1 F1500 X144.884 Y158.776 E1023.64538
G0 F7500 X144.262 Y158.776
G1 F1500 X143.237 Y159.8 E1023.7196
G0 F7500 X142.615 Y159.8
G1 F1500 X143.65 Y158.765 E1023.79457
G0 F7500 X143.168 Y158.625
G1 F1500 X141.993 Y159.8 E1023.87968
G0 F7500 X141.37 Y159.8
G1 F1500 X142.815 Y158.356 E1023.98432
G0 F7500 X142.568 Y157.98
G1 F1500 X140.748 Y159.8 E1024.11615
G0 F7500 X140.126 Y159.8
G1 F1500 X142.468 Y157.459 E1024.28576
G0 F7500 X142.469 Y156.836
G1 F1500 X139.504 Y159.8 E1024.5005
G0 F7500 X138.881 Y159.8
G1 F1500 X142.469 Y156.213 E1024.76037
G0 F7500 X142.469 Y155.59
G1 F1500 X138.259 Y159.8 E1025.06533
G0 F7500 X137.637 Y159.8
G1 F1500 X142.47 Y154.967 E1025.41542
G0 F7500 X142.471 Y154.344
G1 F1500 X137.015 Y159.8 E1025.81063
G0 F7500 X136.392 Y159.8
G1 F1500 X142.471 Y153.721 E1026.25098
G0 F7500 X142.472 Y153.099
G1 F1500 X135.77 Y159.8 E1026.73641
G0 F7500 X135.148 Y159.8
G1 F1500 X142.572 Y152.377 E1027.27415
G0 F7500 X142.469 Y151.858
G1 F1500 X134.526 Y159.8 E1027.84948
G0 F7500 X133.903 Y159.8
G1 F1500 X142.469 Y151.235 E1028.46993
G0 F7500 X142.47 Y150.612
G1 F1500 X133.281 Y159.8 E1029.13552
G0 F7500 X132.659 Y159.8
G1 F1500 X142.47 Y149.989 E1029.8462
G0 F7500 X142.471 Y149.366
G1 F1500 X132.037 Y159.8 E1030.60201
G0 F7500 X131.414 Y159.8
G1 F1500 X142.471 Y148.743 E1031.40294
G0 F7500 X142.472 Y148.12
G1 F1500 X131.02 Y159.573 E1032.23252
G0 F7500 X131.02 Y158.951
G1 F1500 X142.574 Y147.396 E1033.0695
G0 F7500 X142.468 Y146.88
G1 F1500 X131.02 Y158.328 E1033.89875
G0 F7500 X131.02 Y157.706
G1 F1500 X142.468 Y146.258 E1034.72801
G0 F7500 X142.469 Y145.635
G1 F1500 X131.02 Y157.084 E1035.55734
G0 F7500 X131.02 Y156.462
G1 F1500 X142.469 Y145.013 E1036.38667
G0 F7500 X142.469 Y144.39
G1 F1500 X130.881 Y155.979 E1037.2261
G0 F7500 X130.641 Y155.596
G1 F1500 X142.469 Y143.768 E1038.08289
G0 F7500 X142.47 Y143.145
G1 F1500 X130.275 Y155.339 E1038.96622
G0 F7500 X129.761 Y155.231
G1 F1500 X142.47 Y142.522 E1039.88682
G1 F1500 E1037.88682
G0 F7500 X143.763 Y141.23
G1 F1500 E1039.88682
G1 X144.796 Y140.196 E1039.96168
G0 F7500 X144.174 Y140.196
G1 F1500 X129.139 Y155.231 E1041.05077
G0 F7500 X128.517 Y155.23
G1 F1500 X143.552 Y140.196 E1042.13982
G0 F7500 X142.93 Y140.196
G1 F1500 X127.896 Y155.23 E1043.22884
G0 F7500 X127.274 Y155.229
G1 F1500 X142.307 Y140.196 E1044.31778
G0 F7500 X141.685 Y140.196
G1 F1500 X126.653 Y155.228 E1045.40665
G0 F7500 X126.03 Y155.228
G1 F1500 X141.063 Y140.196 E1046.49556
G0 F7500 X140.441 Y140.196
G1 F1500 X125.409 Y155.228 E1047.58443
G0 F7500 X124.787 Y155.227
G1 F1500 X139.818 Y140.196 E1048.67323
G0 F7500 X139.196 Y140.196
G1 F1500 X124.166 Y155.226 E1049.76196
G0 F7500 X123.544 Y155.225
G1 F1500 X138.574 Y140.196 E1050.85065
G0 F7500 X137.952 Y140.196
G1 F1500 X122.922 Y155.225 E1051.93934
G0 F7500 X122.3 Y155.225
G1 F1500 X137.329 Y140.196 E1053.02799
G0 F7500 X136.707 Y140.196
G1 F1500 X122.348 Y154.555 E1054.06811
G0 F7500 X122.428 Y153.853
G1 F1500 X136.085 Y140.196 E1055.05738
G0 F7500 X135.463 Y140.196
G1 F1500 X122.428 Y153.231 E1056.0016
G0 F7500 X122.427 Y152.609
G1 F1500 X130.554 Y144.482 E1056.59029
G1 X130.608 Y144.428
G1 X134.84 Y140.196 E1056.89685
G0 F7500 X134.218 Y140.196
G1 F1500 X131.017 Y143.397 E1057.12872
G0 F7500 X131.018 Y142.774
G1 F1500 X133.596 Y140.196 E1057.31546
G0 F7500 X132.974 Y140.196
G1 F1500 X131.018 Y142.151 E1057.45711
G0 F7500 X131.019 Y141.528
G1 F1500 X132.351 Y140.196 E1057.55359
G0 F7500 X131.729 Y140.196
G1 F1500 X131.02 Y140.905 E1057.60495
G0 F7500 X131.021 Y140.282
G1 F1500 X131.107 Y140.196 E1057.61118
G1 F1500 E1055.61118
G0 F7500 X129.08 Y140.196
G0 X129.092 Y142.847
G0 X129.645 Y144.769
G1 F1500 E1057.61118
G1 X122.427 Y151.987 E1058.13403
G0 F7500 X122.426 Y151.365
G1 F1500 X129.022 Y144.77 E1058.61179
G0 F7500 X128.4 Y144.77
G1 F1500 X122.426 Y150.743 E1059.04449
G0 F7500 X122.426 Y150.122
G1 F1500 X127.777 Y144.77 E1059.43214
G0 F7500 X127.154 Y144.771
G1 F1500 X122.426 Y149.499 E1059.77462
G0 F7500 X122.425 Y148.878
G1 F1500 X126.531 Y144.772 E1060.07204
G0 F7500 X125.908 Y144.772
G1 F1500 X122.425 Y148.256 E1060.32438
G0 F7500 X122.424 Y147.634
G1 F1500 X125.286 Y144.772 E1060.53169
G0 F7500 X124.663 Y144.773
G1 F1500 X122.424 Y147.012 E1060.69388
G0 F7500 X122.424 Y146.39
G1 F1500 X124.04 Y144.774 E1060.81094
G0 F7500 X123.417 Y144.774
G1 F1500 X122.41 Y145.781 E1060.88388
G0 F7500 X122.292 Y145.277
G1 F1500 X122.794 Y144.775 E1060.92024
G0 F7500 X122.172 Y144.775
G1 F1500 X122.093 Y144.854 E1060.92597
G1 F1500 E1058.92597
G0 F7500 X144.385 Y141.23
G1 F1500 E1060.92597
G1 X145.419 Y140.196 E1061.00087
G0 F7500 X146.041 Y140.196
G1 F1500 X145.007 Y141.23 E1061.07577
G0 F7500 X145.629 Y141.23
G1 F1500 X146.663 Y140.196 E1061.15067
G0 F7500 X147.285 Y140.196
G1 F1500 X146.252 Y141.23 E1061.22553
G0 F7500 X146.875 Y141.229
G1 F1500 X147.908 Y140.196 E1061.30036
G0 F7500 X148.53 Y140.196
G1 F1500 X147.497 Y141.229 E1061.37518
G0 F7500 X148.119 Y141.229
G1 F1500 X149.152 Y140.196 E1061.45001
G0 F7500 X149.774 Y140.196
G1 F1500 X148.741 Y141.229 E1061.52484
G0 F7500 X149.364 Y141.228
G1 F1500 X150.397 Y140.196 E1061.59963
G0 F7500 X151.019 Y140.196
G1 F1500 X149.987 Y141.228 E1061.67438
G0 F7500 X150.609 Y141.228
G1 F1500 X151.641 Y140.196 E1061.74914
G0 F7500 X152.263 Y140.196
G1 F1500 X151.231 Y141.228 E1061.82389
G0 F7500 X151.853 Y141.228
G1 F1500 X152.886 Y140.196 E1061.89868
G0 F7500 X153.508 Y140.196
G1 F1500 X152.476 Y141.228 E1061.97344
G0 F7500 X153.099 Y141.228
G1 F1500 X154.13 Y140.196 E1062.04816
G0 F7500 X154.752 Y140.196
G1 F1500 X153.721 Y141.228 E1062.12288
G0 F7500 X154.343 Y141.228
G1 F1500 X155.375 Y140.196 E1062.19763
G0 F7500 X155.997 Y140.196
G1 F1500 X154.965 Y141.228 E1062.27239
G0 F7500 X155.588 Y141.227
G1 F1500 X156.619 Y140.196 E1062.34707
G0 F7500 X157.241 Y140.196
G1 F1500 X156.21 Y141.227 E1062.42175
G0 F7500 X156.833 Y141.227
G1 F1500 X157.864 Y140.196 E1062.49643
G0 F7500 X158.486 Y140.196
G1 F1500 X157.455 Y141.227 E1062.57112
G0 F7500 X158.078 Y141.226
G1 F1500 X159.108 Y140.196 E1062.64573
G0 F7500 X159.73 Y140.196
G1 F1500 X158.7 Y141.226 E1062.72034
G0 F7500 X159.322 Y141.226
G1 F1500 X160.353 Y140.196 E1062.79498
G0 F7500 X160.975 Y140.196
G1 F1500 X159.945 Y141.226 E1062.86959
G0 F7500 X160.567 Y141.226
G1 F1500 X161.597 Y140.196 E1062.9442
G0 F7500 X162.219 Y140.196
G1 F1500 X161.19 Y141.225 E1063.01874
G0 F7500 X161.812 Y141.225
G1 F1500 X162.842 Y140.196 E1063.09331
G0 F7500 X163.464 Y140.196
G1 F1500 X162.434 Y141.225 E1063.16789
G0 F7500 X163.057 Y141.225
G1 F1500 X164.086 Y140.196 E1063.24242
G0 F7500 X164.709 Y140.196
G1 F1500 X163.68 Y141.225 E1063.31696
G0 F7500 X164.302 Y141.225
G1 F1500 X165.331 Y140.196 E1063.3915
G0 F7500 X165.953 Y140.196
G1 F1500 X164.924 Y141.225 E1063.46604
G0 F7500 X165.546 Y141.225
G1 F1500 X166.468 Y140.303 E1063.53282
G0 F7500 X166.468 Y140.926
G1 F1500 X166.169 Y141.225 E1063.55448
G1 F1500 E1061.55448
G0 F7500 X131.065 Y184.174
G1 F1500 E1063.55448
G1 F1170.2 X131.03 Y184.235 E1063.5591
G1 X130.96 Y184.235 E1063.5637
G1 X130.925 Y184.174 E1063.56831
G1 X130.96 Y184.113 E1063.57293
G1 X131.03 Y184.113 E1063.57753
G1 X131.065 Y184.174 E1063.58214
G0 F7500 X131.7 Y185.379
G1 F1178.6 X131.665 Y185.44 E1063.58673
G1 X131.595 Y185.44 E1063.59129
G1 X131.56 Y185.379 E1063.59588
G1 X131.595 Y185.318 E1063.60046
G1 X131.665 Y185.318 E1063.60502
G1 X131.7 Y185.379 E1063.60961
G1 F1500 E1061.60961
;MESH:NONMESH
G0 F300 Z0.84
G0 F7500 X133.809 Y118.914
;TIME_ELAPSED:1119.197082
;LAYER:2
M106 S170
;TYPE:WALL-INNER
;MESH:din-rail-clip-mount.stl
G1 F1500 E1063.60961
G1 F1800 X133.574 Y118.887 E1063.62173
G1 X132.699 Y118.654 E1063.66811
G1 X132.399 Y118.482 E1063.68582
G1 X131.759 Y117.838 E1063.73232
G1 X131.591 Y117.545 E1063.74962
G1 F1537.9 X131.282 Y116.692 E1063.80401
G1 F1294.1 X131.246 Y116.631 E1063.80906
G1 F1239.4 X131.256 Y116.301 E1063.83362
G1 F1182.1 X131.333 Y115.914 E1063.86439
G1 F1166.4 X131.528 Y115.323 E1063.91358
G1 F1205.5 X131.686 Y115.082 E1063.93563
G1 F1175.1 X131.868 Y114.868 E1063.95767
G1 F1166.4 X132.399 Y114.384 E1064.01446
G1 F1183.9 X132.736 Y114.203 E1064.04425
G1 F1211 X133.651 Y113.997 E1064.11565
G1 F1466.7 X133.918 Y114.106 E1064.13378
G1 F1783.8 X134.792 Y114.346 E1064.18063
G1 F1800 X135.087 Y114.517 E1064.19809
G1 X135.727 Y115.157 E1064.24445
G1 X135.898 Y115.454 E1064.26201
G1 X136.13 Y116.326 E1064.30822
G1 X136.14 Y116.627 E1064.32365
G1 X135.871 Y117.632 E1064.37694
G1 X135.733 Y117.822 E1064.38897
G1 X135.093 Y118.478 E1064.43591
G1 X134.897 Y118.627 E1064.44852
G1 X133.809 Y118.914 E1064.50616
G1 F1500 E1062.50616
G0 F9000 X137.744 Y137.276
G1 F1500 E1064.50616
G1 F1166.4 X138.879 Y137.271 E1064.59587
G1 F1500 E1062.59587
G0 F9000 X143.744 Y137.276
G1 F1500 E1064.59587
G1 F1178.6 X168.244 Y137.276 E1066.51245
G1 F1500 E1064.51245
G0 F9000 X173.677 Y137.16
G1 F1500 E1066.51245
G1 F1800 X173.416 Y137.074 E1066.52653
G1 X173.194 Y136.865 E1066.54214
G1 X173.086 Y136.558 E1066.55881
G1 X173.084 Y120.468 E1067.38295
G1 X173.122 Y120.245 E1067.39454
G1 X173.207 Y120.084 E1067.40387
G1 X173.365 Y119.927 E1067.41527
G1 X173.681 Y119.811 E1067.43252
G1 X174.463 Y119.806 E1067.47257
G1 X174.687 Y119.893 E1067.48488
G1 X174.902 Y120.09 E1067.49982
G1 X175.019 Y120.431 E1067.51828
G1 X175.02 Y136.584 E1068.34565
G1 X174.916 Y136.857 E1068.36061
G1 X174.766 Y137.022 E1068.37203
G1 X174.444 Y137.155 E1068.38988
G1 X173.677 Y137.16 E1068.42917
G1 F1500 E1066.42917
G0 F9000 X178.31 Y118.914
G1 F1500 E1068.42917
G1 F1800 X178.074 Y118.887 E1068.44133
G1 X177.091 Y118.625 E1068.49344
G1 X176.899 Y118.482 E1068.5057
G1 X176.259 Y117.838 E1068.55221
G1 X176.117 Y117.646 E1068.56444
G1 X175.826 Y116.57 E1068.62153
G1 X175.854 Y116.328 E1068.63401
G1 X176.09 Y115.452 E1068.68048
G1 X176.261 Y115.157 E1068.69794
G1 X176.901 Y114.517 E1068.7443
G1 X177.196 Y114.346 E1068.76177
G1 X178.13 Y114.098 E1068.81127
G1 X178.407 Y114.107 E1068.82546
G1 X178.692 Y114.183 E1068.84057
G1 F1455.9 X179.143 Y114.196 E1068.86914
G1 F1231.7 X179.39 Y114.274 E1068.88853
G1 F1469.4 X179.561 Y114.493 E1068.90596
G1 F1800 X180.307 Y115.24 E1068.96004
G1 X180.398 Y115.455 E1068.972
G1 X180.652 Y116.41 E1069.02261
G1 X180.647 Y116.609 E1069.03281
G1 X180.399 Y117.542 E1069.08226
G1 X180.229 Y117.838 E1069.09974
G1 X179.588 Y118.482 E1069.14628
G1 X179.29 Y118.654 E1069.16391
G1 X178.31 Y118.914 E1069.21584
G1 F1500 E1067.21584
G0 F9000 X168.379 Y162.717
G1 F1500 E1069.21584
G1 F1147.8 X143.609 Y162.727 E1071.20545
G1 F1500 E1069.20545
G0 F9000 X138.744 Y162.722
G1 F1500 E1071.20545
G1 F1159.6 X137.609 Y162.727 E1071.29569
G1 F1500 E1069.29569
G0 F9000 X144.398 Y164.153
G0 X150 Y164.165
G0 X150 Y160.856
G1 F1500 E1071.29569
G1 F1800 X167.084 Y160.856 E1072.17074
G1 X167.084 Y158.16 E1072.30883
G1 X143.744 Y158.16 E1073.50432
G1 X143.489 Y158.11 E1073.51763
G1 X143.288 Y157.978 E1073.52995
G1 X143.161 Y157.811 E1073.54069
G1 X143.084 Y157.601 E1073.55215
G1 X143.084 Y153.025 E1073.78654
G1 X143.194 Y152.735 E1073.80242
G1 X143.518 Y152.498 E1073.82298
G1 X143.194 Y152.261 E1073.84355
G1 X143.084 Y151.971 E1073.85943
G1 X143.084 Y148.074 E1074.05904
G1 X143.194 Y147.734 E1074.07734
G1 X143.519 Y147.5 E1074.09786
G1 X143.194 Y147.266 E1074.11837
G1 X143.084 Y147.019 E1074.13222
G1 X143.084 Y142.399 E1074.36886
G1 X143.161 Y142.189 E1074.38031
G1 X143.288 Y142.021 E1074.3911
G1 X143.49 Y141.89 E1074.40343
G1 X143.661 Y141.84 E1074.41256
G1 X167.084 Y141.84 E1075.6123
G1 X167.084 Y139.14 E1075.75059
G1 X130.404 Y139.14 E1077.62937
G1 X130.404 Y143.5 E1077.85269
G1 X130.374 Y143.698 E1077.86294
G1 X130.17 Y144.005 E1077.88182
G1 X129.944 Y144.13 E1077.89505
G1 X129.814 Y144.157 E1077.90185
G1 X121.208 Y144.161 E1078.34266
G1 F1980 X120.252 Y144.12 E1078.38721
G1 F2112 X119.801 Y144.135 E1078.40691
G1 F1903.8 X119.343 Y144.232 E1078.42959
G1 F1763.9 X118.978 Y144.427 E1078.45121
G1 F1733 X118.683 Y144.722 E1078.47341
G1 F1767.9 X118.487 Y145.088 E1078.49506
G1 F1913 X118.386 Y145.551 E1078.5179
G1 F2117.6 X118.372 Y146 E1078.53746
G1 F2187.8 X118.374 Y154.127 E1078.87993
G1 F2100.8 X118.386 Y154.445 E1078.8939
G1 F1913 X118.487 Y154.908 E1078.91674
G1 F1767.9 X118.683 Y155.274 E1078.93839
G1 F1733 X118.978 Y155.569 E1078.96059
G1 F1767.9 X119.344 Y155.765 E1078.98224
G1 F1913 X119.804 Y155.865 E1079.00493
G1 F2117.6 X120.252 Y155.88 E1079.02444
G1 F1980 X121.221 Y155.84 E1079.0696
G1 F1800 X129.814 Y155.843 E1079.50974
G1 X130.053 Y155.916 E1079.52254
G1 X130.17 Y155.995 E1079.52977
G1 X130.331 Y156.197 E1079.543
G1 X130.404 Y156.418 E1079.55492
G1 X130.404 Y160.856 E1079.78224
G1 X150 Y160.856 E1080.78596
G1 F1500 E1078.78596
G0 F9000 X150 Y186.805
G1 F1500 E1080.78596
G1 F1800 X178.607 Y186.808 E1082.25123
G1 X178.958 Y186.676 E1082.27043
G1 F1450.5 X179.332 Y186.422 E1082.29917
G1 F1229.8 X179.614 Y186.322 E1082.3216
G1 F1207.3 X180.062 Y186.132 E1082.35876
G1 F1200 X180.814 Y185.307 E1082.44453
G1 F1203.6 X181.08 Y184.988 E1082.47634
G1 F1196.4 X181.371 Y183.838 E1082.56776
G1 F1315.6 X181.584 Y183.429 E1082.60008
G1 F1440 X181.584 Y181.67 E1082.7127
G1 F1447.9 X181.584 Y179.911 E1082.8247
G1 F1455.9 X181.584 Y178.152 E1082.9361
G1 F1464 X181.584 Y176.393 E1083.04688
G1 F1472.1 X181.584 Y174.634 E1083.15704
G1 F1480.4 X181.584 Y172.875 E1083.26659
G1 F1488.7 X181.584 Y171.116 E1083.37552
G1 F1497.2 X181.584 Y169.357 E1083.48385
G1 F1505.7 X181.584 Y167.598 E1083.59155
G1 F1514.3 X181.584 Y165.839 E1083.69865
G1 F1523.1 X181.584 Y164.08 E1083.80512
G1 F1531.9 X181.584 Y162.321 E1083.91099
G1 F1540.9 X181.584 Y160.562 E1084.01624
G1 F1546.9 X181.584 Y158.803 E1084.12108
G1 F1556 X181.584 Y157.044 E1084.2253
G1 F1565.2 X181.584 Y155.285 E1084.32892
G1 F1574.6 X181.584 Y153.526 E1084.43191
G1 F1584 X181.584 Y151.767 E1084.5343
G1 F1593.6 X181.584 Y150.008 E1084.63606
G1 F1603.2 X181.584 Y148.249 E1084.73722
G1 F1613 X181.584 Y146.49 E1084.83776
G1 F1623 X181.584 Y144.731 E1084.93768
G1 F1633 X181.584 Y142.972 E1085.037
G1 F1643.2 X181.584 Y141.213 E1085.13569
G1 F1653.4 X181.584 Y139.454 E1085.23378
G1 F1660.4 X181.584 Y137.695 E1085.33145
G1 F1670.9 X181.584 Y135.936 E1085.42851
G1 F1681.5 X181.584 Y134.177 E1085.52495
G1 F1692.3 X181.584 Y132.418 E1085.62078
G1 F1703.2 X181.584 Y130.659 E1085.716
G1 F1714.3 X181.584 Y128.9 E1085.8106
G1 F1725.5 X181.584 Y127.141 E1085.90459
G1 F1736.8 X181.584 Y125.382 E1085.99796
G1 F1748.3 X181.584 Y123.623 E1086.09072
G1 F1760 X181.584 Y121.864 E1086.18287
G1 F1771.8 X181.584 Y120.105 E1086.2744
G1 F1783.8 X181.584 Y118.346 E1086.36531
G1 F1795.9 X181.584 Y116.587 E1086.45562
G1 F1800 X181.186 Y114.953 E1086.54176
G1 F1616.3 X180.105 Y113.738 E1086.63452
G1 F1346.9 X179.616 Y113.679 E1086.66824
G1 F1231.7 X179.342 Y113.581 E1086.69002
G1 F1455.9 X178.969 Y113.327 E1086.7186
G1 F1800 X178.606 Y113.188 E1086.73851
G1 X134.269 Y113.188 E1089.00947
G1 F1783.8 X133.98 Y113.228 E1089.02455
G1 F1466.7 X133.575 Y113.369 E1089.05151
G1 F1196.4 X132.614 Y113.516 E1089.12643
G1 F1200 X132.083 Y113.845 E1089.17442
G1 F1196.4 X131.355 Y114.386 E1089.24432
G1 X131.003 Y114.983 E1089.29773
G1 X130.649 Y115.739 E1089.36206
G1 F1231.7 X130.595 Y116.783 E1089.44031
G1 F1537.9 X130.52 Y117.687 E1089.49469
G1 F1800 X130.52 Y136.5 E1090.45831
G1 X130.449 Y136.8 E1090.4741
G1 X130.404 Y136.827 E1090.47678
G1 X130.404 Y137.392 E1090.50572
G1 X136.968 Y137.392 E1090.84194
G1 F1424.5 X137.744 Y137.276 E1090.89272
G1 X137.216 Y136.896 E1090.93483
G1 F1800 X137.084 Y136.5 E1090.95621
G1 X137.084 Y120.347 E1091.78357
G1 X137.184 Y120.118 E1091.79637
G1 X137.398 Y119.905 E1091.81184
G1 X137.623 Y119.808 E1091.82439
G1 X138.813 Y119.811 E1091.88534
G1 X139.004 Y119.861 E1091.89545
G1 X139.195 Y119.985 E1091.90712
G1 X139.366 Y120.245 E1091.92306
G1 X139.404 Y120.468 E1091.93464
G1 X139.404 Y136.5 E1092.75581
G1 X139.272 Y136.896 E1092.77719
G1 F1406.7 X138.879 Y137.271 E1092.81279
G1 X139.52 Y137.392 E1092.85555
G1 F1800 X142.968 Y137.392 E1093.03215
G1 F1424.5 X143.744 Y137.276 E1093.08294
G1 X143.216 Y136.896 E1093.12504
G1 F1800 X143.084 Y136.5 E1093.14642
G1 X143.084 Y120.468 E1093.96759
G1 X143.122 Y120.245 E1093.97918
G1 X143.293 Y119.985 E1093.99512
G1 X143.478 Y119.863 E1094.00647
G1 X143.659 Y119.808 E1094.01616
G1 X168.838 Y119.808 E1095.30584
G1 X169.01 Y119.863 E1095.31509
G1 X169.195 Y119.985 E1095.32644
G1 X169.366 Y120.245 E1095.34238
G1 X169.404 Y120.468 E1095.35397
G1 X169.402 Y136.558 E1096.17811
G1 X169.294 Y136.865 E1096.19478
G1 X169.05 Y137.085 E1096.21161
G1 F1424.5 X168.244 Y137.276 E1096.26522
G1 X168.63 Y137.516 E1096.29464
G1 F1800 X168.834 Y137.755 E1096.31073
G1 X168.902 Y137.997 E1096.32361
G1 X168.9 Y146.98 E1096.78372
G1 X168.782 Y147.283 E1096.80038
G1 X168.47 Y147.5 E1096.81984
G1 X168.782 Y147.717 E1096.83931
G1 X168.902 Y148.043 E1096.8571
G1 X168.9 Y151.976 E1097.05855
G1 X168.783 Y152.278 E1097.07514
G1 X168.469 Y152.498 E1097.09478
G1 X168.783 Y152.718 E1097.11442
G1 X168.901 Y153.029 E1097.13146
G1 X168.902 Y161.998 E1097.59085
G1 X168.834 Y162.24 E1097.60373
G1 F1725.5 X168.64 Y162.497 E1097.62094
G1 F1356.2 X168.379 Y162.717 E1097.64414
G1 F1401.8 X169.052 Y162.915 E1097.69028
G1 F1800 X169.294 Y163.135 E1097.70703
G1 X169.371 Y163.292 E1097.71599
G1 X169.404 Y163.5 E1097.72678
G1 X169.402 Y179.586 E1098.55071
G1 X169.366 Y179.751 E1098.55936
G1 X169.195 Y180.011 E1098.5753
G1 X169.01 Y180.133 E1098.58665
G1 X168.829 Y180.188 E1098.59634
G1 X143.65 Y180.188 E1099.88603
G1 X143.478 Y180.133 E1099.89528
G1 X143.293 Y180.011 E1099.90663
G1 X143.122 Y179.751 E1099.92257
G1 X143.086 Y179.586 E1099.93122
G1 X143.084 Y163.5 E1100.75515
G1 X143.216 Y163.103 E1100.77658
G1 F1401.8 X143.609 Y162.727 E1100.81235
G1 X142.966 Y162.604 E1100.85541
G1 F1800 X139.522 Y162.604 E1101.03181
G1 F1419.4 X138.744 Y162.722 E1101.08293
G1 X139.272 Y163.103 E1101.12522
G1 F1800 X139.404 Y163.5 E1101.14665
G1 X139.402 Y179.586 E1101.97059
G1 X139.281 Y179.912 E1101.9884
G1 X139.123 Y180.069 E1101.99981
G1 X138.813 Y180.185 E1102.01676
G1 X137.618 Y180.188 E1102.07797
G1 X137.389 Y180.085 E1102.09083
G1 X137.18 Y179.872 E1102.10612
G1 X137.084 Y179.647 E1102.11865
G1 X137.084 Y163.5 E1102.9457
G1 X137.216 Y163.103 E1102.96713
G1 F1401.8 X137.609 Y162.727 E1103.00291
G1 X136.966 Y162.604 E1103.04597
G1 F1800 X130.404 Y162.604 E1103.38208
G1 X130.404 Y163.173 E1103.41122
G1 X130.449 Y163.201 E1103.41393
G1 X130.52 Y163.5 E1103.42968
G1 X130.521 Y182.311 E1104.39319
G1 F1461.3 X130.623 Y183.218 E1104.45077
G1 F1247.2 X130.613 Y183.5 E1104.47163
G1 F1257.1 X130.617 Y183.685 E1104.4852
G1 F1296.2 X130.496 Y184.299 E1104.52971
G1 F1289.9 X130.902 Y184.802 E1104.57592
G1 F1241.4 X131.095 Y185.176 E1104.60717
G1 F1472.1 X131.202 Y185.593 E1104.63414
G1 F1619.6 X131.271 Y185.724 E1104.64257
G1 F1346.9 X131.923 Y186.037 E1104.69207
G1 F1243.3 X132.237 Y186.256 E1104.72046
G1 F1192.8 X132.615 Y186.483 E1104.75454
G1 F1196.4 X133.579 Y186.629 E1104.82968
G1 F1239.4 X133.765 Y186.647 E1104.84358
G1 F1461.3 X134.238 Y186.804 E1104.87502
G1 F1800 X150 Y186.805 E1105.68236
G1 F1500 E1103.68236
G0 F9000 X133.756 Y186.023
G1 F1500 E1105.68236
G1 F1168.1 X132.828 Y185.818 E1105.75737
G1 F1192.8 X132.551 Y185.705 E1105.7805
G1 F1243.3 X132.33 Y185.551 E1105.80047
G1 F1472.1 X131.96 Y185.039 E1105.84003
G1 X131.627 Y184.835 E1105.86449
G1 F1241.4 X131.494 Y184.571 E1105.88644
G1 F1466.7 X131.457 Y184.052 E1105.91915
G1 F1474.9 X131.246 Y183.631 E1105.94859
G1 F1239.4 X131.256 Y183.301 E1105.97315
G1 F1461.3 X131.59 Y182.452 E1106.03071
G1 F1800 X131.761 Y182.157 E1106.04818
G1 X132.401 Y181.517 E1106.09454
G1 X132.696 Y181.346 E1106.112
G1 X133.572 Y181.11 E1106.15847
G1 X133.81 Y181.081 E1106.17075
G1 X134.895 Y181.374 E1106.22832
G1 X135.087 Y181.517 E1106.24058
G1 X135.727 Y182.157 E1106.28694
G1 X135.869 Y182.346 E1106.29905
G1 X136.14 Y183.369 E1106.35325
G1 X136.13 Y183.67 E1106.36868
G1 X135.898 Y184.542 E1106.4149
G1 X135.729 Y184.838 E1106.43236
G1 X135.089 Y185.482 E1106.47886
G1 X134.789 Y185.654 E1106.49657
G1 X134.17 Y185.819 E1106.52939
G1 F1432.2 X133.756 Y186.023 E1106.5591
G1 F1500 E1104.5591
G0 F9000 X120.252 Y155.52
G1 F1500 E1106.5591
G1 F2051.8 X119.767 Y155.47 E1106.58101
G1 F1876.8 X119.316 Y155.262 E1106.6054
G1 F1775.8 X119.037 Y154.983 E1106.62589
G1 F1767.9 X118.893 Y154.738 E1106.64071
G1 F1936.4 X118.777 Y154.446 E1106.65567
G1 F2146.3 X118.732 Y154 E1106.67493
G1 F2187.8 X118.737 Y145.903 E1107.01614
G1 F2106.4 X118.783 Y145.509 E1107.0335
G1 F1927 X118.99 Y145.06 E1107.05716
G1 F1850.5 X119.32 Y144.73 E1107.08041
G1 F1950.7 X119.773 Y144.528 E1107.10385
G1 F2117.6 X120.252 Y144.48 E1107.12481
G1 X120.752 Y144.53 E1107.14669
G1 F1913 X121.169 Y144.723 E1107.16883
G1 F1800 X121.522 Y145.076 E1107.1944
G1 X121.745 Y145.516 E1107.21967
G1 X121.812 Y145.942 E1107.24176
G1 X121.812 Y154.054 E1107.65726
G1 X121.744 Y154.482 E1107.67946
G1 X121.523 Y154.919 E1107.70454
G1 X121.171 Y155.271 E1107.73004
G1 F1913 X120.752 Y155.47 E1107.75239
G1 F2117.6 X120.252 Y155.52 E1107.77427
G1 F1500 E1105.77427
G0 F9000 X173.679 Y180.185
G1 F1500 E1107.77427
G1 F1800 X173.365 Y180.069 E1107.79141
G1 X173.207 Y179.912 E1107.80282
G1 X173.086 Y179.586 E1107.82063
G1 X173.084 Y163.5 E1108.64457
G1 X173.117 Y163.292 E1108.65536
G1 X173.194 Y163.135 E1108.66431
G1 X173.417 Y162.926 E1108.67997
G1 X173.677 Y162.84 E1108.69399
G1 X174.444 Y162.845 E1108.73328
G1 X174.766 Y162.978 E1108.75113
G1 X174.916 Y163.143 E1108.76255
G1 X175.02 Y163.401 E1108.7768
G1 X175.019 Y179.569 E1109.60493
G1 X174.911 Y179.892 E1109.62237
G1 X174.689 Y180.101 E1109.63799
G1 X174.468 Y180.188 E1109.65016
G1 X173.679 Y180.185 E1109.69057
G1 F1500 E1107.69057
G0 F9000 X177.324 Y182.967
G0 X178.245 Y184.563
G0 X178.24 Y185.93
G1 F1500 E1109.69057
G1 F1800 X177.199 Y185.654 E1109.74573
G1 X176.899 Y185.482 E1109.76345
G1 X176.259 Y184.838 E1109.80995
G1 X176.09 Y184.545 E1109.82728
G1 X175.854 Y183.673 E1109.87355
G1 X175.826 Y183.431 E1109.88603
G1 X176.118 Y182.349 E1109.94343
G1 X176.261 Y182.157 E1109.95569
G1 X176.901 Y181.517 E1110.00205
G1 X177.091 Y181.374 E1110.01423
G1 X178.072 Y181.11 E1110.06627
G1 X178.309 Y181.081 E1110.0785
G1 X179.292 Y181.346 E1110.13064
G1 X179.587 Y181.517 E1110.14811
G1 X180.227 Y182.157 E1110.19447
G1 X180.399 Y182.455 E1110.21209
G1 X180.631 Y183.331 E1110.25851
G1 F1447.9 X180.737 Y183.683 E1110.28192
G1 F1192.8 X180.451 Y184.755 E1110.36768
G1 F1175.1 X179.64 Y185.595 E1110.45929
G1 F1207.3 X179.389 Y185.726 E1110.48091
G1 F1229.8 X179.134 Y185.803 E1110.50088
G1 F1450.5 X178.683 Y185.813 E1110.52955
G1 F1800 X178.24 Y185.93 E1110.55302
G0 F9000 X178.242 Y185.476
;TYPE:WALL-OUTER
G1 F1800 X177.311 Y185.229 E1110.60236
G1 X177.211 Y185.172 E1110.60825
G1 X176.531 Y184.487 E1110.65769
G1 X176.264 Y183.503 E1110.70991
G1 X176.539 Y182.501 E1110.76313
G1 X177.245 Y181.795 E1110.81428
G1 X178.243 Y181.519 E1110.86731
G1 X179.234 Y181.786 E1110.91988
G1 X179.916 Y182.468 E1110.96928
G1 X179.973 Y182.567 E1110.97514
G1 X180.219 Y183.504 E1111.02476
G1 X179.954 Y184.491 E1111.0771
G1 X179.222 Y185.217 E1111.12991
G1 X178.242 Y185.476 E1111.18183
G1 F1500 E1109.18183
G0 F9000 X178.245 Y184.563
G0 X177.324 Y182.967
G0 X173.707 Y179.749
G1 F1500 E1111.18183
G1 F1800 X173.565 Y179.656 E1111.19052
G1 X173.524 Y179.548 E1111.19644
G1 X173.524 Y163.5 E1112.01843
G1 X173.56 Y163.378 E1112.02494
G1 X173.711 Y163.282 E1112.03411
G1 X174.388 Y163.281 E1112.06878
G1 X174.496 Y163.326 E1112.07478
G1 X174.576 Y163.457 E1112.08264
G1 X174.58 Y179.542 E1112.90652
G1 X174.544 Y179.65 E1112.91235
G1 X174.411 Y179.743 E1112.92067
G1 X173.707 Y179.749 E1112.95673
G1 F1500 E1110.95673
G0 F9000 X150 Y179.744
G1 F1500 E1112.95673
G1 F1800 X143.698 Y179.744 E1113.27952
G1 X143.593 Y179.689 E1113.28559
G1 X143.524 Y179.585 E1113.29198
G1 X143.524 Y163.5 E1114.11587
G1 X143.568 Y163.367 E1114.12304
G1 X143.706 Y163.283 E1114.13132
G1 X168.819 Y163.28 E1115.41762
G1 X168.928 Y163.378 E1115.42513
G1 X168.964 Y163.5 E1115.43164
G1 X168.964 Y179.548 E1116.25363
G1 X168.923 Y179.656 E1116.25955
G1 X168.79 Y179.744 E1116.26772
G1 X150 Y179.744 E1117.23015
G1 F1500 E1115.23015
G0 F9000 X150 Y187.248
G1 F1500 E1117.23015
G1 F1800 X178.687 Y187.248 E1118.69952
G1 X180.387 Y186.605 E1118.79261
G1 X181.587 Y185.254 E1118.88517
G1 X182.024 Y183.473 E1118.9791
G1 X182.024 Y116.523 E1122.40832
G1 X181.587 Y114.742 E1122.50225
G1 X180.387 Y113.395 E1122.59465
G1 X178.687 Y112.748 E1122.68782
G1 X134.242 Y112.748 E1124.96432
G1 X132.409 Y112.972 E1125.0589
G1 X130.918 Y113.999 E1125.15164
G1 X130.081 Y115.599 E1125.24413
G1 X130.08 Y136.586 E1126.31909
G1 X129.964 Y136.657 E1126.32606
G1 X129.964 Y137.832 E1126.38624
G1 X168.244 Y137.832 E1128.34697
G1 X168.373 Y137.873 E1128.3539
G1 X168.464 Y138.033 E1128.36333
G1 X168.46 Y146.945 E1128.81981
G1 F1660.4 X168.311 Y147.148 E1128.83379
G1 F1505.7 X168.198 Y147.201 E1128.84143
G1 F1543.9 X167.682 Y147.001 E1128.87448
G1 F1808.2 X167.144 Y146.537 E1128.91071
G1 F2163.9 X166.631 Y145.904 E1128.94542
G1 F2295.7 X166.212 Y145.308 E1128.97468
G1 F2187.8 X165.637 Y144.522 E1129.01572
G1 F1980 X165.159 Y143.963 E1129.04997
G1 F1636.4 X164.662 Y143.568 E1129.08574
G1 F1379.8 X164.268 Y143.417 E1129.11393
G1 F1367.9 X163.951 Y143.446 E1129.13539
G1 F1469.4 X163.51 Y143.663 E1129.16622
G1 F1736.8 X162.982 Y144.151 E1129.20439
G1 F2117.6 X162.422 Y144.872 E1129.24414
G1 F2224.7 X161.518 Y146.135 E1129.3085
G1 F2051.8 X161.002 Y146.712 E1129.34329
G1 F1629.6 X160.463 Y147.101 E1129.38089
G1 F1372.6 X160.183 Y147.16 E1129.40011
G1 F1424.5 X159.884 Y147.178 E1129.4195
G1 F1643.2 X159.332 Y146.869 E1129.455
G1 F1941.2 X158.805 Y146.343 E1129.49036
G1 F2212.3 X158.298 Y145.676 E1129.52528
G1 F2289 X157.866 Y145.06 E1129.55558
G1 F2117.6 X157.302 Y144.309 E1129.59647
G1 F1775.8 X156.798 Y143.786 E1129.63418
G1 F1483.1 X156.352 Y143.497 E1129.66722
G1 F1356.2 X155.993 Y143.405 E1129.69241
G1 X155.636 Y143.497 E1129.71748
G1 F1483.1 X155.19 Y143.786 E1129.75051
G1 F1775.8 X154.68 Y144.316 E1129.7887
G1 F2117.6 X154.104 Y145.085 E1129.83053
G1 F2289 X153.685 Y145.683 E1129.85994
G1 F2212.3 X153.178 Y146.348 E1129.89479
G1 F1936.4 X152.656 Y146.869 E1129.92991
G1 F1590.4 X152.167 Y147.143 E1129.9624
G1 F1414.3 X151.976 Y147.195 E1129.97531
G1 F1404.3 X151.525 Y147.102 E1130.00554
G1 F1629.6 X150.983 Y146.712 E1130.04332
G1 F2062.5 X150.457 Y146.118 E1130.07878
G1 F2200 X149.47 Y144.744 E1130.14968
G1 F2073.3 X149.004 Y144.152 E1130.18318
G1 F1725.5 X148.478 Y143.663 E1130.22156
G1 F1466.7 X148.033 Y143.446 E1130.25268
G1 F1365.5 X147.716 Y143.418 E1130.27417
G1 F1379.8 X147.326 Y143.568 E1130.30209
G1 F1643.2 X146.812 Y143.978 E1130.33898
G1 F2015.3 X146.285 Y144.605 E1130.37645
G1 F2212.3 X145.348 Y145.916 E1130.44361
G1 F2163.9 X144.844 Y146.537 E1130.47768
G1 F1800 X144.297 Y147.006 E1130.51459
G1 F1537.9 X143.789 Y147.199 E1130.54717
G1 F1508.6 X143.677 Y147.148 E1130.55469
G1 F1663.9 X143.527 Y146.942 E1130.56881
G1 F1800 X143.529 Y142.451 E1130.79884
G1 X143.592 Y142.34 E1130.80538
G1 X143.706 Y142.283 E1130.81191
G1 X167.524 Y142.28 E1132.03188
G1 X167.524 Y138.7 E1132.21525
G1 X129.964 Y138.7 E1134.1391
G1 X129.961 Y143.537 E1134.38685
G1 X129.922 Y143.631 E1134.39206
G1 X129.79 Y143.716 E1134.4001
G1 X119.769 Y143.72 E1134.91339
G1 X119.205 Y143.808 E1134.94262
G1 X118.711 Y144.061 E1134.97105
G1 X118.317 Y144.455 E1134.99959
G1 X118.064 Y144.95 E1135.02807
G1 X117.972 Y145.518 E1135.05754
G1 X117.972 Y154.478 E1135.51648
G1 X118.064 Y155.046 E1135.54595
G1 X118.317 Y155.541 E1135.57442
G1 X118.711 Y155.935 E1135.60296
G1 X119.206 Y156.188 E1135.63144
G1 X119.77 Y156.279 E1135.6607
G1 X129.79 Y156.284 E1136.17393
G1 X129.905 Y156.349 E1136.1807
G1 X129.961 Y156.463 E1136.1872
G1 X129.964 Y161.296 E1136.43475
G1 X167.524 Y161.296 E1138.3586
G1 X167.524 Y157.72 E1138.54176
G1 X143.683 Y157.72 E1139.76291
G1 X143.592 Y157.66 E1139.76849
G1 X143.529 Y157.549 E1139.77503
G1 X143.527 Y153.058 E1140.00506
G1 F1725.5 X143.679 Y152.869 E1140.01802
G1 F1497.2 X143.818 Y152.819 E1140.02712
G1 F1483.1 X144.307 Y152.995 E1140.05943
G1 F1808.2 X144.844 Y153.459 E1140.09561
G1 F2163.9 X145.354 Y154.089 E1140.13015
G1 F2289 X145.774 Y154.689 E1140.15965
G1 F2175.8 X146.344 Y155.47 E1140.20062
G1 F1980 X146.826 Y156.034 E1140.23516
G1 F1636.4 X147.326 Y156.432 E1140.27117
G1 F1382.2 X147.715 Y156.58 E1140.29893
G1 F1372.6 X148.034 Y156.551 E1140.32045
G1 F1474.9 X148.479 Y156.334 E1140.3514
G1 F1744.5 X149.013 Y155.837 E1140.38995
G1 F2129 X149.567 Y155.124 E1140.42905
G1 F2275.9 X149.979 Y154.534 E1140.4582
G1 X150.458 Y153.878 E1140.49111
G1 F2062.5 X150.983 Y153.288 E1140.52641
G1 F1629.6 X151.526 Y152.897 E1140.56427
G1 F1367.9 X151.805 Y152.839 E1140.58348
G1 F1419.4 X152.102 Y152.821 E1140.6028
G1 F1636.4 X152.657 Y153.131 E1140.63862
G1 F1931.7 X153.177 Y153.647 E1140.67358
G1 F2212.3 X153.689 Y154.321 E1140.70886
G1 F2289 X154.115 Y154.926 E1140.73866
G1 F2200 X154.643 Y155.643 E1140.77598
G1 F1970.1 X155.171 Y156.2 E1140.81189
G1 F1565.2 X155.637 Y156.503 E1140.84464
G1 F1353.8 X155.993 Y156.594 E1140.86966
G1 X156.351 Y156.503 E1140.89481
G1 F1543.9 X156.815 Y156.202 E1140.92784
G1 F1867.9 X157.309 Y155.68 E1140.96332
G1 F2117.6 X157.891 Y154.901 E1141.00565
G1 F2295.7 X158.304 Y154.314 E1141.03448
G1 F2218.5 X158.811 Y153.648 E1141.06926
G1 F1931.7 X159.331 Y153.131 E1141.10426
G1 F1636.4 X159.885 Y152.821 E1141.14003
G1 F1419.4 X160.181 Y152.838 E1141.15929
G1 F1367.9 X160.463 Y152.899 E1141.17874
G1 F1626.3 X161.002 Y153.288 E1141.21642
G1 F2051.8 X161.514 Y153.861 E1141.25095
G1 F2262.9 X162.009 Y154.539 E1141.28515
G1 F2237.3 X162.514 Y155.252 E1141.32116
G1 F2084.2 X162.982 Y155.848 E1141.35468
G1 F1736.8 X163.509 Y156.334 E1141.39273
G1 F1474.9 X163.95 Y156.551 E1141.42346
G1 F1370.2 X164.269 Y156.579 E1141.445
G1 F1379.8 X164.662 Y156.432 E1141.47304
G1 F1643.2 X165.174 Y156.021 E1141.50988
G1 F2020.4 X165.714 Y155.38 E1141.54813
G1 F2212.3 X166.644 Y154.076 E1141.61488
G1 F2158 X167.144 Y153.459 E1141.6488
G1 F1800 X167.693 Y152.989 E1141.68582
G1 F1540.9 X168.159 Y152.815 E1141.71558
G1 F1559.1 X168.308 Y152.869 E1141.72496
G1 F1721.7 X168.424 Y152.972 E1141.73326
G1 F1800 X168.464 Y153.081 E1141.73921
G1 X168.464 Y161.962 E1142.1941
G1 X168.373 Y162.123 E1142.20357
G1 X168.282 Y162.161 E1142.20863
G1 X129.964 Y162.164 E1144.1713
G1 X129.964 Y163.343 E1144.23169
G1 X130.08 Y163.414 E1144.23865
G1 X130.08 Y184.401 E1145.31362
G1 X130.918 Y185.997 E1145.40595
G1 X132.409 Y187.027 E1145.49877
G1 X134.242 Y187.248 E1145.59334
G1 X150 Y187.248 E1146.40047
G1 F1500 E1144.40047
G0 F9000 X138.786 Y179.745
G1 F1500 E1146.40047
G1 F1800 X137.701 Y179.748 E1146.45605
G1 X137.617 Y179.709 E1146.46079
G1 X137.524 Y179.567 E1146.46949
G1 X137.524 Y163.5 E1147.29245
G1 X137.568 Y163.367 E1147.29962
G1 X137.706 Y163.283 E1147.3079
G1 X138.744 Y163.28 E1147.36106
G1 X138.92 Y163.367 E1147.37112
G1 X138.964 Y163.5 E1147.3783
G1 X138.964 Y179.548 E1148.20028
G1 X138.923 Y179.656 E1148.2062
G1 X138.786 Y179.745 E1148.21457
G1 F1500 E1146.21457
G0 F9000 X134.666 Y182.967
G0 X133.745 Y184.563
G0 X133.734 Y185.474
G1 F1500 E1148.21457
G1 F1800 X132.759 Y185.215 E1148.26624
G1 X132.029 Y184.483 E1148.31919
G1 X131.764 Y183.497 E1148.37149
G1 X132.015 Y182.566 E1148.42088
G1 X132.072 Y182.468 E1148.42668
G1 X132.754 Y181.786 E1148.47609
G1 X133.686 Y181.535 E1148.52552
G1 X133.802 Y181.535 E1148.53147
G1 X134.743 Y181.795 E1148.58147
G1 X135.449 Y182.501 E1148.63261
G1 X135.719 Y183.505 E1148.68586
G1 X135.457 Y184.487 E1148.73792
G1 X134.777 Y185.172 E1148.78736
G1 X134.677 Y185.229 E1148.79326
G1 X133.734 Y185.474 E1148.84316
G1 F1500 E1146.84316
G0 F9000 X120.252 Y155.124
G1 F1500 E1148.84316
G1 F1800 X119.904 Y155.068 E1148.86122
G1 X119.574 Y154.886 E1148.88052
G1 X119.352 Y154.661 E1148.89671
G1 X119.188 Y154.349 E1148.91476
G1 X119.134 Y154.035 E1148.93108
G1 X119.134 Y145.965 E1149.34443
G1 X119.184 Y145.648 E1149.36087
G1 X119.366 Y145.318 E1149.38017
G1 X119.591 Y145.096 E1149.39636
G1 X119.905 Y144.935 E1149.41444
G1 X120.251 Y144.876 E1149.43241
G1 X120.601 Y144.931 E1149.45056
G1 X120.915 Y145.091 E1149.46861
G1 X121.162 Y145.338 E1149.4865
G1 X121.321 Y145.651 E1149.50449
G1 X121.37 Y145.965 E1149.52076
G1 X121.37 Y154.035 E1149.93412
G1 X121.321 Y154.345 E1149.95019
G1 X121.162 Y154.658 E1149.96817
G1 X120.916 Y154.904 E1149.98599
G1 X120.602 Y155.069 E1150.00416
G1 X120.252 Y155.124 E1150.02231
G1 F1500 E1148.02231
G0 F9000 X138.782 Y136.717
G1 F1500 E1150.02231
G1 F1800 X137.744 Y136.72 E1150.07548
G1 X137.568 Y136.632 E1150.08555
G1 X137.524 Y136.5 E1150.09268
G1 X137.524 Y120.426 E1150.916
G1 X137.562 Y120.343 E1150.92068
G1 X137.701 Y120.248 E1150.9293
G1 X138.786 Y120.251 E1150.98487
G1 X138.895 Y120.307 E1150.99115
G1 X138.964 Y120.411 E1150.99754
G1 X138.964 Y136.5 E1151.82163
G1 X138.92 Y136.632 E1151.82876
G1 X138.782 Y136.717 E1151.83706
G1 F1500 E1149.83706
G0 F9000 X144.398 Y135.847
G0 X150 Y135.835
G0 X150 Y136.72
G1 F1500 E1151.83706
G1 F1800 X143.744 Y136.72 E1152.1575
G1 X143.568 Y136.632 E1152.16758
G1 X143.524 Y136.5 E1152.1747
G1 X143.524 Y120.409 E1152.99889
G1 X143.617 Y120.287 E1153.00675
G1 X143.698 Y120.252 E1153.01127
G1 X168.79 Y120.252 E1154.2965
G1 X168.895 Y120.307 E1154.30257
G1 X168.964 Y120.411 E1154.30896
G1 X168.964 Y136.52 E1155.13408
G1 X168.928 Y136.622 E1155.13962
G1 X168.818 Y136.72 E1155.14716
G1 X150 Y136.72 E1156.11103
G1 F1500 E1154.11103
G0 F9000 X150 Y153.917
G1 F1500 E1156.11103
G1 F2309 X149.757 Y154.262 E1156.12788
G1 F2275.9 X149.279 Y154.918 E1156.16076
G1 F2062.5 X148.753 Y155.512 E1156.19623
G1 F1699.6 X148.233 Y155.886 E1156.23098
G1 F1419.4 X147.932 Y155.96 E1156.25111
G1 F1421.9 X147.636 Y155.98 E1156.27035
G1 F1643.2 X147.08 Y155.668 E1156.30612
G1 F1936.4 X146.557 Y155.144 E1156.34137
G1 F2212.3 X146.046 Y154.476 E1156.37642
G1 F2289 X145.618 Y153.865 E1156.40647
G1 F2117.6 X145.057 Y153.115 E1156.44724
G1 F1872.3 X144.568 Y152.594 E1156.48243
G1 F1546.9 X144.1 Y152.296 E1156.5155
G1 F1365.5 X143.969 Y152.26 E1156.52467
G1 F1497.2 X143.679 Y152.127 E1156.54432
G1 F1725.5 X143.527 Y151.938 E1156.55728
G1 F1800 X143.527 Y148.058 E1156.75601
G1 F1663.9 X143.677 Y147.852 E1156.77013
G1 F1450.5 X144.1 Y147.703 E1156.79864
G1 F1483.1 X144.55 Y147.41 E1156.83202
G1 F1775.8 X145.057 Y146.881 E1156.87006
G1 F2117.6 X145.639 Y146.101 E1156.91243
G1 F2295.7 X146.052 Y145.513 E1156.94129
G1 F2212.3 X146.562 Y144.848 E1156.97622
G1 F1931.7 X147.08 Y144.331 E1157.01115
G1 F1643.2 X147.637 Y144.021 E1157.04691
G1 F1419.4 X147.93 Y144.038 E1157.06598
G1 F1367.9 X148.212 Y144.098 E1157.08541
G1 F1629.6 X148.753 Y144.488 E1157.12314
G1 F2062.5 X149.278 Y145.078 E1157.15845
G1 F2275.9 X149.761 Y145.74 E1157.19164
G1 F2243.6 X150.263 Y146.452 E1157.22744
G1 F2084.2 X150.731 Y147.044 E1157.26082
G1 F1733 X151.257 Y147.534 E1157.29907
G1 F1419.4 X151.681 Y147.748 E1157.32992
G1 F1324.4 X152.021 Y147.779 E1157.35369
G1 F1382.2 X152.411 Y147.632 E1157.38149
G1 F1636.4 X152.922 Y147.224 E1157.41833
G1 F1980 X153.398 Y146.662 E1157.45262
G1 F2181.8 X153.972 Y145.875 E1157.49379
G1 F2289 X154.396 Y145.271 E1157.52351
G1 F2152.2 X154.896 Y144.658 E1157.5574
G1 F1795.9 X155.439 Y144.194 E1157.59406
G1 F1571.4 X155.994 Y143.983 E1157.6289
G1 F1577.7 X156.556 Y144.198 E1157.66406
G1 F1800 X157.092 Y144.658 E1157.70024
G1 F2152.2 X157.602 Y145.284 E1157.73483
G1 F2289 X158.025 Y145.888 E1157.76453
G1 F2181.8 X158.595 Y146.67 E1157.80543
G1 F1980 X159.072 Y147.23 E1157.83968
G1 F1636.4 X159.577 Y147.632 E1157.87605
G1 F1384.6 X159.967 Y147.78 E1157.90382
G1 F1372.6 X160.284 Y147.751 E1157.9252
G1 F1472.1 X160.727 Y147.534 E1157.9561
G1 F1740.7 X161.263 Y147.037 E1157.99481
G1 F2117.6 X161.82 Y146.323 E1158.03424
G1 F2275.9 X162.23 Y145.734 E1158.06331
G1 F2262.9 X162.722 Y145.061 E1158.09728
G1 F2051.8 X163.234 Y144.487 E1158.13184
G1 F1623 X163.771 Y144.099 E1158.16948
G1 F1365.5 X164.054 Y144.039 E1158.18901
G1 F1419.4 X164.352 Y144.021 E1158.2084
G1 F1636.4 X164.905 Y144.331 E1158.24412
G1 F1931.7 X165.425 Y144.847 E1158.27909
G1 F2212.3 X165.941 Y145.521 E1158.31446
G1 F2289 X166.367 Y146.126 E1158.34426
G1 F2117.6 X166.931 Y146.881 E1158.38529
G1 F1867.9 X167.419 Y147.401 E1158.42049
G1 F1546.9 X167.885 Y147.703 E1158.45359
G1 F1450.5 X168.311 Y147.852 E1158.48227
G1 F1660.4 X168.424 Y147.972 E1158.49143
G1 F1800 X168.464 Y148.081 E1158.49737
G1 X168.46 Y151.941 E1158.69509
G1 F1721.7 X168.308 Y152.127 E1158.70795
G1 F1494.3 X168.02 Y152.259 E1158.72749
G1 F1365.5 X167.885 Y152.296 E1158.73695
G1 F1483.1 X167.438 Y152.586 E1158.77007
G1 F1779.8 X166.931 Y153.115 E1158.80803
G1 F2117.6 X166.352 Y153.891 E1158.85018
G1 F2289 X165.936 Y154.483 E1158.87932
G1 F2212.3 X165.427 Y155.149 E1158.91426
G1 F1931.7 X164.904 Y155.669 E1158.94946
G1 F1643.2 X164.353 Y155.978 E1158.9849
G1 F1424.5 X164.054 Y155.961 E1159.00429
G1 F1372.6 X163.773 Y155.9 E1159.0236
G1 F1629.6 X163.234 Y155.512 E1159.06117
G1 F2057.1 X162.719 Y154.935 E1159.09584
G1 F2224.7 X161.791 Y153.637 E1159.16196
G1 F2112 X161.255 Y152.956 E1159.19979
G1 F1736.8 X160.726 Y152.463 E1159.23818
G1 F1469.4 X160.286 Y152.246 E1159.26896
G1 F1365.5 X159.968 Y152.218 E1159.29051
G1 F1379.8 X159.577 Y152.368 E1159.3185
G1 F1650 X159.065 Y152.774 E1159.35501
G1 F2036 X158.499 Y153.454 E1159.39507
G1 F2231 X157.6 Y154.716 E1159.45911
G1 F2163.9 X157.095 Y155.338 E1159.49324
G1 F1804.1 X156.556 Y155.799 E1159.52949
G1 F1577.7 X155.994 Y156.018 E1159.56474
G1 X155.432 Y155.799 E1159.59998
G1 F1804.1 X154.893 Y155.338 E1159.63623
G1 F2158 X154.388 Y154.716 E1159.67046
G1 F2175.8 X153.388 Y153.322 E1159.74315
G1 F1975.1 X152.912 Y152.763 E1159.77743
G1 F1633 X152.411 Y152.368 E1159.81345
G1 F1379.8 X152.02 Y152.218 E1159.84143
G1 F1320 X151.682 Y152.249 E1159.86514
G1 F1416.8 X151.258 Y152.463 E1159.89604
G1 F1736.8 X150.732 Y152.953 E1159.9342
G1 F2123.3 X150.172 Y153.673 E1159.97381
G1 F2262.9 X150 Y153.917 E1159.98597
G1 F1500 E1157.98597
G0 F9000 X173.711 Y136.718
G1 F1500 E1159.98597
G1 F1800 X173.56 Y136.622 E1159.99514
G1 X173.524 Y136.52 E1160.00068
G1 X173.524 Y120.409 E1160.82589
G1 X173.617 Y120.287 E1160.83375
G1 X173.694 Y120.253 E1160.83806
G1 X174.395 Y120.247 E1160.87397
G1 X174.544 Y120.346 E1160.88313
G1 X174.58 Y120.455 E1160.88901
G1 X174.576 Y136.543 E1161.71305
G1 X174.449 Y136.719 E1161.72417
G1 X173.711 Y136.718 E1161.76197
G1 F1500 E1159.76197
G0 F9000 X178.243 Y118.476
G1 F1500 E1161.76197
G1 F1800 X177.243 Y118.205 E1161.81504
G1 X176.539 Y117.496 E1161.86621
G1 X176.264 Y116.497 E1161.91928
G1 X176.53 Y115.51 E1161.97164
G1 X177.212 Y114.828 E1162.02105
G1 X177.31 Y114.771 E1162.02685
G1 X178.247 Y114.52 E1162.07654
G1 X179.235 Y114.788 E1162.12897
G1 X179.961 Y115.521 E1162.18182
G1 X180.218 Y116.508 E1162.23406
G1 X179.957 Y117.487 E1162.28595
G1 X179.276 Y118.172 E1162.33543
G1 X179.177 Y118.229 E1162.34128
G1 X178.243 Y118.476 E1162.39076
G1 F1500 E1160.39076
G0 F9000 X133.744 Y118.476
G1 F1500 E1162.39076
G1 F1800 X132.811 Y118.229 E1162.4402
G1 X132.711 Y118.172 E1162.44609
G1 X132.03 Y117.487 E1162.49557
G1 X131.764 Y116.497 E1162.54808
G1 X132.039 Y115.501 E1162.601
G1 X132.761 Y114.784 E1162.65312
G1 X133.749 Y114.521 E1162.70549
G1 X134.734 Y114.786 E1162.75773
G1 X135.416 Y115.468 E1162.80714
G1 X135.473 Y115.567 E1162.81299
G1 X135.72 Y116.497 E1162.86227
G1 X135.45 Y117.481 E1162.91454
G1 X134.744 Y118.205 E1162.96633
G1 X133.744 Y118.476 E1163.0194
G1 F1500 E1161.0194
G0 F9000 X178.744 Y186.269
;TYPE:SKIN
G1 F1500 E1163.0194
G1 F1434.8 X178.355 Y186.36 E1163.04507
G1 F1406.7 X177.983 Y186.341 E1163.06949
G1 F1500 E1161.06949
G0 F9000 X178.245 Y184.563
G0 X177.324 Y182.967
G0 X173.63 Y180.578
G1 F1500 E1163.06949
G1 F1800 X174.534 Y180.585 E1163.11579
G1 X174.899 Y180.433 E1163.13604
G1 X175.24 Y180.11 E1163.1601
G1 X175.365 Y179.85 E1163.17488
G1 X175.409 Y179.622 E1163.18677
G1 X175.412 Y163.332 E1164.02115
G1 X175.25 Y162.928 E1164.04345
G1 X175.009 Y162.667 E1164.06164
G1 X174.742 Y162.515 E1164.07738
G1 X174.492 Y162.449 E1164.09063
G1 X173.622 Y162.444 E1164.13519
G1 X173.213 Y162.577 E1164.15722
G1 X172.86 Y162.913 E1164.18218
G1 X172.734 Y163.171 E1164.19689
G1 X172.688 Y163.5 E1164.2139
G1 X172.688 Y179.62 E1165.03958
G1 X172.749 Y179.885 E1165.05351
G1 X172.889 Y180.146 E1165.06868
G1 X173.126 Y180.384 E1165.08588
G1 X173.406 Y180.528 E1165.10201
G1 X173.63 Y180.578 E1165.11376
G1 F1500 E1163.11376
G0 F9000 X150 Y186.409
G1 F1500 E1165.11376
G1 F1800 X134.306 Y186.408 E1165.91762
G1 X134.126 Y186.315 E1165.928
G1 X134.303 Y186.191 E1165.93907
G1 X134.913 Y186.03 E1165.97138
G1 X135.355 Y185.774 E1165.99754
G1 X136.025 Y185.098 E1166.04629
G1 X136.273 Y184.671 E1166.07159
G1 X136.509 Y183.772 E1166.11919
G1 X136.526 Y183.293 E1166.14374
G1 X136.232 Y182.183 E1166.20256
G1 X136.025 Y181.896 E1166.22068
G1 X135.368 Y181.236 E1166.26838
G1 X135.059 Y181.011 E1166.28796
G1 X133.846 Y180.677 E1166.35241
G1 X133.494 Y180.721 E1166.37058
G1 X132.571 Y180.966 E1166.41949
G1 X132.132 Y181.22 E1166.44547
G1 X131.464 Y181.888 E1166.49386
G1 X131.217 Y182.308 E1166.51881
G1 X131.01 Y182.711 E1166.54202
G1 X130.916 Y182.291 E1166.56406
G1 X130.916 Y163.504 E1167.52635
G1 X130.8 Y163 E1167.55284
G1 X136.846 Y162.997 E1167.86251
G1 X136.688 Y163.467 E1167.88791
G1 X136.689 Y179.566 E1168.71251
G1 X136.729 Y179.819 E1168.72563
G1 X136.84 Y180.076 E1168.73997
G1 X137.169 Y180.413 E1168.7641
G1 X137.424 Y180.533 E1168.77853
G1 X137.671 Y180.582 E1168.79143
G1 X138.852 Y180.579 E1168.85192
G1 X139.274 Y180.471 E1168.87423
G1 X139.599 Y180.147 E1168.89774
G1 X139.735 Y179.885 E1168.91286
G1 X139.796 Y179.62 E1168.92679
G1 X139.8 Y163.467 E1169.75415
G1 X139.642 Y163 E1169.7794
G1 X142.846 Y162.997 E1169.94352
G1 X142.688 Y163.467 E1169.96891
G1 X142.688 Y179.623 E1170.79643
G1 X142.745 Y179.881 E1170.80997
G1 X143.014 Y180.296 E1170.8353
G1 X143.287 Y180.477 E1170.85208
G1 X143.585 Y180.584 E1170.86829
G1 X168.882 Y180.581 E1172.16402
G1 X169.28 Y180.461 E1172.18531
G1 X169.604 Y180.145 E1172.2085
G1 X169.735 Y179.885 E1172.22341
G1 X169.796 Y179.62 E1172.23734
G1 X169.798 Y163.467 E1173.0647
G1 X169.749 Y163.169 E1173.08017
G1 X169.624 Y162.913 E1173.09476
G1 X169.274 Y162.588 E1173.11923
G1 X169.103 Y162.525 E1173.12856
G1 X169.205 Y162.374 E1173.1379
G1 X169.294 Y162.042 E1173.1555
G1 X169.296 Y152.993 E1173.619
G1 X169.215 Y152.688 E1173.63516
G1 X169.104 Y152.499 E1173.64639
G1 X169.215 Y152.304 E1173.65788
G1 X169.293 Y152.022 E1173.67287
G1 X169.3 Y147.968 E1173.88051
G1 X169.118 Y147.499 E1173.90628
G1 X169.295 Y147.017 E1173.93258
G1 X169.293 Y137.943 E1174.39736
G1 X169.198 Y137.597 E1174.41574
G1 X169.105 Y137.471 E1174.42376
G1 X169.256 Y137.419 E1174.43194
G1 X169.461 Y137.276 E1174.44474
G1 X169.633 Y137.064 E1174.45872
G1 X169.796 Y136.615 E1174.48319
G1 X169.8 Y120.468 E1175.31025
G1 X169.74 Y120.114 E1175.32864
G1 X169.472 Y119.697 E1175.35403
G1 X169.198 Y119.516 E1175.37085
G1 X168.898 Y119.412 E1175.38711
G1 X143.602 Y119.415 E1176.68279
G1 X143.204 Y119.531 E1176.70402
G1 X142.888 Y119.846 E1176.72688
G1 X142.748 Y120.111 E1176.74223
G1 X142.692 Y120.421 E1176.75836
G1 X142.688 Y136.528 E1177.58338
G1 X142.843 Y136.996 E1177.60863
G1 X139.643 Y136.996 E1177.77253
G1 X139.8 Y136.53 E1177.79772
G1 X139.797 Y120.427 E1178.62253
G1 X139.74 Y120.114 E1178.63882
G1 X139.474 Y119.701 E1178.66398
G1 X139.165 Y119.492 E1178.68309
G1 X138.849 Y119.417 E1178.69973
G1 X137.542 Y119.416 E1178.76667
G1 X137.183 Y119.565 E1178.78658
G1 X136.85 Y119.903 E1178.81088
G1 X136.729 Y120.172 E1178.82599
G1 X136.69 Y120.426 E1178.83915
G1 X136.688 Y136.528 E1179.66391
G1 X136.843 Y136.996 E1179.68916
G1 X130.8 Y136.996 E1179.99869
G1 X130.91 Y136.544 E1180.02251
G1 X130.916 Y117.703 E1180.98756
G1 X131 Y117.203 E1181.01353
G1 X131.211 Y117.668 E1181.03969
G1 X131.46 Y118.1 E1181.06523
G1 X132.129 Y118.774 E1181.11387
G1 X132.571 Y119.029 E1181.14
G1 X133.494 Y119.271 E1181.18888
G1 X133.838 Y119.317 E1181.20666
G1 X135.059 Y118.985 E1181.27147
G1 X135.382 Y118.747 E1181.29202
G1 X136.01 Y118.107 E1181.33794
G1 X136.233 Y117.795 E1181.35759
G1 X136.526 Y116.7 E1181.41565
G1 X136.516 Y116.269 E1181.43773
G1 X136.274 Y115.326 E1181.48759
G1 X136.02 Y114.888 E1181.51353
G1 X135.351 Y114.219 E1181.56199
G1 X134.914 Y113.967 E1181.58783
G1 X134.047 Y113.724 E1181.63395
G1 X133.963 Y113.678 E1181.63885
G1 X134.067 Y113.616 E1181.64505
G1 X134.292 Y113.584 E1181.65669
G1 X177.045 Y113.584 E1183.84653
G1 F1577.7 X178.048 Y113.646 E1183.90525
G1 X177.042 Y113.984 E1183.96727
G1 F1800 X176.632 Y114.22 E1183.9915
G1 X175.964 Y114.888 E1184.03989
G1 X175.711 Y115.326 E1184.0658
G1 X175.471 Y116.214 E1184.11292
G1 X175.428 Y116.603 E1184.13296
G1 X175.75 Y117.814 E1184.19715
G1 X175.975 Y118.116 E1184.21644
G1 X176.615 Y118.76 E1184.26294
G1 X176.929 Y118.989 E1184.28285
G1 X177.994 Y119.271 E1184.33928
G1 X178.337 Y119.317 E1184.357
G1 X179.419 Y119.029 E1184.41435
G1 X179.851 Y118.777 E1184.43997
G1 X180.53 Y118.093 E1184.48934
G1 X180.759 Y117.694 E1184.5129
G1 F1529 X181.11 Y116.695 E1184.57675
G1 X181.188 Y117.693 E1184.63711
G1 F1800 X181.188 Y183.323 E1187.99872
G1 X181.095 Y183.434 E1188.00614
G1 X181.025 Y183.281 E1188.01476
G1 X180.773 Y182.327 E1188.0653
G1 X180.52 Y181.888 E1188.09125
G1 X179.852 Y181.22 E1188.13964
G1 X179.412 Y180.966 E1188.16566
G1 X178.345 Y180.677 E1188.22228
G1 X177.994 Y180.721 E1188.2404
G1 X176.929 Y181.011 E1188.29694
G1 X176.642 Y181.213 E1188.31491
G1 X175.98 Y181.872 E1188.36276
G1 X175.756 Y182.179 E1188.38222
G1 X175.428 Y183.394 E1188.44668
G1 X175.465 Y183.746 E1188.46481
G1 X175.71 Y184.67 E1188.51378
G1 X175.959 Y185.098 E1188.53914
G1 X176.632 Y185.776 E1188.58807
G1 X177.046 Y186.015 E1188.61256
G1 F1549.9 X177.983 Y186.341 E1188.67157
G1 X177.052 Y186.411 E1188.72711
G1 F1800 X150 Y186.409 E1190.11273
G1 F1500 E1188.11273
G0 F9000 X178.048 Y113.646
G1 F1500 E1190.11273
G1 F1394.4 X178.443 Y113.629 E1190.13887
G1 F1399.3 X178.756 Y113.73 E1190.16054
G0 F9000 X179.893 Y114.185
G1 F1505.7 X180.633 Y114.97 E1190.2266
G1 F1526 X180.788 Y115.2 E1190.24336
G1 F1500 X181.087 Y116.368 E1190.31746
G1 F1432.2 X181.113 Y116.628 E1190.33428
G1 F1335.6 X181.11 Y116.695 E1190.33891
G1 F1500 E1188.33891
G0 F9000 X173.628 Y137.554
G1 F1500 E1190.33891
G1 F1800 X174.492 Y137.547 E1190.38317
G1 X174.74 Y137.486 E1190.39625
G1 X175.008 Y137.334 E1190.41203
G1 X175.255 Y137.071 E1190.43051
G1 X175.413 Y136.642 E1190.45393
G1 X175.41 Y120.384 E1191.28667
G1 X175.364 Y120.145 E1191.29914
G1 X175.232 Y119.865 E1191.31499
G1 X174.881 Y119.548 E1191.33922
G1 X174.525 Y119.411 E1191.35876
G1 X173.63 Y119.418 E1191.4046
G1 X173.408 Y119.464 E1191.41621
G1 X173.122 Y119.611 E1191.43268
G1 X172.888 Y119.846 E1191.44967
G1 X172.748 Y120.111 E1191.46502
G1 X172.692 Y120.421 E1191.48116
G1 X172.688 Y136.614 E1192.31057
G1 X172.869 Y137.096 E1192.33695
G1 X173.212 Y137.414 E1192.3609
G1 X173.628 Y137.554 E1192.38338
G1 F1500 E1190.38338
G0 F9000 X176.747 Y113.899
G1 F1500 E1192.38338
G1 F1800 X176.653 Y113.805 E1192.39019
G0 F9000 X176.383 Y114.157
G1 F1800 X176.031 Y113.805 E1192.41569
G0 F9000 X175.408 Y113.805
G1 F1800 X176.072 Y114.469 E1192.46379
G0 F9000 X175.768 Y114.787
G1 F1800 X174.786 Y113.805 E1192.53492
G0 F9000 X174.164 Y113.805
G1 F1800 X175.541 Y115.182 E1192.63467
G0 F9000 X175.394 Y115.658
G1 F1800 X173.542 Y113.805 E1192.76886
G0 F9000 X172.919 Y113.805
G1 F1800 X175.261 Y116.147 E1192.9385
G0 F9000 X175.238 Y116.746
G1 F1800 X172.297 Y113.805 E1193.15154
G0 F9000 X171.675 Y113.805
G1 F1800 X175.464 Y117.595 E1193.42604
G1 F1500 E1191.42604
G0 F9000 X174.566 Y119.186
G1 F1500 E1193.42604
G1 F1800 X169.186 Y113.805 E1193.81579
G0 F9000 X168.564 Y113.805
G1 F1800 X173.953 Y119.195 E1194.20619
G0 F9000 X173.383 Y119.246
G1 F1800 X167.941 Y113.805 E1194.60035
G0 F9000 X167.319 Y113.805
G1 F1800 X172.969 Y119.455 E1195.00962
G0 F9000 X172.675 Y119.784
G1 F1800 X166.697 Y113.805 E1195.44268
G0 F9000 X166.075 Y113.805
G1 F1800 X172.504 Y120.234 E1195.90838
G0 F9000 X172.469 Y120.822
G1 F1800 X165.452 Y113.805 E1196.41667
G0 F9000 X164.83 Y113.805
G1 F1800 X172.469 Y121.444 E1196.97002
G0 F9000 X172.469 Y122.066
G1 F1800 X164.208 Y113.805 E1197.56842
G0 F9000 X163.586 Y113.805
G1 F1800 X168.991 Y119.211 E1197.95997
G0 F9000 X168.35 Y119.192
G1 F1800 X162.963 Y113.805 E1198.35019
G0 F9000 X162.341 Y113.805
G1 F1800 X167.728 Y119.192 E1198.74041
G0 F9000 X167.106 Y119.192
G1 F1800 X161.719 Y113.805 E1199.13063
G0 F9000 X161.097 Y113.805
G1 F1800 X166.483 Y119.192 E1199.52081
G0 F9000 X165.862 Y119.193
G1 F1800 X160.474 Y113.805 E1199.9111
G0 F9000 X159.852 Y113.805
G1 F1800 X165.24 Y119.193 E1200.30139
G0 F9000 X164.617 Y119.193
G1 F1800 X159.23 Y113.805 E1200.69164
G0 F9000 X158.608 Y113.805
G1 F1800 X163.995 Y119.193 E1201.08189
G0 F9000 X163.373 Y119.193
G1 F1800 X157.985 Y113.805 E1201.47218
G0 F9000 X157.363 Y113.805
G1 F1800 X162.751 Y119.193 E1201.86247
G0 F9000 X162.129 Y119.193
G1 F1800 X156.741 Y113.805 E1202.25276
G0 F9000 X156.119 Y113.805
G1 F1800 X161.507 Y119.193 E1202.64305
G0 F9000 X160.884 Y119.193
G1 F1800 X155.496 Y113.805 E1203.03334
G0 F9000 X154.873 Y113.805
G1 F1800 X160.263 Y119.194 E1203.42374
G0 F9000 X159.641 Y119.194
G1 F1800 X154.251 Y113.805 E1203.81414
G0 F9000 X153.629 Y113.805
G1 F1800 X159.018 Y119.194 E1204.2045
G0 F9000 X158.396 Y119.194
G1 F1800 X153.007 Y113.805 E1204.59487
G0 F9000 X152.384 Y113.805
G1 F1800 X157.774 Y119.194 E1204.98526
G0 F9000 X157.152 Y119.195
G1 F1800 X151.762 Y113.805 E1205.3757
G0 F9000 X151.14 Y113.805
G1 F1800 X156.53 Y119.195 E1205.76613
G0 F9000 X155.908 Y119.195
G1 F1800 X150.518 Y113.805 E1206.15657
G0 F9000 X149.895 Y113.805
G1 F1800 X155.286 Y119.195 E1206.54704
G0 F9000 X154.664 Y119.196
G1 F1800 X149.273 Y113.805 E1206.93755
G0 F9000 X148.651 Y113.805
G1 F1800 X154.042 Y119.196 E1207.32805
G0 F9000 X153.42 Y119.196
G1 F1800 X148.029 Y113.805 E1207.71856
G0 F9000 X147.406 Y113.805
G1 F1800 X152.797 Y119.196 E1208.10907
G0 F9000 X152.175 Y119.196
G1 F1800 X146.784 Y113.805 E1208.49958
G0 F9000 X146.162 Y113.805
G1 F1800 X151.553 Y119.196 E1208.89008
G0 F9000 X150.931 Y119.196
G1 F1800 X145.54 Y113.805 E1209.28059
G0 F9000 X144.917 Y113.805
G1 F1800 X150.309 Y119.196 E1209.67113
G0 F9000 X149.687 Y119.196
G1 F1800 X144.295 Y113.805 E1210.06168
G0 F9000 X143.673 Y113.805
G1 F1800 X149.065 Y119.197 E1210.45226
G0 F9000 X148.443 Y119.197
G1 F1800 X143.051 Y113.805 E1210.84284
G0 F9000 X142.428 Y113.805
G1 F1800 X147.821 Y119.197 E1211.23345
G0 F9000 X147.198 Y119.197
G1 F1800 X141.806 Y113.805 E1211.62403
G0 F9000 X141.184 Y113.805
G1 F1800 X146.576 Y119.197 E1212.01461
G0 F9000 X145.955 Y119.198
G1 F1800 X140.562 Y113.805 E1212.40526
G0 F9000 X139.939 Y113.805
G1 F1800 X145.332 Y119.198 E1212.79592
G0 F9000 X144.71 Y119.198
G1 F1800 X139.317 Y113.805 E1213.18657
G0 F9000 X138.695 Y113.805
G1 F1800 X144.088 Y119.198 E1213.57722
G0 F9000 X143.488 Y119.22
G1 F1800 X138.072 Y113.805 E1213.9695
G0 F9000 X137.45 Y113.805
G1 F1800 X143.036 Y119.39 E1214.3741
G0 F9000 X142.725 Y119.701
G1 F1800 X136.828 Y113.805 E1214.80122
G0 F9000 X136.206 Y113.805
G1 F1800 X142.524 Y120.123 E1215.25888
G0 F9000 X142.469 Y120.69
G1 F1800 X135.583 Y113.804 E1215.75768
G1 F1500 E1213.75768
G0 F9000 X136.508 Y115.351
G1 F1500 E1215.75768
G1 F1800 X142.469 Y121.312 E1216.18947
G0 F9000 X142.469 Y121.934
G1 F1800 X136.73 Y116.195 E1216.60519
G0 F9000 X136.723 Y116.811
G1 F1800 X139.181 Y119.268 E1216.7832
G0 F9000 X138.486 Y119.196
G1 F1800 X136.59 Y117.301 E1216.92051
G0 F9000 X136.458 Y117.791
G1 F1800 X137.861 Y119.193 E1217.0221
G0 F9000 X137.316 Y119.271
G1 F1800 X136.226 Y118.181 E1217.10106
G0 F9000 X135.928 Y118.505
G1 F1800 X136.93 Y119.507 E1217.17364
G0 F9000 X136.636 Y119.835
G1 F1800 X135.619 Y118.818 E1217.24731
G0 F9000 X135.279 Y119.1
G1 F1800 X136.486 Y120.308 E1217.33477
G0 F9000 X136.47 Y120.914
G1 F1800 X134.83 Y119.273 E1217.45361
G0 F9000 X134.341 Y119.407
G1 F1800 X136.47 Y121.536 E1217.60783
G0 F9000 X136.47 Y122.158
G1 F1800 X133.847 Y119.535 E1217.79783
G0 F9000 X133.078 Y119.389
G1 F1800 X136.47 Y122.781 E1218.04353
G0 F9000 X136.47 Y123.403
G1 F1800 X132.052 Y118.985 E1218.36356
G0 F9000 X131.136 Y118.691
G1 F1800 X136.47 Y124.025 E1218.74994
G0 F9000 X136.47 Y124.647
G1 F1800 X131.136 Y119.313 E1219.13632
G0 F9000 X131.136 Y119.935
G1 F1800 X136.47 Y125.27 E1219.52273
G0 F9000 X136.469 Y125.891
G1 F1800 X131.136 Y120.557 E1219.90907
G0 F9000 X131.136 Y121.18
G1 F1800 X136.469 Y126.513 E1220.29538
G0 F9000 X136.469 Y127.136
G1 F1800 X131.136 Y121.802 E1220.68172
G0 F9000 X131.136 Y122.424
G1 F1800 X136.469 Y127.758 E1221.06806
G0 F9000 X136.469 Y128.38
G1 F1800 X131.136 Y123.046 E1221.4544
G0 F9000 X131.136 Y123.669
G1 F1800 X136.469 Y129.002 E1221.84071
G0 F9000 X136.469 Y129.625
G1 F1800 X131.136 Y124.291 E1222.22705
G0 F9000 X131.136 Y124.913
G1 F1800 X136.469 Y130.247 E1222.61339
G0 F9000 X136.469 Y130.869
G1 F1800 X131.136 Y125.535 E1222.99974
G0 F9000 X131.136 Y126.158
G1 F1800 X136.469 Y131.491 E1223.38604
G0 F9000 X136.469 Y132.113
G1 F1800 X131.136 Y126.78 E1223.77235
G0 F9000 X131.136 Y127.402
G1 F1800 X136.469 Y132.735 E1224.15865
G0 F9000 X136.469 Y133.358
G1 F1800 X131.136 Y128.025 E1224.54496
G0 F9000 X131.136 Y128.647
G1 F1800 X136.469 Y133.98 E1224.93127
G0 F9000 X136.469 Y134.602
G1 F1800 X131.136 Y129.269 E1225.31757
G0 F9000 X131.136 Y129.891
G1 F1800 X136.469 Y135.224 E1225.70388
G0 F9000 X136.469 Y135.847
G1 F1800 X131.136 Y130.514 E1226.09018
G0 F9000 X131.136 Y131.136
G1 F1800 X136.469 Y136.469 E1226.47649
G0 F9000 X136.154 Y136.776
G1 F1800 X131.136 Y131.758 E1226.83998
G0 F9000 X131.136 Y132.38
G1 F1800 X135.532 Y136.776 E1227.15841
G0 F9000 X134.91 Y136.776
G1 F1800 X131.136 Y133.003 E1227.43175
G0 F9000 X131.136 Y133.625
G1 F1800 X134.287 Y136.776 E1227.66
G0 F9000 X133.665 Y136.776
G1 F1800 X131.136 Y134.247 E1227.84319
G0 F9000 X131.136 Y134.869
G1 F1800 X133.043 Y136.776 E1227.98133
G0 F9000 X132.421 Y136.776
G1 F1800 X131.136 Y135.492 E1228.07437
G0 F9000 X131.136 Y136.114
G1 F1800 X131.798 Y136.776 E1228.12233
G0 F9000 X131.176 Y136.776
G1 F1800 X131.096 Y136.696 E1228.12812
G1 F1500 E1226.12812
G0 F9000 X140.02 Y136.286
G1 F1500 E1228.12812
G1 F1800 X140.509 Y136.776 E1228.16358
G0 F9000 X141.131 Y136.776
G1 F1800 X140.02 Y135.664 E1228.24409
G0 F9000 X140.02 Y135.042
G1 F1800 X141.754 Y136.776 E1228.3697
G0 F9000 X142.376 Y136.776
G1 F1800 X140.019 Y134.419 E1228.54043
G0 F9000 X140.019 Y133.797
G1 F1800 X142.469 Y136.246 E1228.71787
G0 F9000 X142.469 Y135.624
G1 F1800 X140.019 Y133.174 E1228.89534
G0 F9000 X140.018 Y132.551
G1 F1800 X142.469 Y135.002 E1229.07288
G0 F9000 X142.469 Y134.379
G1 F1800 X140.018 Y131.929 E1229.25039
G0 F9000 X140.018 Y131.307
G1 F1800 X142.469 Y133.757 E1229.42789
G0 F9000 X142.469 Y133.135
G1 F1800 X140.018 Y130.684 E1229.60544
G0 F9000 X140.018 Y130.062
G1 F1800 X142.469 Y132.513 E1229.78298
G0 F9000 X142.469 Y131.89
G1 F1800 X140.018 Y129.439 E1229.96052
G0 F9000 X140.017 Y128.816
G1 F1800 X142.469 Y131.268 E1230.13814
G0 F9000 X142.469 Y130.646
G1 F1800 X140.017 Y128.194 E1230.31575
G0 F9000 X140.017 Y127.572
G1 F1800 X142.469 Y130.024 E1230.49337
G0 F9000 X142.469 Y129.401
G1 F1800 X140.016 Y126.949 E1230.67102
G0 F9000 X140.016 Y126.327
G1 F1800 X142.469 Y128.779 E1230.84867
G0 F9000 X142.469 Y128.157
G1 F1800 X140.016 Y125.704 E1231.02636
G0 F9000 X140.016 Y125.082
G1 F1800 X142.469 Y127.534 E1231.20401
G0 F9000 X142.469 Y126.912
G1 F1800 X140.016 Y124.459 E1231.3817
G0 F9000 X140.015 Y123.836
G1 F1800 X142.469 Y126.29 E1231.55946
G0 F9000 X142.469 Y125.668
G1 F1800 X140.015 Y123.214 E1231.73722
G0 F9000 X140.015 Y122.592
G1 F1800 X142.469 Y125.045 E1231.91494
G0 F9000 X142.469 Y124.423
G1 F1800 X140.014 Y121.969 E1232.09274
G0 F9000 X140.014 Y121.347
G1 F1800 X142.469 Y123.801 E1232.27053
G0 F9000 X142.469 Y123.179
G1 F1800 X140.014 Y120.724 E1232.44837
G0 F9000 X139.945 Y120.033
G1 F1800 X142.469 Y122.556 E1232.63116
G1 F1500 E1230.63116
G0 F9000 X131.293 Y118.225
G1 F1500 E1232.63116
G1 F1800 X131.136 Y118.068 E1232.64253
G1 F1500 E1230.64253
G0 F9000 X169.976 Y120.196
G1 F1500 E1232.64253
G1 F1800 X172.469 Y122.689 E1232.82312
G0 F9000 X172.469 Y123.311
G1 F1800 X170.014 Y120.856 E1233.00095
G0 F9000 X170.014 Y121.478
G1 F1800 X172.469 Y123.933 E1233.17878
G0 F9000 X172.469 Y124.555
G1 F1800 X170.014 Y122.1 E1233.35662
G0 F9000 X170.014 Y122.723
G1 F1800 X172.469 Y125.178 E1233.53445
G0 F9000 X172.469 Y125.8
G1 F1800 X170.014 Y123.345 E1233.71228
G0 F9000 X170.014 Y123.967
G1 F1800 X172.469 Y126.422 E1233.89011
G0 F9000 X172.469 Y127.044
G1 F1800 X170.014 Y124.589 E1234.06795
G0 F9000 X170.014 Y125.212
G1 F1800 X172.469 Y127.667 E1234.24578
G0 F9000 X172.469 Y128.289
G1 F1800 X170.014 Y125.834 E1234.42361
G0 F9000 X170.014 Y126.456
G1 F1800 X172.469 Y128.911 E1234.60144
G0 F9000 X172.469 Y129.533
G1 F1800 X170.014 Y127.078 E1234.77928
G0 F9000 X170.014 Y127.701
G1 F1800 X172.469 Y130.156 E1234.95711
G0 F9000 X172.469 Y130.778
G1 F1800 X170.014 Y128.323 E1235.13494
G0 F9000 X170.015 Y128.946
G1 F1800 X172.469 Y131.4 E1235.3127
G0 F9000 X172.469 Y132.022
G1 F1800 X170.015 Y129.568 E1235.49046
G0 F9000 X170.015 Y130.19
G1 F1800 X172.469 Y132.645 E1235.66826
G0 F9000 X172.469 Y133.267
G1 F1800 X170.015 Y130.813 E1235.84602
G0 F9000 X170.015 Y131.435
G1 F1800 X172.469 Y133.889 E1236.02378
G0 F9000 X172.469 Y134.512
G1 F1800 X170.015 Y132.057 E1236.20158
G0 F9000 X170.015 Y132.679
G1 F1800 X172.469 Y135.134 E1236.37937
G0 F9000 X172.469 Y135.756
G1 F1800 X170.015 Y133.302 E1236.55713
G0 F9000 X170.015 Y133.924
G1 F1800 X172.469 Y136.378 E1236.73489
G0 F9000 X172.673 Y137.205
G1 F1800 X170.015 Y134.546 E1236.92747
G0 F9000 X170.015 Y135.168
G1 F1800 X180.968 Y146.122 E1237.7209
G0 F9000 X180.968 Y146.744
G1 F1800 X170.015 Y135.791 E1238.5143
G0 F9000 X170.015 Y136.413
G1 F1800 X180.968 Y147.367 E1239.30774
G0 F9000 X180.968 Y147.989
G1 F1800 X169.914 Y136.934 E1240.10849
G0 F9000 X169.693 Y137.336
G1 F1800 X180.968 Y148.611 E1240.92522
G0 F9000 X180.968 Y149.233
G1 F1800 X169.461 Y137.726 E1241.75875
G0 F9000 X169.515 Y138.403
G1 F1800 X180.968 Y149.856 E1242.58837
G0 F9000 X180.968 Y150.478
G1 F1800 X169.515 Y139.025 E1243.41799
G0 F9000 X169.515 Y139.647
G1 F1800 X180.968 Y151.1 E1244.24761
G0 F9000 X180.968 Y151.722
G1 F1800 X169.515 Y140.269 E1245.07723
G0 F9000 X169.515 Y140.891
G1 F1800 X180.968 Y152.345 E1245.90689
G0 F9000 X180.968 Y152.967
G1 F1800 X169.515 Y141.513 E1246.73654
G0 F9000 X169.515 Y142.136
G1 F1800 X180.968 Y153.589 E1247.56616
G0 F9000 X180.968 Y154.212
G1 F1800 X169.514 Y142.757 E1248.39589
G0 F9000 X169.514 Y143.379
G1 F1800 X180.968 Y154.834 E1249.22562
G0 F9000 X180.968 Y155.456
G1 F1800 X169.514 Y144.002 E1250.05531
G0 F9000 X169.514 Y144.624
G1 F1800 X180.968 Y156.078 E1250.885
G0 F9000 X180.968 Y156.701
G1 F1800 X169.513 Y145.245 E1251.7148
G0 F9000 X169.513 Y145.868
G1 F1800 X180.968 Y157.323 E1252.54457
G0 F9000 X180.968 Y157.945
G1 F1800 X169.513 Y146.49 E1253.37433
G0 F9000 X169.504 Y147.103
G1 F1800 X180.968 Y158.567 E1254.20475
G0 F9000 X180.968 Y159.19
G1 F1800 X169.4 Y147.621 E1255.04273
G0 F9000 X169.517 Y148.36
G1 F1800 X180.968 Y159.812 E1255.87224
G0 F9000 X180.968 Y160.434
G1 F1800 X169.515 Y148.981 E1256.70186
G0 F9000 X169.515 Y149.603
G1 F1800 X180.968 Y161.056 E1257.53148
G0 F9000 X180.968 Y161.679
G1 F1800 X169.514 Y150.224 E1258.36121
G0 F9000 X169.513 Y150.846
G1 F1800 X180.968 Y162.301 E1259.19098
G0 F9000 X180.968 Y162.923
G1 F1800 X169.513 Y151.467 E1260.02078
G0 F9000 X169.503 Y152.08
G1 F1800 X180.968 Y163.545 E1260.85127
G0 F9000 X180.968 Y164.168
G1 F1800 X169.423 Y152.622 E1261.68759
G0 F9000 X169.515 Y153.336
G1 F1800 X180.968 Y164.79 E1262.51724
G0 F9000 X180.968 Y165.412
G1 F1800 X169.515 Y153.958 E1263.3469
G0 F9000 X169.515 Y154.581
G1 F1800 X180.968 Y166.034 E1264.17652
G0 F9000 X180.968 Y166.657
G1 F1800 X169.514 Y155.202 E1265.00624
G0 F9000 X169.514 Y155.824
G1 F1800 X180.968 Y167.279 E1265.83597
G0 F9000 X180.968 Y167.901
G1 F1800 X169.514 Y156.447 E1266.66567
G0 F9000 X169.513 Y157.068
G1 F1800 X174.731 Y162.286 E1267.04364
G0 F9000 X174.052 Y162.229
G1 F1800 X169.513 Y157.69 E1267.37243
G0 F9000 X169.513 Y158.313
G1 F1800 X173.467 Y162.267 E1267.65885
G0 F9000 X173.028 Y162.449
G1 F1800 X169.513 Y158.934 E1267.91346
G0 F9000 X169.513 Y159.557
G1 F1800 X172.705 Y162.749 E1268.14468
G0 F9000 X172.516 Y163.182
G1 F1800 X169.513 Y160.179 E1268.36221
G0 F9000 X169.512 Y160.8
G1 F1800 X172.472 Y163.76 E1268.57662
G0 F9000 X172.472 Y164.383
G1 F1800 X169.512 Y161.423 E1268.79104
G0 F9000 X169.512 Y162.045
G1 F1800 X172.472 Y165.005 E1269.00545
G0 F9000 X172.472 Y165.627
G1 F1800 X169.957 Y163.112 E1269.18763
G0 F9000 X170.015 Y163.793
G1 F1800 X172.472 Y166.249 E1269.36557
G0 F9000 X172.472 Y166.872
G1 F1800 X170.015 Y164.415 E1269.54355
G0 F9000 X170.015 Y165.037
G1 F1800 X172.471 Y167.493 E1269.72145
G0 F9000 X172.471 Y168.115
G1 F1800 X170.015 Y165.66 E1269.89932
G0 F9000 X170.015 Y166.282
G1 F1800 X172.471 Y168.738 E1270.07722
G0 F9000 X172.471 Y169.36
G1 F1800 X170.015 Y166.904 E1270.25513
G0 F9000 X170.015 Y167.526
G1 F1800 X172.471 Y169.982 E1270.43303
G0 F9000 X172.471 Y170.604
G1 F1800 X170.015 Y168.149 E1270.6109
G0 F9000 X170.015 Y168.771
G1 F1800 X172.471 Y171.227 E1270.78881
G0 F9000 X172.47 Y171.848
G1 F1800 X170.015 Y169.393 E1270.96664
G0 F9000 X170.015 Y170.015
G1 F1800 X172.47 Y172.47 E1271.14447
G0 F9000 X172.47 Y173.093
G1 F1800 X170.015 Y170.638 E1271.32231
G0 F9000 X170.015 Y171.26
G1 F1800 X172.47 Y173.715 E1271.50014
G0 F9000 X172.47 Y174.337
G1 F1800 X170.015 Y171.882 E1271.67797
G0 F9000 X170.015 Y172.504
G1 F1800 X172.47 Y174.959 E1271.8558
G0 F9000 X172.47 Y175.582
G1 F1800 X170.015 Y173.127 E1272.03364
G0 F9000 X170.015 Y173.749
G1 F1800 X172.47 Y176.203 E1272.21143
G0 F9000 X172.47 Y176.825
G1 F1800 X170.015 Y174.371 E1272.38923
G0 F9000 X170.015 Y174.993
G1 F1800 X172.47 Y177.448 E1272.56706
G0 F9000 X172.47 Y178.07
G1 F1800 X170.015 Y175.616 E1272.74486
G0 F9000 X170.015 Y176.238
G1 F1800 X172.47 Y178.692 E1272.92265
G0 F9000 X172.47 Y179.315
G1 F1800 X170.015 Y176.86 E1273.10049
G0 F9000 X170.015 Y177.482
G1 F1800 X172.601 Y180.068 E1273.28781
G0 F9000 X173.206 Y180.673
G1 F1800 X175.354 Y182.821 E1273.4434
G0 F9000 X175.489 Y182.334
G1 F1800 X173.958 Y180.803 E1273.5543
G0 F9000 X174.581 Y180.804
G1 F1800 X175.682 Y181.905 E1273.63406
G0 F9000 X175.97 Y181.57
G1 F1800 X175.02 Y180.62 E1273.70287
G0 F9000 X175.344 Y180.322
G1 F1800 X176.281 Y181.259 E1273.77075
G0 F9000 X176.611 Y180.967
G1 F1800 X175.57 Y179.926 E1273.84615
G0 F9000 X175.628 Y179.361
G1 F1800 X177.026 Y180.759 E1273.94742
G0 F9000 X177.514 Y180.625
G1 F1800 X175.628 Y178.739 E1274.08403
G0 F9000 X175.628 Y178.117
G1 F1800 X178.008 Y180.497 E1274.25643
G0 F9000 X178.672 Y180.539
G1 F1800 X175.628 Y177.495 E1274.47693
G0 F9000 X175.628 Y176.873
G1 F1800 X179.543 Y180.787 E1274.76049
G0 F9000 X180.968 Y180.968
G1 F1800 X175.629 Y175.629 E1275.14723
G0 F9000 X175.63 Y175.008
G1 F1800 X180.968 Y180.346 E1275.53389
G0 F9000 X180.968 Y179.724
G1 F1800 X175.63 Y174.385 E1275.9206
G0 F9000 X175.63 Y173.763
G1 F1800 X180.968 Y179.102 E1276.3073
G0 F9000 X180.968 Y178.479
G1 F1800 X175.63 Y173.141 E1276.69397
G0 F9000 X175.63 Y172.519
G1 F1800 X180.968 Y177.857 E1277.08064
G0 F9000 X180.968 Y177.235
G1 F1800 X175.631 Y171.898 E1277.46724
G0 F9000 X175.631 Y171.275
G1 F1800 X180.968 Y176.613 E1277.85387
G0 F9000 X180.968 Y175.99
G1 F1800 X175.632 Y170.654 E1278.24039
G0 F9000 X175.632 Y170.032
G1 F1800 X180.968 Y175.368 E1278.62691
G0 F9000 X180.968 Y174.746
G1 F1800 X175.632 Y169.409 E1279.01347
G0 F9000 X175.633 Y168.788
G1 F1800 X180.968 Y174.124 E1279.39996
G0 F9000 X180.968 Y173.501
G1 F1800 X175.633 Y168.166 E1279.78641
G0 F9000 X175.633 Y167.544
G1 F1800 X180.968 Y172.879 E1280.17286
G0 F9000 X180.968 Y172.257
G1 F1800 X175.633 Y166.922 E1280.55931
G0 F9000 X175.633 Y166.299
G1 F1800 X180.968 Y171.635 E1280.9458
G0 F9000 X180.968 Y171.012
G1 F1800 X175.634 Y165.678 E1281.33218
G0 F9000 X175.634 Y165.056
G1 F1800 X180.968 Y170.39 E1281.71856
G0 F9000 X180.968 Y169.768
G1 F1800 X175.635 Y164.434 E1282.1049
G0 F9000 X175.635 Y163.812
G1 F1800 X180.968 Y169.146 E1282.49124
G0 F9000 X180.968 Y168.523
G1 F1800 X175.566 Y163.121 E1282.88254
G1 F1500 E1280.88254
G0 F9000 X175.629 Y176.251
G1 F1500 E1282.88254
G1 F1800 X180.968 Y181.591 E1283.26932
G1 F1500 E1281.26932
G0 F9000 X179.166 Y182.967
G0 X177.182 Y183.5
G0 X175.22 Y183.31
G1 F1500 E1283.26932
G1 F1800 X170.015 Y178.105 E1283.64635
G0 F9000 X170.015 Y178.727
G1 F1800 X175.314 Y184.025 E1284.03016
G0 F9000 X175.626 Y184.959
G1 F1800 X170.015 Y179.349 E1284.43657
G0 F9000 X169.952 Y179.908
G1 F1800 X176.234 Y186.19 E1284.89162
G0 F9000 X176.784 Y186.118
G1 F1800 X176.857 Y186.19 E1284.89687
G0 F9000 X175.611 Y186.19
G1 F1800 X169.738 Y180.316 E1285.32233
G0 F9000 X169.424 Y180.625
G1 F1800 X174.989 Y186.19 E1285.72544
G0 F9000 X174.367 Y186.19
G1 F1800 X168.963 Y180.786 E1286.11689
G0 F9000 X168.354 Y180.799
G1 F1800 X173.745 Y186.19 E1286.50739
G0 F9000 X173.122 Y186.19
G1 F1800 X167.731 Y180.799 E1286.8979
G0 F9000 X167.109 Y180.799
G1 F1800 X172.5 Y186.19 E1287.28841
G0 F9000 X171.878 Y186.19
G1 F1800 X166.487 Y180.799 E1287.67892
G0 F9000 X165.865 Y180.799
G1 F1800 X171.256 Y186.19 E1288.06942
G0 F9000 X170.633 Y186.19
G1 F1800 X165.243 Y180.799 E1288.45989
G0 F9000 X164.621 Y180.799
G1 F1800 X170.011 Y186.19 E1288.85036
G0 F9000 X169.389 Y186.19
G1 F1800 X163.999 Y180.799 E1289.24084
G0 F9000 X163.376 Y180.799
G1 F1800 X168.767 Y186.19 E1289.63134
G0 F9000 X168.144 Y186.19
G1 F1800 X162.754 Y180.799 E1290.02181
G0 F9000 X162.133 Y180.8
G1 F1800 X167.522 Y186.19 E1290.41221
G0 F9000 X166.9 Y186.19
G1 F1800 X161.51 Y180.8 E1290.80265
G0 F9000 X160.888 Y180.8
G1 F1800 X166.278 Y186.19 E1291.19308
G0 F9000 X165.655 Y186.19
G1 F1800 X160.266 Y180.8 E1291.58348
G0 F9000 X159.643 Y180.8
G1 F1800 X165.033 Y186.19 E1291.97392
G0 F9000 X164.411 Y186.19
G1 F1800 X159.022 Y180.801 E1292.36428
G0 F9000 X158.4 Y180.801
G1 F1800 X163.789 Y186.19 E1292.75464
G0 F9000 X163.166 Y186.189
G1 F1800 X157.777 Y180.801 E1293.14497
G0 F9000 X157.155 Y180.801
G1 F1800 X162.543 Y186.189 E1293.53526
G0 F9000 X161.921 Y186.189
G1 F1800 X156.533 Y180.801 E1293.92555
G0 F9000 X155.911 Y180.802
G1 F1800 X161.299 Y186.189 E1294.3158
G0 F9000 X160.677 Y186.189
G1 F1800 X155.289 Y180.802 E1294.70605
G0 F9000 X154.667 Y180.802
G1 F1800 X160.054 Y186.189 E1295.09627
G0 F9000 X159.432 Y186.189
G1 F1800 X154.045 Y180.802 E1295.48649
G0 F9000 X153.422 Y180.802
G1 F1800 X158.81 Y186.189 E1295.87674
G0 F9000 X158.188 Y186.189
G1 F1800 X152.801 Y180.802 E1296.26696
G0 F9000 X152.179 Y180.802
G1 F1800 X157.565 Y186.189 E1296.65714
G0 F9000 X156.943 Y186.189
G1 F1800 X151.556 Y180.802 E1297.04736
G0 F9000 X150.934 Y180.802
G1 F1800 X156.321 Y186.189 E1297.43758
G0 F9000 X155.699 Y186.189
G1 F1800 X150.312 Y180.802 E1297.82779
G0 F9000 X149.69 Y180.803
G1 F1800 X155.076 Y186.189 E1298.21794
G0 F9000 X154.454 Y186.189
G1 F1800 X149.068 Y180.803 E1298.60808
G0 F9000 X148.446 Y180.803
G1 F1800 X153.832 Y186.189 E1298.99823
G0 F9000 X153.21 Y186.189
G1 F1800 X147.824 Y180.803 E1299.38837
G0 F9000 X147.201 Y180.803
G1 F1800 X152.587 Y186.189 E1299.77852
G0 F9000 X151.965 Y186.189
G1 F1800 X146.58 Y180.804 E1300.16859
G0 F9000 X145.957 Y180.804
G1 F1800 X151.343 Y186.189 E1300.5587
G0 F9000 X150.721 Y186.189
G1 F1800 X145.335 Y180.804 E1300.94881
G0 F9000 X144.713 Y180.804
G1 F1800 X150.098 Y186.188 E1301.33884
G0 F9000 X149.475 Y186.188
G1 F1800 X144.091 Y180.804 E1301.72885
G0 F9000 X143.424 Y180.759
G1 F1800 X148.853 Y186.188 E1302.1221
G0 F9000 X148.231 Y186.188
G1 F1800 X140.016 Y177.973 E1302.71717
G0 F9000 X140.016 Y178.595
G1 F1800 X147.609 Y186.188 E1303.26719
G0 F9000 X146.986 Y186.188
G1 F1800 X140.016 Y179.218 E1303.77207
G0 F9000 X139.977 Y179.802
G1 F1800 X146.364 Y186.188 E1304.23469
G0 F9000 X145.742 Y186.188
G1 F1800 X139.8 Y180.246 E1304.66511
G0 F9000 X139.493 Y180.562
G1 F1800 X145.12 Y186.188 E1305.07268
G0 F9000 X144.497 Y186.188
G1 F1800 X139.061 Y180.752 E1305.46644
G0 F9000 X138.485 Y180.799
G1 F1800 X143.875 Y186.188 E1305.85684
G0 F9000 X143.253 Y186.188
G1 F1800 X137.864 Y180.799 E1306.2472
G1 F1500 E1304.2472
G0 F9000 X136.471 Y179.406
G1 F1500 E1306.2472
G1 F1800 X131.136 Y174.072 E1306.63362
G0 F9000 X131.136 Y174.694
G1 F1800 X142.631 Y186.188 E1307.46624
G0 F9000 X142.008 Y186.188
G1 F1800 X131.136 Y175.317 E1308.25374
G0 F9000 X131.136 Y175.939
G1 F1800 X141.386 Y186.188 E1308.99618
G0 F9000 X140.764 Y186.188
G1 F1800 X131.136 Y176.561 E1309.69357
G0 F9000 X131.136 Y177.183
G1 F1800 X134.616 Y180.663 E1309.94565
G0 F9000 X133.794 Y180.463
G1 F1800 X131.136 Y177.806 E1310.13815
G0 F9000 X131.136 Y178.428
G1 F1800 X133.264 Y180.555 E1310.29226
G0 F9000 X132.771 Y180.685
G1 F1800 X131.136 Y179.05 E1310.41069
G0 F9000 X131.136 Y179.672
G1 F1800 X132.32 Y180.856 E1310.49646
G0 F9000 X131.941 Y181.099
G1 F1800 X131.136 Y180.295 E1310.55474
G0 F9000 X131.136 Y180.917
G1 F1800 X131.63 Y181.41 E1310.59048
G0 F9000 X131.321 Y181.724
G1 F1800 X131.136 Y181.539 E1310.60388
G1 F1500 E1308.60388
G0 F9000 X132.824 Y182.967
G0 X134.706 Y183.121
G0 X136.573 Y182.62
G1 F1500 E1310.60388
G1 F1800 X140.141 Y186.188 E1310.86234
G0 F9000 X139.519 Y186.188
G1 F1800 X136.74 Y183.409 E1311.06364
G0 F9000 X136.682 Y183.974
G1 F1800 X138.897 Y186.188 E1311.22405
G0 F9000 X138.275 Y186.188
G1 F1800 X136.553 Y184.466 E1311.34879
G0 F9000 X136.383 Y184.918
G1 F1800 X137.652 Y186.188 E1311.44075
G0 F9000 X137.03 Y186.188
G1 F1800 X136.139 Y185.297 E1311.50529
G0 F9000 X135.828 Y185.608
G1 F1800 X136.408 Y186.188 E1311.5473
G0 F9000 X135.786 Y186.188
G1 F1800 X135.518 Y185.92 E1311.56671
G1 F1500 E1309.56671
G0 F9000 X134.278 Y184.421
G0 X134.278 Y182.579
G0 X136.471 Y178.784
G1 F1500 E1311.56671
G1 F1800 X131.136 Y173.45 E1311.95313
G0 F9000 X131.136 Y172.828
G1 F1800 X136.471 Y178.162 E1312.33954
G0 F9000 X136.471 Y177.54
G1 F1800 X131.136 Y172.205 E1312.72599
G0 F9000 X131.136 Y171.582
G1 F1800 X136.471 Y176.917 E1313.11245
G0 F9000 X136.471 Y176.295
G1 F1800 X131.136 Y170.96 E1313.4989
G0 F9000 X131.136 Y170.338
G1 F1800 X136.471 Y175.673 E1313.88535
G0 F9000 X136.47 Y175.05
G1 F1800 X131.136 Y169.716 E1314.27173
G0 F9000 X131.136 Y169.093
G1 F1800 X136.47 Y174.428 E1314.65814
G0 F9000 X136.47 Y173.805
G1 F1800 X131.136 Y168.471 E1315.04452
G0 F9000 X131.136 Y167.849
G1 F1800 X136.47 Y173.183 E1315.4309
G0 F9000 X136.47 Y172.561
G1 F1800 X131.136 Y167.227 E1315.81727
G0 F9000 X131.136 Y166.604
G1 F1800 X136.47 Y171.939 E1316.20369
G0 F9000 X136.469 Y171.316
G1 F1800 X131.136 Y165.982 E1316.59003
G0 F9000 X131.136 Y165.36
G1 F1800 X136.469 Y170.693 E1316.97634
G0 F9000 X136.469 Y170.071
G1 F1800 X131.136 Y164.737 E1317.36268
G0 F9000 X131.136 Y164.115
G1 F1800 X136.469 Y169.449 E1317.74902
G0 F9000 X136.469 Y168.827
G1 F1800 X131.133 Y163.49 E1318.13558
G0 F9000 X131.485 Y163.22
G1 F1800 X136.469 Y168.204 E1318.49661
G0 F9000 X136.469 Y167.582
G1 F1800 X132.107 Y163.22 E1318.81258
G0 F9000 X132.729 Y163.219
G1 F1800 X136.469 Y166.959 E1319.08349
G0 F9000 X136.469 Y166.337
G1 F1800 X133.351 Y163.219 E1319.30935
G0 F9000 X133.973 Y163.219
G1 F1800 X136.469 Y165.715 E1319.49015
G0 F9000 X136.469 Y165.092
G1 F1800 X134.594 Y163.218 E1319.62593
G0 F9000 X135.216 Y163.218
G1 F1800 X136.469 Y164.47 E1319.71666
G0 F9000 X136.469 Y163.848
G1 F1800 X135.838 Y163.217 E1319.76237
G0 F9000 X136.46 Y163.217
G1 F1800 X136.525 Y163.282 E1319.76708
G1 F1500 E1317.76708
G0 F9000 X140.019 Y163.665
G1 F1500 E1319.76708
G1 F1800 X142.469 Y166.114 E1319.94451
G0 F9000 X142.469 Y166.736
G1 F1800 X140.019 Y164.287 E1320.12194
G0 F9000 X140.019 Y164.909
G1 F1800 X142.469 Y167.359 E1320.29942
G0 F9000 X142.469 Y167.981
G1 F1800 X140.019 Y165.532 E1320.47685
G0 F9000 X140.019 Y166.154
G1 F1800 X142.469 Y168.603 E1320.65428
G0 F9000 X142.469 Y169.226
G1 F1800 X140.018 Y166.775 E1320.83183
G0 F9000 X140.018 Y167.398
G1 F1800 X142.469 Y169.848 E1321.00933
G0 F9000 X142.469 Y170.47
G1 F1800 X140.018 Y168.02 E1321.18684
G0 F9000 X140.018 Y168.642
G1 F1800 X142.469 Y171.092 E1321.36435
G0 F9000 X142.469 Y171.715
G1 F1800 X140.018 Y169.264 E1321.54189
G0 F9000 X140.018 Y169.886
G1 F1800 X142.469 Y172.337 E1321.71943
G0 F9000 X142.469 Y172.96
G1 F1800 X140.018 Y170.508 E1321.89701
G0 F9000 X140.018 Y171.13
G1 F1800 X142.469 Y173.582 E1322.07459
G0 F9000 X142.469 Y174.204
G1 F1800 X140.017 Y171.752 E1322.2522
G0 F9000 X140.017 Y172.374
G1 F1800 X142.469 Y174.826 E1322.42982
G0 F9000 X142.469 Y175.449
G1 F1800 X140.017 Y172.997 E1322.60744
G0 F9000 X140.017 Y173.619
G1 F1800 X142.469 Y176.071 E1322.78505
G0 F9000 X142.469 Y176.693
G1 F1800 X140.017 Y174.241 E1322.96267
G0 F9000 X140.016 Y174.863
G1 F1800 X142.469 Y177.316 E1323.14035
G0 F9000 X142.469 Y177.938
G1 F1800 X140.016 Y175.485 E1323.31804
G0 F9000 X140.016 Y176.107
G1 F1800 X142.469 Y178.56 E1323.49573
G0 F9000 X142.469 Y179.182
G1 F1800 X140.016 Y176.729 E1323.67342
G0 F9000 X140.016 Y177.351
G1 F1800 X142.512 Y179.848 E1323.85426
G1 F1500 E1321.85426
G0 F9000 X144.398 Y178.876
G0 X144.41 Y165.492
G0 X142.469 Y165.492
G1 F1500 E1323.85426
G1 F1800 X140.197 Y163.22 E1324.01883
G0 F9000 X140.818 Y163.219
G1 F1800 X142.469 Y164.87 E1324.13842
G0 F9000 X142.469 Y164.247
G1 F1800 X141.44 Y163.219 E1324.21293
G0 F9000 X142.061 Y163.218
G1 F1800 X142.469 Y163.625 E1324.24244
G1 F1500 E1322.24244
G0 F9000 X172.827 Y137.358
G1 F1500 E1324.24244
G1 F1800 X180.968 Y145.5 E1324.83219
G0 F9000 X180.968 Y144.878
G1 F1800 X173.861 Y137.771 E1325.347
G0 F9000 X174.479 Y137.766
G1 F1800 X180.968 Y144.255 E1325.81704
G0 F9000 X180.968 Y143.633
G1 F1800 X174.952 Y137.617 E1326.25282
G0 F9000 X175.3 Y137.343
G1 F1800 X180.968 Y143.011 E1326.66339
G0 F9000 X180.968 Y142.389
G1 F1800 X175.534 Y136.954 E1327.05705
G0 F9000 X175.635 Y136.433
G1 F1800 X180.968 Y141.766 E1327.44336
G0 F9000 X180.968 Y141.144
G1 F1800 X175.635 Y135.81 E1327.8297
G0 F9000 X175.634 Y135.188
G1 F1800 X180.968 Y140.522 E1328.21608
G0 F9000 X180.968 Y139.9
G1 F1800 X175.634 Y134.565 E1328.60249
G0 F9000 X175.634 Y133.943
G1 F1800 X180.968 Y139.277 E1328.98887
G0 F9000 X180.968 Y138.655
G1 F1800 X175.633 Y133.32 E1329.37532
G0 F9000 X175.633 Y132.698
G1 F1800 X180.968 Y138.033 E1329.76177
G0 F9000 X180.968 Y137.411
G1 F1800 X175.633 Y132.075 E1330.14826
G0 F9000 X175.633 Y131.453
G1 F1800 X180.968 Y136.788 E1330.53471
G0 F9000 X180.968 Y136.166
G1 F1800 X175.633 Y130.83 E1330.9212
G0 F9000 X175.632 Y130.207
G1 F1800 X180.968 Y135.544 E1331.30776
G0 F9000 X180.968 Y134.922
G1 F1800 X175.632 Y129.585 E1331.69432
G0 F9000 X175.631 Y128.962
G1 F1800 X180.968 Y134.299 E1332.08091
G0 F9000 X180.968 Y133.677
G1 F1800 X175.631 Y128.34 E1332.46751
G0 F9000 X175.63 Y127.717
G1 F1800 X180.968 Y133.055 E1332.85418
G0 F9000 X180.968 Y132.433
G1 F1800 X175.63 Y127.095 E1333.24084
G0 F9000 X175.63 Y126.472
G1 F1800 X180.968 Y131.81 E1333.62751
G0 F9000 X180.968 Y131.188
G1 F1800 X175.63 Y125.849 E1334.01422
G0 F9000 X175.63 Y125.227
G1 F1800 X180.968 Y130.566 E1334.40092
G0 F9000 X180.968 Y129.944
G1 F1800 X175.629 Y124.604 E1334.7877
G0 F9000 X175.629 Y123.982
G1 F1800 X180.968 Y129.321 E1335.17444
G0 F9000 X180.968 Y128.699
G1 F1800 X175.629 Y123.36 E1335.56118
G0 F9000 X175.628 Y122.737
G1 F1800 X180.968 Y128.077 E1335.94799
G0 F9000 X180.968 Y127.455
G1 F1800 X175.628 Y122.115 E1336.3348
G0 F9000 X175.628 Y121.492
G1 F1800 X180.968 Y126.832 E1336.72162
G0 F9000 X180.968 Y126.21
G1 F1800 X175.628 Y120.869 E1337.10847
G0 F9000 X175.6 Y120.219
G1 F1800 X180.968 Y125.588 E1337.49734
G0 F9000 X180.968 Y124.966
G1 F1800 X169.808 Y113.805 E1338.30577
G0 F9000 X170.43 Y113.805
G1 F1800 X180.968 Y124.343 E1339.06911
G0 F9000 X180.968 Y123.721
G1 F1800 X171.053 Y113.805 E1339.78736
G1 F1500 E1337.78736
G0 F9000 X177.139 Y119.27
G1 F1500 E1339.78736
G1 F1800 X180.968 Y123.099 E1340.06472
G0 F9000 X180.968 Y122.477
G1 F1800 X177.984 Y119.492 E1340.28091
G0 F9000 X178.591 Y119.477
G1 F1800 X180.968 Y121.854 E1340.45309
G0 F9000 X180.968 Y121.232
G1 F1800 X179.083 Y119.346 E1340.58967
G0 F9000 X179.56 Y119.201
G1 F1800 X180.968 Y120.61 E1340.6917
G0 F9000 X180.968 Y119.988
G1 F1800 X179.954 Y118.973 E1340.76519
G0 F9000 X180.271 Y118.667
G1 F1800 X180.968 Y119.365 E1340.81571
G0 F9000 X180.968 Y118.743
G1 F1800 X180.58 Y118.354 E1340.84385
G0 F9000 X180.84 Y117.993
G1 F1800 X180.968 Y118.121 E1340.85313
G1 F1500 E1338.85313
G0 F9000 X150 Y160.46
G1 F1500 E1340.85313
G1 F1800 X130.8 Y160.46 E1341.83656
G1 X130.798 Y156.47 E1342.04093
G1 X130.75 Y156.182 E1342.05589
G1 X130.605 Y155.885 E1342.07282
G1 X130.426 Y155.691 E1342.08634
G1 X130.154 Y155.522 E1342.10274
G1 X129.856 Y155.449 E1342.11845
G1 X121.56 Y155.443 E1342.54338
G1 X121.726 Y155.274 E1342.55551
G1 X121.903 Y155.033 E1342.57083
G1 X122.045 Y154.76 E1342.58659
G1 X122.154 Y154.431 E1342.60434
G1 X122.206 Y154.103 E1342.62135
G1 X122.206 Y145.889 E1343.04208
G1 X122.154 Y145.561 E1343.05909
G1 X122.044 Y145.23 E1343.07696
G1 X121.904 Y144.964 E1343.09235
G1 X121.748 Y144.744 E1343.10617
G1 X121.563 Y144.556 E1343.11968
G1 X129.856 Y144.551 E1343.54445
G1 X130.152 Y144.473 E1343.56013
G1 X130.426 Y144.305 E1343.57659
G1 X130.605 Y144.111 E1343.59011
G1 X130.75 Y143.818 E1343.60685
G1 X130.798 Y143.526 E1343.62201
G1 X130.8 Y139.536 E1343.82638
G1 X166.688 Y139.536 E1345.66459
G1 X166.688 Y141.444 E1345.76232
G1 X143.602 Y141.447 E1346.9448
G1 X143.304 Y141.539 E1346.96077
G1 X143.011 Y141.728 E1346.97863
G1 X142.808 Y141.997 E1346.99589
G1 X142.688 Y142.328 E1347.01392
G1 X142.69 Y146.964 E1347.25138
G1 X142.748 Y147.252 E1347.26643
G1 X142.883 Y147.498 E1347.2808
G1 X142.748 Y147.748 E1347.29536
G1 X142.69 Y148.036 E1347.3104
G1 X142.688 Y151.943 E1347.51052
G1 X142.748 Y152.245 E1347.52629
G1 X142.886 Y152.496 E1347.54097
G1 X142.748 Y152.747 E1347.55564
G1 X142.69 Y153.032 E1347.57053
G1 X142.688 Y157.672 E1347.8082
G1 X142.81 Y157.999 E1347.82607
G1 X143.015 Y158.268 E1347.8434
G1 X143.333 Y158.479 E1347.86295
G1 X143.705 Y158.552 E1347.88236
G1 X166.688 Y158.556 E1349.05957
G1 X166.688 Y160.46 E1349.15709
G1 X150 Y160.46 E1350.01186
G1 F1500 E1348.01186
G0 F9000 X165.891 Y139.756
G1 F1500 E1350.01186
G1 F1800 X166.468 Y140.333 E1350.05366
G0 F9000 X166.468 Y140.955
G1 F1800 X165.269 Y139.756 E1350.14051
G0 F9000 X164.646 Y139.756
G1 F1800 X166.114 Y141.224 E1350.24684
G0 F9000 X165.492 Y141.224
G1 F1800 X164.024 Y139.756 E1350.35318
G0 F9000 X163.402 Y139.756
G1 F1800 X164.87 Y141.224 E1350.45952
G0 F9000 X164.247 Y141.224
G1 F1800 X162.78 Y139.756 E1350.56582
G0 F9000 X162.157 Y139.756
G1 F1800 X163.626 Y141.225 E1350.67223
G0 F9000 X163.004 Y141.225
G1 F1800 X161.535 Y139.756 E1350.77864
G0 F9000 X160.913 Y139.756
G1 F1800 X162.381 Y141.225 E1350.88501
G0 F9000 X161.759 Y141.225
G1 F1800 X160.291 Y139.756 E1350.99139
G0 F9000 X159.668 Y139.756
G1 F1800 X161.138 Y141.225 E1351.09783
G0 F9000 X160.515 Y141.225
G1 F1800 X159.046 Y139.756 E1351.20424
G0 F9000 X158.424 Y139.756
G1 F1800 X159.893 Y141.225 E1351.31065
G0 F9000 X159.271 Y141.225
G1 F1800 X157.801 Y139.756 E1351.4171
G0 F9000 X157.179 Y139.756
G1 F1800 X158.649 Y141.226 E1351.52358
G0 F9000 X158.027 Y141.226
G1 F1800 X156.557 Y139.756 E1351.63006
G0 F9000 X155.935 Y139.756
G1 F1800 X157.405 Y141.226 E1351.73655
G0 F9000 X156.783 Y141.226
G1 F1800 X155.312 Y139.756 E1351.84306
G0 F9000 X154.69 Y139.756
G1 F1800 X156.161 Y141.227 E1351.94962
G0 F9000 X155.539 Y141.227
G1 F1800 X154.068 Y139.756 E1352.05617
G0 F9000 X153.446 Y139.756
G1 F1800 X154.916 Y141.227 E1352.16269
G0 F9000 X154.294 Y141.227
G1 F1800 X152.823 Y139.756 E1352.26925
G0 F9000 X152.201 Y139.756
G1 F1800 X153.673 Y141.228 E1352.37587
G0 F9000 X153.05 Y141.228
G1 F1800 X151.579 Y139.756 E1352.48246
G0 F9000 X150.957 Y139.756
G1 F1800 X152.428 Y141.228 E1352.58906
G0 F9000 X151.806 Y141.228
G1 F1800 X150.334 Y139.756 E1352.69568
G0 F9000 X149.712 Y139.756
G1 F1800 X151.184 Y141.228 E1352.80231
G0 F9000 X150.562 Y141.228
G1 F1800 X149.09 Y139.756 E1352.90894
G0 F9000 X148.468 Y139.756
G1 F1800 X149.94 Y141.228 E1353.01556
G0 F9000 X149.318 Y141.228
G1 F1800 X147.845 Y139.756 E1353.12223
G0 F9000 X147.223 Y139.756
G1 F1800 X148.695 Y141.228 E1353.22885
G0 F9000 X148.074 Y141.229
G1 F1800 X146.601 Y139.756 E1353.33555
G0 F9000 X145.979 Y139.756
G1 F1800 X147.452 Y141.229 E1353.44225
G0 F9000 X146.829 Y141.229
G1 F1800 X145.356 Y139.756 E1353.54895
G0 F9000 X144.734 Y139.756
G1 F1800 X146.207 Y141.229 E1353.65565
G0 F9000 X145.586 Y141.23
G1 F1800 X144.112 Y139.756 E1353.76242
G0 F9000 X143.49 Y139.756
G1 F1800 X144.963 Y141.23 E1353.86916
G0 F9000 X144.341 Y141.23
G1 F1800 X142.867 Y139.756 E1353.97593
G0 F9000 X142.245 Y139.756
G1 F1800 X143.719 Y141.23 E1354.0827
G0 F9000 X143.207 Y141.34
G1 F1800 X141.623 Y139.756 E1354.19744
G0 F9000 X141.001 Y139.756
G1 F1800 X142.838 Y141.593 E1354.33051
G0 F9000 X142.587 Y141.964
G1 F1800 X140.378 Y139.756 E1354.49049
G0 F9000 X139.756 Y139.756
G1 F1800 X142.468 Y142.468 E1354.68694
G0 F9000 X142.468 Y143.09
G1 F1800 X139.134 Y139.756 E1354.92844
G0 F9000 X138.512 Y139.756
G1 F1800 X142.468 Y143.712 E1355.215
G0 F9000 X142.468 Y144.335
G1 F1800 X137.889 Y139.756 E1355.54669
G0 F9000 X137.267 Y139.756
G1 F1800 X142.468 Y144.957 E1355.92343
G0 F9000 X142.468 Y145.579
G1 F1800 X136.645 Y139.756 E1356.34523
G0 F9000 X136.023 Y139.756
G1 F1800 X142.468 Y146.201 E1356.81209
G0 F9000 X142.468 Y146.824
G1 F1800 X135.4 Y139.756 E1357.32407
G0 F9000 X134.778 Y139.756
G1 F1800 X142.591 Y147.569 E1357.89002
G0 F9000 X142.473 Y148.073
G1 F1800 X134.156 Y139.756 E1358.49248
G0 F9000 X133.534 Y139.756
G1 F1800 X142.472 Y148.695 E1359.13996
G0 F9000 X142.472 Y149.317
G1 F1800 X132.911 Y139.756 E1359.83253
G0 F9000 X132.289 Y139.756
G1 F1800 X142.471 Y149.938 E1360.57008
G0 F9000 X142.471 Y150.56
G1 F1800 X131.667 Y139.756 E1361.35269
G0 F9000 X131.045 Y139.756
G1 F1800 X142.47 Y151.182 E1362.18031
G0 F9000 X142.469 Y151.803
G1 F1800 X131.019 Y140.353 E1363.00972
G0 F9000 X131.018 Y140.974
G1 F1800 X142.598 Y152.554 E1363.84853
G0 F9000 X142.473 Y153.051
G1 F1800 X131.018 Y141.596 E1364.6783
G0 F9000 X131.016 Y142.217
G1 F1800 X142.472 Y153.673 E1365.50814
G0 F9000 X142.472 Y154.295
G1 F1800 X131.016 Y142.838 E1366.33801
G0 F9000 X131.015 Y143.46
G1 F1800 X142.471 Y154.916 E1367.16785
G0 F9000 X142.471 Y155.538
G1 F1800 X130.912 Y143.98 E1368.00511
G0 F9000 X130.67 Y144.359
G1 F1800 X142.47 Y156.16 E1368.8599
G0 F9000 X142.469 Y156.781
G1 F1800 X130.315 Y144.627 E1369.7403
G0 F9000 X129.835 Y144.77
G1 F1800 X142.469 Y157.403 E1370.65543
G0 F9000 X142.826 Y158.383
G1 F1800 X129.213 Y144.77 E1371.64151
G0 F9000 X128.592 Y144.77
G1 F1800 X144.061 Y160.24 E1372.76207
G0 F9000 X143.439 Y160.24
G1 F1800 X127.97 Y144.771 E1373.8826
G0 F9000 X127.349 Y144.772
G1 F1800 X142.816 Y160.24 E1375.00302
G0 F9000 X142.194 Y160.24
G1 F1800 X126.727 Y144.772 E1376.12343
G0 F9000 X126.105 Y144.772
G1 F1800 X141.572 Y160.24 E1377.24385
G0 F9000 X140.95 Y160.24
G1 F1800 X125.483 Y144.773 E1378.36423
G0 F9000 X124.862 Y144.774
G1 F1800 X140.327 Y160.24 E1379.48451
G0 F9000 X139.705 Y160.24
G1 F1800 X124.24 Y144.774 E1380.60478
G0 F9000 X123.618 Y144.774
G1 F1800 X139.083 Y160.24 E1381.72505
G0 F9000 X138.461 Y160.24
G1 F1800 X122.996 Y144.775 E1382.84529
G0 F9000 X122.375 Y144.776
G1 F1800 X137.838 Y160.24 E1383.96541
G0 F9000 X137.216 Y160.24
G1 F1800 X122.311 Y145.334 E1385.04512
G0 F9000 X122.423 Y146.068
G1 F1800 X136.594 Y160.24 E1386.07166
G0 F9000 X135.972 Y160.24
G1 F1800 X122.423 Y146.691 E1387.05311
G0 F9000 X122.424 Y147.314
G1 F1800 X135.349 Y160.24 E1387.98939
G0 F9000 X134.727 Y160.24
G1 F1800 X131.016 Y156.528 E1388.25824
G0 F9000 X131.016 Y157.151
G1 F1800 X134.105 Y160.24 E1388.482
G0 F9000 X133.483 Y160.24
G1 F1800 X131.017 Y157.774 E1388.66063
G0 F9000 X131.018 Y158.397
G1 F1800 X132.86 Y160.24 E1388.79409
G0 F9000 X132.238 Y160.24
G1 F1800 X131.018 Y159.02 E1388.88247
G0 F9000 X131.019 Y159.643
G1 F1800 X131.616 Y160.24 E1388.92571
G1 F1500 E1386.92571
G0 F9000 X129.08 Y160.24
G0 X129.092 Y157.153
G0 X129.718 Y155.23
G1 F1500 E1388.92571
G1 F1800 X122.424 Y147.936 E1389.45407
G0 F9000 X122.424 Y148.559
G1 F1800 X129.095 Y155.23 E1389.93729
G0 F9000 X128.473 Y155.23
G1 F1800 X122.424 Y149.181 E1390.37546
G0 F9000 X122.425 Y149.804
G1 F1800 X127.85 Y155.229 E1390.76843
G0 F9000 X127.227 Y155.228
G1 F1800 X122.425 Y150.426 E1391.11627
G0 F9000 X122.426 Y151.049
G1 F1800 X126.604 Y155.228 E1391.41895
G0 F9000 X125.982 Y155.228
G1 F1800 X122.426 Y151.672 E1391.67654
G0 F9000 X122.426 Y152.295
G1 F1800 X125.359 Y155.227 E1391.88896
G0 F9000 X124.736 Y155.226
G1 F1800 X122.427 Y152.917 E1392.05622
G0 F9000 X122.427 Y153.54
G1 F1800 X124.113 Y155.225 E1392.17831
G0 F9000 X123.49 Y155.225
G1 F1800 X122.414 Y154.149 E1392.25625
G0 F9000 X122.308 Y154.665
G1 F1800 X122.868 Y155.225 E1392.29682
G0 F9000 X122.245 Y155.224
G1 F1800 X122.148 Y155.128 E1392.30381
G1 F1500 E1390.30381
G0 F9000 X142.897 Y158.453
G1 F1500 E1392.30381
G1 F1800 X144.683 Y160.24 E1392.43321
G0 F9000 X145.305 Y160.24
G1 F1800 X143.842 Y158.777 E1392.53919
G0 F9000 X144.465 Y158.777
G1 F1800 X145.928 Y160.24 E1392.64516
G0 F9000 X146.55 Y160.24
G1 F1800 X145.087 Y158.777 E1392.75114
G0 F9000 X145.709 Y158.777
G1 F1800 X147.172 Y160.24 E1392.85711
G0 F9000 X147.795 Y160.24
G1 F1800 X146.332 Y158.777 E1392.96309
G0 F9000 X146.954 Y158.777
G1 F1800 X148.417 Y160.24 E1393.06906
G0 F9000 X149.039 Y160.24
G1 F1800 X147.576 Y158.777 E1393.17504
G0 F9000 X148.198 Y158.777
G1 F1800 X149.661 Y160.24 E1393.28101
G0 F9000 X150.284 Y160.24
G1 F1800 X148.821 Y158.777 E1393.38699
G0 F9000 X149.443 Y158.777
G1 F1800 X150.906 Y160.24 E1393.49297
G0 F9000 X151.528 Y160.24
G1 F1800 X150.065 Y158.777 E1393.59894
G0 F9000 X150.687 Y158.777
G1 F1800 X152.15 Y160.24 E1393.70492
G0 F9000 X152.773 Y160.24
G1 F1800 X151.31 Y158.777 E1393.81089
G0 F9000 X151.932 Y158.777
G1 F1800 X153.395 Y160.24 E1393.91687
G0 F9000 X154.017 Y160.24
G1 F1800 X152.554 Y158.777 E1394.02284
G0 F9000 X153.176 Y158.777
G1 F1800 X154.639 Y160.24 E1394.12882
G0 F9000 X155.262 Y160.24
G1 F1800 X153.799 Y158.777 E1394.23479
G0 F9000 X154.421 Y158.777
G1 F1800 X155.884 Y160.24 E1394.34077
G0 F9000 X156.506 Y160.24
G1 F1800 X155.043 Y158.777 E1394.44674
G0 F9000 X155.665 Y158.777
G1 F1800 X157.128 Y160.24 E1394.55272
G0 F9000 X157.751 Y160.24
G1 F1800 X156.288 Y158.777 E1394.65869
G0 F9000 X156.91 Y158.777
G1 F1800 X158.373 Y160.24 E1394.76467
G0 F9000 X158.995 Y160.24
G1 F1800 X157.532 Y158.777 E1394.87064
G0 F9000 X158.154 Y158.777
G1 F1800 X159.617 Y160.24 E1394.97662
G0 F9000 X160.24 Y160.24
G1 F1800 X158.777 Y158.777 E1395.08259
G0 F9000 X159.399 Y158.777
G1 F1800 X160.862 Y160.24 E1395.18857
G0 F9000 X161.484 Y160.24
G1 F1800 X160.021 Y158.777 E1395.29454
G0 F9000 X160.643 Y158.777
G1 F1800 X162.106 Y160.24 E1395.40052
G0 F9000 X162.729 Y160.24
G1 F1800 X161.266 Y158.777 E1395.50649
G0 F9000 X161.888 Y158.777
G1 F1800 X163.351 Y160.24 E1395.61247
G0 F9000 X163.973 Y160.24
G1 F1800 X162.51 Y158.777 E1395.71844
G0 F9000 X163.132 Y158.777
G1 F1800 X164.595 Y160.24 E1395.82442
G0 F9000 X165.218 Y160.24
G1 F1800 X163.755 Y158.777 E1395.93039
G0 F9000 X164.377 Y158.777
G1 F1800 X165.84 Y160.24 E1396.03637
G0 F9000 X166.462 Y160.24
G1 F1800 X164.999 Y158.777 E1396.14234
G0 F9000 X165.621 Y158.777
G1 F1800 X166.468 Y159.623 E1396.20366
G0 F9000 X166.468 Y159.001
G1 F1800 X166.244 Y158.777 E1396.21989
G1 F1500 E1394.21989
G0 F9000 X131.065 Y184.174
G1 F1500 E1396.21989
G1 F1404.3 X131.03 Y184.235 E1396.22451
G1 X130.96 Y184.235 E1396.2291
G1 X130.925 Y184.174 E1396.23372
G1 X130.96 Y184.113 E1396.23834
G1 X131.03 Y184.113 E1396.24293
G1 X131.065 Y184.174 E1396.24755
G0 F9000 X131.7 Y185.379
G1 F1414.3 X131.665 Y185.44 E1396.25213
G1 X131.595 Y185.44 E1396.2567
G1 X131.56 Y185.379 E1396.26128
G1 X131.595 Y185.318 E1396.26587
G1 X131.665 Y185.318 E1396.27043
G1 X131.7 Y185.379 E1396.27501
G1 F1500 E1394.27501
;MESH:NONMESH
G0 F300 Z1.12
G0 F9000 X133.809 Y118.914
;TIME_ELAPSED:1422.481961
;LAYER:3
M106 S255
;TYPE:WALL-INNER
;MESH:din-rail-clip-mount.stl
G1 F1500 E1396.27501
G1 F1800 X133.574 Y118.887 E1396.28713
G1 X132.699 Y118.654 E1396.33351
G1 X132.399 Y118.482 E1396.35122
G1 X131.759 Y117.838 E1396.39773
G1 X131.591 Y117.545 E1396.41503
G1 F1537.9 X131.282 Y116.692 E1396.46942
G1 F1294.1 X131.246 Y116.631 E1396.47446
G1 F1239.4 X131.256 Y116.301 E1396.49902
G1 F1182.1 X131.333 Y115.914 E1396.5298
G1 F1166.4 X131.528 Y115.323 E1396.57899
G1 F1205.5 X131.686 Y115.082 E1396.60103
G1 F1175.1 X131.868 Y114.868 E1396.62307
G1 F1166.4 X132.399 Y114.384 E1396.67986
G1 F1183.9 X132.736 Y114.203 E1396.70965
G1 F1211 X133.651 Y113.997 E1396.78106
G1 F1466.7 X133.918 Y114.106 E1396.79919
G1 F1783.8 X134.792 Y114.346 E1396.84603
G1 F1800 X135.087 Y114.517 E1396.8635
G1 X135.727 Y115.157 E1396.90986
G1 X135.898 Y115.454 E1396.92741
G1 X136.13 Y116.326 E1396.97363
G1 X136.14 Y116.627 E1396.98906
G1 X135.87 Y117.639 E1397.0427
G1 X135.732 Y117.827 E1397.05465
G1 X135.092 Y118.479 E1397.10145
G1 X134.895 Y118.627 E1397.11407
G1 X133.809 Y118.914 E1397.1716
G1 F1500 E1395.1716
G0 F9000 X120.252 Y155.52
G1 F1500 E1397.1716
G1 F2051.8 X119.767 Y155.47 E1397.19351
G1 F1876.8 X119.316 Y155.262 E1397.21791
G1 F1775.8 X119.037 Y154.983 E1397.23839
G1 F1767.9 X118.893 Y154.738 E1397.25321
G1 F1936.4 X118.777 Y154.446 E1397.26817
G1 F2146.3 X118.732 Y154 E1397.28743
G1 F2187.8 X118.737 Y145.903 E1397.62864
G1 F2106.4 X118.783 Y145.509 E1397.646
G1 F1927 X118.99 Y145.06 E1397.66966
G1 F1850.5 X119.32 Y144.73 E1397.69291
G1 F1950.7 X119.773 Y144.528 E1397.71635
G1 F2117.6 X120.252 Y144.48 E1397.73731
G1 X120.752 Y144.53 E1397.75919
G1 F1913 X121.169 Y144.723 E1397.78134
G1 F1800 X121.522 Y145.076 E1397.80691
G1 X121.745 Y145.516 E1397.83217
G1 X121.812 Y145.942 E1397.85426
G1 X121.812 Y154.054 E1398.26976
G1 X121.744 Y154.482 E1398.29196
G1 X121.523 Y154.919 E1398.31704
G1 X121.171 Y155.271 E1398.34254
G1 F1913 X120.752 Y155.47 E1398.36489
G1 F2117.6 X120.252 Y155.52 E1398.38677
G1 F1500 E1396.38677
G0 F9000 X150 Y161.296
G1 F1500 E1398.38677
G1 F1800 X167.084 Y161.296 E1399.26183
G1 X167.084 Y158.16 E1399.42245
G1 X143.744 Y158.16 E1400.61794
G1 X143.529 Y158.125 E1400.6291
G1 X143.347 Y158.029 E1400.63964
G1 X143.216 Y157.896 E1400.6492
G1 X143.084 Y157.586 E1400.66646
G1 X143.084 Y153.025 E1400.90008
G1 X143.194 Y152.735 E1400.91596
G1 X143.518 Y152.498 E1400.93652
G1 X143.194 Y152.261 E1400.95709
G1 X143.084 Y151.971 E1400.97297
G1 X143.084 Y148.074 E1401.17258
G1 X143.194 Y147.734 E1401.19088
G1 X143.519 Y147.5 E1401.2114
G1 X143.194 Y147.266 E1401.23191
G1 X143.084 Y147.019 E1401.24576
G1 X143.084 Y142.414 E1401.48163
G1 X143.216 Y142.103 E1401.49893
G1 X143.348 Y141.971 E1401.50849
G1 X143.665 Y141.84 E1401.52606
G1 X167.084 Y141.84 E1402.7256
G1 X167.084 Y138.7 E1402.88643
G1 X130.404 Y138.7 E1404.7652
G1 X130.4 Y143.582 E1405.01526
G1 X130.276 Y143.892 E1405.03236
G1 X130.17 Y144.005 E1405.0403
G1 X129.944 Y144.13 E1405.05353
G1 X129.814 Y144.157 E1405.06033
G1 X121.208 Y144.161 E1405.50113
G1 F1980 X120.252 Y144.12 E1405.54569
G1 F2112 X119.801 Y144.135 E1405.56539
G1 F1903.8 X119.343 Y144.232 E1405.58806
G1 F1763.9 X118.978 Y144.427 E1405.60969
G1 F1733 X118.683 Y144.722 E1405.63188
G1 F1767.9 X118.487 Y145.088 E1405.65354
G1 F1913 X118.386 Y145.551 E1405.67638
G1 F2117.6 X118.372 Y146 E1405.69593
G1 F2187.8 X118.374 Y154.127 E1406.03841
G1 F2100.8 X118.386 Y154.445 E1406.05238
G1 F1913 X118.487 Y154.908 E1406.07521
G1 F1767.9 X118.683 Y155.274 E1406.09687
G1 F1733 X118.978 Y155.569 E1406.11906
G1 F1767.9 X119.344 Y155.765 E1406.14071
G1 F1913 X119.804 Y155.865 E1406.1634
G1 F2117.6 X120.252 Y155.88 E1406.18292
G1 F1980 X121.221 Y155.84 E1406.22808
G1 F1800 X129.814 Y155.843 E1406.66821
G1 X130.053 Y155.916 E1406.68101
G1 X130.17 Y155.995 E1406.68825
G1 X130.331 Y156.197 E1406.70148
G1 X130.404 Y156.393 E1406.71219
G1 X130.404 Y161.296 E1406.96332
G1 X150 Y161.296 E1407.96704
G1 F1500 E1405.96704
G0 F9000 X150 Y186.805
G1 F1500 E1407.96704
G1 F1800 X178.607 Y186.808 E1409.43231
G1 X178.958 Y186.676 E1409.45152
G1 F1450.5 X179.332 Y186.422 E1409.48025
G1 F1229.8 X179.614 Y186.322 E1409.50268
G1 F1207.3 X180.062 Y186.132 E1409.53985
G1 F1200 X180.814 Y185.307 E1409.62561
G1 F1203.6 X181.08 Y184.988 E1409.65743
G1 F1196.4 X181.371 Y183.838 E1409.74884
G1 F1315.6 X181.584 Y183.429 E1409.78116
G1 F1440 X181.584 Y181.67 E1409.89378
G1 F1447.9 X181.584 Y179.911 E1410.00579
G1 F1455.9 X181.584 Y178.152 E1410.11718
G1 F1464 X181.584 Y176.393 E1410.22796
G1 F1472.1 X181.584 Y174.634 E1410.33812
G1 F1480.4 X181.584 Y172.875 E1410.44767
G1 F1488.7 X181.584 Y171.116 E1410.55661
G1 F1497.2 X181.584 Y169.357 E1410.66493
G1 F1505.7 X181.584 Y167.598 E1410.77264
G1 F1514.3 X181.584 Y165.839 E1410.87973
G1 F1523.1 X181.584 Y164.08 E1410.98621
G1 F1531.9 X181.584 Y162.321 E1411.09207
G1 F1540.9 X181.584 Y160.562 E1411.19732
G1 F1546.9 X181.584 Y158.803 E1411.30216
G1 F1556 X181.584 Y157.044 E1411.40639
G1 F1565.2 X181.584 Y155.285 E1411.51
G1 F1574.6 X181.584 Y153.526 E1411.613
G1 F1584 X181.584 Y151.767 E1411.71538
G1 F1593.6 X181.584 Y150.008 E1411.81715
G1 F1603.2 X181.584 Y148.249 E1411.9183
G1 F1613 X181.584 Y146.49 E1412.01884
G1 F1623 X181.584 Y144.731 E1412.11877
G1 F1633 X181.584 Y142.972 E1412.21808
G1 F1643.2 X181.584 Y141.213 E1412.31678
G1 F1653.4 X181.584 Y139.454 E1412.41486
G1 F1660.4 X181.584 Y137.695 E1412.51253
G1 F1670.9 X181.584 Y135.936 E1412.60959
G1 F1681.5 X181.584 Y134.177 E1412.70604
G1 F1692.3 X181.584 Y132.418 E1412.80187
G1 F1703.2 X181.584 Y130.659 E1412.89708
G1 F1714.3 X181.584 Y128.9 E1412.99169
G1 F1725.5 X181.584 Y127.141 E1413.08567
G1 F1736.8 X181.584 Y125.382 E1413.17905
G1 F1748.3 X181.584 Y123.623 E1413.27181
G1 F1760 X181.584 Y121.864 E1413.36395
G1 F1771.8 X181.584 Y120.105 E1413.45548
G1 F1783.8 X181.584 Y118.346 E1413.5464
G1 F1795.9 X181.584 Y116.587 E1413.6367
G1 F1800 X181.186 Y114.953 E1413.72284
G1 F1616.3 X180.105 Y113.738 E1413.81561
G1 F1346.9 X179.616 Y113.679 E1413.84932
G1 F1231.7 X179.342 Y113.581 E1413.8711
G1 F1455.9 X178.969 Y113.327 E1413.89968
G1 F1800 X178.606 Y113.188 E1413.91959
G1 X134.269 Y113.188 E1416.19056
G1 F1783.8 X133.98 Y113.228 E1416.20564
G1 F1466.7 X133.575 Y113.369 E1416.2326
G1 F1196.4 X132.614 Y113.516 E1416.30751
G1 F1200 X132.083 Y113.845 E1416.35551
G1 F1196.4 X131.355 Y114.386 E1416.42541
G1 X131.003 Y114.983 E1416.47881
G1 X130.649 Y115.739 E1416.54315
G1 F1231.7 X130.595 Y116.783 E1416.6214
G1 F1537.9 X130.52 Y117.687 E1416.67578
G1 F1800 X130.52 Y136.5 E1417.63939
G1 X130.387 Y136.952 E1417.66352
G1 X137.536 Y136.952 E1418.0297
G1 X137.084 Y136.5 E1418.06244
G1 X137.084 Y120.349 E1418.88971
G1 X137.182 Y120.12 E1418.90246
G1 X137.396 Y119.907 E1418.91793
G1 X137.619 Y119.808 E1418.93043
G1 X138.813 Y119.811 E1418.99158
G1 X139.004 Y119.861 E1419.0017
G1 X139.195 Y119.985 E1419.01336
G1 X139.366 Y120.245 E1419.0293
G1 X139.404 Y120.468 E1419.04089
G1 X139.404 Y136.5 E1419.86206
G1 X139.025 Y136.952 E1419.89227
G1 X143.536 Y136.952 E1420.12333
G1 X143.084 Y136.5 E1420.15607
G1 X143.084 Y120.468 E1420.97724
G1 X143.122 Y120.245 E1420.98882
G1 X143.293 Y119.985 E1421.00476
G1 X143.478 Y119.863 E1421.01611
G1 X143.659 Y119.808 E1421.0258
G1 X168.838 Y119.808 E1422.31549
G1 X169.01 Y119.863 E1422.32474
G1 X169.195 Y119.985 E1422.33609
G1 X169.366 Y120.245 E1422.35203
G1 X169.404 Y120.468 E1422.36361
G1 X169.402 Y136.558 E1423.18775
G1 X169.294 Y136.865 E1423.20442
G1 X169.064 Y137.078 E1423.22048
G1 X168.734 Y137.163 E1423.23793
G1 X168.904 Y137.496 E1423.25708
G1 X168.9 Y146.98 E1423.74286
G1 X168.782 Y147.283 E1423.75951
G1 X168.47 Y147.5 E1423.77898
G1 X168.782 Y147.717 E1423.79845
G1 X168.902 Y148.043 E1423.81624
G1 X168.9 Y151.976 E1424.01769
G1 X168.783 Y152.278 E1424.03428
G1 X168.469 Y152.498 E1424.05392
G1 X168.783 Y152.718 E1424.07356
G1 X168.901 Y153.029 E1424.09059
G1 X168.904 Y162.498 E1424.5756
G1 F1787.8 X168.744 Y162.83 E1424.59461
G1 X169.066 Y162.923 E1424.61189
G1 F1800 X169.294 Y163.135 E1424.62784
G1 X169.371 Y163.292 E1424.63679
G1 X169.404 Y163.5 E1424.64758
G1 X169.402 Y179.586 E1425.47152
G1 X169.366 Y179.751 E1425.48017
G1 X169.195 Y180.011 E1425.49611
G1 X169.01 Y180.133 E1425.50746
G1 X168.829 Y180.188 E1425.51715
G1 X143.65 Y180.188 E1426.80683
G1 X143.478 Y180.133 E1426.81608
G1 X143.293 Y180.011 E1426.82743
G1 X143.122 Y179.751 E1426.84337
G1 X143.086 Y179.586 E1426.85202
G1 X143.084 Y163.5 E1427.67595
G1 X143.466 Y163.044 E1427.70642
G1 X138.948 Y163.044 E1427.93784
G1 X139.404 Y163.5 E1427.97087
G1 X139.402 Y179.586 E1428.7948
G1 X139.281 Y179.912 E1428.81262
G1 X139.123 Y180.069 E1428.82402
G1 X138.813 Y180.185 E1428.84098
G1 X137.618 Y180.188 E1428.90219
G1 X137.389 Y180.085 E1428.91505
G1 X137.18 Y179.872 E1428.93033
G1 X137.084 Y179.647 E1428.94286
G1 X137.084 Y163.5 E1429.76992
G1 X137.466 Y163.044 E1429.80039
G1 X130.387 Y163.044 E1430.16298
G1 X130.52 Y163.5 E1430.18731
G1 X130.521 Y182.311 E1431.15082
G1 F1461.3 X130.623 Y183.218 E1431.20841
G1 F1247.2 X130.613 Y183.5 E1431.22927
G1 F1257.1 X130.617 Y183.685 E1431.24284
G1 F1296.2 X130.496 Y184.299 E1431.28735
G1 F1289.9 X130.902 Y184.802 E1431.33355
G1 F1241.4 X131.095 Y185.176 E1431.36481
G1 F1472.1 X131.202 Y185.593 E1431.39177
G1 F1619.6 X131.271 Y185.724 E1431.4002
G1 F1346.9 X131.923 Y186.037 E1431.44971
G1 F1243.3 X132.237 Y186.256 E1431.4781
G1 F1192.8 X132.615 Y186.483 E1431.51218
G1 F1196.4 X133.579 Y186.629 E1431.58731
G1 F1239.4 X133.765 Y186.647 E1431.60121
G1 F1461.3 X134.238 Y186.804 E1431.63266
G1 F1800 X150 Y186.805 E1432.44
G1 F1500 E1430.44
G0 F9000 X133.756 Y186.023
G1 F1500 E1432.44
G1 F1168.1 X132.828 Y185.818 E1432.51501
G1 F1192.8 X132.551 Y185.705 E1432.53813
G1 F1243.3 X132.33 Y185.551 E1432.55811
G1 F1472.1 X131.96 Y185.039 E1432.59767
G1 X131.627 Y184.835 E1432.62213
G1 F1241.4 X131.494 Y184.571 E1432.64408
G1 F1466.7 X131.457 Y184.052 E1432.67679
G1 F1474.9 X131.246 Y183.631 E1432.70623
G1 F1239.4 X131.256 Y183.301 E1432.73079
G1 F1461.3 X131.59 Y182.452 E1432.78835
G1 F1800 X131.761 Y182.157 E1432.80581
G1 X132.401 Y181.517 E1432.85217
G1 X132.696 Y181.346 E1432.86964
G1 X133.572 Y181.11 E1432.91611
G1 X133.81 Y181.081 E1432.92839
G1 X134.895 Y181.374 E1432.98595
G1 X135.087 Y181.517 E1432.99822
G1 X135.727 Y182.157 E1433.04458
G1 X135.869 Y182.346 E1433.05668
G1 X136.14 Y183.369 E1433.11089
G1 X136.13 Y183.67 E1433.12632
G1 X135.898 Y184.542 E1433.17253
G1 X135.729 Y184.838 E1433.18999
G1 X135.089 Y185.482 E1433.2365
G1 X134.789 Y185.654 E1433.25421
G1 X134.17 Y185.819 E1433.28702
G1 F1432.2 X133.756 Y186.023 E1433.31673
G1 F1500 E1431.31673
G0 F9000 X173.679 Y180.185
G1 F1500 E1433.31673
G1 F1800 X173.365 Y180.069 E1433.33388
G1 X173.207 Y179.912 E1433.34529
G1 X173.086 Y179.586 E1433.3631
G1 X173.084 Y163.5 E1434.18703
G1 X173.117 Y163.292 E1434.19782
G1 X173.194 Y163.135 E1434.20678
G1 X173.417 Y162.926 E1434.22243
G1 X173.677 Y162.84 E1434.23646
G1 X174.444 Y162.845 E1434.27575
G1 X174.766 Y162.978 E1434.29359
G1 X174.916 Y163.143 E1434.30501
G1 X175.02 Y163.401 E1434.31926
G1 X175.019 Y179.569 E1435.1474
G1 X174.911 Y179.892 E1435.16484
G1 X174.689 Y180.101 E1435.18046
G1 X174.468 Y180.188 E1435.19262
G1 X173.679 Y180.185 E1435.23304
G1 F1500 E1433.23304
G0 F9000 X177.324 Y182.967
G0 X178.245 Y184.563
G0 X178.24 Y185.93
G1 F1500 E1435.23304
G1 F1800 X177.199 Y185.654 E1435.2882
G1 X176.899 Y185.482 E1435.30591
G1 X176.259 Y184.838 E1435.35242
G1 X176.09 Y184.545 E1435.36974
G1 X175.854 Y183.673 E1435.41601
G1 X175.826 Y183.431 E1435.42849
G1 X176.118 Y182.349 E1435.48589
G1 X176.261 Y182.157 E1435.49816
G1 X176.901 Y181.517 E1435.54452
G1 X177.091 Y181.374 E1435.5567
G1 X178.072 Y181.11 E1435.60873
G1 X178.309 Y181.081 E1435.62096
G1 X179.292 Y181.346 E1435.67311
G1 X179.587 Y181.517 E1435.69057
G1 X180.227 Y182.157 E1435.73693
G1 X180.399 Y182.455 E1435.75456
G1 X180.631 Y183.331 E1435.80097
G1 F1447.9 X180.737 Y183.683 E1435.82438
G1 F1192.8 X180.451 Y184.755 E1435.91014
G1 F1175.1 X179.64 Y185.595 E1436.00175
G1 F1207.3 X179.389 Y185.726 E1436.02338
G1 F1229.8 X179.134 Y185.803 E1436.04334
G1 F1450.5 X178.683 Y185.813 E1436.07202
G1 F1800 X178.24 Y185.93 E1436.09549
G1 F1500 E1434.09549
G0 F9000 X173.677 Y137.16
G1 F1500 E1436.09549
G1 F1800 X173.416 Y137.074 E1436.10956
G1 X173.194 Y136.865 E1436.12518
G1 X173.086 Y136.558 E1436.14185
G1 X173.084 Y120.468 E1436.96599
G1 X173.122 Y120.245 E1436.97757
G1 X173.207 Y120.084 E1436.9869
G1 X173.365 Y119.927 E1436.99831
G1 X173.681 Y119.811 E1437.01555
G1 X174.463 Y119.806 E1437.05561
G1 X174.687 Y119.893 E1437.06791
G1 X174.902 Y120.09 E1437.08285
G1 X175.019 Y120.431 E1437.10132
G1 X175.02 Y136.584 E1437.92868
G1 X174.916 Y136.857 E1437.94365
G1 X174.766 Y137.022 E1437.95507
G1 X174.444 Y137.155 E1437.97291
G1 X173.677 Y137.16 E1438.0122
G1 F1500 E1436.0122
G0 F9000 X178.31 Y118.914
G1 F1500 E1438.0122
G1 F1800 X178.074 Y118.887 E1438.02437
G1 X177.091 Y118.625 E1438.07647
G1 X176.899 Y118.482 E1438.08874
G1 X176.259 Y117.838 E1438.13524
G1 X176.117 Y117.646 E1438.14747
G1 X175.826 Y116.57 E1438.20457
G1 X175.854 Y116.328 E1438.21704
G1 X176.09 Y115.452 E1438.26351
G1 X176.261 Y115.157 E1438.28098
G1 X176.901 Y114.517 E1438.32734
G1 X177.196 Y114.346 E1438.3448
G1 X178.13 Y114.098 E1438.3943
G1 X178.407 Y114.107 E1438.4085
G1 X178.692 Y114.183 E1438.4236
G1 F1455.9 X179.143 Y114.196 E1438.45218
G1 F1231.7 X179.39 Y114.274 E1438.47157
G1 F1469.4 X179.561 Y114.493 E1438.489
G1 F1800 X180.307 Y115.24 E1438.54307
G1 X180.398 Y115.455 E1438.55503
G1 X180.652 Y116.41 E1438.60565
G1 X180.647 Y116.609 E1438.61584
G1 X180.399 Y117.542 E1438.66529
G1 X180.229 Y117.838 E1438.68278
G1 X179.588 Y118.482 E1438.72932
G1 X179.29 Y118.654 E1438.74694
G1 X178.31 Y118.914 E1438.79887
G0 F9000 X178.243 Y118.476
;TYPE:WALL-OUTER
G1 F1800 X177.243 Y118.205 E1438.85194
G1 X176.539 Y117.496 E1438.90312
G1 X176.264 Y116.497 E1438.95619
G1 X176.53 Y115.51 E1439.00855
G1 X177.212 Y114.828 E1439.05795
G1 X177.31 Y114.771 E1439.06376
G1 X178.186 Y114.535 E1439.11023
G1 X178.302 Y114.535 E1439.11617
G1 X179.235 Y114.788 E1439.16568
G1 X179.954 Y115.507 E1439.21777
G1 X180.218 Y116.508 E1439.27079
G1 X179.957 Y117.487 E1439.32269
G1 X179.276 Y118.172 E1439.37216
G1 X179.177 Y118.229 E1439.37801
G1 X178.243 Y118.476 E1439.4275
G1 F1500 E1437.4275
G0 F9000 X173.711 Y136.718
G1 F1500 E1439.4275
G1 F1800 X173.56 Y136.622 E1439.43666
G1 X173.524 Y136.52 E1439.4422
G1 X173.524 Y120.409 E1440.26742
G1 X173.617 Y120.287 E1440.27528
G1 X173.694 Y120.253 E1440.27959
G1 X174.395 Y120.247 E1440.31549
G1 X174.544 Y120.346 E1440.32466
G1 X174.58 Y120.455 E1440.33054
G1 X174.576 Y136.543 E1441.15457
G1 X174.449 Y136.719 E1441.16569
G1 X173.711 Y136.718 E1441.20349
G1 F1500 E1439.20349
G0 F9000 X168.092 Y135.847
G0 X150 Y135.835
G0 X150 Y136.778
G1 F1500 E1441.20349
G1 F1424.5 X143.744 Y136.778 E1441.60841
G1 F1590.4 X143.524 Y136.5 E1441.62896
G1 F1800 X143.524 Y120.409 E1442.45315
G1 X143.617 Y120.287 E1442.46101
G1 X143.698 Y120.252 E1442.46553
G1 X168.79 Y120.252 E1443.75075
G1 X168.895 Y120.307 E1443.75683
G1 X168.964 Y120.411 E1443.76322
G1 X168.964 Y136.52 E1444.58833
G1 X168.928 Y136.622 E1444.59387
G1 F1688.7 X168.833 Y136.71 E1444.60094
G1 F1502.8 X168.244 Y136.778 E1444.63732
G1 F1424.5 X150 Y136.778 E1445.81814
G1 F1500 E1443.81814
G0 F9000 X150 Y135.835
G0 X144.398 Y135.847
G0 X138.792 Y136.776
G1 F1500 E1445.81814
G1 F1419.4 X137.744 Y136.778 E1445.88622
G1 F1590.4 X137.524 Y136.5 E1445.90677
G1 F1800 X137.524 Y120.429 E1446.72994
G1 X137.556 Y120.352 E1446.73421
G1 X137.701 Y120.248 E1446.74335
G1 X138.786 Y120.251 E1446.79892
G1 X138.895 Y120.307 E1446.8052
G1 X138.964 Y120.411 E1446.81159
G1 X138.964 Y136.5 E1447.63568
G1 F1584 X138.792 Y136.776 E1447.65461
G1 F1500 E1445.65461
G0 F9000 X133.744 Y118.476
G1 F1500 E1447.65461
G1 F1800 X132.811 Y118.229 E1447.70405
G1 X132.711 Y118.172 E1447.70994
G1 X132.03 Y117.487 E1447.75942
G1 X131.764 Y116.497 E1447.81192
G1 X132.039 Y115.501 E1447.86485
G1 X132.761 Y114.784 E1447.91697
G1 X133.749 Y114.521 E1447.96933
G1 X134.734 Y114.786 E1448.02158
G1 X135.416 Y115.468 E1448.07098
G1 X135.473 Y115.567 E1448.07683
G1 X135.72 Y116.496 E1448.12607
G1 X135.45 Y117.486 E1448.17863
G1 X134.745 Y118.205 E1448.23021
G1 X133.744 Y118.476 E1448.28333
G1 F1500 E1446.28333
G0 F9000 X150 Y153.917
G1 F1500 E1448.28333
G1 F2309 X149.757 Y154.262 E1448.30018
G1 F2275.9 X149.279 Y154.918 E1448.33306
G1 F2062.5 X148.753 Y155.512 E1448.36852
G1 F1699.6 X148.233 Y155.886 E1448.40327
G1 F1419.4 X147.932 Y155.96 E1448.42341
G1 F1421.9 X147.636 Y155.98 E1448.44264
G1 F1643.2 X147.08 Y155.668 E1448.47842
G1 F1936.4 X146.557 Y155.144 E1448.51366
G1 F2212.3 X146.046 Y154.476 E1448.54871
G1 F2289 X145.618 Y153.865 E1448.57876
G1 F2117.6 X145.057 Y153.115 E1448.61954
G1 F1872.3 X144.568 Y152.594 E1448.65472
G1 F1546.9 X144.1 Y152.296 E1448.68779
G1 F1365.5 X143.969 Y152.26 E1448.69697
G1 F1497.2 X143.679 Y152.127 E1448.71661
G1 F1725.5 X143.56 Y152.018 E1448.72524
G1 F1800 X143.524 Y151.916 E1448.73078
G1 X143.527 Y148.058 E1448.92838
G1 F1663.9 X143.677 Y147.852 E1448.94251
G1 F1450.5 X144.1 Y147.703 E1448.97101
G1 F1483.1 X144.55 Y147.41 E1449.00439
G1 F1775.8 X145.057 Y146.881 E1449.04243
G1 F2117.6 X145.639 Y146.101 E1449.0848
G1 F2295.7 X146.052 Y145.513 E1449.11366
G1 F2212.3 X146.562 Y144.848 E1449.14859
G1 F1931.7 X147.08 Y144.331 E1449.18352
G1 F1643.2 X147.637 Y144.021 E1449.21929
G1 F1419.4 X147.93 Y144.038 E1449.23835
G1 F1367.9 X148.212 Y144.098 E1449.25778
G1 F1629.6 X148.753 Y144.488 E1449.29551
G1 F2062.5 X149.278 Y145.078 E1449.33082
G1 F2275.9 X149.761 Y145.74 E1449.36402
G1 F2243.6 X150.263 Y146.452 E1449.39981
G1 F2084.2 X150.731 Y147.044 E1449.4332
G1 F1733 X151.257 Y147.534 E1449.47144
G1 F1419.4 X151.681 Y147.748 E1449.50229
G1 F1324.4 X152.021 Y147.779 E1449.52606
G1 F1382.2 X152.411 Y147.632 E1449.55386
G1 F1636.4 X152.922 Y147.224 E1449.5907
G1 F1980 X153.398 Y146.662 E1449.625
G1 F2181.8 X153.972 Y145.875 E1449.66616
G1 F2289 X154.396 Y145.271 E1449.69588
G1 F2152.2 X154.896 Y144.658 E1449.72977
G1 F1795.9 X155.439 Y144.194 E1449.76644
G1 F1571.4 X155.994 Y143.983 E1449.80127
G1 F1577.7 X156.556 Y144.198 E1449.83644
G1 F1800 X157.092 Y144.658 E1449.87261
G1 F2152.2 X157.602 Y145.284 E1449.9072
G1 F2289 X158.025 Y145.888 E1449.93691
G1 F2181.8 X158.595 Y146.67 E1449.9778
G1 F1980 X159.072 Y147.23 E1450.01205
G1 F1636.4 X159.577 Y147.632 E1450.04842
G1 F1384.6 X159.967 Y147.78 E1450.07619
G1 F1372.6 X160.284 Y147.751 E1450.09758
G1 F1472.1 X160.727 Y147.534 E1450.12847
G1 F1740.7 X161.263 Y147.037 E1450.16719
G1 F2117.6 X161.82 Y146.323 E1450.20661
G1 F2275.9 X162.23 Y145.734 E1450.23568
G1 F2262.9 X162.722 Y145.061 E1450.26965
G1 F2051.8 X163.234 Y144.487 E1450.30421
G1 F1623 X163.771 Y144.099 E1450.34185
G1 F1365.5 X164.054 Y144.039 E1450.36138
G1 F1419.4 X164.352 Y144.021 E1450.38077
G1 F1636.4 X164.905 Y144.331 E1450.41649
G1 F1931.7 X165.425 Y144.847 E1450.45146
G1 F2212.3 X165.941 Y145.521 E1450.48683
G1 F2289 X166.367 Y146.126 E1450.51664
G1 F2117.6 X166.931 Y146.881 E1450.55767
G1 F1867.9 X167.419 Y147.401 E1450.59286
G1 F1546.9 X167.885 Y147.703 E1450.62596
G1 F1450.5 X168.311 Y147.852 E1450.65465
G1 F1660.4 X168.424 Y147.972 E1450.6638
G1 F1800 X168.464 Y148.081 E1450.66975
G1 X168.46 Y151.941 E1450.86746
G1 F1721.7 X168.308 Y152.127 E1450.88032
G1 F1494.3 X168.02 Y152.259 E1450.89987
G1 F1365.5 X167.885 Y152.296 E1450.90932
G1 F1483.1 X167.438 Y152.586 E1450.94244
G1 F1779.8 X166.931 Y153.115 E1450.9804
G1 F2117.6 X166.352 Y153.891 E1451.02255
G1 F2289 X165.936 Y154.483 E1451.05169
G1 F2212.3 X165.427 Y155.149 E1451.08663
G1 F1931.7 X164.904 Y155.669 E1451.12183
G1 F1643.2 X164.353 Y155.978 E1451.15727
G1 F1424.5 X164.054 Y155.961 E1451.17666
G1 F1372.6 X163.773 Y155.9 E1451.19597
G1 F1629.6 X163.234 Y155.512 E1451.23355
G1 F2057.1 X162.719 Y154.935 E1451.26821
G1 F2224.7 X161.791 Y153.637 E1451.33433
G1 F2112 X161.255 Y152.956 E1451.37217
G1 F1736.8 X160.726 Y152.463 E1451.41055
G1 F1469.4 X160.286 Y152.246 E1451.44133
G1 F1365.5 X159.968 Y152.218 E1451.46289
G1 F1379.8 X159.577 Y152.368 E1451.49087
G1 F1650 X159.065 Y152.774 E1451.52738
G1 F2036 X158.499 Y153.454 E1451.56745
G1 F2231 X157.6 Y154.716 E1451.63148
G1 F2163.9 X157.095 Y155.338 E1451.66561
G1 F1804.1 X156.556 Y155.799 E1451.70186
G1 F1577.7 X155.994 Y156.018 E1451.73711
G1 X155.432 Y155.799 E1451.77236
G1 F1804.1 X154.893 Y155.338 E1451.8086
G1 F2158 X154.388 Y154.716 E1451.84283
G1 F2175.8 X153.388 Y153.322 E1451.91553
G1 F1975.1 X152.912 Y152.763 E1451.9498
G1 F1633 X152.411 Y152.368 E1451.98582
G1 F1379.8 X152.02 Y152.218 E1452.0138
G1 F1320 X151.682 Y152.249 E1452.03751
G1 F1416.8 X151.258 Y152.463 E1452.06842
G1 F1736.8 X150.732 Y152.953 E1452.10658
G1 F2123.3 X150.172 Y153.673 E1452.14618
G1 F2262.9 X150 Y153.917 E1452.15835
G1 F1500 E1450.15835
G0 F9000 X150 Y179.744
G1 F1500 E1452.15835
G1 F1800 X143.698 Y179.744 E1452.48114
G1 X143.593 Y179.689 E1452.48721
G1 X143.524 Y179.585 E1452.4936
G1 X143.524 Y163.5 E1453.31748
G1 F1580.8 X143.695 Y163.223 E1453.33647
G1 F1409.3 X168.341 Y163.219 E1454.94888
G1 F1488.7 X168.834 Y163.29 E1454.97972
G1 F1685.1 X168.928 Y163.378 E1454.98677
G1 F1800 X168.964 Y163.5 E1454.99328
G1 X168.964 Y179.548 E1455.81527
G1 X168.923 Y179.656 E1455.82119
G1 X168.79 Y179.744 E1455.82936
G1 X150 Y179.744 E1456.79179
G1 F1500 E1454.79179
G0 F9000 X150 Y187.248
G1 F1500 E1456.79179
G1 F1800 X178.687 Y187.248 E1458.26116
G1 X180.387 Y186.605 E1458.35426
G1 X181.587 Y185.254 E1458.44681
G1 X182.024 Y183.473 E1458.54074
G1 X182.024 Y116.523 E1461.96996
G1 X181.587 Y114.742 E1462.06389
G1 X180.387 Y113.395 E1462.15629
G1 X178.687 Y112.748 E1462.24946
G1 X134.242 Y112.748 E1464.52596
G1 X132.409 Y112.972 E1464.62055
G1 X130.918 Y113.999 E1464.71328
G1 X130.081 Y115.599 E1464.80577
G1 X130.08 Y136.5 E1465.87633
G1 X130.045 Y136.62 E1465.88273
G1 X129.964 Y136.664 E1465.88745
G1 X129.964 Y137.392 E1465.92474
G1 X136.632 Y137.392 E1466.26628
G1 F1590.4 X137.744 Y137.334 E1466.33083
G1 F1419.4 X138.84 Y137.332 E1466.40203
G1 F1584 X139.856 Y137.392 E1466.46127
G1 F1800 X142.632 Y137.392 E1466.60346
G1 F1590.4 X143.744 Y137.334 E1466.66801
G1 F1424.5 X168.244 Y137.334 E1468.25375
G1 F1590.4 X168.409 Y137.465 E1468.26597
G1 F1800 X168.459 Y137.563 E1468.2716
G1 X168.46 Y146.945 E1468.75215
G1 F1660.4 X168.311 Y147.148 E1468.76614
G1 F1505.7 X168.198 Y147.201 E1468.77378
G1 F1543.9 X167.682 Y147.001 E1468.80683
G1 F1808.2 X167.144 Y146.537 E1468.84305
G1 F2163.9 X166.631 Y145.904 E1468.87776
G1 F2295.7 X166.212 Y145.308 E1468.90702
G1 F2187.8 X165.637 Y144.522 E1468.94806
G1 F1980 X165.159 Y143.963 E1468.98231
G1 F1636.4 X164.662 Y143.568 E1469.01808
G1 F1379.8 X164.268 Y143.417 E1469.04628
G1 F1367.9 X163.951 Y143.446 E1469.06773
G1 F1469.4 X163.51 Y143.663 E1469.09857
G1 F1736.8 X162.982 Y144.151 E1469.13674
G1 F2117.6 X162.422 Y144.872 E1469.17648
G1 F2224.7 X161.518 Y146.135 E1469.24085
G1 F2051.8 X161.002 Y146.712 E1469.27563
G1 F1629.6 X160.463 Y147.101 E1469.31324
G1 F1372.6 X160.183 Y147.16 E1469.33246
G1 F1424.5 X159.884 Y147.178 E1469.35185
G1 F1643.2 X159.332 Y146.869 E1469.38734
G1 F1941.2 X158.805 Y146.343 E1469.42271
G1 F2212.3 X158.298 Y145.676 E1469.45762
G1 F2289 X157.866 Y145.06 E1469.48793
G1 F2117.6 X157.302 Y144.309 E1469.52882
G1 F1775.8 X156.798 Y143.786 E1469.56653
G1 F1483.1 X156.352 Y143.497 E1469.59956
G1 F1356.2 X155.993 Y143.405 E1469.62476
G1 X155.636 Y143.497 E1469.64982
G1 F1483.1 X155.19 Y143.786 E1469.68286
G1 F1775.8 X154.68 Y144.316 E1469.72105
G1 F2117.6 X154.104 Y145.085 E1469.76288
G1 F2289 X153.685 Y145.683 E1469.79229
G1 F2212.3 X153.178 Y146.348 E1469.82714
G1 F1936.4 X152.656 Y146.869 E1469.86225
G1 F1590.4 X152.167 Y147.143 E1469.89475
G1 F1414.3 X151.976 Y147.195 E1469.90765
G1 F1404.3 X151.525 Y147.102 E1469.93788
G1 F1629.6 X150.983 Y146.712 E1469.97566
G1 F2062.5 X150.457 Y146.118 E1470.01113
G1 F2200 X149.47 Y144.744 E1470.08203
G1 F2073.3 X149.004 Y144.152 E1470.11553
G1 F1725.5 X148.478 Y143.663 E1470.1539
G1 F1466.7 X148.033 Y143.446 E1470.18503
G1 F1365.5 X147.716 Y143.418 E1470.20651
G1 F1379.8 X147.326 Y143.568 E1470.23443
G1 F1643.2 X146.812 Y143.978 E1470.27133
G1 F2015.3 X146.285 Y144.605 E1470.3088
G1 F2212.3 X145.348 Y145.916 E1470.37595
G1 F2163.9 X144.844 Y146.537 E1470.41003
G1 F1800 X144.297 Y147.006 E1470.44693
G1 F1537.9 X143.789 Y147.199 E1470.47951
G1 F1508.6 X143.677 Y147.148 E1470.48704
G1 F1663.9 X143.527 Y146.942 E1470.50116
G1 F1800 X143.527 Y142.46 E1470.73073
G1 X143.568 Y142.367 E1470.73593
G1 X143.687 Y142.28 E1470.74348
G1 X167.524 Y142.28 E1471.96443
G1 X167.524 Y138.26 E1472.17033
G1 X129.964 Y138.26 E1474.09418
G1 X129.963 Y143.528 E1474.36401
G1 X129.927 Y143.624 E1474.36926
G1 X129.79 Y143.716 E1474.37772
G1 X119.769 Y143.72 E1474.891
G1 X119.205 Y143.808 E1474.92024
G1 X118.711 Y144.061 E1474.94866
G1 X118.317 Y144.455 E1474.9772
G1 X118.064 Y144.95 E1475.00568
G1 X117.972 Y145.518 E1475.03515
G1 X117.972 Y154.478 E1475.49409
G1 X118.064 Y155.046 E1475.52356
G1 X118.317 Y155.541 E1475.55203
G1 X118.711 Y155.935 E1475.58057
G1 X119.206 Y156.188 E1475.60905
G1 X119.77 Y156.279 E1475.63831
G1 X129.79 Y156.284 E1476.15154
G1 X129.927 Y156.376 E1476.15999
G1 X129.963 Y156.472 E1476.16524
G1 X129.964 Y161.736 E1476.43487
G1 X167.524 Y161.736 E1478.35872
G1 X167.524 Y157.72 E1478.56442
G1 X143.693 Y157.72 E1479.78506
G1 X143.611 Y157.677 E1479.7898
G1 X143.527 Y157.54 E1479.79803
G1 X143.527 Y153.058 E1480.0276
G1 F1725.5 X143.679 Y152.869 E1480.04056
G1 F1497.2 X143.818 Y152.819 E1480.04966
G1 F1483.1 X144.307 Y152.995 E1480.08196
G1 F1808.2 X144.844 Y153.459 E1480.11815
G1 F2163.9 X145.354 Y154.089 E1480.15268
G1 F2289 X145.774 Y154.689 E1480.18218
G1 F2175.8 X146.344 Y155.47 E1480.22315
G1 F1980 X146.826 Y156.034 E1480.2577
G1 F1636.4 X147.326 Y156.432 E1480.29371
G1 F1382.2 X147.715 Y156.58 E1480.32147
G1 F1372.6 X148.034 Y156.551 E1480.34298
G1 F1474.9 X148.479 Y156.334 E1480.37393
G1 F1744.5 X149.013 Y155.837 E1480.41249
G1 F2129 X149.567 Y155.124 E1480.45159
G1 F2275.9 X149.979 Y154.534 E1480.48074
G1 X150.458 Y153.878 E1480.51365
G1 F2062.5 X150.983 Y153.288 E1480.54895
G1 F1629.6 X151.526 Y152.897 E1480.5868
G1 F1367.9 X151.805 Y152.839 E1480.60601
G1 F1419.4 X152.102 Y152.821 E1480.62534
G1 F1636.4 X152.657 Y153.131 E1480.66116
G1 F1931.7 X153.177 Y153.647 E1480.69612
G1 F2212.3 X153.689 Y154.321 E1480.7314
G1 F2289 X154.115 Y154.926 E1480.7612
G1 F2200 X154.643 Y155.643 E1480.79851
G1 F1970.1 X155.171 Y156.2 E1480.83443
G1 F1565.2 X155.637 Y156.503 E1480.86717
G1 F1353.8 X155.993 Y156.594 E1480.8922
G1 X156.351 Y156.503 E1480.91735
G1 F1543.9 X156.815 Y156.202 E1480.95038
G1 F1867.9 X157.309 Y155.68 E1480.98585
G1 F2117.6 X157.891 Y154.901 E1481.02819
G1 F2295.7 X158.304 Y154.314 E1481.05701
G1 F2218.5 X158.811 Y153.648 E1481.0918
G1 F1931.7 X159.331 Y153.131 E1481.1268
G1 F1636.4 X159.885 Y152.821 E1481.16257
G1 F1419.4 X160.181 Y152.838 E1481.18182
G1 F1367.9 X160.463 Y152.899 E1481.20127
G1 F1626.3 X161.002 Y153.288 E1481.23896
G1 F2051.8 X161.514 Y153.861 E1481.27348
G1 F2262.9 X162.009 Y154.539 E1481.30769
G1 F2237.3 X162.514 Y155.252 E1481.34369
G1 F2084.2 X162.982 Y155.848 E1481.37721
G1 F1736.8 X163.509 Y156.334 E1481.41527
G1 F1474.9 X163.95 Y156.551 E1481.44599
G1 F1370.2 X164.269 Y156.579 E1481.46754
G1 F1379.8 X164.662 Y156.432 E1481.49558
G1 F1643.2 X165.174 Y156.021 E1481.53242
G1 F2020.4 X165.714 Y155.38 E1481.57066
G1 F2212.3 X166.644 Y154.076 E1481.63741
G1 F2158 X167.144 Y153.459 E1481.67134
G1 F1800 X167.693 Y152.989 E1481.70836
G1 F1540.9 X168.159 Y152.815 E1481.73812
G1 F1559.1 X168.308 Y152.869 E1481.74749
G1 F1721.7 X168.424 Y152.972 E1481.7558
G1 F1800 X168.464 Y153.081 E1481.76175
G1 X168.459 Y162.433 E1482.24076
G1 F1580.8 X168.293 Y162.661 E1482.25721
G1 F1409.3 X143.647 Y162.665 E1483.86962
G1 F1580.8 X142.628 Y162.604 E1483.92915
G1 F1800 X139.86 Y162.604 E1484.07093
G1 F1587.2 X138.744 Y162.663 E1484.13585
G1 F1414.3 X137.647 Y162.665 E1484.20736
G1 F1580.8 X136.628 Y162.604 E1484.2669
G1 F1800 X129.964 Y162.604 E1484.60823
G1 X129.964 Y163.336 E1484.64573
G1 X130.045 Y163.38 E1484.65045
G1 X130.08 Y163.5 E1484.65685
G1 X130.08 Y184.401 E1485.72741
G1 X130.918 Y185.997 E1485.81975
G1 X132.409 Y187.027 E1485.91257
G1 X134.242 Y187.248 E1486.00713
G1 X150 Y187.248 E1486.81427
G1 F1500 E1484.81427
G0 F9000 X138.786 Y179.745
G1 F1500 E1486.81427
G1 F1800 X137.701 Y179.748 E1486.86984
G1 X137.617 Y179.709 E1486.87459
G1 X137.524 Y179.567 E1486.88328
G1 X137.524 Y163.5 E1487.70624
G1 F1580.8 X137.695 Y163.223 E1487.72523
G1 F1414.3 X138.744 Y163.221 E1487.79361
G1 F1587.2 X138.964 Y163.5 E1487.81425
G1 F1800 X138.964 Y179.548 E1488.63624
G1 X138.923 Y179.656 E1488.64216
G1 X138.786 Y179.745 E1488.65052
G1 F1500 E1486.65052
G0 F9000 X134.666 Y182.967
G0 X133.745 Y184.563
G0 X133.734 Y185.474
G1 F1500 E1488.65052
G1 F1800 X132.759 Y185.215 E1488.7022
G1 X132.029 Y184.483 E1488.75515
G1 X131.764 Y183.497 E1488.80744
G1 X132.03 Y182.51 E1488.8598
G1 X132.712 Y181.828 E1488.9092
G1 X132.81 Y181.771 E1488.91501
G1 X133.686 Y181.535 E1488.96148
G1 X133.802 Y181.535 E1488.96742
G1 X134.743 Y181.795 E1489.01743
G1 X135.449 Y182.501 E1489.06857
G1 X135.719 Y183.505 E1489.12182
G1 X135.457 Y184.487 E1489.17388
G1 X134.777 Y185.172 E1489.22332
G1 X134.677 Y185.229 E1489.22921
G1 X133.734 Y185.474 E1489.27912
G1 F1500 E1487.27912
G0 F9000 X120.252 Y155.124
G1 F1500 E1489.27912
G1 F1800 X119.904 Y155.068 E1489.29717
G1 X119.574 Y154.886 E1489.31647
G1 X119.352 Y154.661 E1489.33266
G1 X119.188 Y154.349 E1489.35072
G1 X119.134 Y154.035 E1489.36704
G1 X119.134 Y145.965 E1489.78039
G1 X119.184 Y145.648 E1489.79683
G1 X119.366 Y145.318 E1489.81613
G1 X119.591 Y145.096 E1489.83232
G1 X119.905 Y144.935 E1489.85039
G1 X120.251 Y144.876 E1489.86837
G1 X120.601 Y144.931 E1489.88652
G1 X120.915 Y145.091 E1489.90457
G1 X121.162 Y145.338 E1489.92246
G1 X121.321 Y145.651 E1489.94044
G1 X121.37 Y145.965 E1489.95672
G1 X121.37 Y154.035 E1490.37007
G1 X121.321 Y154.345 E1490.38615
G1 X121.161 Y154.659 E1490.4042
G1 X120.916 Y154.904 E1490.42194
G1 X120.602 Y155.069 E1490.44011
G1 X120.252 Y155.124 E1490.45826
G1 F1500 E1488.45826
G0 F9000 X173.707 Y179.749
G1 F1500 E1490.45826
G1 F1800 X173.565 Y179.656 E1490.46695
G1 X173.524 Y179.548 E1490.47287
G1 X173.524 Y163.5 E1491.29486
G1 X173.56 Y163.378 E1491.30137
G1 X173.711 Y163.282 E1491.31054
G1 X174.388 Y163.281 E1491.34522
G1 X174.496 Y163.326 E1491.35121
G1 X174.576 Y163.457 E1491.35907
G1 X174.58 Y179.542 E1492.18295
G1 X174.544 Y179.65 E1492.18879
G1 X174.411 Y179.743 E1492.1971
G1 X173.707 Y179.749 E1492.23316
G1 F1500 E1490.23316
G0 F9000 X177.324 Y182.967
G0 X178.245 Y184.563
G0 X178.242 Y185.476
G1 F1500 E1492.23316
G1 F1800 X177.311 Y185.229 E1492.2825
G1 X177.211 Y185.172 E1492.28839
G1 X176.531 Y184.487 E1492.33783
G1 X176.264 Y183.503 E1492.39005
G1 X176.539 Y182.501 E1492.44327
G1 X177.245 Y181.795 E1492.49441
G1 X178.243 Y181.519 E1492.54745
G1 X179.234 Y181.786 E1492.60002
G1 X179.916 Y182.468 E1492.64942
G1 X179.973 Y182.567 E1492.65527
G1 X180.219 Y183.504 E1492.70489
G1 X179.954 Y184.491 E1492.75724
G1 X179.222 Y185.217 E1492.81005
G1 X178.242 Y185.476 E1492.86197
G1 F1500 E1490.86197
G0 F9000 X178.048 Y113.646
;TYPE:SKIN
G1 F1500 E1492.86197
G1 F1394.4 X178.443 Y113.629 E1492.88811
G1 F1399.3 X178.756 Y113.73 E1492.90978
G0 F9000 X179.893 Y114.185
G1 F1505.7 X180.633 Y114.97 E1492.97584
G1 F1526 X180.788 Y115.2 E1492.99259
G1 F1500 X181.087 Y116.368 E1493.0667
G1 F1432.2 X181.113 Y116.628 E1493.08352
G1 F1335.6 X181.11 Y116.695 E1493.08815
G1 F1500 E1491.08815
G0 F9000 X173.628 Y137.554
G1 F1500 E1493.08815
G1 F1800 X174.492 Y137.547 E1493.13241
G1 X174.74 Y137.486 E1493.14549
G1 X175.008 Y137.334 E1493.16127
G1 X175.255 Y137.071 E1493.17975
G1 X175.413 Y136.642 E1493.20316
G1 X175.41 Y120.384 E1494.03591
G1 X175.364 Y120.145 E1494.04838
G1 X175.24 Y119.882 E1494.06327
G1 X174.881 Y119.548 E1494.08838
G1 X174.525 Y119.411 E1494.10792
G1 X173.63 Y119.418 E1494.15377
G1 X173.408 Y119.464 E1494.16538
G1 X173.122 Y119.611 E1494.18185
G1 X172.888 Y119.846 E1494.19884
G1 X172.748 Y120.111 E1494.21419
G1 X172.692 Y120.421 E1494.23032
G1 X172.688 Y136.613 E1495.05969
G1 X172.864 Y137.082 E1495.08535
G1 X173.197 Y137.409 E1495.10925
G1 X173.628 Y137.554 E1495.13254
G1 F1500 E1493.13254
G0 F9000 X150 Y186.409
G1 F1500 E1495.13254
G1 F1800 X134.306 Y186.408 E1495.9364
G1 X134.126 Y186.315 E1495.94678
G1 X134.303 Y186.191 E1495.95785
G1 X134.913 Y186.03 E1495.99016
G1 X135.355 Y185.774 E1496.01632
G1 X136.025 Y185.098 E1496.06507
G1 X136.273 Y184.671 E1496.09037
G1 X136.509 Y183.772 E1496.13797
G1 X136.526 Y183.293 E1496.16252
G1 X136.232 Y182.183 E1496.22134
G1 X136.025 Y181.896 E1496.23946
G1 X135.368 Y181.236 E1496.28716
G1 X135.059 Y181.011 E1496.30674
G1 X133.846 Y180.677 E1496.37119
G1 X133.494 Y180.721 E1496.38936
G1 X132.571 Y180.966 E1496.43827
G1 X132.132 Y181.22 E1496.46425
G1 X131.464 Y181.888 E1496.51264
G1 X131.217 Y182.308 E1496.53759
G1 X131.01 Y182.711 E1496.5608
G1 X130.916 Y182.291 E1496.58284
G1 X130.916 Y163.441 E1497.54835
G1 X136.715 Y163.44 E1497.84538
G1 X136.688 Y163.516 E1497.84951
G1 X136.689 Y179.566 E1498.6716
G1 X136.729 Y179.819 E1498.68472
G1 X136.84 Y180.076 E1498.69906
G1 X137.169 Y180.413 E1498.72318
G1 X137.424 Y180.533 E1498.73762
G1 X137.671 Y180.582 E1498.75052
G1 X138.852 Y180.579 E1498.81101
G1 X139.274 Y180.471 E1498.83332
G1 X139.599 Y180.147 E1498.85683
G1 X139.735 Y179.885 E1498.87195
G1 X139.796 Y179.62 E1498.88587
G1 X139.8 Y163.516 E1499.71073
G1 X139.769 Y163.44 E1499.71494
G1 X142.715 Y163.44 E1499.86583
G1 X142.688 Y163.516 E1499.86996
G1 X142.688 Y179.623 E1500.69497
G1 X142.745 Y179.881 E1500.70851
G1 X143.014 Y180.296 E1500.73384
G1 X143.287 Y180.477 E1500.75062
G1 X143.585 Y180.584 E1500.76683
G1 X168.882 Y180.581 E1502.06256
G1 X169.28 Y180.461 E1502.08385
G1 X169.604 Y180.145 E1502.10703
G1 X169.735 Y179.885 E1502.12195
G1 X169.796 Y179.62 E1502.13588
G1 X169.798 Y163.467 E1502.96324
G1 X169.746 Y163.168 E1502.97879
G1 X169.624 Y162.914 E1502.99322
G1 X169.3 Y162.607 E1503.01608
G1 X169.296 Y152.993 E1503.50852
G1 X169.215 Y152.688 E1503.52468
G1 X169.104 Y152.499 E1503.53591
G1 X169.215 Y152.304 E1503.5474
G1 X169.293 Y152.022 E1503.56239
G1 X169.3 Y147.968 E1503.77004
G1 X169.118 Y147.499 E1503.7958
G1 X169.295 Y147.017 E1503.8221
G1 X169.301 Y137.387 E1504.31536
G1 X169.627 Y137.087 E1504.33805
G1 X169.796 Y136.592 E1504.36484
G1 X169.8 Y120.468 E1505.19072
G1 X169.74 Y120.114 E1505.20911
G1 X169.472 Y119.697 E1505.2345
G1 X169.198 Y119.516 E1505.25132
G1 X168.898 Y119.412 E1505.26759
G1 X143.602 Y119.415 E1506.56326
G1 X143.204 Y119.531 E1506.5845
G1 X142.888 Y119.846 E1506.60735
G1 X142.748 Y120.111 E1506.6227
G1 X142.692 Y120.421 E1506.63884
G1 X142.688 Y136.48 E1507.46139
G1 X142.718 Y136.556 E1507.46557
G1 X139.773 Y136.556 E1507.61642
G1 X139.8 Y136.484 E1507.62036
G1 X139.797 Y120.427 E1508.44281
G1 X139.74 Y120.114 E1508.4591
G1 X139.474 Y119.701 E1508.48426
G1 X139.165 Y119.492 E1508.50337
G1 X138.851 Y119.417 E1508.51991
G1 X137.534 Y119.412 E1508.58737
G1 X137.187 Y119.569 E1508.60687
G1 X136.85 Y119.903 E1508.63118
G1 X136.733 Y120.165 E1508.64587
G1 X136.69 Y120.426 E1508.65942
G1 X136.688 Y136.48 E1509.48172
G1 X136.718 Y136.556 E1509.4859
G1 X130.916 Y136.555 E1509.78309
G1 X130.916 Y117.703 E1510.7487
G1 X131 Y117.203 E1510.77467
G1 X131.211 Y117.668 E1510.80082
G1 X131.46 Y118.1 E1510.82636
G1 X132.129 Y118.774 E1510.875
G1 X132.571 Y119.029 E1510.90114
G1 X133.494 Y119.271 E1510.95001
G1 X133.837 Y119.317 E1510.96774
G1 X135.066 Y118.991 E1511.03287
G1 X135.378 Y118.751 E1511.05303
G1 X136.014 Y118.103 E1511.09954
G1 X136.233 Y117.804 E1511.11852
G1 X136.556 Y116.595 E1511.18262
G1 X136.515 Y116.246 E1511.20062
G1 X136.273 Y115.326 E1511.24934
G1 X136.02 Y114.888 E1511.27525
G1 X135.351 Y114.219 E1511.32371
G1 X134.914 Y113.967 E1511.34955
G1 X134.047 Y113.724 E1511.39567
G1 X133.963 Y113.678 E1511.40057
G1 X134.067 Y113.616 E1511.40677
G1 X134.292 Y113.584 E1511.41842
G1 X177.045 Y113.584 E1513.60825
G1 F1577.7 X178.048 Y113.646 E1513.66698
G1 X177.042 Y113.984 E1513.72899
G1 F1800 X176.632 Y114.22 E1513.75322
G1 X175.964 Y114.888 E1513.80161
G1 X175.711 Y115.326 E1513.82752
G1 X175.471 Y116.214 E1513.87464
G1 X175.428 Y116.603 E1513.89468
G1 X175.75 Y117.814 E1513.95887
G1 X175.975 Y118.116 E1513.97816
G1 X176.615 Y118.76 E1514.02466
G1 X176.929 Y118.989 E1514.04457
G1 X177.994 Y119.271 E1514.101
G1 X178.337 Y119.317 E1514.11872
G1 X179.419 Y119.029 E1514.17607
G1 X179.851 Y118.777 E1514.20169
G1 X180.53 Y118.093 E1514.25106
G1 X180.759 Y117.694 E1514.27462
G1 F1529 X181.11 Y116.695 E1514.33847
G1 X181.188 Y117.693 E1514.39883
G1 F1800 X181.188 Y183.323 E1517.76044
G1 X181.095 Y183.434 E1517.76786
G1 X181.025 Y183.281 E1517.77648
G1 X180.773 Y182.327 E1517.82702
G1 X180.52 Y181.888 E1517.85297
G1 X179.852 Y181.22 E1517.90136
G1 X179.412 Y180.966 E1517.92738
G1 X178.345 Y180.677 E1517.984
G1 X177.994 Y180.721 E1518.00212
G1 X176.929 Y181.011 E1518.05866
G1 X176.642 Y181.213 E1518.07663
G1 X175.98 Y181.872 E1518.12448
G1 X175.756 Y182.179 E1518.14394
G1 X175.428 Y183.394 E1518.20841
G1 X175.465 Y183.746 E1518.22653
G1 X175.71 Y184.67 E1518.2755
G1 X175.959 Y185.098 E1518.30086
G1 X176.632 Y185.776 E1518.34979
G1 X177.046 Y186.015 E1518.37428
G1 F1549.9 X177.983 Y186.341 E1518.43329
G1 X177.052 Y186.411 E1518.48883
G1 F1800 X150 Y186.409 E1519.87445
G1 F1500 E1517.87445
G0 F9000 X173.63 Y180.578
G1 F1500 E1519.87445
G1 F1800 X174.534 Y180.585 E1519.92075
G1 X174.899 Y180.433 E1519.94101
G1 X175.24 Y180.11 E1519.96506
G1 X175.365 Y179.85 E1519.97984
G1 X175.409 Y179.622 E1519.99173
G1 X175.412 Y163.332 E1520.82612
G1 X175.25 Y162.928 E1520.84841
G1 X175.009 Y162.667 E1520.86661
G1 X174.742 Y162.515 E1520.88235
G1 X174.492 Y162.449 E1520.89559
G1 X173.621 Y162.444 E1520.9402
G1 X173.218 Y162.58 E1520.96199
G1 X172.868 Y162.897 E1520.98618
G1 X172.734 Y163.171 E1521.0018
G1 X172.688 Y163.5 E1521.01881
G1 X172.688 Y179.62 E1521.84449
G1 X172.749 Y179.885 E1521.85842
G1 X172.889 Y180.146 E1521.87359
G1 X173.126 Y180.384 E1521.89079
G1 X173.406 Y180.528 E1521.90692
G1 X173.63 Y180.578 E1521.91868
G1 F1500 E1519.91868
G0 F9000 X177.324 Y182.967
G0 X178.245 Y184.563
G0 X178.744 Y186.269
G1 F1500 E1521.91868
G1 F1434.8 X178.355 Y186.36 E1521.94435
G1 F1406.7 X177.983 Y186.341 E1521.96876
G0 F9000 X176.703 Y186.071
G1 F1800 X176.583 Y186.191 E1521.97745
G0 F9000 X176.348 Y185.804
G1 F1800 X175.961 Y186.19 E1522.00545
G0 F9000 X175.339 Y186.19
G1 F1800 X176.038 Y185.491 E1522.05608
G0 F9000 X175.744 Y185.164
G1 F1800 X174.717 Y186.19 E1522.13044
G0 F9000 X174.095 Y186.19
G1 F1800 X175.515 Y184.77 E1522.2333
G0 F9000 X175.381 Y184.282
G1 F1800 X173.472 Y186.19 E1522.37155
G0 F9000 X172.85 Y186.19
G1 F1800 X175.251 Y183.79 E1522.54543
G0 F9000 X175.261 Y183.158
G1 F1800 X172.228 Y186.19 E1522.7651
G0 F9000 X171.606 Y186.19
G1 F1800 X175.498 Y182.298 E1523.04702
G1 F1500 E1521.04702
G0 F9000 X174.503 Y180.804
G1 F1500 E1523.04702
G1 F1800 X169.117 Y186.19 E1523.43716
G0 F9000 X169.739 Y186.19
G1 F1800 X180.968 Y174.961 E1524.25056
G0 F9000 X180.968 Y175.583
G1 F1800 X170.361 Y186.19 E1525.0189
G0 F9000 X170.983 Y186.19
G1 F1800 X180.968 Y176.205 E1525.74218
G0 F9000 X180.968 Y176.828
G1 F1800 X177.04 Y180.756 E1526.02671
G0 F9000 X177.896 Y180.522
G1 F1800 X180.968 Y177.45 E1526.24924
G0 F9000 X180.968 Y178.072
G1 F1800 X178.538 Y180.502 E1526.42526
G0 F9000 X179.027 Y180.635
G1 F1800 X180.968 Y178.694 E1526.56586
G0 F9000 X180.968 Y179.317
G1 F1800 X179.514 Y180.771 E1526.67118
G0 F9000 X179.908 Y180.999
G1 F1800 X180.968 Y179.939 E1526.74796
G0 F9000 X180.968 Y180.561
G1 F1800 X180.237 Y181.293 E1526.80095
G0 F9000 X180.548 Y181.604
G1 F1800 X180.968 Y181.183 E1526.83141
G0 F9000 X180.968 Y181.806
G1 F1800 X180.816 Y181.958 E1526.84242
G1 F1500 E1524.84242
G0 F9000 X179.166 Y182.967
G0 X177.712 Y182.579
G0 X175.621 Y179.686
G1 F1500 E1526.84242
G1 F1800 X180.968 Y174.339 E1527.22974
G0 F9000 X180.968 Y173.716
G1 F1800 X175.628 Y179.056 E1527.61656
G0 F9000 X175.628 Y178.434
G1 F1800 X180.968 Y173.094 E1528.00337
G0 F9000 X180.968 Y172.472
G1 F1800 X175.629 Y177.811 E1528.39011
G0 F9000 X175.629 Y177.189
G1 F1800 X180.968 Y171.85 E1528.77685
G0 F9000 X180.968 Y171.227
G1 F1800 X175.63 Y176.566 E1529.16355
G0 F9000 X175.63 Y175.944
G1 F1800 X180.968 Y170.605 E1529.55026
G0 F9000 X180.968 Y169.983
G1 F1800 X175.63 Y175.321 E1529.93693
G0 F9000 X175.63 Y174.699
G1 F1800 X180.968 Y169.361 E1530.32359
G0 F9000 X180.968 Y168.738
G1 F1800 X175.631 Y174.076 E1530.71023
G0 F9000 X175.631 Y173.453
G1 F1800 X180.968 Y168.116 E1531.09682
G0 F9000 X180.968 Y167.494
G1 F1800 X175.632 Y172.83 E1531.48334
G0 F9000 X175.632 Y172.208
G1 F1800 X180.968 Y166.872 E1531.86987
G0 F9000 X180.968 Y166.249
G1 F1800 X175.632 Y171.586 E1532.25643
G0 F9000 X175.633 Y170.963
G1 F1800 X180.968 Y165.627 E1532.64291
G0 F9000 X180.968 Y165.005
G1 F1800 X175.633 Y170.341 E1533.0294
G0 F9000 X175.633 Y169.718
G1 F1800 X180.968 Y164.383 E1533.41585
G0 F9000 X180.968 Y163.76
G1 F1800 X175.633 Y169.095 E1533.8023
G0 F9000 X175.634 Y168.472
G1 F1800 X180.968 Y163.138 E1534.18868
G0 F9000 X180.968 Y162.516
G1 F1800 X175.634 Y167.85 E1534.57506
G0 F9000 X175.635 Y167.227
G1 F1800 X180.968 Y161.894 E1534.96137
G0 F9000 X180.968 Y161.271
G1 F1800 X175.635 Y166.605 E1535.34771
G0 F9000 X175.635 Y165.982
G1 F1800 X180.968 Y160.649 E1535.73401
G0 F9000 X180.968 Y160.027
G1 F1800 X175.635 Y165.36 E1536.12032
G0 F9000 X175.635 Y164.737
G1 F1800 X180.968 Y159.404 E1536.50662
G0 F9000 X180.968 Y158.782
G1 F1800 X175.636 Y164.115 E1536.89289
G0 F9000 X175.636 Y163.492
G1 F1800 X180.968 Y158.16 E1537.27913
G0 F9000 X180.968 Y157.538
G1 F1800 X175.514 Y162.992 E1537.6742
G0 F9000 X175.263 Y162.62
G1 F1800 X180.968 Y156.915 E1538.08745
G0 F9000 X180.968 Y156.293
G1 F1800 X174.904 Y162.357 E1538.52671
G0 F9000 X174.409 Y162.231
G1 F1800 X180.968 Y155.671 E1539.00186
G0 F9000 X180.968 Y155.049
G1 F1800 X173.788 Y162.229 E1539.52195
G1 F1500 E1537.52195
G0 F9000 X172.471 Y163.546
G1 F1500 E1539.52195
G1 F1800 X170.016 Y166.001 E1539.69979
G0 F9000 X170.016 Y166.623
G1 F1800 X172.471 Y164.168 E1539.87762
G0 F9000 X172.471 Y164.791
G1 F1800 X170.016 Y167.246 E1540.05545
G0 F9000 X170.016 Y167.868
G1 F1800 X172.471 Y165.413 E1540.23328
G0 F9000 X172.471 Y166.035
G1 F1800 X170.016 Y168.49 E1540.41112
G0 F9000 X170.016 Y169.112
G1 F1800 X172.471 Y166.657 E1540.58895
G0 F9000 X172.471 Y167.28
G1 F1800 X170.016 Y169.735 E1540.76678
G0 F9000 X170.016 Y170.357
G1 F1800 X172.47 Y167.903 E1540.94454
G0 F9000 X172.47 Y168.525
G1 F1800 X170.016 Y170.979 E1541.1223
G0 F9000 X170.016 Y171.601
G1 F1800 X172.47 Y169.147 E1541.30006
G0 F9000 X172.47 Y169.769
G1 F1800 X170.016 Y172.224 E1541.47786
G0 F9000 X170.016 Y172.846
G1 F1800 X172.47 Y170.392 E1541.65562
G0 F9000 X172.47 Y171.014
G1 F1800 X170.016 Y173.468 E1541.83338
G0 F9000 X170.016 Y174.09
G1 F1800 X172.47 Y171.637 E1542.0111
G0 F9000 X172.47 Y172.259
G1 F1800 X170.016 Y174.713 E1542.18886
G0 F9000 X170.016 Y175.335
G1 F1800 X172.47 Y172.881 E1542.36662
G0 F9000 X172.47 Y173.503
G1 F1800 X170.016 Y175.957 E1542.54438
G0 F9000 X170.016 Y176.579
G1 F1800 X172.47 Y174.126 E1542.72211
G0 F9000 X172.47 Y174.748
G1 F1800 X170.016 Y177.202 E1542.89987
G0 F9000 X170.016 Y177.824
G1 F1800 X172.47 Y175.37 E1543.07763
G0 F9000 X172.469 Y175.993
G1 F1800 X170.016 Y178.446 E1543.25532
G0 F9000 X170.016 Y179.068
G1 F1800 X172.469 Y176.615 E1543.433
G0 F9000 X172.469 Y177.238
G1 F1800 X170 Y179.707 E1543.61185
G1 F1500 E1541.61185
G0 F9000 X168.909 Y180.798
G1 F1500 E1543.61185
G1 F1800 X163.516 Y186.19 E1544.00247
G0 F9000 X162.895 Y186.19
G1 F1800 X168.286 Y180.798 E1544.39301
G0 F9000 X167.664 Y180.798
G1 F1800 X162.273 Y186.19 E1544.78355
G0 F9000 X161.65 Y186.19
G1 F1800 X167.042 Y180.798 E1545.17413
G0 F9000 X166.42 Y180.798
G1 F1800 X161.028 Y186.19 E1545.56471
G0 F9000 X160.406 Y186.19
G1 F1800 X165.797 Y180.798 E1545.95525
G0 F9000 X165.174 Y180.799
G1 F1800 X159.784 Y186.19 E1546.34573
G0 F9000 X159.161 Y186.19
G1 F1800 X164.552 Y180.799 E1546.73623
G0 F9000 X163.93 Y180.799
G1 F1800 X158.539 Y186.19 E1547.12674
G0 F9000 X157.917 Y186.19
G1 F1800 X163.308 Y180.799 E1547.51725
G0 F9000 X162.685 Y180.799
G1 F1800 X157.294 Y186.19 E1547.90775
G0 F9000 X156.672 Y186.19
G1 F1800 X162.063 Y180.799 E1548.29826
G0 F9000 X161.44 Y180.799
G1 F1800 X156.05 Y186.19 E1548.68873
G0 F9000 X155.428 Y186.19
G1 F1800 X160.818 Y180.799 E1549.0792
G0 F9000 X160.196 Y180.799
G1 F1800 X154.805 Y186.19 E1549.46971
G0 F9000 X154.183 Y186.19
G1 F1800 X159.573 Y180.799 E1549.86018
G0 F9000 X158.951 Y180.8
G1 F1800 X153.561 Y186.19 E1550.25062
G0 F9000 X152.939 Y186.19
G1 F1800 X158.328 Y180.8 E1550.64102
G0 F9000 X157.706 Y180.8
G1 F1800 X152.316 Y186.19 E1551.03145
G0 F9000 X151.694 Y186.19
G1 F1800 X157.084 Y180.8 E1551.42189
G0 F9000 X156.462 Y180.8
G1 F1800 X151.072 Y186.19 E1551.81232
G0 F9000 X150.45 Y186.19
G1 F1800 X155.839 Y180.801 E1552.20268
G0 F9000 X155.216 Y180.801
G1 F1800 X149.828 Y186.189 E1552.59297
G0 F9000 X149.206 Y186.189
G1 F1800 X154.594 Y180.801 E1552.98326
G0 F9000 X153.972 Y180.801
G1 F1800 X148.584 Y186.189 E1553.37355
G0 F9000 X147.961 Y186.189
G1 F1800 X153.35 Y180.801 E1553.76388
G0 F9000 X152.727 Y180.802
G1 F1800 X147.339 Y186.189 E1554.15413
G0 F9000 X146.717 Y186.189
G1 F1800 X152.104 Y180.802 E1554.54435
G0 F9000 X151.482 Y180.802
G1 F1800 X146.095 Y186.189 E1554.93457
G0 F9000 X145.472 Y186.189
G1 F1800 X150.86 Y180.802 E1555.32482
G0 F9000 X150.238 Y180.802
G1 F1800 X144.85 Y186.189 E1555.71507
G0 F9000 X144.228 Y186.189
G1 F1800 X149.615 Y180.802 E1556.10529
G0 F9000 X148.992 Y180.802
G1 F1800 X143.606 Y186.189 E1556.49547
G0 F9000 X142.983 Y186.189
G1 F1800 X148.37 Y180.802 E1556.88569
G0 F9000 X147.748 Y180.802
G1 F1800 X142.361 Y186.189 E1557.27591
G0 F9000 X141.739 Y186.189
G1 F1800 X147.126 Y180.802 E1557.66613
G0 F9000 X146.503 Y180.803
G1 F1800 X141.117 Y186.189 E1558.05627
G0 F9000 X140.494 Y186.189
G1 F1800 X145.88 Y180.803 E1558.44642
G0 F9000 X145.258 Y180.803
G1 F1800 X139.872 Y186.189 E1558.83656
G0 F9000 X139.25 Y186.189
G1 F1800 X144.636 Y180.803 E1559.22671
G0 F9000 X144.014 Y180.803
G1 F1800 X138.628 Y186.189 E1559.61685
G0 F9000 X138.005 Y186.189
G1 F1800 X143.432 Y180.762 E1560.00997
G0 F9000 X143.012 Y180.56
G1 F1800 X137.384 Y186.188 E1560.41764
G0 F9000 X136.762 Y186.188
G1 F1800 X142.714 Y180.236 E1560.84878
G0 F9000 X142.506 Y179.821
G1 F1800 X136.139 Y186.188 E1561.30999
G0 F9000 X135.517 Y186.188
G1 F1800 X142.469 Y179.237 E1561.81353
G0 F9000 X142.469 Y178.614
G1 F1800 X136.532 Y184.551 E1562.24359
G0 F9000 X136.736 Y183.725
G1 F1800 X142.469 Y177.992 E1562.65887
G0 F9000 X142.469 Y177.37
G1 F1800 X139.96 Y179.878 E1562.84058
G0 F9000 X140.016 Y179.2
G1 F1800 X142.469 Y176.748 E1563.01823
G0 F9000 X142.469 Y176.125
G1 F1800 X140.016 Y178.578 E1563.19592
G0 F9000 X140.016 Y177.955
G1 F1800 X142.469 Y175.503 E1563.37357
G0 F9000 X142.469 Y174.881
G1 F1800 X140.016 Y177.333 E1563.55122
G0 F9000 X140.017 Y176.71
G1 F1800 X142.469 Y174.259 E1563.7288
G0 F9000 X142.469 Y173.636
G1 F1800 X140.017 Y176.088 E1563.90642
G0 F9000 X140.017 Y175.466
G1 F1800 X142.469 Y173.014 E1564.08403
G0 F9000 X142.469 Y172.392
G1 F1800 X140.017 Y174.843 E1564.26161
G0 F9000 X140.018 Y174.221
G1 F1800 X142.469 Y171.77 E1564.43915
G0 F9000 X142.468 Y171.148
G1 F1800 X140.018 Y173.598 E1564.61662
G0 F9000 X140.018 Y172.976
G1 F1800 X142.468 Y170.526 E1564.7941
G0 F9000 X142.468 Y169.904
G1 F1800 X140.018 Y172.354 E1564.97157
G0 F9000 X140.018 Y171.731
G1 F1800 X142.468 Y169.281 E1565.14904
G0 F9000 X142.468 Y168.659
G1 F1800 X140.018 Y171.109 E1565.32651
G0 F9000 X140.018 Y170.486
G1 F1800 X142.468 Y168.037 E1565.50394
G0 F9000 X142.468 Y167.415
G1 F1800 X140.018 Y169.864 E1565.68137
G0 F9000 X140.018 Y169.242
G1 F1800 X142.468 Y166.792 E1565.85884
G0 F9000 X142.468 Y166.17
G1 F1800 X140.019 Y168.619 E1566.03624
G0 F9000 X140.019 Y167.997
G1 F1800 X142.468 Y165.548 E1566.21364
G0 F9000 X142.468 Y164.926
G1 F1800 X140.019 Y167.374 E1566.391
G0 F9000 X140.019 Y166.752
G1 F1800 X142.468 Y164.303 E1566.5684
G0 F9000 X142.468 Y163.681
G1 F1800 X140.02 Y166.129 E1566.74573
G0 F9000 X140.02 Y165.507
G1 F1800 X141.867 Y163.66 E1566.87952
G0 F9000 X141.245 Y163.66
G1 F1800 X140.02 Y164.885 E1566.96825
G0 F9000 X140.02 Y164.262
G1 F1800 X140.622 Y163.66 E1567.01186
G1 F1500 E1565.01186
G0 F9000 X136.468 Y164.081
G1 F1500 E1567.01186
G1 F1800 X131.136 Y169.412 E1567.39806
G0 F9000 X131.136 Y170.034
G1 F1800 X136.468 Y164.703 E1567.78425
G0 F9000 X136.468 Y165.325
G1 F1800 X131.136 Y170.657 E1568.17049
G0 F9000 X131.136 Y171.279
G1 F1800 X136.468 Y165.947 E1568.55672
G0 F9000 X136.468 Y166.57
G1 F1800 X131.136 Y171.901 E1568.94292
G0 F9000 X131.137 Y172.523
G1 F1800 X136.468 Y167.192 E1569.32908
G0 F9000 X136.469 Y167.813
G1 F1800 X131.137 Y173.145 E1569.71531
G0 F9000 X131.137 Y173.767
G1 F1800 X136.469 Y168.436 E1570.10151
G0 F9000 X136.469 Y169.058
G1 F1800 X131.137 Y174.39 E1570.48774
G0 F9000 X131.137 Y175.012
G1 F1800 X136.469 Y169.68 E1570.87398
G0 F9000 X136.469 Y170.302
G1 F1800 X131.137 Y175.634 E1571.26021
G0 F9000 X131.137 Y176.256
G1 F1800 X136.469 Y170.925 E1571.64641
G0 F9000 X136.469 Y171.547
G1 F1800 X131.137 Y176.879 E1572.03264
G0 F9000 X131.137 Y177.501
G1 F1800 X136.469 Y172.168 E1572.41891
G0 F9000 X136.469 Y172.791
G1 F1800 X131.137 Y178.123 E1572.80514
G0 F9000 X131.137 Y178.745
G1 F1800 X136.469 Y173.413 E1573.19138
G0 F9000 X136.469 Y174.035
G1 F1800 X131.137 Y179.368 E1573.57765
G0 F9000 X131.137 Y179.99
G1 F1800 X136.469 Y174.657 E1573.96392
G0 F9000 X136.469 Y175.28
G1 F1800 X131.137 Y180.612 E1574.35015
G0 F9000 X131.137 Y181.234
G1 F1800 X136.47 Y175.901 E1574.73646
G0 F9000 X136.47 Y176.524
G1 F1800 X131.137 Y181.857 E1575.12276
G1 F1500 E1573.12276
G0 F9000 X132.987 Y180.629
G1 F1500 E1575.12276
G1 F1800 X136.47 Y177.146 E1575.37506
G0 F9000 X136.47 Y177.768
G1 F1800 X133.772 Y180.466 E1575.57049
G0 F9000 X134.288 Y180.572
G1 F1800 X136.47 Y178.39 E1575.72855
G0 F9000 X136.47 Y179.013
G1 F1800 X134.775 Y180.708 E1575.85133
G0 F9000 X135.24 Y180.865
G1 F1800 X136.477 Y179.628 E1575.94094
G0 F9000 X136.617 Y180.111
G1 F1800 X135.582 Y181.145 E1576.01587
G0 F9000 X135.893 Y181.456
G1 F1800 X136.899 Y180.451 E1576.08871
G0 F9000 X137.27 Y180.702
G1 F1800 X136.204 Y181.767 E1576.16589
G0 F9000 X136.447 Y182.147
G1 F1800 X137.795 Y180.799 E1576.26353
G0 F9000 X138.418 Y180.798
G1 F1800 X136.578 Y182.638 E1576.39682
G0 F9000 X136.709 Y183.129
G1 F1800 X139.096 Y180.743 E1576.56969
G1 F1500 E1574.56969
G0 F9000 X131.136 Y168.79
G1 F1500 E1576.56969
G1 F1800 X136.267 Y163.66 E1576.94133
G0 F9000 X135.644 Y163.66
G1 F1800 X131.136 Y168.168 E1577.26787
G0 F9000 X131.136 Y167.545
G1 F1800 X135.022 Y163.66 E1577.54932
G0 F9000 X134.4 Y163.66
G1 F1800 X131.136 Y166.923 E1577.78572
G0 F9000 X131.136 Y166.301
G1 F1800 X133.778 Y163.66 E1577.97706
G0 F9000 X133.155 Y163.66
G1 F1800 X131.136 Y165.679 E1578.12331
G0 F9000 X131.136 Y165.056
G1 F1800 X132.533 Y163.66 E1578.22447
G0 F9000 X131.911 Y163.66
G1 F1800 X131.136 Y164.434 E1578.28057
G0 F9000 X131.136 Y163.812
G1 F1800 X131.289 Y163.66 E1578.29162
G1 F1500 E1576.29162
G0 F9000 X129.208 Y164.153
G0 X118.184 Y156.662
G0 X117.593 Y156.071
G0 X117.213 Y155.325
G0 X117.091 Y154.552
G0 X117.091 Y145.448
G0 X117.213 Y144.675
G0 X117.593 Y143.929
G0 X118.184 Y143.338
G0 X129.092 Y135.847
G0 X131.233 Y136.337
G1 F1500 E1578.29162
G1 F1800 X136.468 Y131.101 E1578.67086
G0 F9000 X136.468 Y131.723
G1 F1800 X131.855 Y136.337 E1579.00505
G0 F9000 X132.477 Y136.337
G1 F1800 X136.468 Y132.346 E1579.29415
G0 F9000 X136.468 Y132.968
G1 F1800 X133.099 Y136.337 E1579.53819
G0 F9000 X133.722 Y136.337
G1 F1800 X136.468 Y133.59 E1579.73714
G0 F9000 X136.468 Y134.212
G1 F1800 X134.344 Y136.337 E1579.89103
G0 F9000 X134.966 Y136.337
G1 F1800 X136.468 Y134.835 E1579.99983
G0 F9000 X136.468 Y135.457
G1 F1800 X135.588 Y136.337 E1580.06357
G0 F9000 X136.211 Y136.337
G1 F1800 X136.468 Y136.079 E1580.08222
G1 F1500 E1578.08222
G0 F9000 X140.02 Y136.261
G1 F1500 E1580.08222
G1 F1800 X142.468 Y133.813 E1580.25955
G0 F9000 X142.468 Y134.435
G1 F1800 X140.567 Y136.336 E1580.39725
G0 F9000 X141.189 Y136.336
G1 F1800 X142.468 Y135.057 E1580.4899
G0 F9000 X142.468 Y135.68
G1 F1800 X141.812 Y136.336 E1580.53742
G1 F1500 E1578.53742
G0 F9000 X140.02 Y135.639
G1 F1500 E1580.53742
G1 F1800 X142.468 Y133.191 E1580.71474
G0 F9000 X142.468 Y132.568
G1 F1800 X140.02 Y135.016 E1580.89207
G0 F9000 X140.02 Y134.394
G1 F1800 X142.468 Y131.946 E1581.06939
G0 F9000 X142.468 Y131.324
G1 F1800 X140.019 Y133.773 E1581.24679
G0 F9000 X140.019 Y133.15
G1 F1800 X142.468 Y130.702 E1581.42415
G0 F9000 X142.468 Y130.079
G1 F1800 X140.019 Y132.528 E1581.60155
G0 F9000 X140.018 Y131.907
G1 F1800 X142.468 Y129.457 E1581.77902
G0 F9000 X142.468 Y128.835
G1 F1800 X140.018 Y131.284 E1581.95646
G0 F9000 X140.018 Y130.662
G1 F1800 X142.468 Y128.213 E1582.13389
G0 F9000 X142.468 Y127.59
G1 F1800 X140.018 Y130.04 E1582.31136
G0 F9000 X140.018 Y129.418
G1 F1800 X142.468 Y126.968 E1582.48883
G0 F9000 X142.468 Y126.346
G1 F1800 X140.018 Y128.796 E1582.6663
G0 F9000 X140.017 Y128.174
G1 F1800 X142.468 Y125.724 E1582.84381
G0 F9000 X142.468 Y125.101
G1 F1800 X140.017 Y127.552 E1583.02135
G0 F9000 X140.017 Y126.93
G1 F1800 X142.468 Y124.479 E1583.19889
G0 F9000 X142.468 Y123.857
G1 F1800 X140.016 Y126.308 E1583.37647
G0 F9000 X140.016 Y125.686
G1 F1800 X142.468 Y123.235 E1583.55405
G0 F9000 X142.468 Y122.612
G1 F1800 X140.016 Y125.064 E1583.73167
G0 F9000 X140.016 Y124.442
G1 F1800 X142.468 Y121.99 E1583.90928
G0 F9000 X142.468 Y121.368
G1 F1800 X140.016 Y123.82 E1584.0869
G0 F9000 X140.016 Y123.198
G1 F1800 X142.468 Y120.746 E1584.26451
G0 F9000 X142.536 Y120.055
G1 F1800 X140.016 Y122.576 E1584.44709
G0 F9000 X140.015 Y121.954
G1 F1800 X148.165 Y113.804 E1585.03745
G0 F9000 X148.787 Y113.804
G1 F1800 X143.323 Y119.268 E1585.43325
G0 F9000 X144.015 Y119.198
G1 F1800 X149.41 Y113.804 E1585.82401
G0 F9000 X150.032 Y113.804
G1 F1800 X144.637 Y119.198 E1586.21477
G0 F9000 X145.26 Y119.198
G1 F1800 X150.654 Y113.804 E1586.60549
G0 F9000 X151.276 Y113.804
G1 F1800 X145.882 Y119.198 E1586.99622
G0 F9000 X146.505 Y119.198
G1 F1800 X151.899 Y113.804 E1587.38694
G0 F9000 X152.521 Y113.804
G1 F1800 X147.127 Y119.198 E1587.77766
G0 F9000 X147.749 Y119.198
G1 F1800 X153.143 Y113.804 E1588.16839
G0 F9000 X153.765 Y113.804
G1 F1800 X148.372 Y119.198 E1588.55908
G0 F9000 X148.994 Y119.198
G1 F1800 X154.388 Y113.804 E1588.9498
G0 F9000 X155.01 Y113.804
G1 F1800 X149.617 Y119.197 E1589.34045
G0 F9000 X150.239 Y119.197
G1 F1800 X155.632 Y113.804 E1589.73111
G0 F9000 X156.254 Y113.805
G1 F1800 X150.861 Y119.197 E1590.12172
G0 F9000 X151.483 Y119.197
G1 F1800 X156.876 Y113.805 E1590.51234
G0 F9000 X157.498 Y113.805
G1 F1800 X152.106 Y119.196 E1590.90288
G0 F9000 X152.729 Y119.196
G1 F1800 X158.12 Y113.805 E1591.29339
G0 F9000 X158.743 Y113.805
G1 F1800 X153.351 Y119.196 E1591.68393
G0 F9000 X153.973 Y119.196
G1 F1800 X159.365 Y113.805 E1592.07448
G0 F9000 X159.987 Y113.805
G1 F1800 X154.595 Y119.196 E1592.46502
G0 F9000 X155.218 Y119.196
G1 F1800 X160.609 Y113.805 E1592.85553
G0 F9000 X161.232 Y113.805
G1 F1800 X155.841 Y119.196 E1593.24603
G0 F9000 X156.463 Y119.196
G1 F1800 X161.854 Y113.805 E1593.63654
G0 F9000 X162.476 Y113.805
G1 F1800 X157.085 Y119.196 E1594.02705
G0 F9000 X157.708 Y119.195
G1 F1800 X163.098 Y113.805 E1594.41748
G0 F9000 X163.721 Y113.805
G1 F1800 X158.33 Y119.195 E1594.80795
G0 F9000 X158.953 Y119.195
G1 F1800 X164.343 Y113.805 E1595.19839
G0 F9000 X164.965 Y113.805
G1 F1800 X159.575 Y119.195 E1595.58882
G0 F9000 X160.197 Y119.195
G1 F1800 X165.587 Y113.805 E1595.97926
G0 F9000 X166.209 Y113.805
G1 F1800 X160.82 Y119.194 E1596.36962
G0 F9000 X161.442 Y119.194
G1 F1800 X166.831 Y113.805 E1596.75998
G0 F9000 X167.453 Y113.805
G1 F1800 X162.065 Y119.194 E1597.15031
G0 F9000 X162.687 Y119.194
G1 F1800 X168.076 Y113.805 E1597.54067
G0 F9000 X168.698 Y113.805
G1 F1800 X163.31 Y119.193 E1597.93096
G0 F9000 X163.932 Y119.193
G1 F1800 X169.32 Y113.805 E1598.32125
G0 F9000 X169.943 Y113.805
G1 F1800 X164.554 Y119.193 E1598.71158
G0 F9000 X165.177 Y119.193
G1 F1800 X170.565 Y113.805 E1599.10187
G0 F9000 X171.187 Y113.805
G1 F1800 X165.799 Y119.193 E1599.49216
G0 F9000 X166.422 Y119.193
G1 F1800 X171.809 Y113.805 E1599.88241
G0 F9000 X172.432 Y113.805
G1 F1800 X167.044 Y119.193 E1600.2727
G0 F9000 X167.666 Y119.193
G1 F1800 X173.054 Y113.805 E1600.66299
G0 F9000 X173.676 Y113.805
G1 F1800 X168.289 Y119.193 E1601.05324
G0 F9000 X168.911 Y119.193
G1 F1800 X174.298 Y113.805 E1601.4435
G0 F9000 X174.921 Y113.805
G1 F1800 X169.363 Y119.363 E1601.8461
G0 F9000 X169.701 Y119.647
G1 F1800 X175.543 Y113.805 E1602.26928
G0 F9000 X176.166 Y113.805
G1 F1800 X169.944 Y120.026 E1602.71994
G0 F9000 X170.015 Y120.578
G1 F1800 X175.716 Y114.877 E1603.13291
G0 F9000 X175.333 Y115.882
G1 F1800 X170.015 Y121.2 E1603.51813
G0 F9000 X170.015 Y121.822
G1 F1800 X175.206 Y116.631 E1603.89415
G0 F9000 X175.338 Y117.122
G1 F1800 X173.081 Y119.379 E1604.05764
G0 F9000 X172.674 Y119.785
G1 F1800 X170.015 Y122.445 E1604.25028
G0 F9000 X170.015 Y123.067
G1 F1800 X172.468 Y120.613 E1604.42801
G0 F9000 X172.468 Y121.236
G1 F1800 X170.015 Y123.689 E1604.60569
G0 F9000 X170.015 Y124.311
G1 F1800 X172.468 Y121.858 E1604.78338
G0 F9000 X172.468 Y122.48
G1 F1800 X170.015 Y124.934 E1604.96111
G0 F9000 X170.015 Y125.556
G1 F1800 X172.468 Y123.102 E1605.13883
G0 F9000 X172.468 Y123.725
G1 F1800 X170.015 Y126.178 E1605.31652
G0 F9000 X170.015 Y126.801
G1 F1800 X172.468 Y124.347 E1605.49424
G0 F9000 X172.468 Y124.969
G1 F1800 X170.015 Y127.423 E1605.67196
G0 F9000 X170.015 Y128.045
G1 F1800 X172.468 Y125.591 E1605.84969
G0 F9000 X172.468 Y126.214
G1 F1800 X170.015 Y128.667 E1606.02738
G0 F9000 X170.015 Y129.29
G1 F1800 X172.468 Y126.836 E1606.2051
G0 F9000 X172.468 Y127.458
G1 F1800 X170.015 Y129.912 E1606.38282
G0 F9000 X170.015 Y130.534
G1 F1800 X172.468 Y128.08 E1606.56055
G0 F9000 X172.468 Y128.703
G1 F1800 X170.015 Y131.156 E1606.73824
G0 F9000 X170.015 Y131.779
G1 F1800 X172.468 Y129.325 E1606.91596
G0 F9000 X172.468 Y129.947
G1 F1800 X170.015 Y132.401 E1607.09368
G0 F9000 X170.015 Y133.023
G1 F1800 X172.468 Y130.569 E1607.27141
G0 F9000 X172.468 Y131.192
G1 F1800 X170.015 Y133.645 E1607.44909
G0 F9000 X170.015 Y134.268
G1 F1800 X172.468 Y131.814 E1607.62682
G0 F9000 X172.468 Y132.436
G1 F1800 X170.015 Y134.89 E1607.80454
G0 F9000 X170.015 Y135.512
G1 F1800 X172.468 Y133.058 E1607.98227
G0 F9000 X172.468 Y133.681
G1 F1800 X170.015 Y136.134 E1608.15995
G0 F9000 X169.958 Y136.813
G1 F1800 X172.468 Y134.303 E1608.34177
G0 F9000 X172.468 Y134.925
G1 F1800 X169.521 Y137.872 E1608.55524
G0 F9000 X169.52 Y138.495
G1 F1800 X172.468 Y135.547 E1608.76879
G0 F9000 X172.468 Y136.17
G1 F1800 X169.52 Y139.118 E1608.98233
G0 F9000 X169.52 Y139.741
G1 F1800 X172.505 Y136.755 E1609.19859
G0 F9000 X172.673 Y137.21
G1 F1800 X169.519 Y140.364 E1609.42706
G0 F9000 X169.518 Y140.986
G1 F1800 X172.99 Y137.515 E1609.67852
G0 F9000 X173.413 Y137.714
G1 F1800 X169.518 Y141.609 E1609.96066
G0 F9000 X169.518 Y142.232
G1 F1800 X173.981 Y137.768 E1610.28398
G0 F9000 X174.635 Y137.737
G1 F1800 X169.517 Y142.855 E1610.65472
G0 F9000 X169.517 Y143.477
G1 F1800 X180.968 Y132.025 E1611.48423
G0 F9000 X180.968 Y131.403
G1 F1800 X175.606 Y136.765 E1611.87263
G0 F9000 X175.635 Y136.114
G1 F1800 X180.968 Y130.781 E1612.25894
G0 F9000 X180.968 Y130.159
G1 F1800 X175.635 Y135.492 E1612.64525
G0 F9000 X175.635 Y134.87
G1 F1800 X180.968 Y129.536 E1613.03159
G0 F9000 X180.968 Y128.914
G1 F1800 X175.635 Y134.248 E1613.41793
G0 F9000 X175.634 Y133.626
G1 F1800 X180.968 Y128.292 E1613.80431
G0 F9000 X180.968 Y127.67
G1 F1800 X175.634 Y133.004 E1614.19069
G0 F9000 X175.634 Y132.382
G1 F1800 X180.968 Y127.047 E1614.5771
G0 F9000 X180.968 Y126.425
G1 F1800 X175.633 Y131.76 E1614.96355
G0 F9000 X175.633 Y131.138
G1 F1800 X180.968 Y125.803 E1615.35
G0 F9000 X180.968 Y125.181
G1 F1800 X175.633 Y130.516 E1615.73645
G0 F9000 X175.633 Y129.894
G1 F1800 X180.968 Y124.558 E1616.12294
G0 F9000 X180.968 Y123.936
G1 F1800 X175.633 Y129.272 E1616.50943
G0 F9000 X175.632 Y128.65
G1 F1800 X180.968 Y123.314 E1616.89595
G0 F9000 X180.968 Y122.692
G1 F1800 X175.632 Y128.028 E1617.28247
G0 F9000 X175.631 Y127.406
G1 F1800 X180.968 Y122.069 E1617.66907
G0 F9000 X180.968 Y121.447
G1 F1800 X175.631 Y126.784 E1618.05566
G0 F9000 X175.63 Y126.163
G1 F1800 X180.968 Y120.825 E1618.44233
G0 F9000 X180.968 Y120.202
G1 F1800 X175.63 Y125.54 E1618.829
G0 F9000 X175.63 Y124.918
G1 F1800 X180.968 Y119.58 E1619.21567
G0 F9000 X180.968 Y118.958
G1 F1800 X175.63 Y124.297 E1619.60237
G0 F9000 X175.63 Y123.674
G1 F1800 X180.968 Y118.336 E1619.98904
G1 F1500 E1617.98904
G0 F9000 X179.428 Y119.254
G1 F1500 E1619.98904
G1 F1800 X175.629 Y123.053 E1620.26423
G0 F9000 X175.629 Y122.431
G1 F1800 X178.581 Y119.479 E1620.47806
G0 F9000 X177.953 Y119.485
G1 F1800 X175.628 Y121.809 E1620.64644
G0 F9000 X175.628 Y121.187
G1 F1800 X177.46 Y119.355 E1620.77915
G0 F9000 X176.969 Y119.224
G1 F1800 X175.628 Y120.565 E1620.87628
G0 F9000 X175.549 Y120.021
G1 F1800 X176.571 Y119 E1620.95028
G0 F9000 X176.246 Y118.702
G1 F1800 X175.309 Y119.639 E1621.01815
G0 F9000 X174.974 Y119.352
G1 F1800 X175.937 Y118.389 E1621.08791
G0 F9000 X175.652 Y118.051
G1 F1800 X174.517 Y119.187 E1621.17016
G0 F9000 X173.885 Y119.197
G1 F1800 X175.469 Y117.613 E1621.2849
G1 F1500 E1619.2849
G0 F9000 X176.619 Y113.974
G1 F1500 E1621.2849
G1 F1800 X176.788 Y113.805 E1621.29714
G1 F1500 E1619.29714
G0 F9000 X180.968 Y132.648
G1 F1500 E1621.29714
G1 F1800 X169.516 Y144.1 E1622.12669
G0 F9000 X169.515 Y144.723
G1 F1800 X180.968 Y133.27 E1622.95631
G0 F9000 X180.968 Y133.892
G1 F1800 X169.515 Y145.346 E1623.78596
G0 F9000 X169.515 Y145.968
G1 F1800 X180.968 Y134.514 E1624.61562
G0 F9000 X180.968 Y135.137
G1 F1800 X169.514 Y146.591 E1625.44531
G0 F9000 X169.43 Y147.297
G1 F1800 X180.968 Y135.759 E1626.28109
G0 F9000 X180.968 Y136.381
G1 F1800 X169.49 Y147.86 E1627.11256
G0 F9000 X169.517 Y148.455
G1 F1800 X180.968 Y137.003 E1627.94207
G0 F9000 X180.968 Y137.626
G1 F1800 X169.516 Y149.078 E1628.77161
G0 F9000 X169.515 Y149.701
G1 F1800 X180.968 Y138.248 E1629.60123
G0 F9000 X180.968 Y138.87
G1 F1800 X169.515 Y150.324 E1630.43089
G0 F9000 X169.514 Y150.947
G1 F1800 X180.968 Y139.492 E1631.26062
G0 F9000 X180.968 Y140.115
G1 F1800 X169.513 Y151.57 E1632.09038
G0 F9000 X169.462 Y152.243
G1 F1800 X180.968 Y140.737 E1632.92384
G0 F9000 X180.968 Y141.359
G1 F1800 X169.484 Y152.843 E1633.75571
G0 F9000 X169.516 Y153.434
G1 F1800 X180.968 Y141.981 E1634.58529
G0 F9000 X180.968 Y142.604
G1 F1800 X169.516 Y154.056 E1635.41484
G0 F9000 X169.517 Y154.677
G1 F1800 X180.968 Y143.226 E1636.24431
G0 F9000 X180.968 Y143.848
G1 F1800 X169.517 Y155.3 E1637.07382
G0 F9000 X169.517 Y155.922
G1 F1800 X180.968 Y144.47 E1637.90333
G0 F9000 X180.968 Y145.093
G1 F1800 X169.518 Y156.544 E1638.73277
G0 F9000 X169.518 Y157.166
G1 F1800 X180.968 Y145.715 E1639.56221
G0 F9000 X180.968 Y146.337
G1 F1800 X169.518 Y157.787 E1640.39161
G0 F9000 X169.518 Y158.41
G1 F1800 X180.968 Y146.959 E1641.22105
G0 F9000 X180.968 Y147.582
G1 F1800 X169.518 Y159.032 E1642.05045
G0 F9000 X169.519 Y159.653
G1 F1800 X180.968 Y148.204 E1642.87978
G0 F9000 X180.968 Y148.826
G1 F1800 X169.519 Y160.276 E1643.70915
G0 F9000 X169.519 Y160.898
G1 F1800 X180.968 Y149.448 E1644.53851
G0 F9000 X180.968 Y150.071
G1 F1800 X169.52 Y161.519 E1645.36777
G0 F9000 X169.52 Y162.142
G1 F1800 X180.968 Y150.693 E1646.19707
G0 F9000 X180.968 Y151.315
G1 F1800 X169.652 Y162.632 E1647.0168
G0 F9000 X169.906 Y162.999
G1 F1800 X180.968 Y151.937 E1647.81809
G0 F9000 X180.968 Y152.56
G1 F1800 X170.016 Y163.512 E1648.61142
G0 F9000 X170.016 Y164.134
G1 F1800 X180.968 Y153.182 E1649.40475
G0 F9000 X180.968 Y153.804
G1 F1800 X170.016 Y164.757 E1650.19812
G0 F9000 X170.016 Y165.379
G1 F1800 X180.968 Y154.426 E1650.99148
G1 F1500 E1648.99148
G0 F9000 X172.469 Y177.86
G1 F1500 E1650.99148
G1 F1800 X164.139 Y186.19 E1651.59488
G0 F9000 X164.761 Y186.19
G1 F1800 X172.469 Y178.482 E1652.15322
G0 F9000 X172.469 Y179.104
G1 F1800 X165.383 Y186.19 E1652.66651
G0 F9000 X166.005 Y186.19
G1 F1800 X172.485 Y179.71 E1653.1359
G0 F9000 X172.652 Y180.166
G1 F1800 X166.628 Y186.19 E1653.57226
G0 F9000 X167.25 Y186.19
G1 F1800 X172.934 Y180.506 E1653.98399
G0 F9000 X173.33 Y180.733
G1 F1800 X167.872 Y186.19 E1654.37932
G0 F9000 X168.494 Y186.19
G1 F1800 X173.883 Y180.802 E1654.76964
G1 F1500 E1652.76964
G0 F9000 X131.136 Y135.811
G1 F1500 E1654.76964
G1 F1800 X136.469 Y130.478 E1655.15595
G0 F9000 X136.469 Y129.856
G1 F1800 X131.136 Y135.189 E1655.54226
G0 F9000 X131.136 Y134.567
G1 F1800 X136.469 Y129.234 E1655.92856
G0 F9000 X136.469 Y128.611
G1 F1800 X131.136 Y133.944 E1656.31487
G0 F9000 X131.136 Y133.322
G1 F1800 X136.469 Y127.989 E1656.70117
G0 F9000 X136.469 Y127.367
G1 F1800 X131.136 Y132.7 E1657.08748
G0 F9000 X131.136 Y132.078
G1 F1800 X136.469 Y126.745 E1657.47379
G0 F9000 X136.469 Y126.122
G1 F1800 X131.136 Y131.455 E1657.86009
G0 F9000 X131.136 Y130.833
G1 F1800 X136.469 Y125.499 E1658.24643
G0 F9000 X136.469 Y124.877
G1 F1800 X131.136 Y130.211 E1658.63278
G0 F9000 X131.136 Y129.589
G1 F1800 X136.469 Y124.255 E1659.01912
G0 F9000 X136.469 Y123.633
G1 F1800 X131.136 Y128.966 E1659.40542
G0 F9000 X131.136 Y128.344
G1 F1800 X136.469 Y123.01 E1659.79177
G0 F9000 X136.469 Y122.388
G1 F1800 X131.136 Y127.722 E1660.17811
G0 F9000 X131.136 Y127.1
G1 F1800 X136.469 Y121.766 E1660.56445
G0 F9000 X136.469 Y121.144
G1 F1800 X131.136 Y126.477 E1660.95076
G0 F9000 X131.136 Y125.855
G1 F1800 X136.469 Y120.521 E1661.3371
G1 F1500 E1659.3371
G0 F9000 X137.797 Y119.193
G1 F1500 E1661.3371
G1 F1800 X143.187 Y113.804 E1661.7275
G0 F9000 X143.809 Y113.804
G1 F1800 X138.416 Y119.197 E1662.11815
G0 F9000 X139.007 Y119.229
G1 F1800 X144.432 Y113.804 E1662.51112
G0 F9000 X145.054 Y113.804
G1 F1800 X139.442 Y119.415 E1662.9176
G0 F9000 X139.753 Y119.727
G1 F1800 X145.676 Y113.804 E1663.34664
G0 F9000 X146.298 Y113.804
G1 F1800 X139.965 Y120.137 E1663.80538
G0 F9000 X140.015 Y120.709
G1 F1800 X146.921 Y113.804 E1664.3056
G0 F9000 X147.543 Y113.804
G1 F1800 X140.015 Y121.332 E1664.8509
G1 F1500 E1662.8509
G0 F9000 X136.601 Y117.279
G1 F1500 E1664.8509
G1 F1800 X140.076 Y113.804 E1665.10262
G0 F9000 X140.698 Y113.804
G1 F1800 X131.136 Y123.366 E1665.79526
G0 F9000 X131.136 Y123.988
G1 F1800 X141.32 Y113.804 E1666.53296
G0 F9000 X141.942 Y113.804
G1 F1800 X131.136 Y124.611 E1667.31575
G0 F9000 X131.136 Y125.233
G1 F1800 X142.565 Y113.804 E1668.14363
G1 F1500 E1666.14363
G0 F9000 X139.453 Y113.804
G1 F1500 E1668.14363
G1 F1800 X136.77 Y116.487 E1668.33798
G0 F9000 X136.668 Y115.967
G1 F1800 X138.831 Y113.804 E1668.49466
G0 F9000 X138.209 Y113.804
G1 F1800 X136.54 Y115.473 E1668.61556
G0 F9000 X136.358 Y115.032
G1 F1800 X137.587 Y113.804 E1668.70454
G0 F9000 X136.964 Y113.804
G1 F1800 X136.106 Y114.662 E1668.76669
G0 F9000 X135.795 Y114.351
G1 F1800 X136.342 Y113.804 E1668.80632
G0 F9000 X135.72 Y113.804
G1 F1800 X135.483 Y114.041 E1668.82349
G1 F1500 E1666.82349
G0 F9000 X134.278 Y115.579
G0 X134.014 Y117.491
G0 X134.515 Y119.365
G1 F1500 E1668.82349
G1 F1800 X131.136 Y122.744 E1669.06825
G0 F9000 X131.136 Y122.122
G1 F1800 X133.737 Y119.521 E1669.25666
G0 F9000 X133.213 Y119.423
G1 F1800 X131.136 Y121.499 E1669.40707
G0 F9000 X131.136 Y120.877
G1 F1800 X132.718 Y119.295 E1669.52167
G0 F9000 X132.277 Y119.114
G1 F1800 X131.136 Y120.255 E1669.60432
G0 F9000 X131.136 Y119.633
G1 F1800 X131.906 Y118.863 E1669.6601
G0 F9000 X131.596 Y118.55
G1 F1800 X131.136 Y119.01 E1669.69342
G0 F9000 X131.136 Y118.388
G1 F1800 X131.294 Y118.23 E1669.70486
G1 F1500 E1667.70486
G0 F9000 X150 Y160.9
G1 F1500 E1669.70486
G1 F1800 X130.8 Y160.9 E1670.6883
G1 X130.791 Y156.366 E1670.92053
G1 X130.601 Y155.885 E1670.94702
G1 X130.426 Y155.691 E1670.9604
G1 X130.157 Y155.526 E1670.97657
G1 X129.856 Y155.449 E1670.99248
G1 X121.56 Y155.443 E1671.41741
G1 X121.726 Y155.274 E1671.42954
G1 X121.903 Y155.033 E1671.44486
G1 X122.045 Y154.76 E1671.46062
G1 X122.154 Y154.431 E1671.47837
G1 X122.206 Y154.103 E1671.49538
G1 X122.206 Y145.889 E1671.91611
G1 X122.154 Y145.561 E1671.93312
G1 X122.044 Y145.23 E1671.95098
G1 X121.904 Y144.964 E1671.96638
G1 X121.748 Y144.744 E1671.98019
G1 X121.563 Y144.556 E1671.9937
G1 X129.856 Y144.551 E1672.41848
G1 X130.153 Y144.47 E1672.43424
G1 X130.41 Y144.314 E1672.44964
G1 X130.599 Y144.115 E1672.4637
G1 X130.73 Y143.868 E1672.47802
G1 X130.791 Y143.63 E1672.49061
G1 X130.8 Y139.096 E1672.72284
G1 X166.688 Y139.096 E1674.56105
G1 X166.688 Y141.444 E1674.68131
G1 X143.712 Y141.446 E1675.85816
G1 X143.408 Y141.495 E1675.87393
G1 X143.134 Y141.636 E1675.88971
G1 X142.918 Y141.842 E1675.905
G1 X142.779 Y142.062 E1675.91833
G1 X142.688 Y142.359 E1675.93424
G1 X142.69 Y146.964 E1676.17011
G1 X142.748 Y147.252 E1676.18516
G1 X142.883 Y147.498 E1676.19953
G1 X142.748 Y147.748 E1676.21408
G1 X142.69 Y148.036 E1676.22913
G1 X142.688 Y151.943 E1676.42925
G1 X142.748 Y152.245 E1676.44502
G1 X142.886 Y152.496 E1676.45969
G1 X142.748 Y152.747 E1676.47437
G1 X142.69 Y153.032 E1676.48926
G1 X142.688 Y157.637 E1676.72513
G1 X142.779 Y157.934 E1676.74104
G1 X142.887 Y158.114 E1676.7518
G1 X143.101 Y158.342 E1676.76781
G1 X143.404 Y158.504 E1676.78541
G1 X143.708 Y158.554 E1676.80119
G1 X166.688 Y158.556 E1677.97824
G1 X166.688 Y160.9 E1678.0983
G1 X150 Y160.9 E1678.95307
G1 F1500 E1676.95307
G0 F9000 X166.468 Y160.216
G1 F1500 E1678.95307
G1 F1800 X166.003 Y160.68 E1678.98672
G0 F9000 X165.381 Y160.68
G1 F1800 X166.468 Y159.593 E1679.06546
G0 F9000 X166.468 Y158.971
G1 F1800 X164.759 Y160.68 E1679.18925
G0 F9000 X164.136 Y160.68
G1 F1800 X166.041 Y158.775 E1679.32724
G0 F9000 X165.419 Y158.775
G1 F1800 X163.514 Y160.68 E1679.46524
G0 F9000 X162.892 Y160.68
G1 F1800 X164.797 Y158.775 E1679.60323
G0 F9000 X164.175 Y158.775
G1 F1800 X162.27 Y160.68 E1679.74122
G0 F9000 X161.647 Y160.68
G1 F1800 X163.552 Y158.775 E1679.87921
G0 F9000 X162.931 Y158.774
G1 F1800 X161.025 Y160.68 E1680.01728
G0 F9000 X160.403 Y160.68
G1 F1800 X162.309 Y158.774 E1680.15534
G0 F9000 X161.686 Y158.774
G1 F1800 X159.781 Y160.68 E1680.29337
G0 F9000 X159.158 Y160.68
G1 F1800 X161.064 Y158.774 E1680.43144
G0 F9000 X160.442 Y158.774
G1 F1800 X158.536 Y160.68 E1680.5695
G0 F9000 X157.914 Y160.68
G1 F1800 X159.82 Y158.774 E1680.70757
G0 F9000 X159.198 Y158.774
G1 F1800 X157.292 Y160.68 E1680.84563
G0 F9000 X156.669 Y160.68
G1 F1800 X158.576 Y158.774 E1680.98373
G0 F9000 X157.954 Y158.774
G1 F1800 X156.047 Y160.68 E1681.12183
G0 F9000 X155.425 Y160.68
G1 F1800 X157.331 Y158.774 E1681.2599
G0 F9000 X156.709 Y158.774
G1 F1800 X154.803 Y160.68 E1681.39796
G0 F9000 X154.18 Y160.68
G1 F1800 X156.087 Y158.773 E1681.5361
G0 F9000 X155.465 Y158.773
G1 F1800 X153.558 Y160.68 E1681.67424
G0 F9000 X152.936 Y160.68
G1 F1800 X154.843 Y158.773 E1681.81237
G0 F9000 X154.221 Y158.773
G1 F1800 X152.314 Y160.68 E1681.95051
G0 F9000 X151.691 Y160.68
G1 F1800 X153.598 Y158.773 E1682.08865
G0 F9000 X152.977 Y158.772
G1 F1800 X151.069 Y160.68 E1682.22686
G0 F9000 X150.447 Y160.68
G1 F1800 X152.355 Y158.772 E1682.36507
G0 F9000 X151.732 Y158.772
G1 F1800 X149.825 Y160.68 E1682.50324
G0 F9000 X149.202 Y160.68
G1 F1800 X151.11 Y158.772 E1682.64145
G0 F9000 X150.488 Y158.772
G1 F1800 X148.58 Y160.68 E1682.77966
G0 F9000 X147.958 Y160.68
G1 F1800 X149.866 Y158.772 E1682.91787
G0 F9000 X149.244 Y158.772
G1 F1800 X147.336 Y160.68 E1683.05608
G0 F9000 X146.713 Y160.68
G1 F1800 X148.622 Y158.772 E1683.19432
G0 F9000 X148 Y158.772
G1 F1800 X146.091 Y160.68 E1683.33257
G0 F9000 X145.469 Y160.68
G1 F1800 X147.377 Y158.772 E1683.47078
G0 F9000 X146.756 Y158.771
G1 F1800 X144.847 Y160.68 E1683.60906
G0 F9000 X144.224 Y160.68
G1 F1800 X146.134 Y158.771 E1683.74738
G0 F9000 X145.511 Y158.771
G1 F1800 X143.602 Y160.68 E1683.88566
G0 F9000 X142.98 Y160.68
G1 F1800 X144.889 Y158.771 E1684.02394
G0 F9000 X144.267 Y158.771
G1 F1800 X142.358 Y160.68 E1684.16222
G0 F9000 X141.735 Y160.68
G1 F1800 X143.649 Y158.767 E1684.30083
G0 F9000 X143.167 Y158.626
G1 F1800 X141.113 Y160.68 E1684.44962
G0 F9000 X140.491 Y160.68
G1 F1800 X142.814 Y158.357 E1684.61789
G0 F9000 X142.568 Y157.981
G1 F1800 X139.869 Y160.68 E1684.8134
G0 F9000 X139.246 Y160.68
G1 F1800 X142.468 Y157.459 E1685.04675
G0 F9000 X142.469 Y156.836
G1 F1800 X138.624 Y160.68 E1685.32524
G0 F9000 X138.002 Y160.68
G1 F1800 X142.469 Y156.213 E1685.64881
G0 F9000 X142.47 Y155.59
G1 F1800 X137.38 Y160.68 E1686.01751
G0 F9000 X136.757 Y160.68
G1 F1800 X142.471 Y154.967 E1686.43138
G0 F9000 X142.471 Y154.344
G1 F1800 X136.135 Y160.68 E1686.89034
G0 F9000 X135.513 Y160.68
G1 F1800 X142.471 Y153.721 E1687.39439
G0 F9000 X142.472 Y153.099
G1 F1800 X134.891 Y160.68 E1687.94354
G0 F9000 X134.268 Y160.68
G1 F1800 X142.572 Y152.377 E1688.54502
G0 F9000 X142.469 Y151.858
G1 F1800 X133.646 Y160.68 E1689.18409
G0 F9000 X133.024 Y160.68
G1 F1800 X142.469 Y151.235 E1689.86826
G0 F9000 X142.47 Y150.612
G1 F1800 X132.402 Y160.68 E1690.59755
G0 F9000 X131.779 Y160.68
G1 F1800 X142.47 Y149.989 E1691.37198
G0 F9000 X142.471 Y149.366
G1 F1800 X131.157 Y160.68 E1692.19153
G0 F9000 X131.019 Y160.196
G1 F1800 X142.471 Y148.743 E1693.02111
G0 F9000 X142.472 Y148.12
G1 F1800 X131.018 Y159.575 E1693.85084
G0 F9000 X131.016 Y158.954
G1 F1800 X142.574 Y147.396 E1694.68806
G0 F9000 X142.468 Y146.88
G1 F1800 X131.014 Y158.334 E1695.51776
G0 F9000 X131.013 Y157.713
G1 F1800 X142.468 Y146.258 E1696.34752
G0 F9000 X142.468 Y145.636
G1 F1800 X131.011 Y157.092 E1697.17739
G0 F9000 X131.01 Y156.471
G1 F1800 X142.468 Y145.013 E1698.00738
G0 F9000 X142.468 Y144.391
G1 F1800 X130.878 Y155.981 E1698.84692
G0 F9000 X130.638 Y155.599
G1 F1800 X142.468 Y143.769 E1699.70385
G0 F9000 X142.468 Y143.147
G1 F1800 X130.272 Y155.342 E1700.58725
G0 F9000 X129.761 Y155.231
G1 F1800 X142.468 Y142.524 E1701.50771
G1 F1500 E1699.50771
G0 F9000 X143.763 Y141.229
G1 F1500 E1701.50771
G1 F1800 X145.677 Y139.316 E1701.64631
G0 F9000 X146.299 Y139.316
G1 F1800 X144.386 Y141.229 E1701.78489
G0 F9000 X145.008 Y141.229
G1 F1800 X146.921 Y139.316 E1701.92346
G0 F9000 X147.543 Y139.316
G1 F1800 X145.63 Y141.229 E1702.06203
G0 F9000 X146.252 Y141.229
G1 F1800 X148.166 Y139.316 E1702.20064
G0 F9000 X148.788 Y139.316
G1 F1800 X146.875 Y141.229 E1702.33921
G0 F9000 X147.498 Y141.228
G1 F1800 X149.41 Y139.316 E1702.47771
G0 F9000 X150.033 Y139.316
G1 F1800 X148.12 Y141.228 E1702.61624
G0 F9000 X148.742 Y141.228
G1 F1800 X150.655 Y139.316 E1702.75478
G0 F9000 X151.277 Y139.316
G1 F1800 X149.364 Y141.228 E1702.89332
G0 F9000 X149.987 Y141.228
G1 F1800 X151.899 Y139.316 E1703.03181
G0 F9000 X152.522 Y139.316
G1 F1800 X150.61 Y141.228 E1703.17031
G0 F9000 X151.232 Y141.228
G1 F1800 X153.144 Y139.316 E1703.30881
G0 F9000 X153.766 Y139.316
G1 F1800 X151.854 Y141.228 E1703.44731
G0 F9000 X152.476 Y141.228
G1 F1800 X154.388 Y139.316 E1703.58581
G0 F9000 X155.011 Y139.316
G1 F1800 X153.099 Y141.228 E1703.72431
G0 F9000 X153.721 Y141.227
G1 F1800 X155.633 Y139.316 E1703.86277
G0 F9000 X156.255 Y139.316
G1 F1800 X154.344 Y141.227 E1704.0012
G0 F9000 X154.966 Y141.227
G1 F1800 X156.877 Y139.316 E1704.13963
G0 F9000 X157.5 Y139.316
G1 F1800 X155.588 Y141.227 E1704.27809
G0 F9000 X156.21 Y141.227
G1 F1800 X158.122 Y139.316 E1704.41655
G0 F9000 X158.744 Y139.316
G1 F1800 X156.833 Y141.226 E1704.55494
G0 F9000 X157.456 Y141.226
G1 F1800 X159.366 Y139.316 E1704.6933
G0 F9000 X159.989 Y139.316
G1 F1800 X158.078 Y141.226 E1704.83169
G0 F9000 X158.7 Y141.226
G1 F1800 X160.611 Y139.316 E1704.97008
G0 F9000 X161.233 Y139.316
G1 F1800 X159.322 Y141.226 E1705.10847
G0 F9000 X159.945 Y141.226
G1 F1800 X161.855 Y139.316 E1705.24683
G0 F9000 X162.478 Y139.316
G1 F1800 X160.568 Y141.225 E1705.38514
G0 F9000 X161.19 Y141.225
G1 F1800 X163.1 Y139.316 E1705.52346
G0 F9000 X163.722 Y139.316
G1 F1800 X161.812 Y141.225 E1705.66178
G0 F9000 X162.434 Y141.225
G1 F1800 X164.344 Y139.316 E1705.8001
G0 F9000 X164.967 Y139.316
G1 F1800 X163.057 Y141.225 E1705.93842
G0 F9000 X163.68 Y141.225
G1 F1800 X165.589 Y139.316 E1706.0767
G0 F9000 X166.211 Y139.316
G1 F1800 X164.302 Y141.225 E1706.21498
G0 F9000 X164.924 Y141.225
G1 F1800 X166.468 Y139.681 E1706.32682
G0 F9000 X166.468 Y140.303
G1 F1800 X165.546 Y141.225 E1706.39361
G0 F9000 X166.169 Y141.225
G1 F1800 X166.468 Y140.926 E1706.41527
G1 F1500 E1704.41527
G0 F9000 X145.054 Y139.316
G1 F1500 E1706.41527
G1 F1800 X129.139 Y155.231 E1707.5681
G0 F9000 X128.517 Y155.23
G1 F1800 X144.432 Y139.316 E1708.7209
G0 F9000 X143.81 Y139.316
G1 F1800 X127.896 Y155.23 E1709.87366
G0 F9000 X127.274 Y155.229
G1 F1800 X143.188 Y139.316 E1711.02638
G0 F9000 X142.565 Y139.316
G1 F1800 X126.653 Y155.228 E1712.179
G0 F9000 X126.03 Y155.228
G1 F1800 X141.943 Y139.316 E1713.33165
G0 F9000 X141.321 Y139.316
G1 F1800 X125.409 Y155.228 E1714.48427
G0 F9000 X124.787 Y155.227
G1 F1800 X140.699 Y139.316 E1715.63685
G0 F9000 X140.076 Y139.316
G1 F1800 X124.166 Y155.226 E1716.78932
G0 F9000 X123.544 Y155.225
G1 F1800 X139.454 Y139.316 E1717.94175
G0 F9000 X138.832 Y139.316
G1 F1800 X122.922 Y155.225 E1719.09419
G0 F9000 X122.3 Y155.225
G1 F1800 X138.21 Y139.316 E1720.24662
G0 F9000 X137.587 Y139.316
G1 F1800 X122.348 Y154.555 E1721.35049
G0 F9000 X122.428 Y153.853
G1 F1800 X136.965 Y139.316 E1722.4035
G0 F9000 X136.343 Y139.316
G1 F1800 X122.428 Y153.231 E1723.41146
G0 F9000 X122.427 Y152.609
G1 F1800 X130.551 Y144.485 E1723.99994
G1 X130.629 Y144.407
G1 X135.721 Y139.316 E1724.36875
G0 F9000 X135.098 Y139.316
G1 F1800 X131.009 Y143.405 E1724.66494
G0 F9000 X131.011 Y142.78
G1 F1800 X134.476 Y139.316 E1724.9159
G0 F9000 X133.854 Y139.316
G1 F1800 X131.013 Y142.157 E1725.12169
G0 F9000 X131.014 Y141.533
G1 F1800 X133.232 Y139.316 E1725.28232
G0 F9000 X132.609 Y139.316
G1 F1800 X131.016 Y140.909 E1725.39771
G0 F9000 X131.018 Y140.285
G1 F1800 X131.987 Y139.316 E1725.46791
G0 F9000 X131.365 Y139.316
G1 F1800 X131.019 Y139.661 E1725.49293
G1 F1500 E1723.49293
G0 F9000 X129.08 Y139.661
G0 X129.092 Y142.847
G0 X129.645 Y144.769
G1 F1500 E1725.49293
G1 F1800 X122.427 Y151.987 E1726.01578
G0 F9000 X122.426 Y151.365
G1 F1800 X129.022 Y144.77 E1726.49354
G0 F9000 X128.4 Y144.77
G1 F1800 X122.426 Y150.743 E1726.92624
G0 F9000 X122.426 Y150.122
G1 F1800 X127.777 Y144.77 E1727.31389
G0 F9000 X127.154 Y144.771
G1 F1800 X122.426 Y149.499 E1727.65637
G0 F9000 X122.425 Y148.878
G1 F1800 X126.531 Y144.772 E1727.9538
G0 F9000 X125.908 Y144.772
G1 F1800 X122.425 Y148.256 E1728.20613
G0 F9000 X122.424 Y147.634
G1 F1800 X125.286 Y144.772 E1728.41344
G0 F9000 X124.663 Y144.773
G1 F1800 X122.424 Y147.012 E1728.57563
G0 F9000 X122.424 Y146.39
G1 F1800 X124.04 Y144.774 E1728.69269
G0 F9000 X123.417 Y144.774
G1 F1800 X122.41 Y145.781 E1728.76563
G0 F9000 X122.292 Y145.277
G1 F1800 X122.794 Y144.775 E1728.80199
G0 F9000 X122.172 Y144.775
G1 F1800 X122.093 Y144.854 E1728.80772
G1 F1500 E1726.80772
G0 F9000 X131.065 Y184.174
G1 F1500 E1728.80772
G1 F1404.3 X131.03 Y184.235 E1728.81233
G1 X130.96 Y184.235 E1728.81693
G1 X130.925 Y184.174 E1728.82155
G1 X130.96 Y184.113 E1728.82617
G1 X131.03 Y184.113 E1728.83076
G1 X131.065 Y184.174 E1728.83538
G0 F9000 X131.7 Y185.379
G1 F1414.3 X131.665 Y185.44 E1728.83996
G1 X131.595 Y185.44 E1728.84453
G1 X131.56 Y185.379 E1728.84911
G1 X131.595 Y185.318 E1728.8537
G1 X131.665 Y185.318 E1728.85826
G1 X131.7 Y185.379 E1728.86284
G1 F1500 E1726.86284
;MESH:NONMESH
G0 F300 Z1.4
G0 F9000 X133.809 Y118.914
;TIME_ELAPSED:1724.572489
;LAYER:4
;TYPE:WALL-INNER
;MESH:din-rail-clip-mount.stl
G1 F1500 E1728.86284
G1 F1800 X133.574 Y118.887 E1728.87496
G1 X132.699 Y118.654 E1728.92134
G1 X132.399 Y118.482 E1728.93905
G1 X131.759 Y117.838 E1728.98556
G1 X131.591 Y117.545 E1729.00286
G1 F1537.9 X131.282 Y116.692 E1729.05725
G1 F1294.1 X131.246 Y116.631 E1729.06229
G1 F1239.4 X131.256 Y116.301 E1729.08685
G1 F1182.1 X131.333 Y115.914 E1729.11763
G1 F1166.4 X131.528 Y115.323 E1729.16682
G1 F1205.5 X131.686 Y115.082 E1729.18886
G1 F1175.1 X131.868 Y114.868 E1729.2109
G1 F1166.4 X132.399 Y114.384 E1729.26769
G1 F1183.9 X132.736 Y114.203 E1729.29748
G1 F1211 X133.651 Y113.997 E1729.36889
G1 F1466.7 X133.918 Y114.106 E1729.38702
G1 F1783.8 X134.792 Y114.346 E1729.43386
G1 F1800 X135.087 Y114.517 E1729.45133
G1 X135.727 Y115.157 E1729.49769
G1 X135.899 Y115.455 E1729.51531
G1 X136.131 Y116.33 E1729.56168
G1 X136.14 Y116.63 E1729.57705
G1 X135.871 Y117.636 E1729.63039
G1 X135.732 Y117.827 E1729.64249
G1 X135.092 Y118.479 E1729.68928
G1 X134.895 Y118.627 E1729.70191
G1 X133.809 Y118.914 E1729.75944
G1 F1500 E1727.75944
G0 F9000 X133.77 Y119.23
G0 X136.853 Y136.487
G0 X138.834 Y137.154
G1 F1500 E1729.75944
G1 F1800 X137.671 Y137.16 E1729.81901
G1 X137.478 Y137.105 E1729.82929
G1 X137.297 Y136.987 E1729.84036
G1 X137.148 Y136.785 E1729.85321
G1 X137.088 Y136.58 E1729.86415
G1 X137.084 Y120.349 E1730.69552
G1 X137.182 Y120.12 E1730.70827
G1 X137.396 Y119.907 E1730.72374
G1 X137.716 Y119.808 E1730.7409
G1 X138.813 Y119.811 E1730.79709
G1 X139.004 Y119.861 E1730.8072
G1 X139.195 Y119.985 E1730.81886
G1 X139.366 Y120.245 E1730.8348
G1 X139.404 Y120.468 E1730.84639
G1 X139.402 Y136.558 E1731.67053
G1 X139.311 Y136.84 E1731.68571
G1 X139.055 Y137.083 E1731.70379
G1 X138.834 Y137.154 E1731.71568
G1 F1500 E1729.71568
G0 F9000 X120.252 Y155.52
G1 F1500 E1731.71568
G1 F2051.8 X119.767 Y155.47 E1731.73758
G1 F1876.8 X119.316 Y155.262 E1731.76198
G1 F1775.8 X119.037 Y154.983 E1731.78247
G1 F1767.9 X118.893 Y154.738 E1731.79729
G1 F1936.4 X118.777 Y154.446 E1731.81225
G1 F2146.3 X118.732 Y154 E1731.8315
G1 F2187.8 X118.737 Y145.903 E1732.17272
G1 F2106.4 X118.783 Y145.509 E1732.19008
G1 F1927 X118.99 Y145.06 E1732.21373
G1 F1850.5 X119.32 Y144.73 E1732.23699
G1 F1950.7 X119.773 Y144.528 E1732.26043
G1 F2117.6 X120.252 Y144.48 E1732.28139
G1 X120.752 Y144.53 E1732.30326
G1 F1913 X121.169 Y144.723 E1732.32541
G1 F1800 X121.522 Y145.076 E1732.35098
G1 X121.745 Y145.516 E1732.37625
G1 X121.812 Y145.942 E1732.39833
G1 X121.812 Y154.054 E1732.81384
G1 X121.744 Y154.482 E1732.83603
G1 X121.523 Y154.919 E1732.86112
G1 X121.171 Y155.271 E1732.88661
G1 F1913 X120.752 Y155.47 E1732.90897
G1 F2117.6 X120.252 Y155.52 E1732.93085
G1 F1500 E1730.93085
G0 F9000 X130.748 Y163.513
G0 X136.959 Y180.008
G0 X137.249 Y180.303
G0 X137.618 Y180.42
G0 X138.892 Y180.492
G0 X138.813 Y180.185
G1 F1500 E1732.93085
G1 F1800 X137.618 Y180.188 E1732.99206
G1 X137.389 Y180.085 E1733.00492
G1 X137.18 Y179.872 E1733.0202
G1 X137.084 Y179.647 E1733.03273
G1 X137.088 Y163.419 E1733.86394
G1 X137.148 Y163.215 E1733.87483
G1 X137.298 Y163.013 E1733.88772
G1 X137.478 Y162.895 E1733.89874
G1 X137.649 Y162.846 E1733.90785
G1 X138.805 Y162.84 E1733.96707
G1 X139.055 Y162.917 E1733.98046
G1 X139.311 Y163.16 E1733.99854
G1 X139.404 Y163.5 E1734.0166
G1 X139.402 Y179.586 E1734.84053
G1 X139.281 Y179.912 E1734.85834
G1 X139.123 Y180.069 E1734.86975
G1 X138.813 Y180.185 E1734.88671
G0 F9000 X138.892 Y180.492
G0 X135.916 Y185.017
G0 X135.269 Y185.668
G0 X133.972 Y186.332
G0 X133.756 Y186.023
G1 F1168.1 X132.828 Y185.818 E1734.96172
G1 F1192.8 X132.551 Y185.705 E1734.98484
G1 F1243.3 X132.33 Y185.551 E1735.00481
G1 F1472.1 X131.96 Y185.039 E1735.04438
G1 X131.627 Y184.835 E1735.06883
G1 F1241.4 X131.494 Y184.571 E1735.09079
G1 F1466.7 X131.457 Y184.052 E1735.1235
G1 F1474.9 X131.246 Y183.631 E1735.15294
G1 F1239.4 X131.256 Y183.301 E1735.17749
G1 F1461.3 X131.59 Y182.452 E1735.23506
G1 F1800 X131.761 Y182.157 E1735.25252
G1 X132.401 Y181.517 E1735.29888
G1 X132.696 Y181.346 E1735.31635
G1 X133.572 Y181.11 E1735.36282
G1 X133.81 Y181.081 E1735.3751
G1 X134.895 Y181.374 E1735.43266
G1 X135.087 Y181.517 E1735.44492
G1 X135.727 Y182.157 E1735.49128
G1 X135.869 Y182.346 E1735.50339
G1 X136.14 Y183.369 E1735.5576
G1 X136.13 Y183.67 E1735.57302
G1 X135.898 Y184.542 E1735.61924
G1 X135.729 Y184.838 E1735.6367
G1 X135.089 Y185.482 E1735.68321
G1 X134.789 Y185.654 E1735.70092
G1 X134.17 Y185.819 E1735.73373
G1 F1432.2 X133.756 Y186.023 E1735.76344
G0 F9000 X133.972 Y186.332
G0 X150.001 Y186.487
G0 X150 Y186.805
G1 F1800 X178.607 Y186.808 E1737.22871
G1 X178.958 Y186.676 E1737.24792
G1 F1450.5 X179.332 Y186.422 E1737.27665
G1 F1229.8 X179.614 Y186.322 E1737.29908
G1 F1207.3 X180.062 Y186.132 E1737.33625
G1 F1200 X180.814 Y185.307 E1737.42201
G1 F1203.6 X181.08 Y184.988 E1737.45383
G1 F1196.4 X181.371 Y183.838 E1737.54524
G1 F1315.6 X181.584 Y183.429 E1737.57756
G1 F1440 X181.584 Y181.67 E1737.69018
G1 F1447.9 X181.584 Y179.911 E1737.80219
G1 F1455.9 X181.584 Y178.152 E1737.91358
G1 F1464 X181.584 Y176.393 E1738.02436
G1 F1472.1 X181.584 Y174.634 E1738.13452
G1 F1480.4 X181.584 Y172.875 E1738.24407
G1 F1488.7 X181.584 Y171.116 E1738.35301
G1 F1497.2 X181.584 Y169.357 E1738.46133
G1 F1505.7 X181.584 Y167.598 E1738.56904
G1 F1514.3 X181.584 Y165.839 E1738.67613
G1 F1523.1 X181.584 Y164.08 E1738.78261
G1 F1531.9 X181.584 Y162.321 E1738.88847
G1 F1540.9 X181.584 Y160.562 E1738.99372
G1 F1546.9 X181.584 Y158.803 E1739.09856
G1 F1556 X181.584 Y157.044 E1739.20279
G1 F1565.2 X181.584 Y155.285 E1739.3064
G1 F1574.6 X181.584 Y153.526 E1739.4094
G1 F1584 X181.584 Y151.767 E1739.51178
G1 F1593.6 X181.584 Y150.008 E1739.61355
G1 F1603.2 X181.584 Y148.249 E1739.7147
G1 F1613 X181.584 Y146.49 E1739.81524
G1 F1623 X181.584 Y144.731 E1739.91517
G1 F1633 X181.584 Y142.972 E1740.01448
G1 F1643.2 X181.584 Y141.213 E1740.11318
G1 F1653.4 X181.584 Y139.454 E1740.21126
G1 F1660.4 X181.584 Y137.695 E1740.30893
G1 F1670.9 X181.584 Y135.936 E1740.40599
G1 F1681.5 X181.584 Y134.177 E1740.50244
G1 F1692.3 X181.584 Y132.418 E1740.59827
G1 F1703.2 X181.584 Y130.659 E1740.69348
G1 F1714.3 X181.584 Y128.9 E1740.78809
G1 F1725.5 X181.584 Y127.141 E1740.88207
G1 F1736.8 X181.584 Y125.382 E1740.97545
G1 F1748.3 X181.584 Y123.623 E1741.06821
G1 F1760 X181.584 Y121.864 E1741.16035
G1 F1771.8 X181.584 Y120.105 E1741.25188
G1 F1783.8 X181.584 Y118.346 E1741.3428
G1 F1795.9 X181.584 Y116.587 E1741.4331
G1 F1800 X181.186 Y114.953 E1741.51924
G1 F1616.3 X180.105 Y113.738 E1741.61201
G1 F1346.9 X179.616 Y113.679 E1741.64572
G1 F1231.7 X179.342 Y113.581 E1741.6675
G1 F1455.9 X178.969 Y113.327 E1741.69608
G1 F1800 X178.606 Y113.188 E1741.71599
G1 X134.269 Y113.188 E1743.98696
G1 F1783.8 X133.98 Y113.228 E1744.00204
G1 F1466.7 X133.575 Y113.369 E1744.02899
G1 F1196.4 X132.614 Y113.516 E1744.10391
G1 F1200 X132.083 Y113.845 E1744.15191
G1 F1196.4 X131.355 Y114.386 E1744.22181
G1 X131.003 Y114.983 E1744.27521
G1 X130.649 Y115.739 E1744.33954
G1 F1231.7 X130.595 Y116.783 E1744.41779
G1 F1537.9 X130.52 Y117.687 E1744.47218
G1 F1800 X130.516 Y136.646 E1745.44327
G1 X130.404 Y136.733 E1745.45053
G1 X130.4 Y143.58 E1745.80124
G1 X130.276 Y143.892 E1745.81844
G1 X130.17 Y144.005 E1745.82637
G1 X129.944 Y144.13 E1745.8396
G1 X129.814 Y144.157 E1745.8464
G1 X121.208 Y144.161 E1746.28721
G1 F1980 X120.252 Y144.12 E1746.33176
G1 F2112 X119.801 Y144.135 E1746.35146
G1 F1903.8 X119.343 Y144.232 E1746.37413
G1 F1763.9 X118.978 Y144.427 E1746.39576
G1 F1733 X118.683 Y144.722 E1746.41796
G1 F1767.9 X118.487 Y145.088 E1746.43961
G1 F1913 X118.386 Y145.551 E1746.46245
G1 F2117.6 X118.372 Y146 E1746.48201
G1 F2187.8 X118.374 Y154.127 E1746.82448
G1 F2100.8 X118.386 Y154.445 E1746.83845
G1 F1913 X118.487 Y154.908 E1746.86129
G1 F1767.9 X118.683 Y155.274 E1746.88294
G1 F1733 X118.978 Y155.569 E1746.90513
G1 F1767.9 X119.344 Y155.765 E1746.92679
G1 F1913 X119.804 Y155.865 E1746.94947
G1 F2117.6 X120.252 Y155.88 E1746.96899
G1 F1980 X121.221 Y155.84 E1747.01415
G1 F1800 X129.814 Y155.843 E1747.45429
G1 X130.053 Y155.916 E1747.46709
G1 X130.17 Y155.995 E1747.47432
G1 X130.331 Y156.197 E1747.48755
G1 X130.4 Y156.42 E1747.49951
G1 X130.404 Y163.267 E1747.85021
G1 X130.516 Y163.354 E1747.85748
G1 X130.521 Y182.311 E1748.82847
G1 F1461.3 X130.623 Y183.218 E1748.88605
G1 F1247.2 X130.613 Y183.5 E1748.90691
G1 F1257.1 X130.617 Y183.685 E1748.92048
G1 F1296.2 X130.496 Y184.299 E1748.96499
G1 F1289.9 X130.902 Y184.802 E1749.0112
G1 F1241.4 X131.095 Y185.176 E1749.04246
G1 F1472.1 X131.202 Y185.593 E1749.06942
G1 F1619.6 X131.271 Y185.724 E1749.07785
G1 F1346.9 X131.923 Y186.037 E1749.12735
G1 F1243.3 X132.237 Y186.256 E1749.15574
G1 F1192.8 X132.615 Y186.483 E1749.18982
G1 F1196.4 X133.579 Y186.629 E1749.26496
G1 F1239.4 X133.765 Y186.647 E1749.27886
G1 F1461.3 X134.238 Y186.804 E1749.3103
G1 F1800 X150 Y186.805 E1750.11764
G0 F9000 X150.001 Y186.487
G0 X150 Y180.508
G0 X150 Y180.188
G1 F1800 X143.65 Y180.188 E1750.44289
G1 X143.478 Y180.133 E1750.45214
G1 X143.293 Y180.011 E1750.46349
G1 X143.122 Y179.751 E1750.47943
G1 X143.086 Y179.586 E1750.48808
G1 X143.084 Y163.5 E1751.31202
G1 X143.111 Y163.31 E1751.32185
G1 X143.253 Y163.058 E1751.33666
G1 X143.49 Y162.89 E1751.35154
G1 X143.686 Y162.842 E1751.36188
G1 X167.308 Y162.84 E1752.57181
G1 X167.084 Y162.616 E1752.58804
G1 X167.084 Y158.16 E1752.81628
G1 X143.686 Y158.158 E1754.01474
G1 X143.49 Y158.11 E1754.02507
G1 X143.321 Y158.008 E1754.03518
G1 X143.158 Y157.806 E1754.04848
G1 X143.084 Y157.591 E1754.06012
G1 X143.084 Y153.025 E1754.294
G1 X143.194 Y152.735 E1754.30988
G1 X143.518 Y152.498 E1754.33045
G1 X143.194 Y152.261 E1754.35101
G1 X143.084 Y151.971 E1754.36689
G1 X143.084 Y148.074 E1754.5665
G1 X143.194 Y147.734 E1754.5848
G1 X143.519 Y147.5 E1754.60532
G1 X143.194 Y147.266 E1754.62583
G1 X143.084 Y147.019 E1754.63968
G1 X143.084 Y142.409 E1754.87581
G1 X143.159 Y142.194 E1754.88747
G1 X143.321 Y141.992 E1754.90073
G1 X143.49 Y141.89 E1754.91084
G1 X143.686 Y141.842 E1754.92118
G1 X167.084 Y141.84 E1756.11964
G1 X167.084 Y137.38 E1756.34808
G1 X167.269 Y137.16 E1756.36281
G1 X143.686 Y137.158 E1757.57074
G1 X143.49 Y137.11 E1757.58108
G1 X143.321 Y137.008 E1757.59119
G1 X143.177 Y136.84 E1757.60252
G1 X143.086 Y136.558 E1757.6177
G1 X143.084 Y120.468 E1758.44184
G1 X143.122 Y120.245 E1758.45343
G1 X143.293 Y119.985 E1758.46936
G1 X143.478 Y119.863 E1758.48072
G1 X143.659 Y119.808 E1758.49041
G1 X168.838 Y119.808 E1759.78009
G1 X169.01 Y119.863 E1759.78934
G1 X169.195 Y119.985 E1759.80069
G1 X169.366 Y120.245 E1759.81663
G1 X169.404 Y120.468 E1759.82822
G1 X169.402 Y136.558 E1760.65235
G1 X169.294 Y136.865 E1760.66902
G1 X169.082 Y137.068 E1760.68406
G1 X168.849 Y137.142 E1760.69658
G1 X168.904 Y137.284 E1760.70438
G1 X168.9 Y146.98 E1761.20102
G1 X168.782 Y147.283 E1761.21767
G1 X168.47 Y147.5 E1761.23714
G1 X168.782 Y147.717 E1761.2566
G1 X168.902 Y148.043 E1761.2744
G1 X168.9 Y151.976 E1761.47585
G1 X168.783 Y152.278 E1761.49244
G1 X168.469 Y152.498 E1761.51207
G1 X168.783 Y152.718 E1761.53171
G1 X168.901 Y153.029 E1761.54875
G1 X168.904 Y162.712 E1762.04472
G1 X168.848 Y162.858 E1762.05273
G1 X169.084 Y162.934 E1762.06543
G1 X169.294 Y163.135 E1762.08032
G1 X169.371 Y163.292 E1762.08927
G1 X169.404 Y163.5 E1762.10006
G1 X169.402 Y179.586 E1762.92399
G1 X169.366 Y179.751 E1762.93265
G1 X169.195 Y180.011 E1762.94858
G1 X169.01 Y180.133 E1762.95994
G1 X168.829 Y180.188 E1762.96962
G1 X150 Y180.188 E1763.93406
G0 F9000 X150 Y180.508
G0 X173.611 Y180.495
G0 X173.679 Y180.185
G1 F1800 X173.365 Y180.069 E1763.9512
G1 X173.207 Y179.912 E1763.96261
G1 X173.086 Y179.586 E1763.98042
G1 X173.084 Y163.5 E1764.80436
G1 X173.117 Y163.292 E1764.81515
G1 X173.194 Y163.135 E1764.8241
G1 X173.417 Y162.926 E1764.83976
G1 X173.677 Y162.84 E1764.85378
G1 X174.444 Y162.845 E1764.89307
G1 X174.766 Y162.978 E1764.91091
G1 X174.916 Y163.143 E1764.92234
G1 X175.02 Y163.401 E1764.93658
G1 X175.019 Y179.569 E1765.76472
G1 X174.911 Y179.892 E1765.78216
G1 X174.689 Y180.101 E1765.79778
G1 X174.468 Y180.188 E1765.80995
G1 X173.679 Y180.185 E1765.85036
G0 F9000 X173.611 Y180.495
G0 X176.072 Y185.017
G0 X176.719 Y185.668
G0 X177.049 Y185.859
G0 X178.202 Y186.223
G0 X178.24 Y185.93
G1 F1800 X177.199 Y185.654 E1765.90552
G1 X176.899 Y185.482 E1765.92324
G1 X176.259 Y184.838 E1765.96974
G1 X176.09 Y184.545 E1765.98707
G1 X175.854 Y183.673 E1766.03334
G1 X175.826 Y183.431 E1766.04581
G1 X176.118 Y182.349 E1766.10322
G1 X176.261 Y182.157 E1766.11548
G1 X176.901 Y181.517 E1766.16184
G1 X177.091 Y181.374 E1766.17402
G1 X178.072 Y181.11 E1766.22606
G1 X178.309 Y181.081 E1766.23829
G1 X179.292 Y181.346 E1766.29043
G1 X179.587 Y181.517 E1766.3079
G1 X180.227 Y182.157 E1766.35426
G1 X180.399 Y182.455 E1766.37188
G1 X180.631 Y183.331 E1766.4183
G1 F1447.9 X180.737 Y183.683 E1766.44171
G1 F1192.8 X180.451 Y184.755 E1766.52747
G1 F1175.1 X179.64 Y185.595 E1766.61908
G1 F1207.3 X179.389 Y185.726 E1766.6407
G1 F1229.8 X179.134 Y185.803 E1766.66067
G1 F1450.5 X178.683 Y185.813 E1766.68934
G1 F1800 X178.24 Y185.93 E1766.71281
G1 F1500 E1764.71281
G0 F9000 X178.202 Y186.223
G0 X177.127 Y185.903
G0 X176.719 Y185.668
G0 X176.072 Y185.017
G0 X175.842 Y184.617
G0 X175.565 Y183.408
G0 X175.881 Y182.238
G0 X176.56 Y181.504
G0 X173.576 Y137.46
G0 X173.677 Y137.16
G1 F1500 E1766.71281
G1 F1800 X173.416 Y137.074 E1766.72689
G1 X173.194 Y136.865 E1766.7425
G1 X173.086 Y136.558 E1766.75917
G1 X173.084 Y120.468 E1767.58331
G1 X173.122 Y120.245 E1767.5949
G1 X173.207 Y120.084 E1767.60422
G1 X173.365 Y119.927 E1767.61563
G1 X173.681 Y119.811 E1767.63287
G1 X174.463 Y119.806 E1767.67293
G1 X174.687 Y119.893 E1767.68524
G1 X174.902 Y120.09 E1767.70017
G1 X175.019 Y120.431 E1767.71864
G1 X175.02 Y136.584 E1768.54601
G1 X174.916 Y136.857 E1768.56097
G1 X174.766 Y137.022 E1768.57239
G1 X174.444 Y137.155 E1768.59024
G1 X173.677 Y137.16 E1768.62952
G0 F9000 X173.576 Y137.46
G0 X174.693 Y137.358
G0 X174.925 Y137.226
G0 X175.135 Y136.996
G0 X178.271 Y119.23
G0 X178.31 Y118.914
G1 F1800 X178.074 Y118.887 E1768.64169
G1 X177.091 Y118.625 E1768.6938
G1 X176.899 Y118.482 E1768.70606
G1 X176.259 Y117.838 E1768.75256
G1 X176.117 Y117.646 E1768.7648
G1 X175.826 Y116.57 E1768.82189
G1 X175.854 Y116.328 E1768.83437
G1 X176.09 Y115.452 E1768.88084
G1 X176.261 Y115.157 E1768.8983
G1 X176.901 Y114.517 E1768.94466
G1 X177.196 Y114.346 E1768.96213
G1 X178.13 Y114.098 E1769.01162
G1 X178.407 Y114.107 E1769.02582
G1 X178.692 Y114.183 E1769.04093
G1 F1455.9 X179.143 Y114.196 E1769.0695
G1 F1231.7 X179.39 Y114.274 E1769.08889
G1 F1469.4 X179.561 Y114.493 E1769.10632
G1 F1800 X180.307 Y115.24 E1769.1604
G1 X180.398 Y115.455 E1769.17236
G1 X180.652 Y116.41 E1769.22297
G1 X180.647 Y116.609 E1769.23317
G1 X180.399 Y117.542 E1769.28262
G1 X180.229 Y117.838 E1769.3001
G1 X179.588 Y118.482 E1769.34664
G1 X179.29 Y118.654 E1769.36426
G1 X178.31 Y118.914 E1769.4162
G0 F9000 X178.243 Y118.476
;TYPE:WALL-OUTER
G1 F1800 X177.243 Y118.205 E1769.46927
G1 X176.539 Y117.496 E1769.52044
G1 X176.264 Y116.497 E1769.57351
G1 X176.53 Y115.51 E1769.62587
G1 X177.212 Y114.828 E1769.67528
G1 X177.31 Y114.771 E1769.68108
G1 X178.247 Y114.52 E1769.73077
G1 X179.235 Y114.788 E1769.7832
G1 X179.954 Y115.507 E1769.83528
G1 X180.218 Y116.506 E1769.88821
G1 X179.958 Y117.487 E1769.94019
G1 X179.276 Y118.172 E1769.9897
G1 X179.177 Y118.229 E1769.99556
G1 X178.243 Y118.476 E1770.04504
G0 F9000 X178.152 Y119.215
G0 X175.672 Y136.691
G0 X175.475 Y137.206
G0 X175.175 Y137.538
G0 X174.662 Y137.779
G0 X173.473 Y137.425
G0 X173.711 Y136.718
G1 F1800 X173.56 Y136.622 E1770.0542
G1 X173.524 Y136.52 E1770.05975
G1 X173.524 Y120.409 E1770.88496
G1 X173.617 Y120.287 E1770.89282
G1 X173.694 Y120.253 E1770.89713
G1 X174.395 Y120.247 E1770.93304
G1 X174.544 Y120.346 E1770.9422
G1 X174.58 Y120.455 E1770.94808
G1 X174.576 Y136.543 E1771.77212
G1 X174.449 Y136.719 E1771.78323
G1 X173.711 Y136.718 E1771.82103
G1 F1500 E1769.82103
G0 F9000 X173.473 Y137.425
G0 X169.661 Y134.74
G0 X168.08 Y134.74
G0 X150 Y135.835
G0 X150 Y136.72
G1 F1500 E1771.82103
G1 F1800 X143.724 Y136.72 E1772.14249
G1 X143.603 Y136.67 E1772.1492
G1 X143.524 Y136.52 E1772.15788
G1 X143.524 Y120.409 E1772.9831
G1 X143.617 Y120.287 E1772.99096
G1 X143.698 Y120.252 E1772.99548
G1 X168.79 Y120.252 E1774.2807
G1 X168.895 Y120.307 E1774.28677
G1 X168.964 Y120.411 E1774.29317
G1 X168.964 Y136.52 E1775.11828
G1 X168.857 Y136.69 E1775.12857
G1 X168.744 Y136.72 E1775.13456
G1 X150 Y136.72 E1776.09464
G1 F1500 E1774.09464
G0 F9000 X151.976 Y147.195
G1 F1500 E1776.09464
G1 F1404.3 X151.525 Y147.102 E1776.12487
G1 F1629.6 X150.983 Y146.712 E1776.16265
G1 F2062.5 X150.457 Y146.118 E1776.19811
G1 F2200 X149.47 Y144.744 E1776.26901
G1 F2073.3 X149.004 Y144.152 E1776.30252
G1 F1725.5 X148.478 Y143.663 E1776.34089
G1 F1466.7 X148.033 Y143.446 E1776.37201
G1 F1365.5 X147.716 Y143.418 E1776.3935
G1 F1379.8 X147.326 Y143.568 E1776.42142
G1 F1643.2 X146.812 Y143.978 E1776.45831
G1 F2015.3 X146.285 Y144.605 E1776.49578
G1 F2212.3 X145.348 Y145.916 E1776.56294
G1 F2163.9 X144.844 Y146.537 E1776.59701
G1 F1800 X144.297 Y147.006 E1776.63392
G1 F1537.9 X143.789 Y147.199 E1776.6665
G1 F1508.6 X143.677 Y147.148 E1776.67402
G1 F1663.9 X143.527 Y146.942 E1776.68814
G1 F1800 X143.524 Y142.449 E1776.91828
G1 X143.68 Y142.28 E1776.93006
G1 X167.524 Y142.28 E1778.15136
G1 X167.524 Y137.38 E1778.40234
G1 F1791.9 X167.706 Y137.161 E1778.41699
G1 X168.244 Y137.16 E1778.44467
G1 F1800 X168.46 Y137.282 E1778.45738
G1 X168.46 Y146.945 E1778.95233
G1 F1660.4 X168.311 Y147.148 E1778.96631
G1 F1505.7 X168.198 Y147.201 E1778.97395
G1 F1543.9 X167.682 Y147.001 E1779.007
G1 F1808.2 X167.144 Y146.537 E1779.04322
G1 F2163.9 X166.631 Y145.904 E1779.07794
G1 F2295.7 X166.212 Y145.308 E1779.1072
G1 F2187.8 X165.637 Y144.522 E1779.14824
G1 F1980 X165.159 Y143.963 E1779.18249
G1 F1636.4 X164.662 Y143.568 E1779.21825
G1 F1379.8 X164.268 Y143.417 E1779.24645
G1 F1367.9 X163.951 Y143.446 E1779.2679
G1 F1469.4 X163.51 Y143.663 E1779.29874
G1 F1736.8 X162.982 Y144.151 E1779.33691
G1 F2117.6 X162.422 Y144.872 E1779.37666
G1 F2224.7 X161.518 Y146.135 E1779.44102
G1 F2051.8 X161.002 Y146.712 E1779.47581
G1 F1629.6 X160.463 Y147.101 E1779.51341
G1 F1372.6 X160.183 Y147.16 E1779.53263
G1 F1424.5 X159.884 Y147.178 E1779.55202
G1 F1643.2 X159.332 Y146.869 E1779.58751
G1 F1941.2 X158.805 Y146.343 E1779.62288
G1 F2212.3 X158.298 Y145.676 E1779.65779
G1 F2289 X157.866 Y145.06 E1779.6881
G1 F2117.6 X157.302 Y144.309 E1779.72899
G1 F1775.8 X156.798 Y143.786 E1779.7667
G1 F1483.1 X156.352 Y143.497 E1779.79974
G1 F1356.2 X155.993 Y143.405 E1779.82493
G1 X155.636 Y143.497 E1779.84999
G1 F1483.1 X155.19 Y143.786 E1779.88303
G1 F1775.8 X154.68 Y144.316 E1779.92122
G1 F2117.6 X154.104 Y145.085 E1779.96305
G1 F2289 X153.685 Y145.683 E1779.99246
G1 F2212.3 X153.178 Y146.348 E1780.02731
G1 F1936.4 X152.656 Y146.869 E1780.06242
G1 F1590.4 X152.167 Y147.143 E1780.09492
G1 F1414.3 X151.976 Y147.195 E1780.10782
G1 F1500 E1778.10782
G0 F9000 X150 Y153.917
G1 F1500 E1780.10782
G1 F2309 X149.757 Y154.262 E1780.12467
G1 F2275.9 X149.279 Y154.918 E1780.15755
G1 F2062.5 X148.753 Y155.512 E1780.19302
G1 F1699.6 X148.233 Y155.886 E1780.22777
G1 F1419.4 X147.932 Y155.96 E1780.2479
G1 F1421.9 X147.636 Y155.98 E1780.26714
G1 F1643.2 X147.08 Y155.668 E1780.30291
G1 F1936.4 X146.557 Y155.144 E1780.33816
G1 F2212.3 X146.046 Y154.476 E1780.37321
G1 F2289 X145.618 Y153.865 E1780.40326
G1 F2117.6 X145.057 Y153.115 E1780.44404
G1 F1872.3 X144.568 Y152.594 E1780.47922
G1 F1546.9 X144.1 Y152.296 E1780.51229
G1 F1365.5 X143.969 Y152.26 E1780.52146
G1 F1497.2 X143.679 Y152.127 E1780.54111
G1 F1725.5 X143.527 Y151.938 E1780.55407
G1 F1800 X143.527 Y148.058 E1780.75281
G1 F1663.9 X143.677 Y147.852 E1780.76693
G1 F1450.5 X144.1 Y147.703 E1780.79543
G1 F1483.1 X144.55 Y147.41 E1780.82881
G1 F1775.8 X145.057 Y146.881 E1780.86685
G1 F2117.6 X145.639 Y146.101 E1780.90922
G1 F2295.7 X146.052 Y145.513 E1780.93808
G1 F2212.3 X146.562 Y144.848 E1780.97301
G1 F1931.7 X147.08 Y144.331 E1781.00794
G1 F1643.2 X147.637 Y144.021 E1781.04371
G1 F1419.4 X147.93 Y144.038 E1781.06277
G1 F1367.9 X148.212 Y144.098 E1781.0822
G1 F1629.6 X148.753 Y144.488 E1781.11993
G1 F2062.5 X149.278 Y145.078 E1781.15524
G1 F2275.9 X149.761 Y145.74 E1781.18844
G1 F2243.6 X150.263 Y146.452 E1781.22423
G1 F2084.2 X150.731 Y147.044 E1781.25762
G1 F1733 X151.257 Y147.534 E1781.29586
G1 F1419.4 X151.681 Y147.748 E1781.32671
G1 F1324.4 X152.021 Y147.779 E1781.35048
G1 F1382.2 X152.411 Y147.632 E1781.37828
G1 F1636.4 X152.922 Y147.224 E1781.41512
G1 F1980 X153.398 Y146.662 E1781.44942
G1 F2181.8 X153.972 Y145.875 E1781.49058
G1 F2289 X154.396 Y145.271 E1781.5203
G1 F2152.2 X154.896 Y144.658 E1781.55419
G1 F1795.9 X155.439 Y144.194 E1781.59086
G1 F1571.4 X155.994 Y143.983 E1781.62569
G1 F1577.7 X156.556 Y144.198 E1781.66086
G1 F1800 X157.092 Y144.658 E1781.69704
G1 F2152.2 X157.602 Y145.284 E1781.73163
G1 F2289 X158.025 Y145.888 E1781.76133
G1 F2181.8 X158.595 Y146.67 E1781.80222
G1 F1980 X159.072 Y147.23 E1781.83647
G1 F1636.4 X159.577 Y147.632 E1781.87284
G1 F1384.6 X159.967 Y147.78 E1781.90061
G1 F1372.6 X160.284 Y147.751 E1781.922
G1 F1472.1 X160.727 Y147.534 E1781.95289
G1 F1740.7 X161.263 Y147.037 E1781.99161
G1 F2117.6 X161.82 Y146.323 E1782.03103
G1 F2275.9 X162.23 Y145.734 E1782.06011
G1 F2262.9 X162.722 Y145.061 E1782.09407
G1 F2051.8 X163.234 Y144.487 E1782.12863
G1 F1623 X163.771 Y144.099 E1782.16627
G1 F1365.5 X164.054 Y144.039 E1782.1858
G1 F1419.4 X164.352 Y144.021 E1782.20519
G1 F1636.4 X164.905 Y144.331 E1782.24091
G1 F1931.7 X165.425 Y144.847 E1782.27588
G1 F2212.3 X165.941 Y145.521 E1782.31125
G1 F2289 X166.367 Y146.126 E1782.34106
G1 F2117.6 X166.931 Y146.881 E1782.38209
G1 F1867.9 X167.419 Y147.401 E1782.41728
G1 F1546.9 X167.885 Y147.703 E1782.45038
G1 F1450.5 X168.311 Y147.852 E1782.47907
G1 F1660.4 X168.424 Y147.972 E1782.48822
G1 F1800 X168.464 Y148.081 E1782.49417
G1 X168.46 Y151.941 E1782.69188
G1 F1721.7 X168.308 Y152.127 E1782.70474
G1 F1494.3 X168.02 Y152.259 E1782.72429
G1 F1365.5 X167.885 Y152.296 E1782.73374
G1 F1483.1 X167.438 Y152.586 E1782.76686
G1 F1779.8 X166.931 Y153.115 E1782.80482
G1 F2117.6 X166.352 Y153.891 E1782.84697
G1 F2289 X165.936 Y154.483 E1782.87611
G1 F2212.3 X165.427 Y155.149 E1782.91105
G1 F1931.7 X164.904 Y155.669 E1782.94625
G1 F1643.2 X164.353 Y155.978 E1782.98169
G1 F1424.5 X164.054 Y155.961 E1783.00108
G1 F1372.6 X163.773 Y155.9 E1783.02039
G1 F1629.6 X163.234 Y155.512 E1783.05797
G1 F2057.1 X162.719 Y154.935 E1783.09263
G1 F2224.7 X161.791 Y153.637 E1783.15875
G1 F2112 X161.255 Y152.956 E1783.19659
G1 F1736.8 X160.726 Y152.463 E1783.23497
G1 F1469.4 X160.286 Y152.246 E1783.26575
G1 F1365.5 X159.968 Y152.218 E1783.28731
G1 F1379.8 X159.577 Y152.368 E1783.31529
G1 F1650 X159.065 Y152.774 E1783.3518
G1 F2036 X158.499 Y153.454 E1783.39187
G1 F2231 X157.6 Y154.716 E1783.4559
G1 F2163.9 X157.095 Y155.338 E1783.49004
G1 F1804.1 X156.556 Y155.799 E1783.52628
G1 F1577.7 X155.994 Y156.018 E1783.56153
G1 X155.432 Y155.799 E1783.59678
G1 F1804.1 X154.893 Y155.338 E1783.63302
G1 F2158 X154.388 Y154.716 E1783.66725
G1 F2175.8 X153.388 Y153.322 E1783.73995
G1 F1975.1 X152.912 Y152.763 E1783.77422
G1 F1633 X152.411 Y152.368 E1783.81024
G1 F1379.8 X152.02 Y152.218 E1783.83822
G1 F1320 X151.682 Y152.249 E1783.86193
G1 F1416.8 X151.258 Y152.463 E1783.89284
G1 F1736.8 X150.732 Y152.953 E1783.931
G1 F2123.3 X150.172 Y153.673 E1783.9706
G1 F2262.9 X150 Y153.917 E1783.98277
G1 F1500 E1781.98277
G0 F9000 X149.998 Y158.397
G0 X150 Y157.72
G1 F1500 E1783.98277
G1 F1800 X143.724 Y157.72 E1784.30423
G1 X143.603 Y157.67 E1784.31093
G1 X143.527 Y157.54 E1784.31865
G1 X143.527 Y153.058 E1784.54822
G1 F1725.5 X143.679 Y152.869 E1784.56118
G1 F1497.2 X143.818 Y152.819 E1784.57027
G1 F1483.1 X144.307 Y152.995 E1784.60258
G1 F1808.2 X144.844 Y153.459 E1784.63876
G1 F2163.9 X145.354 Y154.089 E1784.6733
G1 F2289 X145.774 Y154.689 E1784.7028
G1 F2175.8 X146.344 Y155.47 E1784.74377
G1 F1980 X146.826 Y156.034 E1784.77832
G1 F1636.4 X147.326 Y156.432 E1784.81432
G1 F1382.2 X147.715 Y156.58 E1784.84208
G1 F1372.6 X148.034 Y156.551 E1784.8636
G1 F1474.9 X148.479 Y156.334 E1784.89455
G1 F1744.5 X149.013 Y155.837 E1784.9331
G1 F2129 X149.567 Y155.124 E1784.9722
G1 F2275.9 X149.979 Y154.534 E1785.00136
G1 X150.458 Y153.878 E1785.03426
G1 F2062.5 X150.983 Y153.288 E1785.06957
G1 F1629.6 X151.526 Y152.897 E1785.10742
G1 F1367.9 X151.805 Y152.839 E1785.12663
G1 F1419.4 X152.102 Y152.821 E1785.14596
G1 F1636.4 X152.657 Y153.131 E1785.18177
G1 F1931.7 X153.177 Y153.647 E1785.21674
G1 F2212.3 X153.689 Y154.321 E1785.25201
G1 F2289 X154.115 Y154.926 E1785.28182
G1 F2200 X154.643 Y155.643 E1785.31913
G1 F1970.1 X155.171 Y156.2 E1785.35505
G1 F1565.2 X155.637 Y156.503 E1785.38779
G1 F1353.8 X155.993 Y156.594 E1785.41281
G1 X156.351 Y156.503 E1785.43797
G1 F1543.9 X156.815 Y156.202 E1785.471
G1 F1867.9 X157.309 Y155.68 E1785.50647
G1 F2117.6 X157.891 Y154.901 E1785.54881
G1 F2295.7 X158.304 Y154.314 E1785.57763
G1 F2218.5 X158.811 Y153.648 E1785.61242
G1 F1931.7 X159.331 Y153.131 E1785.64741
G1 F1636.4 X159.885 Y152.821 E1785.68318
G1 F1419.4 X160.181 Y152.838 E1785.70244
G1 F1367.9 X160.463 Y152.899 E1785.72189
G1 F1626.3 X161.002 Y153.288 E1785.75957
G1 F2051.8 X161.514 Y153.861 E1785.7941
G1 F2262.9 X162.009 Y154.539 E1785.8283
G1 F2237.3 X162.514 Y155.252 E1785.86431
G1 F2084.2 X162.982 Y155.848 E1785.89783
G1 F1736.8 X163.509 Y156.334 E1785.93588
G1 F1474.9 X163.95 Y156.551 E1785.96661
G1 F1370.2 X164.269 Y156.579 E1785.98816
G1 F1379.8 X164.662 Y156.432 E1786.01619
G1 F1643.2 X165.174 Y156.021 E1786.05303
G1 F2020.4 X165.714 Y155.38 E1786.09128
G1 F2212.3 X166.644 Y154.076 E1786.15803
G1 F2158 X167.144 Y153.459 E1786.19196
G1 F1800 X167.693 Y152.989 E1786.22897
G1 F1540.9 X168.159 Y152.815 E1786.25874
G1 F1559.1 X168.308 Y152.869 E1786.26811
G1 F1721.7 X168.424 Y152.972 E1786.27642
G1 F1800 X168.464 Y153.081 E1786.28236
G1 X168.46 Y162.659 E1786.77295
G1 X168.433 Y162.73 E1786.77685
G1 F1787.8 X168.282 Y162.836 E1786.78636
G1 F1783.8 X167.744 Y162.837 E1786.81417
G1 F1795.9 X167.524 Y162.616 E1786.83018
G1 F1800 X167.524 Y157.72 E1787.08095
G1 X150 Y157.72 E1787.97854
G1 F1500 E1785.97854
G0 F9000 X149.999 Y158.477
G0 X149.178 Y158.417
G0 X150.002 Y180.428
G0 X150 Y179.744
G1 F1500 E1787.97854
G1 F1800 X143.698 Y179.744 E1788.30133
G1 X143.593 Y179.689 E1788.30741
G1 X143.524 Y179.585 E1788.3138
G1 X143.524 Y163.452 E1789.14014
G1 X143.58 Y163.352 E1789.14601
G1 X143.724 Y163.28 E1789.15426
G1 X168.744 Y163.28 E1790.4358
G1 X168.858 Y163.311 E1790.44185
G1 X168.928 Y163.378 E1790.44681
G1 X168.964 Y163.5 E1790.45333
G1 X168.964 Y179.548 E1791.27531
G1 X168.923 Y179.656 E1791.28123
G1 X168.79 Y179.744 E1791.2894
G1 X150 Y179.744 E1792.25184
G0 F9000 X150 Y180.508
G0 X150.001 Y186.487
G0 X150 Y187.248
G1 F1800 X178.687 Y187.248 E1793.7212
G1 X180.387 Y186.605 E1793.8143
G1 X181.587 Y185.254 E1793.90685
G1 X182.024 Y183.473 E1794.00078
G1 X182.024 Y116.523 E1797.43
G1 X181.587 Y114.742 E1797.52393
G1 X180.387 Y113.395 E1797.61633
G1 X178.687 Y112.748 E1797.7095
G1 X134.242 Y112.748 E1799.986
G1 X132.409 Y112.972 E1800.08059
G1 X130.918 Y113.999 E1800.17332
G1 X130.081 Y115.599 E1800.26581
G1 X130.074 Y136.553 E1801.33909
G1 X129.964 Y136.639 E1801.34624
G1 X129.963 Y143.527 E1801.69905
G1 X129.936 Y143.609 E1801.70347
G1 X129.79 Y143.716 E1801.71274
G1 X119.769 Y143.72 E1802.22602
G1 X119.205 Y143.808 E1802.25526
G1 X118.711 Y144.061 E1802.28369
G1 X118.317 Y144.455 E1802.31223
G1 X118.064 Y144.95 E1802.3407
G1 X117.972 Y145.518 E1802.37017
G1 X117.972 Y154.478 E1802.82911
G1 X118.064 Y155.046 E1802.85858
G1 X118.317 Y155.541 E1802.88706
G1 X118.711 Y155.935 E1802.9156
G1 X119.206 Y156.188 E1802.94407
G1 X119.77 Y156.279 E1802.97333
G1 X129.79 Y156.284 E1803.48656
G1 X129.927 Y156.376 E1803.49502
G1 X129.963 Y156.473 E1803.50032
G1 X129.964 Y163.361 E1803.85312
G1 X130.074 Y163.447 E1803.86027
G1 X130.08 Y184.401 E1804.93355
G1 X130.918 Y185.997 E1805.02588
G1 X132.409 Y187.027 E1805.1187
G1 X134.242 Y187.248 E1805.21327
G1 X150 Y187.248 E1806.02041
G0 F9000 X150.001 Y186.487
G0 X138.973 Y180.471
G0 X138.786 Y179.745
G1 F1800 X137.701 Y179.748 E1806.07598
G1 X137.617 Y179.709 E1806.08072
G1 X137.524 Y179.567 E1806.08942
G1 X137.525 Y163.473 E1806.91376
G1 X137.595 Y163.337 E1806.9216
G1 X137.712 Y163.282 E1806.92822
G1 X138.774 Y163.282 E1806.98262
G1 X138.908 Y163.352 E1806.99036
G1 X138.964 Y163.452 E1806.99623
G1 X138.964 Y179.548 E1807.82068
G1 X138.923 Y179.656 E1807.82659
G1 X138.786 Y179.745 E1807.83496
G0 F9000 X138.973 Y180.471
G0 X136.234 Y185.259
G0 X135.513 Y185.985
G0 X134.215 Y186.161
G0 X133.734 Y185.474
G1 F1800 X132.759 Y185.215 E1807.88663
G1 X132.029 Y184.483 E1807.93958
G1 X131.764 Y183.497 E1807.99188
G1 X132.03 Y182.51 E1808.04424
G1 X132.712 Y181.828 E1808.09364
G1 X132.81 Y181.771 E1808.09945
G1 X133.686 Y181.535 E1808.14592
G1 X133.802 Y181.535 E1808.15186
G1 X134.743 Y181.795 E1808.20186
G1 X135.449 Y182.501 E1808.253
G1 X135.719 Y183.505 E1808.30626
G1 X135.457 Y184.487 E1808.35831
G1 X134.777 Y185.172 E1808.40775
G1 X134.677 Y185.229 E1808.41365
G1 X133.734 Y185.474 E1808.46355
G1 F1500 E1806.46355
G0 F9000 X134.214 Y186.161
G0 X134.861 Y185.903
G0 X135.269 Y185.668
G0 X135.916 Y185.017
G0 X136.147 Y184.614
G0 X136.382 Y183.732
G0 X136.393 Y183.363
G0 X130.748 Y163.513
G0 X120.252 Y155.124
G1 F1500 E1808.46355
G1 F1800 X119.904 Y155.068 E1808.48161
G1 X119.574 Y154.886 E1808.50091
G1 X119.352 Y154.661 E1808.5171
G1 X119.188 Y154.349 E1808.53515
G1 X119.134 Y154.035 E1808.55147
G1 X119.134 Y145.965 E1808.96482
G1 X119.184 Y145.648 E1808.98126
G1 X119.366 Y145.318 E1809.00056
G1 X119.591 Y145.096 E1809.01675
G1 X119.905 Y144.935 E1809.03483
G1 X120.251 Y144.876 E1809.05281
G1 X120.601 Y144.931 E1809.07095
G1 X120.915 Y145.091 E1809.08901
G1 X121.162 Y145.338 E1809.1069
G1 X121.321 Y145.651 E1809.12488
G1 X121.37 Y145.965 E1809.14116
G1 X121.37 Y154.035 E1809.55451
G1 X121.321 Y154.345 E1809.57058
G1 X121.161 Y154.659 E1809.58863
G1 X120.916 Y154.904 E1809.60638
G1 X120.602 Y155.069 E1809.62455
G1 X120.252 Y155.124 E1809.6427
G1 F1500 E1807.6427
G0 F9000 X138.774 Y136.718
G1 F1500 E1809.6427
G1 F1800 X137.712 Y136.718 E1809.69709
G1 X137.595 Y136.663 E1809.70371
G1 X137.524 Y136.52 E1809.71189
G1 X137.524 Y120.429 E1810.53608
G1 X137.628 Y120.281 E1810.54535
G1 X137.734 Y120.248 E1810.55103
G1 X138.786 Y120.251 E1810.60492
G1 X138.895 Y120.307 E1810.6112
G1 X138.964 Y120.411 E1810.61759
G1 X138.964 Y136.52 E1811.4427
G1 X138.933 Y136.614 E1811.44777
G1 X138.774 Y136.718 E1811.4575
G1 F1500 E1809.4575
G0 F9000 X136.853 Y136.487
G0 X133.744 Y118.476
G1 F1500 E1811.4575
G1 F1800 X132.811 Y118.229 E1811.50694
G1 X132.711 Y118.172 E1811.51283
G1 X132.03 Y117.487 E1811.56231
G1 X131.764 Y116.497 E1811.61481
G1 X132.039 Y115.501 E1811.66774
G1 X132.761 Y114.784 E1811.71986
G1 X133.749 Y114.521 E1811.77223
G1 X134.734 Y114.786 E1811.82447
G1 X135.416 Y115.468 E1811.87387
G1 X135.473 Y115.567 E1811.87973
G1 X135.72 Y116.499 E1811.92911
G1 X135.458 Y117.478 E1811.98102
G1 X134.745 Y118.205 E1812.03318
G1 X133.744 Y118.476 E1812.0863
G1 F1500 E1810.0863
G0 F9000 X133.653 Y119.216
G0 X168.936 Y119.154
G0 X169.655 Y119.513
G0 X169.982 Y120.01
G0 X172.502 Y179.975
G0 X172.674 Y180.301
G0 X173.547 Y180.481
G0 X173.707 Y179.749
G1 F1500 E1812.0863
G1 F1800 X173.565 Y179.656 E1812.09499
G1 X173.524 Y179.548 E1812.10091
G1 X173.524 Y163.5 E1812.9229
G1 X173.56 Y163.378 E1812.92941
G1 X173.711 Y163.282 E1812.93858
G1 X174.388 Y163.281 E1812.97325
G1 X174.496 Y163.326 E1812.97924
G1 X174.576 Y163.457 E1812.98711
G1 X174.58 Y179.542 E1813.81099
G1 X174.544 Y179.65 E1813.81682
G1 X174.411 Y179.743 E1813.82513
G1 X173.707 Y179.749 E1813.86119
G0 F9000 X173.547 Y180.481
G0 X175.754 Y185.26
G0 X176.475 Y185.985
G0 X176.75 Y186.147
G0 X178.147 Y186.216
G0 X178.242 Y185.476
G1 F1800 X177.311 Y185.229 E1813.91053
G1 X177.211 Y185.172 E1813.91643
G1 X176.531 Y184.487 E1813.96587
G1 X176.264 Y183.503 E1814.01809
G1 X176.539 Y182.501 E1814.07131
G1 X177.245 Y181.795 E1814.12245
G1 X178.243 Y181.519 E1814.17549
G1 X179.234 Y181.786 E1814.22806
G1 X179.916 Y182.468 E1814.27746
G1 X179.973 Y182.567 E1814.28331
G1 X180.219 Y183.504 E1814.33293
G1 X179.954 Y184.491 E1814.38528
G1 X179.222 Y185.217 E1814.43808
G1 X178.242 Y185.476 E1814.49
G0 F9000 X177.631 Y185.859
;TYPE:FILL
G1 F3600 X177.4 Y186.721 E1814.53571
G0 F9000 X176.917 Y186.719
G1 F3600 X169.489 Y179.291 E1815.07377
G0 F9000 X169.49 Y178.598
G1 F3600 X172.998 Y177.658 E1815.25979
G0 F9000 X172.766 Y177.658
G0 X172.766 Y179.068
G0 X172.999 Y179.068
G1 F3600 X169.49 Y175.558 E1815.51401
G1 X169.49 Y175.441
G1 X181.496 Y130.635 E1817.88996
G0 F9000 X181.496 Y131.561
G1 F3600 X175.107 Y125.172 E1818.35276
G1 X175.108 Y125.163
G1 X181.495 Y123.452 E1818.69144
G0 F9000 X181.496 Y124.094
G1 F3600 X170.678 Y113.276 E1819.47507
G0 F9000 X169.748 Y113.275
G1 F3600 X168.021 Y119.72 E1819.81683
G0 F9000 X168.021 Y119.488
G0 X168.874 Y119.549
G0 X169.373 Y119.796
G0 X169.586 Y120.121
G0 X169.723 Y121.203
G0 X169.493 Y121.202
G1 F3600 X173.034 Y120.253 E1820.0046
G0 F9000 X173.453 Y119.785
G1 F3600 X166.944 Y113.276 E1820.47609
G1 X167.015 Y113.275
G1 X165.288 Y119.72 E1820.81786
G0 F9000 X164.824 Y119.72
G1 F3600 X175.792 Y116.781 E1821.39946
G0 F9000 X175.568 Y116.841
G0 X175.848 Y117.664
G0 X176.436 Y118.468
G0 X176.6 Y118.306
G1 F3600 X175.107 Y123.875 E1821.69478
G0 F9000 X175.34 Y123.875
G0 X175.34 Y122.43
G0 X175.108 Y122.43
G1 F3600 X181.496 Y120.719 E1822.03352
G0 F9000 X181.495 Y120.435
G1 F3600 X169.492 Y165.233 E1824.40903
G0 F9000 X169.492 Y164.932
G1 F3600 X172.995 Y163.993 E1824.59479
G1 X172.997 Y164.131
G1 X168.991 Y160.125 E1824.88497
G0 F9000 X168.992 Y159.6
G1 F3600 X181.496 Y156.25 E1825.54802
G0 F9000 X181.264 Y156.25
G0 X181.264 Y157.696
G0 X181.496 Y157.696
G1 F3600 X168.989 Y145.189 E1826.45399
G0 F9000 X168.989 Y145.935
G1 F3600 X181.496 Y142.584 E1827.1172
G1 X181.496 Y142.762
G1 X175.107 Y136.373 E1827.58
G0 F9000 X175.109 Y136.096
G1 F3600 X181.496 Y134.385 E1827.91868
G0 F9000 X181.496 Y135.295
G1 F3600 X175.107 Y128.906 E1828.38148
G0 F9000 X175.34 Y128.906
G0 X175.34 Y127.897
G0 X175.108 Y127.897
G1 F3600 X181.495 Y126.185 E1828.72018
G0 F9000 X181.264 Y126.185
G0 X181.264 Y127.828
G0 X181.496 Y127.828
G1 F3600 X175.107 Y121.439 E1829.18298
G0 F9000 X175.34 Y121.439
G0 X175.241 Y120.201
G0 X174.785 Y119.591
G0 X174.701 Y119.806
G1 F3600 X177.935 Y118.94 E1829.35446
G0 F9000 X177.876 Y119.164
G0 X178.134 Y119.171
G0 X179.268 Y118.991
G0 X179.21 Y118.766
G1 F3600 X175.108 Y134.074 E1830.16621
G0 F9000 X175.109 Y133.363
G1 F3600 X181.495 Y131.651 E1830.50485
G0 F9000 X181.264 Y131.651
G0 X181.264 Y128.918
G0 X181.496 Y128.918
G1 F3600 X175.108 Y130.63 E1830.8436
G0 F9000 X175.34 Y130.63
G0 X175.34 Y132.64
G0 X175.107 Y132.64
G1 F3600 X181.496 Y139.029 E1831.3064
G0 F9000 X181.495 Y139.851
G1 F3600 X168.99 Y143.202 E1831.96951
G0 F9000 X169.221 Y143.203
G0 X169.222 Y141.458
G0 X168.99 Y141.457
G1 F3600 X181.496 Y153.963 E1832.87541
G0 F9000 X181.495 Y153.517
G1 F3600 X168.99 Y156.867 E1833.5385
G1 X168.99 Y156.906
G1 X174.259 Y137.242 E1834.58124
G0 F9000 X174.26 Y137.476
G0 X173.646 Y137.42
G0 X173.287 Y137.299
G0 X172.79 Y136.702
G0 X173.017 Y136.656
G1 F3600 X168.992 Y137.735 E1834.79468
G1 X168.991 Y137.725
G1 X181.496 Y150.229 E1835.70047
G0 F9000 X181.496 Y150.783
G1 F3600 X168.989 Y154.134 E1836.36368
G0 F9000 X169.221 Y154.134
G0 X169.101 Y152.763
G0 X168.93 Y152.498
G0 X168.736 Y152.403
G1 F3600 X181.496 Y165.163 E1837.28797
G0 F9000 X181.496 Y164.449
G1 F3600 X175.108 Y166.16 E1837.6267
G1 X175.107 Y166.242
G1 X181.496 Y172.63 E1838.08947
G1 X181.496 Y172.648
G1 X175.107 Y174.36 E1838.42826
G0 F9000 X175.108 Y174.874
G1 F3600 X181.496 Y151.035 E1839.69239
G0 F9000 X181.264 Y151.035
G0 X181.264 Y148.05
G0 X181.496 Y148.05
G1 F3600 X168.99 Y151.401 E1840.35555
G0 F9000 X169.22 Y151.402
G0 X169.223 Y148.925
G0 X168.991 Y148.924
G1 F3600 X181.496 Y161.43 E1841.26141
G1 X181.496 Y161.235
G1 X174.667 Y186.72 E1842.61282
G0 F9000 X174.668 Y186.488
G0 X173.185 Y186.488
G0 X173.184 Y186.719
G1 F3600 X166.741 Y180.276 E1843.07953
G0 F9000 X166.741 Y180.508
G0 X165.461 Y180.508
G0 X165.461 Y180.275
G1 F3600 X163.734 Y186.72 E1843.42129
G0 F9000 X163.735 Y186.487
G0 X161.984 Y186.487
G0 X161.983 Y186.719
G1 F3600 X155.54 Y180.276 E1843.888
G0 F9000 X155.54 Y180.508
G0 X154.529 Y180.508
G0 X154.529 Y180.276
G1 F3600 X152.802 Y186.718 E1844.22962
G0 F9000 X152.803 Y186.487
G0 X154.516 Y186.487
G0 X154.515 Y186.718
G1 F3600 X148.073 Y180.276 E1844.69625
G0 F9000 X149.063 Y180.275
G1 F3600 X147.336 Y186.719 E1845.03797
G0 F9000 X147.047 Y186.717
G1 F3600 X139.49 Y179.16 E1845.58537
G0 F9000 X139.489 Y178.438
G1 F3600 X142.998 Y177.497 E1845.77146
G0 F9000 X142.766 Y177.497
G0 X142.766 Y178.936
G0 X143 Y178.936
G1 F3600 X139.49 Y175.427 E1846.02567
G0 F9000 X139.49 Y175.199
G1 F3600 X142.661 Y163.366 E1846.65315
G0 F9000 X142.365 Y163.367
G1 F3600 X142.997 Y163.999 E1846.69893
G1 X142.995 Y163.833
G1 X139.492 Y164.771 E1846.88468
G0 F9000 X139.491 Y164.994
G1 F3600 X139.928 Y163.366 E1846.97102
G0 F9000 X139.492 Y164.228
G1 F3600 X142.997 Y167.734 E1847.22495
G0 F9000 X142.764 Y167.734
G0 X142.764 Y166.566
G0 X142.996 Y166.566
G1 F3600 X139.491 Y167.505 E1847.41081
G0 F9000 X139.491 Y167.96
G1 F3600 X142.998 Y171.468 E1847.66488
G0 F9000 X142.998 Y172.031
G1 F3600 X139.49 Y172.971 E1847.8509
G0 F9000 X139.722 Y172.972
G0 X139.722 Y171.694
G0 X139.49 Y171.693
G1 F3600 X142.999 Y175.202 E1848.10508
G0 F9000 X142.998 Y174.764
G1 F3600 X139.49 Y175.704 E1848.2911
G0 F9000 X139.721 Y175.705
G0 X139.66 Y179.609
G0 X139.492 Y180.063
G0 X139.105 Y180.375
G0 X138.841 Y180.443
G0 X137.493 Y180.413
G0 X137.249 Y180.303
G0 X136.959 Y180.008
G0 X136.85 Y179.639
G0 X136.766 Y176.371
G0 X136.997 Y176.372
G1 F3600 X130.608 Y178.084 E1848.62989
G0 F9000 X130.607 Y177.749
G1 F3600 X134.461 Y163.367 E1849.39254
G1 X134.533 Y163.367
G1 X130.602 Y164.42 E1849.60099
G0 F9000 X130.835 Y164.42
G0 X131.164 Y163.599
G0 X131.164 Y163.367
G1 F3600 X137.001 Y169.204 E1850.0238
G0 F9000 X136.768 Y169.203
G0 X136.769 Y168.171
G0 X136.999 Y168.172
G1 F3600 X130.605 Y169.886 E1850.36287
G0 F9000 X130.604 Y170.274
G1 F3600 X136.998 Y176.668 E1850.82603
G0 F9000 X136.766 Y176.667
G0 X136.766 Y174.3
G0 X136.998 Y174.301
G1 F3600 X135.092 Y181.413 E1851.20317
G0 F9000 X135.23 Y181.228
G0 X136.016 Y182.013
G0 X135.83 Y182.151
G1 F3600 X143.335 Y180.14 E1851.60114
G0 F9000 X143.6 Y180.263
G1 F3600 X141.87 Y186.718 E1851.94344
G0 F9000 X141.871 Y186.486
G0 X143.315 Y186.486
G0 X143.314 Y186.717
G1 F3600 X130.605 Y174.009 E1852.864
G0 F9000 X130.838 Y174.009
G0 X130.839 Y175.351
G0 X130.607 Y175.351
G1 F3600 X136.998 Y173.639 E1853.20289
G0 F9000 X136.999 Y172.936
G1 F3600 X130.603 Y166.539 E1853.66623
G0 F9000 X130.604 Y167.153
G1 F3600 X137.001 Y165.439 E1854.00545
G1 X137.001 Y165.471
G1 X134.898 Y163.367 E1854.15782
G0 F9000 X134.898 Y163.599
G0 X136.77 Y164.087
G0 X137.001 Y164.088
G1 F3600 X132.348 Y181.454 E1855.07869
G0 F9000 X132.234 Y181.253
G0 X131.328 Y182.282
G0 X131.528 Y182.399
G1 F3600 X130.608 Y181.479 E1855.14534
G0 F9000 X130.608 Y180.817
G1 F3600 X136.996 Y179.106 E1855.48407
G0 F9000 X136.765 Y179.105
G0 X136.854 Y179.762
G0 X136.959 Y180.008
G0 X137.249 Y180.303
G0 X137.507 Y180.385
G0 X138.13 Y180.507
G0 X138.13 Y180.274
G1 F3600 X136.404 Y186.717 E1855.82572
G0 F9000 X135.846 Y186.716
G1 F3600 X134.846 Y185.717 E1855.89812
G0 F9000 X134.959 Y185.916
G0 X133.955 Y186.344
G0 X133.822 Y186.154
G1 F3600 X133.738 Y186.465 E1855.91462
G0 F9000 X133.911 Y186.313
G0 X135.133 Y185.733
G0 X135.988 Y185.012
G0 X135.787 Y184.896
G1 F3600 X153.03 Y180.276 E1856.82897
G0 F9000 X153.03 Y180.508
G0 X151.807 Y180.508
G0 X151.807 Y180.276
G1 F3600 X158.248 Y186.718 E1857.29557
G1 X158.268 Y186.719
G1 X159.995 Y180.275 E1857.63728
G0 F9000 X159.274 Y180.276
G1 F3600 X165.716 Y186.719 E1858.10396
G0 F9000 X166.468 Y186.719
G1 F3600 X168.194 Y180.276 E1858.44561
G0 F9000 X168.194 Y180.508
G0 X168.859 Y180.447
G0 X169.214 Y180.339
G0 X169.492 Y180.063
G0 X169.628 Y179.695
G0 X169.721 Y175.866
G0 X169.49 Y175.865
G1 F3600 X172.998 Y174.925 E1858.63163
G0 F9000 X172.999 Y175.333
G1 F3600 X169.49 Y171.825 E1858.88577
G0 F9000 X169.722 Y171.826
G0 X169.722 Y173.133
G0 X169.491 Y173.132
G1 F3600 X172.997 Y172.192 E1859.0717
G0 F9000 X172.998 Y172.55
G1 F3600 X169.201 Y186.72 E1859.8231
G0 F9000 X169.45 Y186.719
G1 F3600 X163.007 Y180.276 E1860.28981
G0 F9000 X163.23 Y180.276
G1 F3600 X139.188 Y186.718 E1861.56469
G1 X139.137 Y186.718
G1 X142.997 Y172.31 E1862.32871
G0 F9000 X142.765 Y172.31
G0 X142.765 Y169.299
G0 X142.996 Y169.299
G1 F3600 X139.491 Y170.238 E1862.51457
G0 F9000 X139.722 Y170.239
G0 X139.66 Y179.609
G0 X139.492 Y180.063
G0 X139.105 Y180.375
G0 X138.841 Y180.443
G0 X137.493 Y180.413
G0 X137.249 Y180.303
G0 X136.959 Y180.008
G0 X136.85 Y179.639
G0 X136.768 Y170.905
G0 X136.999 Y170.906
G1 F3600 X130.605 Y172.619 E1862.85362
G0 F9000 X130.838 Y172.619
G0 X130.836 Y167.564
G0 X130.603 Y167.564
G1 F3600 X131.728 Y163.366 E1863.07623
G1 F1500 E1861.07623
G0 F9000 X131.728 Y163.599
G0 X130.775 Y165.778
G0 X130.624 Y163.179
G0 X131.422 Y159.659
G0 X131.421 Y159.89
G1 F1500 E1863.07623
G1 F3600 X130.487 Y158.957 E1863.14385
G1 X130.488 Y158.984
G1 X142.995 Y155.633 E1863.80706
G0 F9000 X142.996 Y156.532
G1 F3600 X130.492 Y144.028 E1864.71281
G0 F9000 X130.725 Y144.028
G0 X130.725 Y145.318
G0 X130.492 Y145.318
G1 F3600 X143.356 Y141.871 E1865.39496
G1 X143.302 Y141.903
G1 X141.509 Y140.11 E1865.52484
G0 F9000 X140.693 Y140.109
G1 F3600 X135.393 Y159.89 E1866.57377
G0 F9000 X135.154 Y159.89
G1 F3600 X130.492 Y155.228 E1866.91147
G0 F9000 X130.725 Y155.228
G0 X130.725 Y156.25
G0 X130.494 Y156.25
G1 F3600 X143.032 Y152.89 E1867.57634
G1 X143.042 Y152.844
G1 X130.492 Y140.294 E1868.48542
G0 F9000 X130.724 Y140.294
G0 X132.493 Y140.342
G0 X132.493 Y140.11
G1 F3600 X130.493 Y147.577 E1868.88137
G1 X130.492 Y147.761
G1 X142.621 Y159.89 E1869.75995
G0 F9000 X143.592 Y159.891
G1 F3600 X144.033 Y158.245 E1869.84724
G0 F9000 X143.559 Y158.215
G1 F3600 X137.307 Y159.89 E1870.17876
G0 F9000 X138.126 Y159.891
G1 F3600 X143.426 Y140.11 E1871.22769
G0 F9000 X143.426 Y140.342
G0 X143.789 Y141.522
G0 X143.789 Y141.755
G1 F3600 X149.927 Y140.11 E1871.55318
G0 F9000 X148.976 Y140.11
G1 F3600 X150.619 Y141.754 E1871.67223
G0 F9000 X151.185 Y141.755
G1 F3600 X151.625 Y140.11 E1871.75945
G0 F9000 X151.625 Y140.342
G0 X152.71 Y140.342
G0 X152.71 Y140.11
G1 F3600 X154.352 Y141.753 E1871.87843
G0 F9000 X153.994 Y141.754
G1 F3600 X160.127 Y140.11 E1872.20365
G1 X160.177 Y140.11
G1 X161.819 Y141.752 E1872.32259
G0 F9000 X162.118 Y141.753
G1 F3600 X162.558 Y140.109 E1872.40977
G0 F9000 X162.558 Y140.342
G0 X163.91 Y140.342
G0 X163.91 Y140.11
G1 F3600 X165.552 Y141.752 E1872.52871
G0 F9000 X164.851 Y141.753
G1 F3600 X165.291 Y140.11 E1872.61583
G0 F9000 X165.291 Y140.342
G0 X166.764 Y141.003
G0 X166.996 Y141.003
G1 F3600 X164.197 Y141.753 E1872.76425
G0 F9000 X164.197 Y141.52
G0 X159.825 Y140.342
G0 X159.825 Y140.11
G1 F3600 X159.385 Y141.753 E1872.85137
G0 F9000 X159.385 Y141.52
G0 X158.086 Y141.521
G0 X158.086 Y141.753
G1 F3600 X156.443 Y140.11 E1872.97039
G0 F9000 X157.092 Y140.109
G1 F3600 X156.651 Y141.753 E1873.05757
G0 F9000 X156.651 Y141.521
G0 X153.918 Y141.521
G0 X153.918 Y141.754
G1 F3600 X154.359 Y140.109 E1873.1448
G0 F9000 X154.359 Y140.342
G0 X148.892 Y140.342
G0 X148.892 Y140.109
G1 F3600 X148.452 Y141.754 E1873.23202
G0 F9000 X148.452 Y141.522
G0 X146.886 Y141.522
G0 X146.886 Y141.754
G1 F3600 X145.243 Y140.11 E1873.35107
G0 F9000 X146.159 Y140.11
G1 F3600 X145.718 Y141.755 E1873.43831
G0 F9000 X145.718 Y141.522
G0 X143.663 Y141.584
G0 X143.39 Y141.651
G0 X143.022 Y141.929
G0 X142.87 Y142.213
G0 X142.764 Y144.701
G0 X142.996 Y144.701
G1 F3600 X130.493 Y148.051 E1874.10131
G0 F9000 X130.725 Y148.051
G0 X130.725 Y150.784
G0 X130.493 Y150.784
G1 F3600 X143.217 Y147.374 E1874.77604
G0 F9000 X143.081 Y147.561
G0 X142.855 Y147.971
G0 X142.764 Y149.064
G0 X142.996 Y149.064
G1 F3600 X134.042 Y140.11 E1875.42464
G0 F9000 X134.042 Y140.342
G0 X135.227 Y140.342
G0 X135.227 Y140.109
G1 F3600 X130.487 Y157.797 E1876.36259
G0 F9000 X130.72 Y157.797
G0 X132.66 Y159.659
G0 X132.659 Y159.891
G1 F3600 X137.96 Y140.11 E1877.41154
G1 X137.776 Y140.11
G1 X142.996 Y145.331 E1877.7897
G0 F9000 X142.764 Y145.331
G0 X142.764 Y150.167
G0 X142.995 Y150.167
G1 F3600 X130.494 Y153.517 E1878.4526
G0 F9000 X130.725 Y153.517
G0 X130.725 Y151.495
G0 X130.492 Y151.495
G1 F3600 X138.888 Y159.89 E1879.06074
G0 F9000 X138.889 Y159.659
G0 X140.86 Y159.659
G0 X140.859 Y159.891
G1 F3600 X142.996 Y151.916 E1879.48364
G0 F9000 X142.764 Y151.916
G0 X142.825 Y157.624
G0 X142.928 Y157.927
G0 X143.154 Y158.207
G0 X143.39 Y158.349
G0 X144.71 Y158.477
G0 X144.711 Y158.246
G1 F3600 X146.355 Y159.89 E1879.60272
G1 X146.325 Y159.891
G1 X146.766 Y158.245 E1879.69
G0 F9000 X146.765 Y158.477
G0 X148.443 Y158.477
G0 X148.444 Y158.246
G1 F3600 X150.088 Y159.89 E1879.80909
G0 F9000 X150.089 Y159.659
G0 X149.059 Y159.659
G0 X149.058 Y159.891
G1 F3600 X149.499 Y158.245 E1879.89637
G0 F9000 X149.498 Y158.477
G0 X147.508 Y159.659
G0 X147.507 Y159.891
G1 F3600 X153.642 Y158.247 E1880.2217
G0 F9000 X153.641 Y158.478
G0 X154.964 Y158.478
G0 X154.965 Y158.246
G1 F3600 X154.524 Y159.891 E1880.30893
G0 F9000 X153.822 Y159.89
G1 F3600 X152.179 Y158.247 E1880.42795
G1 X152.232 Y158.246
G1 X151.791 Y159.891 E1880.51518
G0 F9000 X151.792 Y159.659
G0 X155.911 Y158.478
G0 X155.912 Y158.247
G1 F3600 X157.555 Y159.89 E1880.63419
G1 X157.706 Y159.891
G1 X163.837 Y158.248 E1880.95931
G0 F9000 X163.38 Y158.248
G1 F3600 X165.022 Y159.89 E1881.07825
G0 F9000 X165.457 Y159.892
G1 F3600 X165.897 Y158.248 E1881.16542
G0 F9000 X165.896 Y158.479
G0 X163.163 Y158.479
G0 X163.164 Y158.247
G1 F3600 X162.724 Y159.891 E1881.25259
G0 F9000 X162.725 Y159.659
G0 X161.29 Y159.659
G0 X161.289 Y159.89
G1 F3600 X159.646 Y158.248 E1881.37157
G0 F9000 X160.431 Y158.247
G1 F3600 X159.991 Y159.891 E1881.45874
G0 F9000 X159.992 Y159.659
G0 X157.258 Y159.659
G0 X157.257 Y159.891
G1 F3600 X157.698 Y158.246 E1881.54597
G1 F1500 E1879.54597
G0 F9000 X157.697 Y158.478
G0 X166.85 Y158.394
G0 X169.123 Y158.394
G0 X169.222 Y156.39
G0 X168.989 Y156.39
G1 F1500 E1881.54597
G1 F3600 X181.496 Y168.897 E1882.45194
G0 F9000 X181.264 Y168.897
G0 X181.264 Y169.915
G0 X181.496 Y169.915
G1 F3600 X175.108 Y171.627 E1882.79068
G0 F9000 X175.339 Y171.628
G0 X175.339 Y169.976
G0 X175.107 Y169.975
G1 F3600 X181.496 Y176.364 E1883.25348
G0 F9000 X181.495 Y175.382
G1 F3600 X175.108 Y177.093 E1883.59216
G0 F9000 X175.107 Y177.442
G1 F3600 X178.781 Y181.116 E1883.8583
G1 X178.893 Y181.146
G1 X181.495 Y171.436 E1884.3732
G0 F9000 X181.264 Y171.436
G0 X181.264 Y167.182
G0 X181.495 Y167.182
G1 F3600 X175.108 Y168.894 E1884.71189
G0 F9000 X175.339 Y168.895
G0 X175.279 Y163.362
G0 X175.134 Y163.003
G0 X174.925 Y162.774
G0 X174.477 Y162.588
G0 X173.646 Y162.58
G0 X173.288 Y162.701
G0 X172.978 Y162.99
G0 X172.858 Y163.292
G0 X172.765 Y169.46
G0 X172.996 Y169.46
G1 F3600 X169.492 Y170.399 E1884.8977
G0 F9000 X169.722 Y170.4
G0 X169.723 Y168.093
G0 X169.491 Y168.092
G1 F3600 X172.998 Y171.599 E1885.15174
G0 F9000 X172.765 Y171.599
G0 X172.828 Y179.609
G0 X172.996 Y180.063
G0 X173.216 Y180.282
G0 X173.654 Y180.443
G0 X174.509 Y180.448
G0 X174.819 Y180.325
G0 X175.126 Y180.037
G0 X175.249 Y179.672
G0 X175.339 Y173.71
G0 X175.107 Y173.709
G1 F3600 X181.496 Y180.097 E1885.6145
G0 F9000 X181.495 Y180.848
G1 F3600 X179.511 Y181.379 E1885.7197
G0 F9000 X179.626 Y181.18
G0 X180.414 Y181.977
G0 X180.846 Y182.898
G0 X180.621 Y182.956
G1 F3600 X181.317 Y183.652 E1885.77011
G1 X181.34 Y183.623
G1 X180.9 Y183.741 E1885.79345
G1 X180.92 Y183.784
G1 X181.496 Y181.636 E1885.90736
G0 F9000 X181.264 Y181.636
G0 X181.264 Y178.115
G0 X181.496 Y178.115
G1 F3600 X175.028 Y179.848 E1886.25034
G0 F9000 X174.207 Y180.275
G1 F3600 X176.126 Y182.195 E1886.38938
G1 X176.04 Y182.31
G1 X159.584 Y186.719 E1887.26199
G0 F9000 X159.585 Y186.487
G0 X161.002 Y186.487
G0 X161.001 Y186.72
G1 F3600 X162.728 Y180.275 E1887.60376
G0 F9000 X162.728 Y180.508
G0 X157.262 Y180.508
G0 X157.262 Y180.275
G1 F3600 X155.535 Y186.719 E1887.94547
G0 F9000 X155.536 Y186.487
G0 X150.782 Y186.487
G0 X150.781 Y186.717
G1 F3600 X144.34 Y180.276 E1888.41204
G0 F9000 X144.34 Y180.508
G0 X146.329 Y180.508
G0 X146.329 Y180.276
G1 F3600 X144.603 Y186.718 E1888.75364
G0 F9000 X144.604 Y186.486
G0 X149.387 Y186.487
G0 X149.386 Y186.718
G1 F3600 X173.547 Y180.244 E1890.03484
G1 X173.662 Y180.27
G1 X171.934 Y186.72 E1890.37686
G0 F9000 X171.935 Y186.488
G0 X169.784 Y186.488
G0 X169.783 Y186.719
G1 F3600 X176.277 Y184.979 E1890.72122
G0 F9000 X176.112 Y185.142
G0 X172.878 Y179.838
G0 X172.764 Y167.865
G0 X172.997 Y167.865
G1 F3600 X169.491 Y164.359 E1890.97518
G0 F9000 X169.723 Y164.36
G0 X169.629 Y163.326
G0 X169.224 Y162.333
G0 X168.993 Y162.333
G1 F3600 X181.495 Y158.983 E1891.63813
G0 F9000 X181.264 Y158.983
G0 X181.264 Y161.716
G0 X181.495 Y161.716
G1 F3600 X175.109 Y163.427 E1891.97677
G0 F9000 X175.339 Y163.428
G0 X175.339 Y164.672
G0 X175.109 Y164.671
G1 F3600 X181.495 Y140.835 E1893.24072
G0 F9000 X181.264 Y140.835
G0 X181.264 Y137.118
G0 X181.496 Y137.118
G1 F3600 X168.991 Y140.468 E1893.90382
G0 F9000 X169.222 Y140.469
G0 X169.616 Y136.97
G0 X169.721 Y134.869
G0 X169.49 Y134.868
G1 F3600 X172.998 Y133.928 E1894.08984
G0 F9000 X172.999 Y134.265
G1 F3600 X169.49 Y130.756 E1894.34402
G0 F9000 X169.722 Y130.757
G0 X169.722 Y129.403
G0 X169.491 Y129.402
G1 F3600 X172.997 Y128.462 E1894.52994
G0 F9000 X172.765 Y128.462
G0 X172.765 Y126.796
G0 X172.997 Y126.796
G1 F3600 X169.491 Y123.29 E1894.7839
G0 F9000 X169.492 Y123.935
G1 F3600 X172.996 Y122.996 E1894.96971
G1 X172.997 Y123.062
G1 X163.211 Y113.276 E1895.67858
G0 F9000 X163.211 Y113.508
G0 X164.282 Y113.508
G0 X164.282 Y113.275
G1 F3600 X162.555 Y119.721 E1896.02039
G0 F9000 X162.188 Y119.72
G1 F3600 X155.744 Y113.276 E1896.48718
G0 F9000 X156.083 Y113.275
G1 F3600 X154.356 Y119.721 E1896.82899
G0 F9000 X154.622 Y119.72
G1 F3600 X178.625 Y113.289 E1898.1018
G0 F9000 X178.145 Y113.276
G1 F3600 X178.938 Y114.07 E1898.15928
G0 F9000 X178.897 Y113.842
G0 X177.664 Y113.892
G0 X177.722 Y114.116
G1 F3600 X177.948 Y113.275 E1898.20388
G0 F9000 X177.948 Y113.508
G0 X176.954 Y114.174
G0 X176.051 Y114.915
G0 X176.214 Y115.079
G1 F3600 X174.411 Y113.276 E1898.33449
G0 F9000 X175.214 Y113.276
G1 F3600 X173.473 Y119.776 E1898.67916
G0 F9000 X173.369 Y119.568
G0 X172.996 Y119.933
G0 X172.764 Y121.556
G0 X172.996 Y121.556
G1 F3600 X169.489 Y134.643 E1899.37313
G1 X169.489 Y134.489
G1 X181.496 Y146.496 E1900.24288
G0 F9000 X181.264 Y146.496
G0 X181.264 Y145.317
G0 X181.495 Y145.317
G1 F3600 X168.992 Y148.667 E1900.90588
G0 F9000 X169.223 Y148.668
G0 X169.112 Y147.854
G0 X168.932 Y147.5
G0 X168.75 Y147.603
G1 F3600 X168.818 Y147.348 E1900.9194
G0 F9000 X168.988 Y146.711
G1 F3600 X172.998 Y131.747 E1901.71291
G0 F9000 X172.998 Y131.195
G1 F3600 X169.49 Y132.135 E1901.89893
G0 F9000 X169.721 Y132.136
G0 X172.765 Y130.531
G0 X172.999 Y130.531
G1 F3600 X169.491 Y127.023 E1902.15304
G0 F9000 X169.492 Y126.668
G1 F3600 X172.996 Y125.73 E1902.33883
G0 F9000 X172.764 Y125.73
G0 X169.723 Y124.435
G0 X169.491 Y124.434
G1 F3600 X172.481 Y113.275 E1902.93057
G0 F9000 X172.481 Y113.508
G0 X168.473 Y113.508
G0 X168.473 Y113.276
G1 F3600 X144.42 Y119.721 E1904.20604
G0 F9000 X143.55 Y119.751
G1 F3600 X137.076 Y113.276 E1904.67503
G1 X136.951 Y113.275
G1 X136.177 Y116.162 E1904.82813
G1 X136.157 Y116.091
G1 X142.997 Y122.931 E1905.32359
G1 X142.997 Y122.835
G1 X139.492 Y123.774 E1905.50945
G0 F9000 X139.491 Y124.194
G1 F3600 X142.417 Y113.275 E1906.08846
G0 F9000 X142.417 Y113.508
G0 X140.81 Y113.508
G0 X140.81 Y113.276
G1 F3600 X147.254 Y119.72 E1906.55525
G0 F9000 X147.254 Y119.488
G0 X146.156 Y119.488
G0 X146.156 Y119.72
G1 F3600 X147.883 Y113.276 E1906.89696
G1 X148.073 Y113.276
G1 X136.217 Y116.453 E1907.52566
G0 F9000 X136.449 Y116.447
G0 X136.146 Y117.613
G0 X135.849 Y118.164
G0 X135.685 Y118.001
G1 F3600 X130.692 Y136.633 E1908.51367
G0 F9000 X130.804 Y136.431
G0 X132.302 Y136.401
G0 X132.302 Y136.633
G1 F3600 X136.999 Y135.375 E1908.76273
G0 F9000 X136.999 Y135.6
G1 F3600 X130.604 Y129.205 E1909.22597
G0 F9000 X130.605 Y128.889
G1 F3600 X136.997 Y127.176 E1909.56492
G0 F9000 X136.998 Y128.132
G1 F3600 X130.606 Y121.74 E1910.02794
G0 F9000 X130.838 Y121.741
G0 X130.839 Y120.69
G0 X130.608 Y120.689
G1 F3600 X158.273 Y113.276 E1911.49495
G0 F9000 X158.816 Y113.275
G1 F3600 X157.089 Y119.721 E1911.83676
G0 F9000 X157.089 Y119.488
G0 X158.454 Y119.488
G0 X158.454 Y119.72
G1 F3600 X152.01 Y113.276 E1912.30354
G0 F9000 X152.01 Y113.508
G0 X153.349 Y113.508
G0 X153.349 Y113.276
G1 F3600 X151.623 Y119.72 E1912.64524
G0 F9000 X150.987 Y119.72
G1 F3600 X144.543 Y113.276 E1913.11203
G0 F9000 X145.15 Y113.275
G1 F3600 X143.403 Y119.795 E1913.45777
G0 F9000 X143.117 Y120.07
G1 F3600 X139.493 Y121.041 E1913.64994
G0 F9000 X139.723 Y121.042
G0 X139.61 Y120.157
G0 X139.373 Y119.796
G0 X139.107 Y119.622
G0 X137.958 Y119.489
G0 X137.957 Y119.721
G1 F3600 X139.684 Y113.276 E1913.9917
G0 F9000 X139.684 Y113.508
G0 X137.874 Y113.508
G0 X137.874 Y113.275
G1 F3600 X134.511 Y114.176 E1914.17003
G0 F9000 X134.139 Y114.073
G1 F3600 X133.602 Y113.536 E1914.20893
G0 F9000 X134.013 Y114.037
G1 F3600 X134.215 Y113.284 E1914.24886
G0 F9000 X134.25 Y113.514
G0 X135.267 Y114.33
G0 X135.914 Y114.977
G0 X136.147 Y115.383
G0 X136.382 Y116.269
G0 X136.394 Y116.677
G0 X136.112 Y117.742
G0 X135.275 Y118.663
G0 X135.004 Y118.865
G0 X133.83 Y119.176
G0 X132.627 Y118.903
G0 X132.297 Y118.712
G0 X131.382 Y117.81
G0 X131.583 Y117.694
G1 F3600 X130.608 Y117.955 E1914.30056
G1 X130.607 Y118.008
G1 X136.997 Y124.398 E1914.76343
G1 X136.996 Y124.443
G1 X130.606 Y126.155 E1915.10227
G0 F9000 X130.605 Y126.757
G1 F3600 X132.749 Y118.757 E1915.5265
G0 F9000 X132.689 Y118.982
G0 X133.83 Y119.176
G0 X135.132 Y118.845
G0 X134.993 Y118.66
G1 F3600 X136.996 Y120.664 E1915.67163
G0 F9000 X136.764 Y120.664
G0 X136.764 Y121.71
G0 X136.996 Y121.71
G1 F3600 X130.607 Y123.422 E1916.01042
G0 F9000 X130.838 Y123.423
G0 X130.837 Y125.474
G0 X130.605 Y125.473
G1 F3600 X136.998 Y131.866 E1916.47351
G0 F9000 X136.998 Y132.642
G1 F3600 X130.604 Y134.355 E1916.81256
G0 F9000 X130.834 Y134.356
G0 X130.835 Y132.938
G0 X130.603 Y132.937
G1 F3600 X134.298 Y136.633 E1917.08025
G0 F9000 X133.425 Y136.634
G1 F3600 X136.997 Y123.304 E1917.78711
G0 F9000 X136.764 Y123.304
G0 X136.854 Y120.234
G0 X136.962 Y119.982
G0 X137.258 Y119.687
G0 X137.704 Y119.549
G0 X138.84 Y119.553
G0 X139.107 Y119.622
G0 X139.373 Y119.796
G0 X139.61 Y120.157
G0 X139.723 Y123.16
G0 X139.492 Y123.159
G1 F3600 X142.997 Y126.665 E1918.04104
G0 F9000 X142.765 Y126.665
G0 X142.764 Y125.568
G0 X142.997 Y125.568
G1 F3600 X139.492 Y126.508 E1918.22691
G0 F9000 X139.491 Y126.892
G1 F3600 X142.998 Y130.399 E1918.48095
G0 F9000 X142.998 Y131.034
G1 F3600 X139.49 Y131.974 E1918.66697
G0 F9000 X139.721 Y131.975
G0 X139.722 Y130.625
G0 X139.49 Y130.624
G1 F3600 X142.999 Y134.133 E1918.92115
G0 F9000 X142.998 Y133.767
G1 F3600 X139.49 Y134.707 E1919.10717
G0 F9000 X139.489 Y134.401
G1 F3600 X142.996 Y121.313 E1919.8012
G0 F9000 X142.764 Y121.313
G0 X142.878 Y120.159
G0 X142.996 Y119.933
G0 X143.274 Y119.657
G0 X143.562 Y119.57
G0 X148.889 Y119.488
G0 X148.889 Y119.721
G1 F3600 X150.616 Y113.275 E1920.14301
G0 F9000 X150.616 Y113.508
G0 X148.277 Y113.508
G0 X148.277 Y113.276
G1 F3600 X154.721 Y119.72 E1920.60979
G0 F9000 X154.721 Y119.488
G0 X159.822 Y119.488
G0 X159.822 Y119.72
G1 F3600 X161.549 Y113.276 E1920.95151
G0 F9000 X161.549 Y113.508
G0 X159.477 Y113.508
G0 X159.477 Y113.276
G1 F3600 X165.921 Y119.72 E1921.41829
G0 F9000 X165.921 Y119.488
G0 X178.33 Y119.176
G0 X179.165 Y118.955
G0 X179.828 Y118.693
G0 X179.664 Y118.529
G1 F3600 X181.496 Y120.361 E1921.55099
G0 F9000 X181.264 Y120.361
G0 X181.264 Y117.986
G0 X181.495 Y117.986
G1 F3600 X179.737 Y118.457 E1921.64421
G0 F9000 X179.9 Y118.621
G0 X180.318 Y118.131
G0 X181.264 Y116.627
G0 X181.496 Y116.627
G1 F3600 X180.548 Y115.68 E1921.71285
G1 X180.506 Y115.518
G1 X181.188 Y115.335 E1921.74902
G0 F9000 X180.963 Y115.389
G0 X180.377 Y114.86
G0 X180.213 Y115.022
G1 F3600 X180.424 Y114.232 E1921.7909
G1 F1500 E1919.7909
G0 F9000 X180.252 Y114.384
G0 X180.648 Y115.386
G0 X180.912 Y116.379
G0 X180.899 Y116.659
G0 X180.648 Y117.614
G0 X180.416 Y118.017
G0 X179.768 Y118.668
G0 X179.361 Y118.903
G0 X178.33 Y119.176
G0 X143.629 Y119.549
G0 X143.274 Y119.657
G0 X142.996 Y119.933
G0 X142.878 Y120.159
G0 X142.765 Y128.301
G0 X142.997 Y128.301
G1 F1500 E1921.7909
G1 F3600 X139.491 Y129.241 E1921.97682
G0 F9000 X139.722 Y129.242
G0 X139.663 Y120.465
G0 X139.61 Y120.157
G0 X139.373 Y119.796
G0 X139.107 Y119.622
G0 X138.84 Y119.553
G0 X137.497 Y119.582
G0 X137.258 Y119.687
G0 X136.962 Y119.982
G0 X136.851 Y120.36
G0 X136.765 Y129.909
G0 X136.997 Y129.909
G1 F3600 X130.605 Y131.622 E1922.31578
G0 F9000 X130.835 Y131.623
G0 X136.766 Y133.498
G0 X136.998 Y133.498
G1 F3600 X136.158 Y136.633 E1922.48202
G1 F1500 E1920.48202
G0 F9000 X136.158 Y136.401
G0 X136.854 Y120.234
G0 X136.962 Y119.982
G0 X137.258 Y119.687
G0 X137.704 Y119.549
G0 X138.84 Y119.553
G0 X139.107 Y119.622
G0 X139.373 Y119.796
G0 X139.61 Y120.157
G0 X139.721 Y134.358
G0 X139.489 Y134.357
G1 F1500 E1922.48202
G1 F3600 X141.766 Y136.634 E1922.64696
G1 X141.625 Y136.633
G1 X142.998 Y131.506 E1922.91882
G0 F9000 X142.766 Y131.506
G0 X142.797 Y136.431
G0 X142.998 Y136.5
G1 F3600 X142.504 Y136.633 E1922.94502
G1 F1500 E1920.94502
G0 F9000 X142.504 Y136.401
G0 X142.826 Y133.327
G0 X142.824 Y144.337
G0 X139.726 Y140.342
G0 X139.726 Y140.11
G1 F1500 E1922.94502
G1 F3600 X130.492 Y142.585 E1923.43469
G1 F1500 E1921.43469
G0 F9000 X130.724 Y142.585
G0 X130.641 Y159.738
G0 X129.08 Y159.738
G0 X129.08 Y163.513
G0 X130.748 Y163.513
G0 X130.84 Y177.744
G0 X130.607 Y177.744
G1 F1500 E1923.43469
G1 F3600 X133.868 Y181.005 E1923.6709
G0 F9000 X133.929 Y180.783
G0 X135.006 Y181.137
G0 X135.913 Y181.975
G0 X136.072 Y182.189
G0 X136.453 Y183.364
G0 X136.221 Y183.358
G1 F3600 X139.579 Y186.716 E1923.91415
G0 F9000 X139.58 Y186.486
G0 X150.07 Y186.487
G0 X150.069 Y186.719
G1 F3600 X151.796 Y180.275 E1924.25586
G1 F1500 E1922.25586
G0 F9000 X151.796 Y180.508
G0 X168.859 Y180.447
G0 X169.214 Y180.339
G0 X169.492 Y180.063
G0 X169.628 Y179.695
G0 X169.723 Y167.666
G0 X169.492 Y167.665
G1 F1500 E1924.25586
G1 F3600 X172.996 Y166.726 E1924.44167
G1 F1500 E1922.44167
G0 F9000 X172.764 Y166.726
G0 X169.643 Y163.499
G0 X168.092 Y164.153
G0 X150 Y164.165
G0 X150 Y162.206
;TYPE:SKIN
G1 F1500 E1924.44167
G1 F1800 X143.154 Y162.207 E1924.79233
G1 X142.992 Y162.332 E1924.80281
G1 X142.973 Y162.45 E1924.80893
G1 X143.054 Y162.717 E1924.82322
G1 X142.936 Y162.818 E1924.83118
G1 X142.751 Y163.148 E1924.85055
G1 X142.711 Y163.32 E1924.8596
G1 X139.773 Y163.32 E1925.01009
G1 X139.65 Y162.951 E1925.03001
G1 X139.46 Y162.729 E1925.04497
G1 X139.576 Y162.469 E1925.05956
G1 X139.56 Y162.332 E1925.06662
G1 X139.488 Y162.245 E1925.07241
G1 X139.36 Y162.204 E1925.07929
G1 X137.126 Y162.207 E1925.19372
G1 X136.964 Y162.332 E1925.2042
G1 X136.944 Y162.444 E1925.21003
G1 X137.045 Y162.724 E1925.22527
G1 X136.818 Y162.946 E1925.24154
G1 X136.705 Y163.319 E1925.2615
G1 X130.906 Y163.32 E1925.55853
G1 X130.8 Y163.135 E1925.56945
G1 X130.797 Y159.932 E1925.73351
G1 X166.684 Y159.932 E1927.57166
G1 X166.684 Y162.204 E1927.68803
G1 X150 Y162.206 E1928.5426
G1 F1500 E1926.5426
G0 F9000 X162.037 Y158.419
G0 X166.465 Y159.659
G0 X166.464 Y160.242
G1 F1500 E1928.5426
G1 F1800 X166.375 Y160.153 E1928.54905
G0 F9000 X165.753 Y160.153
G1 F1800 X166.464 Y160.864 E1928.60055
G0 F9000 X166.464 Y161.486
G1 F1800 X165.131 Y160.153 E1928.69711
G0 F9000 X164.508 Y160.153
G1 F1800 X166.34 Y161.984 E1928.82978
G0 F9000 X165.718 Y161.984
G1 F1800 X163.886 Y160.153 E1928.96244
G0 F9000 X163.264 Y160.153
G1 F1800 X165.095 Y161.984 E1929.09508
G0 F9000 X164.473 Y161.984
G1 F1800 X162.642 Y160.153 E1929.22771
G0 F9000 X162.019 Y160.153
G1 F1800 X163.851 Y161.985 E1929.36041
G0 F9000 X163.229 Y161.985
G1 F1800 X161.397 Y160.153 E1929.49312
G0 F9000 X160.775 Y160.153
G1 F1800 X162.607 Y161.985 E1929.62582
G0 F9000 X161.985 Y161.985
G1 F1800 X160.153 Y160.153 E1929.75852
G0 F9000 X159.53 Y160.153
G1 F1800 X161.362 Y161.985 E1929.89123
G0 F9000 X160.741 Y161.985
G1 F1800 X158.908 Y160.153 E1930.02397
G0 F9000 X158.286 Y160.153
G1 F1800 X160.119 Y161.985 E1930.15671
G0 F9000 X159.496 Y161.985
G1 F1800 X157.664 Y160.153 E1930.28941
G0 F9000 X157.041 Y160.153
G1 F1800 X158.874 Y161.985 E1930.42216
G0 F9000 X158.253 Y161.986
G1 F1800 X156.419 Y160.153 E1930.55497
G0 F9000 X155.797 Y160.153
G1 F1800 X157.63 Y161.986 E1930.68774
G0 F9000 X157.008 Y161.986
G1 F1800 X155.175 Y160.153 E1930.82052
G0 F9000 X154.552 Y160.153
G1 F1800 X156.386 Y161.986 E1930.95333
G0 F9000 X155.764 Y161.987
G1 F1800 X153.93 Y160.153 E1931.08618
G0 F9000 X153.308 Y160.153
G1 F1800 X155.142 Y161.987 E1931.21903
G0 F9000 X154.52 Y161.987
G1 F1800 X152.686 Y160.153 E1931.35188
G0 F9000 X152.063 Y160.153
G1 F1800 X153.898 Y161.987 E1931.48477
G0 F9000 X153.276 Y161.988
G1 F1800 X151.441 Y160.153 E1931.61769
G0 F9000 X150.819 Y160.153
G1 F1800 X152.654 Y161.988 E1931.75061
G0 F9000 X152.031 Y161.988
G1 F1800 X150.197 Y160.153 E1931.8835
G0 F9000 X149.574 Y160.153
G1 F1800 X151.409 Y161.988 E1932.01642
G0 F9000 X150.788 Y161.988
G1 F1800 X148.952 Y160.153 E1932.14938
G0 F9000 X148.33 Y160.153
G1 F1800 X150.165 Y161.988 E1932.2823
G0 F9000 X149.543 Y161.988
G1 F1800 X147.708 Y160.153 E1932.41522
G0 F9000 X147.085 Y160.153
G1 F1800 X148.921 Y161.988 E1932.54818
G0 F9000 X148.299 Y161.989
G1 F1800 X146.463 Y160.153 E1932.68117
G0 F9000 X145.841 Y160.153
G1 F1800 X147.677 Y161.989 E1932.81417
G0 F9000 X147.055 Y161.989
G1 F1800 X145.219 Y160.153 E1932.94716
G0 F9000 X144.596 Y160.153
G1 F1800 X146.433 Y161.989 E1933.08019
G0 F9000 X145.81 Y161.989
G1 F1800 X143.974 Y160.153 E1933.21318
G0 F9000 X143.352 Y160.153
G1 F1800 X145.189 Y161.99 E1933.34625
G0 F9000 X144.567 Y161.99
G1 F1800 X142.73 Y160.153 E1933.47932
G0 F9000 X142.107 Y160.153
G1 F1800 X143.944 Y161.99 E1933.61238
G0 F9000 X143.322 Y161.99
G1 F1800 X141.485 Y160.153 E1933.74545
G0 F9000 X140.863 Y160.153
G1 F1800 X142.864 Y162.154 E1933.8904
G0 F9000 X142.768 Y162.681
G1 F1800 X140.24 Y160.153 E1934.07352
G0 F9000 X139.618 Y160.153
G1 F1800 X142.541 Y163.075 E1934.28521
G0 F9000 X141.943 Y163.1
G1 F1800 X138.996 Y160.153 E1934.49869
G0 F9000 X138.374 Y160.153
G1 F1800 X141.321 Y163.1 E1934.71216
G0 F9000 X140.699 Y163.1
G1 F1800 X137.751 Y160.153 E1934.92566
G0 F9000 X137.129 Y160.153
G1 F1800 X138.961 Y161.985 E1935.05837
G0 F9000 X138.34 Y161.986
G1 F1800 X136.507 Y160.153 E1935.19115
G0 F9000 X135.885 Y160.153
G1 F1800 X137.72 Y161.988 E1935.32407
G0 F9000 X137.099 Y161.989
G1 F1800 X135.262 Y160.153 E1935.4571
G0 F9000 X134.64 Y160.153
G1 F1800 X136.759 Y162.272 E1935.61059
G0 F9000 X136.663 Y162.798
G1 F1800 X134.018 Y160.153 E1935.80219
G0 F9000 X133.396 Y160.153
G1 F1800 X136.342 Y163.098 E1936.01555
G0 F9000 X135.719 Y163.098
G1 F1800 X132.773 Y160.153 E1936.22891
G0 F9000 X132.151 Y160.153
G1 F1800 X135.097 Y163.098 E1936.44228
G0 F9000 X134.475 Y163.098
G1 F1800 X131.529 Y160.153 E1936.65564
G0 F9000 X131.017 Y160.263
G1 F1800 X133.852 Y163.098 E1936.861
G0 F9000 X133.231 Y163.099
G1 F1800 X131.017 Y160.885 E1937.02137
G0 F9000 X131.018 Y161.508
G1 F1800 X132.609 Y163.099 E1937.13662
G0 F9000 X131.986 Y163.099
G1 F1800 X131.018 Y162.131 E1937.20674
G0 F9000 X131.018 Y162.753
G1 F1800 X131.364 Y163.099 E1937.2318
G1 F1500 E1935.2318
G0 F9000 X131.364 Y163.599
G0 X136.627 Y180.23
G0 X137.02 Y180.632
G0 X137.674 Y180.846
G0 X138.892 Y180.84
G0 X139.513 Y180.601
G0 X139.814 Y180.301
G0 X140.032 Y179.783
G0 X139.855 Y163.599
G0 X139.855 Y162.879
G1 F1500 E1937.2318
G1 F1800 X140.076 Y163.1 E1937.24781
G1 F1500 E1935.24781
G0 F9000 X140.076 Y163.599
G0 X142.844 Y163.5
G0 X145.504 Y158.417
G0 X143.663 Y158.416
G0 X143.39 Y158.349
G0 X143.154 Y158.207
G0 X142.928 Y157.927
G0 X142.825 Y157.624
G0 X142.825 Y142.497
G0 X142.87 Y142.213
G0 X143.156 Y141.792
G0 X150 Y140.342
G0 X150 Y140.064
G1 F1500 E1937.24781
G1 F1800 X130.8 Y140.064 E1938.23125
G1 X130.8 Y136.864 E1938.39515
G1 X130.907 Y136.676 E1938.40623
G1 X136.711 Y136.676 E1938.70352
G1 X136.775 Y136.914 E1938.71614
G1 X136.904 Y137.138 E1938.72938
G1 X137.043 Y137.273 E1938.7393
G1 X136.942 Y137.539 E1938.75388
G1 X136.96 Y137.664 E1938.76035
G1 X137.032 Y137.751 E1938.76613
G1 X137.16 Y137.792 E1938.77302
G1 X139.398 Y137.789 E1938.88765
G1 X139.56 Y137.664 E1938.89813
G1 X139.576 Y137.526 E1938.90524
G1 X139.46 Y137.267 E1938.91978
G1 X139.649 Y137.039 E1938.93495
G1 X139.772 Y136.676 E1938.95458
G1 X142.705 Y136.676 E1939.10481
G1 X142.748 Y136.844 E1939.11369
G1 X142.936 Y137.178 E1939.13332
G1 X143.053 Y137.281 E1939.14131
G1 X142.973 Y137.546 E1939.15549
G1 X142.992 Y137.664 E1939.16161
G1 X143.064 Y137.751 E1939.16739
G1 X143.192 Y137.792 E1939.17428
G1 X166.688 Y137.792 E1940.37776
G1 X166.688 Y140.064 E1940.49413
G1 X150 Y140.064 E1941.3489
G1 F1500 E1939.3489
G0 F9000 X150 Y140.342
G0 X166.014 Y140.262
G0 X166.014 Y138.012
G1 F1500 E1941.3489
G1 F1800 X166.468 Y138.466 E1941.38179
G0 F9000 X166.468 Y139.089
G1 F1800 X165.392 Y138.012 E1941.45976
G0 F9000 X164.769 Y138.012
G1 F1800 X166.468 Y139.711 E1941.58283
G0 F9000 X165.978 Y139.844
G1 F1800 X164.147 Y138.012 E1941.7155
G0 F9000 X163.525 Y138.012
G1 F1800 X165.356 Y139.844 E1941.84817
G0 F9000 X164.734 Y139.844
G1 F1800 X162.903 Y138.012 E1941.98084
G0 F9000 X162.28 Y138.012
G1 F1800 X164.112 Y139.844 E1942.11354
G0 F9000 X163.489 Y139.844
G1 F1800 X161.658 Y138.012 E1942.24621
G0 F9000 X161.036 Y138.012
G1 F1800 X162.867 Y139.844 E1942.37888
G0 F9000 X162.245 Y139.844
G1 F1800 X160.414 Y138.012 E1942.51155
G0 F9000 X159.791 Y138.012
G1 F1800 X161.623 Y139.844 E1942.64425
G0 F9000 X161 Y139.844
G1 F1800 X159.169 Y138.012 E1942.77692
G0 F9000 X158.547 Y138.012
G1 F1800 X160.378 Y139.844 E1942.90959
G0 F9000 X159.756 Y139.844
G1 F1800 X157.925 Y138.012 E1943.04226
G0 F9000 X157.302 Y138.012
G1 F1800 X159.134 Y139.844 E1943.17496
G0 F9000 X158.511 Y139.844
G1 F1800 X156.68 Y138.012 E1943.30763
G0 F9000 X156.058 Y138.012
G1 F1800 X157.889 Y139.844 E1943.4403
G0 F9000 X157.267 Y139.844
G1 F1800 X155.436 Y138.012 E1943.57297
G0 F9000 X154.813 Y138.012
G1 F1800 X156.645 Y139.844 E1943.70567
G0 F9000 X156.022 Y139.844
G1 F1800 X154.191 Y138.012 E1943.83834
G0 F9000 X153.569 Y138.012
G1 F1800 X155.4 Y139.844 E1943.97101
G0 F9000 X154.778 Y139.844
G1 F1800 X152.946 Y138.012 E1944.10371
G0 F9000 X152.324 Y138.012
G1 F1800 X154.156 Y139.844 E1944.23641
G0 F9000 X153.533 Y139.844
G1 F1800 X151.702 Y138.012 E1944.36908
G0 F9000 X151.08 Y138.012
G1 F1800 X152.911 Y139.844 E1944.50175
G0 F9000 X152.289 Y139.844
G1 F1800 X150.457 Y138.012 E1944.63446
G0 F9000 X149.835 Y138.012
G1 F1800 X151.667 Y139.844 E1944.76716
G0 F9000 X151.044 Y139.844
G1 F1800 X149.213 Y138.012 E1944.89983
G0 F9000 X148.591 Y138.012
G1 F1800 X150.422 Y139.844 E1945.0325
G0 F9000 X149.8 Y139.844
G1 F1800 X147.968 Y138.012 E1945.1652
G0 F9000 X147.346 Y138.012
G1 F1800 X149.178 Y139.844 E1945.2979
G0 F9000 X148.555 Y139.844
G1 F1800 X146.724 Y138.012 E1945.43057
G0 F9000 X146.102 Y138.012
G1 F1800 X147.933 Y139.844 E1945.56324
G0 F9000 X147.311 Y139.844
G1 F1800 X145.479 Y138.012 E1945.69595
G0 F9000 X144.857 Y138.012
G1 F1800 X146.689 Y139.844 E1945.82865
G0 F9000 X146.066 Y139.844
G1 F1800 X144.235 Y138.012 E1945.96132
G0 F9000 X143.613 Y138.012
G1 F1800 X145.444 Y139.844 E1946.09399
G0 F9000 X144.822 Y139.844
G1 F1800 X141.874 Y136.896 E1946.30753
G0 F9000 X141.252 Y136.896
G1 F1800 X144.2 Y139.844 E1946.52107
G0 F9000 X143.577 Y139.844
G1 F1800 X140.629 Y136.896 E1946.73462
G0 F9000 X140.007 Y136.896
G1 F1800 X142.955 Y139.844 E1946.94816
G0 F9000 X142.333 Y139.844
G1 F1800 X139.75 Y137.261 E1947.13527
G0 F9000 X139.697 Y137.831
G1 F1800 X141.711 Y139.844 E1947.28112
G0 F9000 X141.088 Y139.844
G1 F1800 X139.251 Y138.007 E1947.41418
G0 F9000 X138.63 Y138.008
G1 F1800 X140.466 Y139.844 E1947.54718
G0 F9000 X139.844 Y139.844
G1 F1800 X138.01 Y138.01 E1947.68003
G0 F9000 X137.389 Y138.012
G1 F1800 X139.222 Y139.844 E1947.81277
G0 F9000 X138.599 Y139.844
G1 F1800 X135.652 Y136.897 E1948.02624
G0 F9000 X135.03 Y136.897
G1 F1800 X137.977 Y139.844 E1948.23971
G0 F9000 X137.355 Y139.844
G1 F1800 X134.408 Y136.897 E1948.45318
G0 F9000 X133.785 Y136.897
G1 F1800 X136.733 Y139.844 E1948.66669
G0 F9000 X136.11 Y139.844
G1 F1800 X133.163 Y136.897 E1948.88016
G0 F9000 X132.541 Y136.897
G1 F1800 X135.488 Y139.844 E1949.09363
G0 F9000 X134.866 Y139.844
G1 F1800 X131.919 Y136.897 E1949.3071
G0 F9000 X131.296 Y136.897
G1 F1800 X134.244 Y139.844 E1949.52061
G0 F9000 X133.621 Y139.844
G1 F1800 X131.02 Y137.242 E1949.70906
G0 F9000 X131.02 Y137.865
G1 F1800 X132.999 Y139.844 E1949.85241
G0 F9000 X132.377 Y139.844
G1 F1800 X131.02 Y138.487 E1949.95071
G0 F9000 X131.02 Y139.109
G1 F1800 X131.754 Y139.844 E1950.00391
G0 F9000 X131.132 Y139.844
G1 F1800 X131.02 Y139.731 E1950.01206
G1 F1500 E1948.01206
G0 F9000 X131.02 Y140.342
G0 X130.652 Y140.27
G0 X129.08 Y140.242
G0 X129.091 Y136.286
G0 X129.196 Y134.664
G0 X130.774 Y134.664
G0 X136.274 Y136.401
G0 X136.274 Y136.897
G1 F1500 E1950.01206
G1 F1800 X136.764 Y137.387 E1950.04755
G1 F1500 E1948.04755
G0 F9000 X130.774 Y134.664
G0 X136.962 Y119.982
G0 X137.258 Y119.687
G0 X137.704 Y119.549
G0 X138.84 Y119.553
G0 X139.107 Y119.622
G0 X139.373 Y119.796
G0 X139.565 Y120.088
G0 X142.496 Y136.401
G0 X142.496 Y136.896
G1 F1500 E1950.04755
G1 F1800 X142.561 Y136.961 E1950.05226
G1 F1500 E1948.05226
G0 F9000 X142.561 Y136.401
G0 X142.826 Y133.327
G0 X142.824 Y144.337
G0 X130.725 Y155.708
G0 X130.446 Y155.708
G1 F1500 E1950.05226
G1 F1800 X130.184 Y155.539 E1950.06823
G1 X129.882 Y155.454 E1950.0843
G1 X121.56 Y155.443 E1950.51056
G1 X121.726 Y155.274 E1950.52269
G1 X121.903 Y155.033 E1950.53801
G1 X122.045 Y154.76 E1950.55377
G1 X122.154 Y154.431 E1950.57152
G1 X122.206 Y154.103 E1950.58853
G1 X122.206 Y145.889 E1951.00926
G1 X122.154 Y145.561 E1951.02627
G1 X122.044 Y145.23 E1951.04414
G1 X121.904 Y144.964 E1951.05953
G1 X121.748 Y144.744 E1951.07335
G1 X121.563 Y144.556 E1951.08686
G1 X129.863 Y144.552 E1951.51199
G1 X130.178 Y144.457 E1951.52884
G1 X130.446 Y144.288 E1951.54507
G1 X130.446 Y155.708 E1952.13001
G1 F1500 E1950.13001
G0 F9000 X130.725 Y155.708
G0 X130.661 Y159.545
G0 X129.08 Y159.545
G0 X122.148 Y157.165
G0 X122.148 Y155.127
G1 F1500 E1952.13001
G1 F1800 X122.245 Y155.224 E1952.13703
G0 F9000 X122.308 Y154.665
G1 F1800 X122.867 Y155.224 E1952.17753
G0 F9000 X123.489 Y155.224
G1 F1800 X122.414 Y154.149 E1952.2554
G0 F9000 X122.427 Y153.54
G1 F1800 X124.112 Y155.225 E1952.37745
G0 F9000 X124.734 Y155.225
G1 F1800 X122.427 Y152.917 E1952.5446
G0 F9000 X122.426 Y152.295
G1 F1800 X125.357 Y155.225 E1952.75688
G0 F9000 X125.98 Y155.225
G1 F1800 X122.426 Y151.672 E1953.01428
G0 F9000 X122.426 Y151.049
G1 F1800 X126.602 Y155.225 E1953.31678
G0 F9000 X127.225 Y155.226
G1 F1800 X122.425 Y150.426 E1953.66447
G0 F9000 X122.425 Y149.804
G1 F1800 X127.847 Y155.226 E1954.05723
G0 F9000 X128.47 Y155.227
G1 F1800 X122.424 Y149.181 E1954.49518
G0 F9000 X122.424 Y148.559
G1 F1800 X129.092 Y155.227 E1954.97819
G0 F9000 X129.714 Y155.227
G1 F1800 X122.424 Y147.936 E1955.50629
G0 F9000 X122.424 Y147.314
G1 F1800 X130.229 Y155.119 E1956.07166
G0 F9000 X130.229 Y154.496
G1 F1800 X122.423 Y146.691 E1956.63707
G0 F9000 X122.423 Y146.068
G1 F1800 X130.229 Y153.874 E1957.20251
G0 F9000 X130.229 Y153.252
G1 F1800 X122.311 Y145.334 E1957.77606
G0 F9000 X122.375 Y144.776
G1 F1800 X130.229 Y152.63 E1958.34498
G0 F9000 X130.229 Y152.007
G1 F1800 X122.997 Y144.776 E1958.86881
G0 F9000 X123.619 Y144.775
G1 F1800 X130.229 Y151.385 E1959.34762
G0 F9000 X130.229 Y150.763
G1 F1800 X124.241 Y144.775 E1959.78137
G0 F9000 X124.862 Y144.774
G1 F1800 X130.229 Y150.141 E1960.17014
G0 F9000 X130.229 Y149.518
G1 F1800 X125.485 Y144.774 E1960.51378
G0 F9000 X126.106 Y144.774
G1 F1800 X130.229 Y148.896 E1960.8124
G0 F9000 X130.229 Y148.274
G1 F1800 X126.728 Y144.774 E1961.06597
G0 F9000 X127.35 Y144.773
G1 F1800 X130.229 Y147.652 E1961.27451
G0 F9000 X130.229 Y147.029
G1 F1800 X127.972 Y144.773 E1961.43797
G0 F9000 X128.594 Y144.772
G1 F1800 X130.229 Y146.407 E1961.5564
G0 F9000 X130.229 Y145.785
G1 F1800 X129.216 Y144.772 E1961.62978
G0 F9000 X129.838 Y144.772
G1 F1800 X130.229 Y145.163 E1961.6581
G0 F9000 X131.065 Y145.163
G1 F1500 E1959.6581
;MESH:NONMESH
G0 F300 Z1.68
G0 F9000 X130.652 Y140.27
G0 X129.08 Y140.242
G0 X129.091 Y136.286
G0 X129.196 Y134.664
G0 X130.774 Y134.664
G0 X133.77 Y119.23
G0 X133.809 Y118.914
;TIME_ELAPSED:1939.452612
;LAYER:5
;TYPE:WALL-INNER
;MESH:din-rail-clip-mount.stl
G1 F1500 E1961.6581
G1 F1800 X133.574 Y118.887 E1961.67022
G1 X132.699 Y118.654 E1961.7166
G1 X132.399 Y118.482 E1961.73431
G1 X131.759 Y117.838 E1961.78081
G1 X131.591 Y117.545 E1961.79811
G1 F1537.9 X131.282 Y116.692 E1961.8525
G1 F1294.1 X131.246 Y116.631 E1961.85755
G1 F1239.4 X131.256 Y116.301 E1961.88211
G1 F1182.1 X131.333 Y115.914 E1961.91288
G1 F1166.4 X131.528 Y115.323 E1961.96208
G1 F1205.5 X131.686 Y115.082 E1961.98412
G1 F1175.1 X131.868 Y114.868 E1962.00616
G1 F1166.4 X132.399 Y114.384 E1962.06295
G1 F1183.9 X132.736 Y114.203 E1962.09274
G1 F1211 X133.651 Y113.997 E1962.16414
G1 F1466.7 X133.918 Y114.106 E1962.18227
G1 F1783.8 X134.792 Y114.346 E1962.22912
G1 F1800 X135.087 Y114.517 E1962.24658
G1 X135.727 Y115.157 E1962.29294
G1 X135.898 Y115.454 E1962.3105
G1 X136.13 Y116.326 E1962.35672
G1 X136.14 Y116.627 E1962.37214
G1 X135.871 Y117.641 E1962.42588
G1 X135.73 Y117.832 E1962.43804
G1 X135.09 Y118.48 E1962.48469
G1 X134.893 Y118.628 E1962.49731
G1 X133.809 Y118.914 E1962.55473
G1 F1500 E1960.55473
G0 F9000 X133.77 Y119.23
G0 X136.853 Y136.487
G0 X138.834 Y137.154
G1 F1500 E1962.55473
G1 F1800 X137.671 Y137.16 E1962.6143
G1 X137.478 Y137.105 E1962.62458
G1 X137.297 Y136.987 E1962.63565
G1 X137.148 Y136.785 E1962.6485
G1 X137.088 Y136.58 E1962.65944
G1 X137.084 Y120.349 E1963.49081
G1 X137.182 Y120.121 E1963.50352
G1 X137.393 Y119.908 E1963.51887
G1 X137.717 Y119.808 E1963.53624
G1 X138.813 Y119.811 E1963.59238
G1 X139.004 Y119.861 E1963.60249
G1 X139.195 Y119.985 E1963.61416
G1 X139.366 Y120.245 E1963.6301
G1 X139.404 Y120.468 E1963.64168
G1 X139.402 Y136.558 E1964.46582
G1 X139.311 Y136.84 E1964.481
G1 X139.055 Y137.083 E1964.49908
G1 X138.834 Y137.154 E1964.51097
G1 F1500 E1962.51097
G0 F9000 X120.252 Y155.52
G1 F1500 E1964.51097
G1 F2051.8 X119.767 Y155.47 E1964.53288
G1 F1876.8 X119.316 Y155.262 E1964.55728
G1 F1775.8 X119.037 Y154.983 E1964.57776
G1 F1767.9 X118.893 Y154.738 E1964.59258
G1 F1936.4 X118.777 Y154.446 E1964.60754
G1 F2146.3 X118.732 Y154 E1964.6268
G1 F2187.8 X118.737 Y145.903 E1964.96801
G1 F2106.4 X118.783 Y145.509 E1964.98537
G1 F1927 X118.99 Y145.06 E1965.00903
G1 F1850.5 X119.32 Y144.73 E1965.03228
G1 F1950.7 X119.773 Y144.528 E1965.05572
G1 F2117.6 X120.252 Y144.48 E1965.07668
G1 X120.752 Y144.53 E1965.09856
G1 F1913 X121.169 Y144.723 E1965.1207
G1 F1800 X121.522 Y145.076 E1965.14627
G1 X121.745 Y145.516 E1965.17154
G1 X121.812 Y145.942 E1965.19363
G1 X121.812 Y154.054 E1965.60913
G1 X121.744 Y154.482 E1965.63133
G1 X121.523 Y154.919 E1965.65641
G1 X121.171 Y155.271 E1965.68191
G1 F1913 X120.752 Y155.47 E1965.70426
G1 F2117.6 X120.252 Y155.52 E1965.72614
G1 F1500 E1963.72614
G0 F9000 X130.748 Y163.513
G0 X136.959 Y180.008
G0 X137.249 Y180.303
G0 X137.618 Y180.42
G0 X138.892 Y180.492
G0 X138.813 Y180.185
G1 F1500 E1965.72614
G1 F1800 X137.618 Y180.188 E1965.78735
G1 X137.389 Y180.085 E1965.80021
G1 X137.18 Y179.872 E1965.8155
G1 X137.084 Y179.647 E1965.82803
G1 X137.088 Y163.419 E1966.65923
G1 X137.148 Y163.215 E1966.67013
G1 X137.298 Y163.013 E1966.68301
G1 X137.478 Y162.895 E1966.69404
G1 X137.649 Y162.846 E1966.70315
G1 X138.805 Y162.84 E1966.76236
G1 X139.055 Y162.917 E1966.77576
G1 X139.311 Y163.16 E1966.79384
G1 X139.404 Y163.5 E1966.81189
G1 X139.402 Y179.586 E1967.63583
G1 X139.281 Y179.912 E1967.65364
G1 X139.123 Y180.069 E1967.66505
G1 X138.813 Y180.185 E1967.682
G0 F9000 X138.892 Y180.492
G0 X135.916 Y185.017
G0 X135.269 Y185.668
G0 X133.972 Y186.332
G0 X133.756 Y186.023
G1 F1168.1 X132.828 Y185.818 E1967.75701
G1 F1192.8 X132.551 Y185.705 E1967.78013
G1 F1243.3 X132.33 Y185.551 E1967.80011
G1 F1472.1 X131.96 Y185.039 E1967.83967
G1 X131.627 Y184.835 E1967.86413
G1 F1241.4 X131.494 Y184.571 E1967.88608
G1 F1466.7 X131.457 Y184.052 E1967.91879
G1 F1474.9 X131.246 Y183.631 E1967.94823
G1 F1239.4 X131.256 Y183.301 E1967.97279
G1 F1461.3 X131.59 Y182.452 E1968.03035
G1 F1800 X131.761 Y182.157 E1968.04782
G1 X132.401 Y181.517 E1968.09418
G1 X132.696 Y181.346 E1968.11164
G1 X133.572 Y181.11 E1968.15811
G1 X133.81 Y181.081 E1968.17039
G1 X134.895 Y181.374 E1968.22796
G1 X135.087 Y181.517 E1968.24022
G1 X135.727 Y182.157 E1968.28658
G1 X135.869 Y182.346 E1968.29869
G1 X136.14 Y183.369 E1968.35289
G1 X136.13 Y183.67 E1968.36832
G1 X135.898 Y184.542 E1968.41454
G1 X135.729 Y184.838 E1968.432
G1 X135.089 Y185.482 E1968.4785
G1 X134.789 Y185.654 E1968.49621
G1 X134.17 Y185.819 E1968.52903
G1 F1432.2 X133.756 Y186.023 E1968.55874
G0 F9000 X133.972 Y186.332
G0 X150.001 Y186.487
G0 X150 Y186.805
G1 F1800 X178.607 Y186.808 E1970.024
G1 X178.958 Y186.676 E1970.04321
G1 F1450.5 X179.332 Y186.422 E1970.07195
G1 F1229.8 X179.614 Y186.322 E1970.09438
G1 F1207.3 X180.062 Y186.132 E1970.13154
G1 F1200 X180.814 Y185.307 E1970.21731
G1 F1203.6 X181.08 Y184.988 E1970.24912
G1 F1196.4 X181.371 Y183.838 E1970.34054
G1 F1315.6 X181.584 Y183.429 E1970.37285
G1 F1440 X181.584 Y181.67 E1970.48548
G1 F1447.9 X181.584 Y179.911 E1970.59748
G1 F1455.9 X181.584 Y178.152 E1970.70888
G1 F1464 X181.584 Y176.393 E1970.81965
G1 F1472.1 X181.584 Y174.634 E1970.92982
G1 F1480.4 X181.584 Y172.875 E1971.03937
G1 F1488.7 X181.584 Y171.116 E1971.1483
G1 F1497.2 X181.584 Y169.357 E1971.25662
G1 F1505.7 X181.584 Y167.598 E1971.36433
G1 F1514.3 X181.584 Y165.839 E1971.47142
G1 F1523.1 X181.584 Y164.08 E1971.5779
G1 F1531.9 X181.584 Y162.321 E1971.68377
G1 F1540.9 X181.584 Y160.562 E1971.78902
G1 F1546.9 X181.584 Y158.803 E1971.89386
G1 F1556 X181.584 Y157.044 E1971.99808
G1 F1565.2 X181.584 Y155.285 E1972.10169
G1 F1574.6 X181.584 Y153.526 E1972.20469
G1 F1584 X181.584 Y151.767 E1972.30707
G1 F1593.6 X181.584 Y150.008 E1972.40884
G1 F1603.2 X181.584 Y148.249 E1972.51
G1 F1613 X181.584 Y146.49 E1972.61054
G1 F1623 X181.584 Y144.731 E1972.71046
G1 F1633 X181.584 Y142.972 E1972.80977
G1 F1643.2 X181.584 Y141.213 E1972.90847
G1 F1653.4 X181.584 Y139.454 E1973.00655
G1 F1660.4 X181.584 Y137.695 E1973.10423
G1 F1670.9 X181.584 Y135.936 E1973.20129
G1 F1681.5 X181.584 Y134.177 E1973.29773
G1 F1692.3 X181.584 Y132.418 E1973.39356
G1 F1703.2 X181.584 Y130.659 E1973.48878
G1 F1714.3 X181.584 Y128.9 E1973.58338
G1 F1725.5 X181.584 Y127.141 E1973.67737
G1 F1736.8 X181.584 Y125.382 E1973.77074
G1 F1748.3 X181.584 Y123.623 E1973.8635
G1 F1760 X181.584 Y121.864 E1973.95565
G1 F1771.8 X181.584 Y120.105 E1974.04718
G1 F1783.8 X181.584 Y118.346 E1974.13809
G1 F1795.9 X181.584 Y116.587 E1974.22839
G1 F1800 X181.186 Y114.953 E1974.31453
G1 F1616.3 X180.105 Y113.738 E1974.4073
G1 F1346.9 X179.616 Y113.679 E1974.44101
G1 F1231.7 X179.342 Y113.581 E1974.4628
G1 F1455.9 X178.969 Y113.327 E1974.49137
G1 F1800 X178.606 Y113.188 E1974.51128
G1 X134.269 Y113.188 E1976.78225
G1 F1783.8 X133.98 Y113.228 E1976.79733
G1 F1466.7 X133.575 Y113.369 E1976.82429
G1 F1196.4 X132.614 Y113.516 E1976.89921
G1 F1200 X132.083 Y113.845 E1976.9472
G1 F1196.4 X131.355 Y114.386 E1977.0171
G1 X131.003 Y114.983 E1977.07051
G1 X130.649 Y115.739 E1977.13484
G1 F1231.7 X130.595 Y116.783 E1977.21309
G1 F1537.9 X130.52 Y117.687 E1977.26747
G1 F1800 X130.516 Y136.646 E1978.23856
G1 X130.404 Y136.733 E1978.24583
G1 X130.4 Y143.58 E1978.59653
G1 X130.276 Y143.892 E1978.61373
G1 X130.17 Y144.005 E1978.62167
G1 X129.944 Y144.13 E1978.6349
G1 X129.814 Y144.157 E1978.6417
G1 X121.208 Y144.161 E1979.0825
G1 F1980 X120.252 Y144.12 E1979.12706
G1 F2112 X119.801 Y144.135 E1979.14676
G1 F1903.8 X119.343 Y144.232 E1979.16943
G1 F1763.9 X118.978 Y144.427 E1979.19106
G1 F1733 X118.683 Y144.722 E1979.21325
G1 F1767.9 X118.487 Y145.088 E1979.2349
G1 F1913 X118.386 Y145.551 E1979.25774
G1 F2117.6 X118.372 Y146 E1979.2773
G1 F2187.8 X118.374 Y154.127 E1979.61978
G1 F2100.8 X118.386 Y154.445 E1979.63374
G1 F1913 X118.487 Y154.908 E1979.65658
G1 F1767.9 X118.683 Y155.274 E1979.67823
G1 F1733 X118.978 Y155.569 E1979.70043
G1 F1767.9 X119.344 Y155.765 E1979.72208
G1 F1913 X119.804 Y155.865 E1979.74477
G1 F2117.6 X120.252 Y155.88 E1979.76428
G1 F1980 X121.221 Y155.84 E1979.80944
G1 F1800 X129.814 Y155.843 E1980.24958
G1 X130.053 Y155.916 E1980.26238
G1 X130.17 Y155.995 E1980.26961
G1 X130.331 Y156.197 E1980.28284
G1 X130.4 Y156.42 E1980.2948
G1 X130.404 Y163.267 E1980.64551
G1 X130.516 Y163.354 E1980.65277
G1 X130.521 Y182.311 E1981.62376
G1 F1461.3 X130.623 Y183.218 E1981.68135
G1 F1247.2 X130.613 Y183.5 E1981.70221
G1 F1257.1 X130.617 Y183.685 E1981.71578
G1 F1296.2 X130.496 Y184.299 E1981.76029
G1 F1289.9 X130.902 Y184.802 E1981.80649
G1 F1241.4 X131.095 Y185.176 E1981.83775
G1 F1472.1 X131.202 Y185.593 E1981.86471
G1 F1619.6 X131.271 Y185.724 E1981.87314
G1 F1346.9 X131.923 Y186.037 E1981.92264
G1 F1243.3 X132.237 Y186.256 E1981.95103
G1 F1192.8 X132.615 Y186.483 E1981.98511
G1 F1196.4 X133.579 Y186.629 E1982.06025
G1 F1239.4 X133.765 Y186.647 E1982.07415
G1 F1461.3 X134.238 Y186.804 E1982.1056
G1 F1800 X150 Y186.805 E1982.91294
G0 F9000 X150.001 Y186.487
G0 X150 Y180.508
G0 X150 Y180.188
G1 F1800 X143.65 Y180.188 E1983.23819
G1 X143.478 Y180.133 E1983.24744
G1 X143.293 Y180.011 E1983.25879
G1 X143.122 Y179.751 E1983.27473
G1 X143.086 Y179.586 E1983.28338
G1 X143.084 Y163.5 E1984.10731
G1 X143.111 Y163.31 E1984.11714
G1 X143.253 Y163.058 E1984.13196
G1 X143.49 Y162.89 E1984.14684
G1 X143.686 Y162.842 E1984.15717
G1 X167.308 Y162.84 E1985.36711
G1 X167.084 Y162.616 E1985.38333
G1 X167.084 Y158.16 E1985.61157
G1 X143.686 Y158.158 E1986.81003
G1 X143.49 Y158.11 E1986.82037
G1 X143.321 Y158.008 E1986.83048
G1 X143.158 Y157.806 E1986.84377
G1 X143.084 Y157.591 E1986.85542
G1 X143.084 Y153.025 E1987.08929
G1 X143.194 Y152.735 E1987.10518
G1 X143.518 Y152.498 E1987.12574
G1 X143.194 Y152.261 E1987.1463
G1 X143.084 Y151.971 E1987.16219
G1 X143.084 Y148.074 E1987.36179
G1 X143.194 Y147.734 E1987.3801
G1 X143.519 Y147.5 E1987.40061
G1 X143.194 Y147.266 E1987.42112
G1 X143.084 Y147.019 E1987.43497
G1 X143.084 Y142.409 E1987.6711
G1 X143.159 Y142.194 E1987.68276
G1 X143.321 Y141.992 E1987.69603
G1 X143.49 Y141.89 E1987.70614
G1 X143.686 Y141.842 E1987.71647
G1 X167.084 Y141.84 E1988.91493
G1 X167.084 Y137.38 E1989.14338
G1 X167.269 Y137.16 E1989.1581
G1 X143.686 Y137.158 E1990.36604
G1 X143.49 Y137.11 E1990.37637
G1 X143.321 Y137.008 E1990.38648
G1 X143.177 Y136.84 E1990.39782
G1 X143.086 Y136.558 E1990.41299
G1 X143.084 Y120.468 E1991.23713
G1 X143.122 Y120.245 E1991.24872
G1 X143.293 Y119.985 E1991.26466
G1 X143.478 Y119.863 E1991.27601
G1 X143.659 Y119.808 E1991.2857
G1 X168.838 Y119.808 E1992.57538
G1 X169.01 Y119.863 E1992.58463
G1 X169.195 Y119.985 E1992.59598
G1 X169.366 Y120.245 E1992.61192
G1 X169.404 Y120.468 E1992.62351
G1 X169.402 Y136.558 E1993.44765
G1 X169.294 Y136.865 E1993.46432
G1 X169.082 Y137.068 E1993.47935
G1 X168.849 Y137.142 E1993.49187
G1 X168.904 Y137.284 E1993.49967
G1 X168.9 Y146.98 E1993.99631
G1 X168.782 Y147.283 E1994.01296
G1 X168.47 Y147.5 E1994.03243
G1 X168.782 Y147.717 E1994.0519
G1 X168.902 Y148.043 E1994.06969
G1 X168.9 Y151.976 E1994.27114
G1 X168.783 Y152.278 E1994.28773
G1 X168.469 Y152.498 E1994.30737
G1 X168.783 Y152.718 E1994.32701
G1 X168.901 Y153.029 E1994.34404
G1 X168.904 Y162.712 E1994.84001
G1 X168.848 Y162.858 E1994.84802
G1 X169.084 Y162.934 E1994.86072
G1 X169.294 Y163.135 E1994.87561
G1 X169.371 Y163.292 E1994.88457
G1 X169.404 Y163.5 E1994.89535
G1 X169.402 Y179.586 E1995.71929
G1 X169.366 Y179.751 E1995.72794
G1 X169.195 Y180.011 E1995.74388
G1 X169.01 Y180.133 E1995.75523
G1 X168.829 Y180.188 E1995.76492
G1 X150 Y180.188 E1996.72935
G0 F9000 X150 Y180.508
G0 X173.611 Y180.495
G0 X173.679 Y180.185
G1 F1800 X173.365 Y180.069 E1996.7465
G1 X173.207 Y179.912 E1996.75791
G1 X173.086 Y179.586 E1996.77572
G1 X173.084 Y163.5 E1997.59965
G1 X173.117 Y163.292 E1997.61044
G1 X173.194 Y163.135 E1997.6194
G1 X173.417 Y162.926 E1997.63505
G1 X173.677 Y162.84 E1997.64908
G1 X174.444 Y162.845 E1997.68836
G1 X174.766 Y162.978 E1997.70621
G1 X174.916 Y163.143 E1997.71763
G1 X175.02 Y163.401 E1997.73188
G1 X175.019 Y179.569 E1998.56001
G1 X174.911 Y179.892 E1998.57746
G1 X174.689 Y180.101 E1998.59308
G1 X174.468 Y180.188 E1998.60524
G1 X173.679 Y180.185 E1998.64565
G0 F9000 X173.611 Y180.495
G0 X176.072 Y185.017
G0 X176.719 Y185.668
G0 X177.049 Y185.859
G0 X178.202 Y186.223
G0 X178.24 Y185.93
G1 F1800 X177.199 Y185.654 E1998.70082
G1 X176.899 Y185.482 E1998.71853
G1 X176.259 Y184.838 E1998.76503
G1 X176.09 Y184.545 E1998.78236
G1 X175.854 Y183.673 E1998.82863
G1 X175.826 Y183.431 E1998.84111
G1 X176.118 Y182.349 E1998.89851
G1 X176.261 Y182.157 E1998.91077
G1 X176.901 Y181.517 E1998.95713
G1 X177.091 Y181.374 E1998.96931
G1 X178.072 Y181.11 E1999.02135
G1 X178.309 Y181.081 E1999.03358
G1 X179.292 Y181.346 E1999.08573
G1 X179.587 Y181.517 E1999.10319
G1 X180.227 Y182.157 E1999.14955
G1 X180.399 Y182.455 E1999.16718
G1 X180.631 Y183.331 E1999.21359
G1 F1447.9 X180.737 Y183.683 E1999.237
G1 F1192.8 X180.451 Y184.755 E1999.32276
G1 F1175.1 X179.64 Y185.595 E1999.41437
G1 F1207.3 X179.389 Y185.726 E1999.43599
G1 F1229.8 X179.134 Y185.803 E1999.45596
G1 F1450.5 X178.683 Y185.813 E1999.48463
G1 F1800 X178.24 Y185.93 E1999.5081
G1 F1500 E1997.5081
G0 F9000 X178.202 Y186.223
G0 X177.127 Y185.903
G0 X176.719 Y185.668
G0 X176.072 Y185.017
G0 X175.842 Y184.617
G0 X175.565 Y183.408
G0 X175.881 Y182.238
G0 X176.56 Y181.504
G0 X173.576 Y137.46
G0 X173.677 Y137.16
G1 F1500 E1999.5081
G1 F1800 X173.416 Y137.074 E1999.52218
G1 X173.194 Y136.865 E1999.5378
G1 X173.086 Y136.558 E1999.55447
G1 X173.084 Y120.468 E2000.37861
G1 X173.122 Y120.245 E2000.39019
G1 X173.207 Y120.084 E2000.39952
G1 X173.365 Y119.927 E2000.41093
G1 X173.681 Y119.811 E2000.42817
G1 X174.463 Y119.806 E2000.46822
G1 X174.687 Y119.893 E2000.48053
G1 X174.902 Y120.09 E2000.49547
G1 X175.019 Y120.431 E2000.51393
G1 X175.02 Y136.584 E2001.3413
G1 X174.916 Y136.857 E2001.35626
G1 X174.766 Y137.022 E2001.36769
G1 X174.444 Y137.155 E2001.38553
G1 X173.677 Y137.16 E2001.42482
G0 F9000 X173.576 Y137.46
G0 X174.693 Y137.358
G0 X174.925 Y137.226
G0 X175.135 Y136.996
G0 X178.271 Y119.23
G0 X178.31 Y118.914
G1 F1800 X178.074 Y118.887 E2001.43698
G1 X177.091 Y118.625 E2001.48909
G1 X176.899 Y118.482 E2001.50135
G1 X176.259 Y117.838 E2001.54786
G1 X176.117 Y117.646 E2001.56009
G1 X175.826 Y116.57 E2001.61718
G1 X175.854 Y116.328 E2001.62966
G1 X176.09 Y115.452 E2001.67613
G1 X176.261 Y115.157 E2001.6936
G1 X176.901 Y114.517 E2001.73996
G1 X177.196 Y114.346 E2001.75742
G1 X178.13 Y114.098 E2001.80692
G1 X178.407 Y114.107 E2001.82111
G1 X178.692 Y114.183 E2001.83622
G1 F1455.9 X179.143 Y114.196 E2001.86479
G1 F1231.7 X179.39 Y114.274 E2001.88418
G1 F1469.4 X179.561 Y114.493 E2001.90162
G1 F1800 X180.307 Y115.24 E2001.95569
G1 X180.398 Y115.455 E2001.96765
G1 X180.652 Y116.41 E2002.01827
G1 X180.647 Y116.609 E2002.02846
G1 X180.399 Y117.542 E2002.07791
G1 X180.229 Y117.838 E2002.09539
G1 X179.588 Y118.482 E2002.14193
G1 X179.29 Y118.654 E2002.15956
G1 X178.31 Y118.914 E2002.21149
G0 F9000 X178.243 Y118.476
;TYPE:WALL-OUTER
G1 F1800 X177.243 Y118.205 E2002.26456
G1 X176.539 Y117.496 E2002.31574
G1 X176.264 Y116.497 E2002.36881
G1 X176.53 Y115.51 E2002.42117
G1 X177.212 Y114.828 E2002.47057
G1 X177.31 Y114.771 E2002.47638
G1 X178.247 Y114.52 E2002.52606
G1 X179.235 Y114.788 E2002.5785
G1 X179.954 Y115.507 E2002.63058
G1 X180.218 Y116.506 E2002.6835
G1 X179.958 Y117.487 E2002.73549
G1 X179.276 Y118.172 E2002.785
G1 X179.177 Y118.229 E2002.79085
G1 X178.243 Y118.476 E2002.84033
G0 F9000 X178.152 Y119.215
G0 X175.672 Y136.691
G0 X175.475 Y137.206
G0 X175.175 Y137.538
G0 X174.662 Y137.779
G0 X173.473 Y137.425
G0 X173.711 Y136.718
G1 F1800 X173.56 Y136.622 E2002.8495
G1 X173.524 Y136.52 E2002.85504
G1 X173.524 Y120.409 E2003.68025
G1 X173.617 Y120.287 E2003.68811
G1 X173.694 Y120.253 E2003.69242
G1 X174.395 Y120.247 E2003.72833
G1 X174.544 Y120.346 E2003.73749
G1 X174.58 Y120.455 E2003.74337
G1 X174.576 Y136.543 E2004.56741
G1 X174.449 Y136.719 E2004.57853
G1 X173.711 Y136.718 E2004.61633
G1 F1500 E2002.61633
G0 F9000 X173.473 Y137.425
G0 X169.661 Y134.74
G0 X168.08 Y134.74
G0 X150 Y135.835
G0 X150 Y136.72
G1 F1500 E2004.61633
G1 F1800 X143.724 Y136.72 E2004.93779
G1 X143.603 Y136.67 E2004.94449
G1 X143.524 Y136.52 E2004.95318
G1 X143.524 Y120.409 E2005.77839
G1 X143.617 Y120.287 E2005.78625
G1 X143.698 Y120.252 E2005.79077
G1 X168.79 Y120.252 E2007.076
G1 X168.895 Y120.307 E2007.08207
G1 X168.964 Y120.411 E2007.08846
G1 X168.964 Y136.52 E2007.91357
G1 X168.857 Y136.69 E2007.92386
G1 X168.744 Y136.72 E2007.92985
G1 X150 Y136.72 E2008.88993
G1 F1500 E2006.88993
G0 F9000 X151.976 Y147.195
G1 F1500 E2008.88993
G1 F1404.3 X151.525 Y147.102 E2008.92016
G1 F1629.6 X150.983 Y146.712 E2008.95794
G1 F2062.5 X150.457 Y146.118 E2008.99341
G1 F2200 X149.47 Y144.744 E2009.06431
G1 F2073.3 X149.004 Y144.152 E2009.09781
G1 F1725.5 X148.478 Y143.663 E2009.13618
G1 F1466.7 X148.033 Y143.446 E2009.16731
G1 F1365.5 X147.716 Y143.418 E2009.18879
G1 F1379.8 X147.326 Y143.568 E2009.21671
G1 F1643.2 X146.812 Y143.978 E2009.25361
G1 F2015.3 X146.285 Y144.605 E2009.29108
G1 F2212.3 X145.348 Y145.916 E2009.35823
G1 F2163.9 X144.844 Y146.537 E2009.39231
G1 F1800 X144.297 Y147.006 E2009.42921
G1 F1537.9 X143.789 Y147.199 E2009.46179
G1 F1508.6 X143.677 Y147.148 E2009.46932
G1 F1663.9 X143.527 Y146.942 E2009.48344
G1 F1800 X143.524 Y142.449 E2009.71357
G1 X143.68 Y142.28 E2009.72535
G1 X167.524 Y142.28 E2010.94665
G1 X167.524 Y137.38 E2011.19764
G1 F1791.9 X167.706 Y137.161 E2011.21229
G1 X168.244 Y137.16 E2011.23997
G1 F1800 X168.46 Y137.282 E2011.25268
G1 X168.46 Y146.945 E2011.74762
G1 F1660.4 X168.311 Y147.148 E2011.7616
G1 F1505.7 X168.198 Y147.201 E2011.76924
G1 F1543.9 X167.682 Y147.001 E2011.80229
G1 F1808.2 X167.144 Y146.537 E2011.83852
G1 F2163.9 X166.631 Y145.904 E2011.87323
G1 F2295.7 X166.212 Y145.308 E2011.90249
G1 F2187.8 X165.637 Y144.522 E2011.94353
G1 F1980 X165.159 Y143.963 E2011.97778
G1 F1636.4 X164.662 Y143.568 E2012.01355
G1 F1379.8 X164.268 Y143.417 E2012.04174
G1 F1367.9 X163.951 Y143.446 E2012.0632
G1 F1469.4 X163.51 Y143.663 E2012.09404
G1 F1736.8 X162.982 Y144.151 E2012.1322
G1 F2117.6 X162.422 Y144.872 E2012.17195
G1 F2224.7 X161.518 Y146.135 E2012.23632
G1 F2051.8 X161.002 Y146.712 E2012.2711
G1 F1629.6 X160.463 Y147.101 E2012.30871
G1 F1372.6 X160.183 Y147.16 E2012.32793
G1 F1424.5 X159.884 Y147.178 E2012.34731
G1 F1643.2 X159.332 Y146.869 E2012.38281
G1 F1941.2 X158.805 Y146.343 E2012.41817
G1 F2212.3 X158.298 Y145.676 E2012.45309
G1 F2289 X157.866 Y145.06 E2012.48339
G1 F2117.6 X157.302 Y144.309 E2012.52428
G1 F1775.8 X156.798 Y143.786 E2012.56199
G1 F1483.1 X156.352 Y143.497 E2012.59503
G1 F1356.2 X155.993 Y143.405 E2012.62023
G1 X155.636 Y143.497 E2012.64529
G1 F1483.1 X155.19 Y143.786 E2012.67832
G1 F1775.8 X154.68 Y144.316 E2012.71651
G1 F2117.6 X154.104 Y145.085 E2012.75834
G1 F2289 X153.685 Y145.683 E2012.78775
G1 F2212.3 X153.178 Y146.348 E2012.8226
G1 F1936.4 X152.656 Y146.869 E2012.85772
G1 F1590.4 X152.167 Y147.143 E2012.89021
G1 F1414.3 X151.976 Y147.195 E2012.90312
G1 F1500 E2010.90312
G0 F9000 X150 Y153.917
G1 F1500 E2012.90312
G1 F2309 X149.757 Y154.262 E2012.91997
G1 F2275.9 X149.279 Y154.918 E2012.95285
G1 F2062.5 X148.753 Y155.512 E2012.98832
G1 F1699.6 X148.233 Y155.886 E2013.02306
G1 F1419.4 X147.932 Y155.96 E2013.0432
G1 F1421.9 X147.636 Y155.98 E2013.06243
G1 F1643.2 X147.08 Y155.668 E2013.09821
G1 F1936.4 X146.557 Y155.144 E2013.13346
G1 F2212.3 X146.046 Y154.476 E2013.16851
G1 F2289 X145.618 Y153.865 E2013.19855
G1 F2117.6 X145.057 Y153.115 E2013.23933
G1 F1872.3 X144.568 Y152.594 E2013.27452
G1 F1546.9 X144.1 Y152.296 E2013.30758
G1 F1365.5 X143.969 Y152.26 E2013.31676
G1 F1497.2 X143.679 Y152.127 E2013.3364
G1 F1725.5 X143.527 Y151.938 E2013.34936
G1 F1800 X143.527 Y148.058 E2013.5481
G1 F1663.9 X143.677 Y147.852 E2013.56222
G1 F1450.5 X144.1 Y147.703 E2013.59072
G1 F1483.1 X144.55 Y147.41 E2013.62411
G1 F1775.8 X145.057 Y146.881 E2013.66215
G1 F2117.6 X145.639 Y146.101 E2013.70452
G1 F2295.7 X146.052 Y145.513 E2013.73338
G1 F2212.3 X146.562 Y144.848 E2013.7683
G1 F1931.7 X147.08 Y144.331 E2013.80323
G1 F1643.2 X147.637 Y144.021 E2013.839
G1 F1419.4 X147.93 Y144.038 E2013.85806
G1 F1367.9 X148.212 Y144.098 E2013.8775
G1 F1629.6 X148.753 Y144.488 E2013.91523
G1 F2062.5 X149.278 Y145.078 E2013.95053
G1 F2275.9 X149.761 Y145.74 E2013.98373
G1 F2243.6 X150.263 Y146.452 E2014.01953
G1 F2084.2 X150.731 Y147.044 E2014.05291
G1 F1733 X151.257 Y147.534 E2014.09116
G1 F1419.4 X151.681 Y147.748 E2014.12201
G1 F1324.4 X152.021 Y147.779 E2014.14577
G1 F1382.2 X152.411 Y147.632 E2014.17357
G1 F1636.4 X152.922 Y147.224 E2014.21042
G1 F1980 X153.398 Y146.662 E2014.24471
G1 F2181.8 X153.972 Y145.875 E2014.28587
G1 F2289 X154.396 Y145.271 E2014.3156
G1 F2152.2 X154.896 Y144.658 E2014.34948
G1 F1795.9 X155.439 Y144.194 E2014.38615
G1 F1571.4 X155.994 Y143.983 E2014.42099
G1 F1577.7 X156.556 Y144.198 E2014.45615
G1 F1800 X157.092 Y144.658 E2014.49233
G1 F2152.2 X157.602 Y145.284 E2014.52692
G1 F2289 X158.025 Y145.888 E2014.55662
G1 F2181.8 X158.595 Y146.67 E2014.59751
G1 F1980 X159.072 Y147.23 E2014.63177
G1 F1636.4 X159.577 Y147.632 E2014.66813
G1 F1384.6 X159.967 Y147.78 E2014.69591
G1 F1372.6 X160.284 Y147.751 E2014.71729
G1 F1472.1 X160.727 Y147.534 E2014.74818
G1 F1740.7 X161.263 Y147.037 E2014.7869
G1 F2117.6 X161.82 Y146.323 E2014.82633
G1 F2275.9 X162.23 Y145.734 E2014.8554
G1 F2262.9 X162.722 Y145.061 E2014.88937
G1 F2051.8 X163.234 Y144.487 E2014.92393
G1 F1623 X163.771 Y144.099 E2014.96156
G1 F1365.5 X164.054 Y144.039 E2014.9811
G1 F1419.4 X164.352 Y144.021 E2015.00049
G1 F1636.4 X164.905 Y144.331 E2015.03621
G1 F1931.7 X165.425 Y144.847 E2015.07117
G1 F2212.3 X165.941 Y145.521 E2015.10655
G1 F2289 X166.367 Y146.126 E2015.13635
G1 F2117.6 X166.931 Y146.881 E2015.17738
G1 F1867.9 X167.419 Y147.401 E2015.21258
G1 F1546.9 X167.885 Y147.703 E2015.24568
G1 F1450.5 X168.311 Y147.852 E2015.27436
G1 F1660.4 X168.424 Y147.972 E2015.28351
G1 F1800 X168.464 Y148.081 E2015.28946
G1 X168.46 Y151.941 E2015.48717
G1 F1721.7 X168.308 Y152.127 E2015.50004
G1 F1494.3 X168.02 Y152.259 E2015.51958
G1 F1365.5 X167.885 Y152.296 E2015.52903
G1 F1483.1 X167.438 Y152.586 E2015.56216
G1 F1779.8 X166.931 Y153.115 E2015.60011
G1 F2117.6 X166.352 Y153.891 E2015.64227
G1 F2289 X165.936 Y154.483 E2015.67141
G1 F2212.3 X165.427 Y155.149 E2015.70634
G1 F1931.7 X164.904 Y155.669 E2015.74154
G1 F1643.2 X164.353 Y155.978 E2015.77699
G1 F1424.5 X164.054 Y155.961 E2015.79637
G1 F1372.6 X163.773 Y155.9 E2015.81569
G1 F1629.6 X163.234 Y155.512 E2015.85326
G1 F2057.1 X162.719 Y154.935 E2015.88792
G1 F2224.7 X161.791 Y153.637 E2015.95405
G1 F2112 X161.255 Y152.956 E2015.99188
G1 F1736.8 X160.726 Y152.463 E2016.03027
G1 F1469.4 X160.286 Y152.246 E2016.06105
G1 F1365.5 X159.968 Y152.218 E2016.0826
G1 F1379.8 X159.577 Y152.368 E2016.11058
G1 F1650 X159.065 Y152.774 E2016.1471
G1 F2036 X158.499 Y153.454 E2016.18716
G1 F2231 X157.6 Y154.716 E2016.25119
G1 F2163.9 X157.095 Y155.338 E2016.28533
G1 F1804.1 X156.556 Y155.799 E2016.32158
G1 F1577.7 X155.994 Y156.018 E2016.35682
G1 X155.432 Y155.799 E2016.39207
G1 F1804.1 X154.893 Y155.338 E2016.42832
G1 F2158 X154.388 Y154.716 E2016.46255
G1 F2175.8 X153.388 Y153.322 E2016.53524
G1 F1975.1 X152.912 Y152.763 E2016.56951
G1 F1633 X152.411 Y152.368 E2016.60553
G1 F1379.8 X152.02 Y152.218 E2016.63352
G1 F1320 X151.682 Y152.249 E2016.65722
G1 F1416.8 X151.258 Y152.463 E2016.68813
G1 F1736.8 X150.732 Y152.953 E2016.72629
G1 F2123.3 X150.172 Y153.673 E2016.7659
G1 F2262.9 X150 Y153.917 E2016.77806
G1 F1500 E2014.77806
G0 F9000 X149.998 Y158.397
G0 X150 Y157.72
G1 F1500 E2016.77806
G1 F1800 X143.724 Y157.72 E2017.09952
G1 X143.603 Y157.67 E2017.10623
G1 X143.527 Y157.54 E2017.11394
G1 X143.527 Y153.058 E2017.34351
G1 F1725.5 X143.679 Y152.869 E2017.35647
G1 F1497.2 X143.818 Y152.819 E2017.36557
G1 F1483.1 X144.307 Y152.995 E2017.39787
G1 F1808.2 X144.844 Y153.459 E2017.43406
G1 F2163.9 X145.354 Y154.089 E2017.46859
G1 F2289 X145.774 Y154.689 E2017.49809
G1 F2175.8 X146.344 Y155.47 E2017.53906
G1 F1980 X146.826 Y156.034 E2017.57361
G1 F1636.4 X147.326 Y156.432 E2017.60962
G1 F1382.2 X147.715 Y156.58 E2017.63738
G1 F1372.6 X148.034 Y156.551 E2017.65889
G1 F1474.9 X148.479 Y156.334 E2017.68984
G1 F1744.5 X149.013 Y155.837 E2017.7284
G1 F2129 X149.567 Y155.124 E2017.7675
G1 F2275.9 X149.979 Y154.534 E2017.79665
G1 X150.458 Y153.878 E2017.82956
G1 F2062.5 X150.983 Y153.288 E2017.86486
G1 F1629.6 X151.526 Y152.897 E2017.90272
G1 F1367.9 X151.805 Y152.839 E2017.92192
G1 F1419.4 X152.102 Y152.821 E2017.94125
G1 F1636.4 X152.657 Y153.131 E2017.97707
G1 F1931.7 X153.177 Y153.647 E2018.01203
G1 F2212.3 X153.689 Y154.321 E2018.04731
G1 F2289 X154.115 Y154.926 E2018.07711
G1 F2200 X154.643 Y155.643 E2018.11443
G1 F1970.1 X155.171 Y156.2 E2018.15034
G1 F1565.2 X155.637 Y156.503 E2018.18308
G1 F1353.8 X155.993 Y156.594 E2018.20811
G1 X156.351 Y156.503 E2018.23326
G1 F1543.9 X156.815 Y156.202 E2018.26629
G1 F1867.9 X157.309 Y155.68 E2018.30176
G1 F2117.6 X157.891 Y154.901 E2018.3441
G1 F2295.7 X158.304 Y154.314 E2018.37292
G1 F2218.5 X158.811 Y153.648 E2018.40771
G1 F1931.7 X159.331 Y153.131 E2018.44271
G1 F1636.4 X159.885 Y152.821 E2018.47848
G1 F1419.4 X160.181 Y152.838 E2018.49774
G1 F1367.9 X160.463 Y152.899 E2018.51718
G1 F1626.3 X161.002 Y153.288 E2018.55487
G1 F2051.8 X161.514 Y153.861 E2018.58939
G1 F2262.9 X162.009 Y154.539 E2018.6236
G1 F2237.3 X162.514 Y155.252 E2018.6596
G1 F2084.2 X162.982 Y155.848 E2018.69312
G1 F1736.8 X163.509 Y156.334 E2018.73118
G1 F1474.9 X163.95 Y156.551 E2018.7619
G1 F1370.2 X164.269 Y156.579 E2018.78345
G1 F1379.8 X164.662 Y156.432 E2018.81149
G1 F1643.2 X165.174 Y156.021 E2018.84833
G1 F2020.4 X165.714 Y155.38 E2018.88657
G1 F2212.3 X166.644 Y154.076 E2018.95332
G1 F2158 X167.144 Y153.459 E2018.98725
G1 F1800 X167.693 Y152.989 E2019.02427
G1 F1540.9 X168.159 Y152.815 E2019.05403
G1 F1559.1 X168.308 Y152.869 E2019.0634
G1 F1721.7 X168.424 Y152.972 E2019.07171
G1 F1800 X168.464 Y153.081 E2019.07766
G1 X168.46 Y162.659 E2019.56825
G1 X168.433 Y162.73 E2019.57214
G1 F1787.8 X168.282 Y162.836 E2019.58165
G1 F1783.8 X167.744 Y162.837 E2019.60946
G1 F1795.9 X167.524 Y162.616 E2019.62547
G1 F1800 X167.524 Y157.72 E2019.87625
G1 X150 Y157.72 E2020.77384
G1 F1500 E2018.77384
G0 F9000 X149.999 Y158.477
G0 X149.178 Y158.417
G0 X150 Y180.428
G0 X150 Y179.744
G1 F1500 E2020.77384
G1 F1800 X143.698 Y179.744 E2021.09663
G1 X143.593 Y179.689 E2021.1027
G1 X143.524 Y179.585 E2021.10909
G1 X143.524 Y163.452 E2021.93543
G1 X143.58 Y163.352 E2021.9413
G1 X143.724 Y163.28 E2021.94955
G1 X168.744 Y163.28 E2023.23109
G1 X168.858 Y163.311 E2023.23714
G1 X168.928 Y163.378 E2023.24211
G1 X168.964 Y163.5 E2023.24862
G1 X168.964 Y179.548 E2024.07061
G1 X168.923 Y179.656 E2024.07653
G1 X168.79 Y179.744 E2024.08469
G1 X150 Y179.744 E2025.04713
G0 F9000 X150 Y180.508
G0 X150.001 Y186.487
G0 X150 Y187.248
G1 F1800 X178.687 Y187.248 E2026.5165
G1 X180.387 Y186.605 E2026.60959
G1 X181.587 Y185.254 E2026.70215
G1 X182.024 Y183.473 E2026.79608
G1 X182.024 Y116.523 E2030.2253
G1 X181.587 Y114.742 E2030.31922
G1 X180.387 Y113.395 E2030.41163
G1 X178.687 Y112.748 E2030.50479
G1 X134.242 Y112.748 E2032.78129
G1 X132.409 Y112.972 E2032.87588
G1 X130.918 Y113.999 E2032.96861
G1 X130.081 Y115.599 E2033.0611
G1 X130.074 Y136.553 E2034.13438
G1 X129.964 Y136.639 E2034.14153
G1 X129.963 Y143.527 E2034.49434
G1 X129.936 Y143.609 E2034.49876
G1 X129.79 Y143.716 E2034.50803
G1 X119.769 Y143.72 E2035.02131
G1 X119.205 Y143.808 E2035.05055
G1 X118.711 Y144.061 E2035.07898
G1 X118.317 Y144.455 E2035.10752
G1 X118.064 Y144.95 E2035.136
G1 X117.972 Y145.518 E2035.16547
G1 X117.972 Y154.478 E2035.6244
G1 X118.064 Y155.046 E2035.65388
G1 X118.317 Y155.541 E2035.68235
G1 X118.711 Y155.935 E2035.71089
G1 X119.206 Y156.188 E2035.73936
G1 X119.77 Y156.279 E2035.76863
G1 X129.79 Y156.284 E2036.28186
G1 X129.927 Y156.376 E2036.29031
G1 X129.963 Y156.473 E2036.29561
G1 X129.964 Y163.361 E2036.64842
G1 X130.074 Y163.447 E2036.65557
G1 X130.08 Y184.401 E2037.72885
G1 X130.918 Y185.997 E2037.82118
G1 X132.409 Y187.027 E2037.914
G1 X134.242 Y187.248 E2038.00857
G1 X150 Y187.248 E2038.8157
G0 F9000 X150.001 Y186.487
G0 X138.973 Y180.471
G0 X138.786 Y179.745
G1 F1800 X137.701 Y179.748 E2038.87127
G1 X137.617 Y179.709 E2038.87602
G1 X137.524 Y179.567 E2038.88471
G1 X137.525 Y163.473 E2039.70906
G1 X137.595 Y163.337 E2039.71689
G1 X137.712 Y163.282 E2039.72351
G1 X138.774 Y163.282 E2039.77791
G1 X138.908 Y163.352 E2039.78565
G1 X138.964 Y163.452 E2039.79152
G1 X138.964 Y179.548 E2040.61597
G1 X138.923 Y179.656 E2040.62189
G1 X138.786 Y179.745 E2040.63026
G0 F9000 X138.973 Y180.471
G0 X136.234 Y185.259
G0 X135.513 Y185.985
G0 X134.215 Y186.161
G0 X133.734 Y185.474
G1 F1800 X132.759 Y185.215 E2040.68193
G1 X132.029 Y184.483 E2040.73488
G1 X131.764 Y183.497 E2040.78717
G1 X132.03 Y182.51 E2040.83953
G1 X132.712 Y181.828 E2040.88894
G1 X132.81 Y181.771 E2040.89474
G1 X133.686 Y181.535 E2040.94121
G1 X133.802 Y181.535 E2040.94715
G1 X134.743 Y181.795 E2040.99716
G1 X135.449 Y182.501 E2041.0483
G1 X135.719 Y183.505 E2041.10155
G1 X135.457 Y184.487 E2041.15361
G1 X134.777 Y185.172 E2041.20305
G1 X134.677 Y185.229 E2041.20894
G1 X133.734 Y185.474 E2041.25885
G1 F1500 E2039.25885
G0 F9000 X134.214 Y186.161
G0 X134.861 Y185.903
G0 X135.269 Y185.668
G0 X135.916 Y185.017
G0 X136.147 Y184.614
G0 X136.382 Y183.732
G0 X136.393 Y183.363
G0 X130.748 Y163.513
G0 X120.252 Y155.124
G1 F1500 E2041.25885
G1 F1800 X119.904 Y155.068 E2041.2769
G1 X119.574 Y154.886 E2041.2962
G1 X119.352 Y154.661 E2041.31239
G1 X119.188 Y154.349 E2041.33045
G1 X119.134 Y154.035 E2041.34677
G1 X119.134 Y145.965 E2041.76012
G1 X119.184 Y145.648 E2041.77656
G1 X119.366 Y145.318 E2041.79586
G1 X119.591 Y145.096 E2041.81205
G1 X119.905 Y144.935 E2041.83012
G1 X120.251 Y144.876 E2041.8481
G1 X120.601 Y144.931 E2041.86625
G1 X120.915 Y145.091 E2041.8843
G1 X121.162 Y145.338 E2041.90219
G1 X121.321 Y145.651 E2041.92017
G1 X121.37 Y145.965 E2041.93645
G1 X121.37 Y154.035 E2042.3498
G1 X121.321 Y154.345 E2042.36588
G1 X121.161 Y154.659 E2042.38393
G1 X120.916 Y154.904 E2042.40167
G1 X120.602 Y155.069 E2042.41984
G1 X120.252 Y155.124 E2042.43799
G1 F1500 E2040.43799
G0 F9000 X138.774 Y136.718
G1 F1500 E2042.43799
G1 F1800 X137.712 Y136.718 E2042.49239
G1 X137.595 Y136.663 E2042.49901
G1 X137.524 Y136.52 E2042.50719
G1 X137.524 Y120.429 E2043.33138
G1 X137.627 Y120.281 E2043.34061
G1 X137.735 Y120.248 E2043.3464
G1 X138.786 Y120.251 E2043.40023
G1 X138.895 Y120.307 E2043.40651
G1 X138.964 Y120.411 E2043.4129
G1 X138.964 Y136.52 E2044.23801
G1 X138.933 Y136.614 E2044.24308
G1 X138.774 Y136.718 E2044.25281
G1 F1500 E2042.25281
G0 F9000 X136.853 Y136.487
G0 X133.744 Y118.476
G1 F1500 E2044.25281
G1 F1800 X132.811 Y118.229 E2044.30225
G1 X132.711 Y118.172 E2044.30814
G1 X132.03 Y117.487 E2044.35762
G1 X131.764 Y116.497 E2044.41013
G1 X132.039 Y115.501 E2044.46305
G1 X132.761 Y114.784 E2044.51517
G1 X133.749 Y114.521 E2044.56754
G1 X134.734 Y114.786 E2044.61978
G1 X135.416 Y115.468 E2044.66919
G1 X135.473 Y115.567 E2044.67504
G1 X135.72 Y116.496 E2044.72427
G1 X135.449 Y117.491 E2044.7771
G1 X134.743 Y118.205 E2044.82853
G1 X133.744 Y118.476 E2044.88155
G1 F1500 E2042.88155
G0 F9000 X133.653 Y119.216
G0 X168.936 Y119.154
G0 X169.655 Y119.513
G0 X169.982 Y120.01
G0 X172.502 Y179.975
G0 X172.674 Y180.301
G0 X173.547 Y180.481
G0 X173.707 Y179.749
G1 F1500 E2044.88155
G1 F1800 X173.565 Y179.656 E2044.89024
G1 X173.524 Y179.548 E2044.89616
G1 X173.524 Y163.5 E2045.71814
G1 X173.56 Y163.378 E2045.72466
G1 X173.711 Y163.282 E2045.73383
G1 X174.388 Y163.281 E2045.7685
G1 X174.496 Y163.326 E2045.77449
G1 X174.576 Y163.457 E2045.78236
G1 X174.58 Y179.542 E2046.60624
G1 X174.544 Y179.65 E2046.61207
G1 X174.411 Y179.743 E2046.62038
G1 X173.707 Y179.749 E2046.65644
G0 F9000 X173.547 Y180.481
G0 X175.754 Y185.26
G0 X176.475 Y185.985
G0 X176.75 Y186.147
G0 X178.147 Y186.216
G0 X178.242 Y185.476
G1 F1800 X177.311 Y185.229 E2046.70578
G1 X177.211 Y185.172 E2046.71168
G1 X176.531 Y184.487 E2046.76111
G1 X176.264 Y183.503 E2046.81334
G1 X176.539 Y182.501 E2046.86656
G1 X177.245 Y181.795 E2046.9177
G1 X178.243 Y181.519 E2046.97074
G1 X179.234 Y181.786 E2047.02331
G1 X179.916 Y182.468 E2047.07271
G1 X179.973 Y182.567 E2047.07856
G1 X180.219 Y183.504 E2047.12818
G1 X179.954 Y184.491 E2047.18052
G1 X179.222 Y185.217 E2047.23333
G1 X178.242 Y185.476 E2047.28525
G0 F9000 X177.439 Y185.809
;TYPE:FILL
G1 F3600 X177.195 Y186.721 E2047.33361
G1 X177.197 Y186.719
G1 X169.489 Y179.011 E2047.89195
G1 X169.49 Y178.803
G1 X172.998 Y177.863 E2048.07797
G0 F9000 X172.999 Y178.788
G1 F3600 X169.49 Y175.278 E2048.33219
G0 F9000 X169.49 Y174.676
G1 F3600 X181.496 Y129.87 E2050.70814
G0 F9000 X181.496 Y129.123
G1 F3600 X175.108 Y130.835 E2051.04689
G0 F9000 X175.34 Y130.835
G0 X175.34 Y132.36
G0 X175.107 Y132.36
G1 F3600 X181.496 Y138.748 E2051.50965
G0 F9000 X181.264 Y138.748
G0 X181.264 Y140.056
G0 X181.495 Y140.056
G1 F3600 X168.99 Y143.407 E2052.17276
G0 F9000 X169.221 Y143.408
G0 X169.22 Y144.91
G0 X168.989 Y144.909
G1 F3600 X181.496 Y157.416 E2053.07873
G0 F9000 X181.496 Y156.455
G1 F3600 X168.992 Y159.805 E2053.74178
G1 X168.991 Y159.845
G1 X172.997 Y163.851 E2054.03196
G0 F9000 X172.995 Y164.198
G1 F3600 X169.492 Y165.137 E2054.21772
G0 F9000 X169.492 Y164.467
G1 F3600 X181.495 Y119.67 E2056.59319
G0 F9000 X181.496 Y120.081
G1 F3600 X179.804 Y118.389 E2056.71575
G0 F9000 X178.989 Y118.825
G1 F3600 X175.108 Y133.309 E2057.4838
G0 F9000 X175.109 Y133.568
G1 F3600 X181.495 Y131.856 E2057.82245
G0 F9000 X181.496 Y131.281
G1 F3600 X175.107 Y124.892 E2058.28525
G0 F9000 X175.108 Y125.368
G1 F3600 X181.495 Y123.657 E2058.62393
G1 X181.496 Y123.814
G1 X170.958 Y113.276 E2059.38727
G0 F9000 X170.958 Y113.508
G0 X172.276 Y113.508
G0 X172.276 Y113.275
G1 F3600 X169.492 Y123.668 E2059.93837
G0 F9000 X169.492 Y124.14
G1 F3600 X172.996 Y123.201 E2060.12418
G0 F9000 X172.997 Y122.782
G1 F3600 X163.491 Y113.276 E2060.81277
G0 F9000 X164.077 Y113.275
G1 F3600 X162.35 Y119.721 E2061.15458
G1 X162.468 Y119.72
G1 X156.024 Y113.276 E2061.62136
G1 X155.878 Y113.275
G1 X154.151 Y119.72 E2061.96313
G0 F9000 X155.001 Y119.72
G1 F3600 X148.557 Y113.276 E2062.42991
G0 F9000 X148.838 Y113.276
G1 F3600 X136.221 Y116.656 E2063.09895
G0 F9000 X136.076 Y115.776
G1 F3600 X136.746 Y113.275 E2063.23157
G0 F9000 X137.356 Y113.276
G1 F3600 X143.8 Y119.72 E2063.69835
G0 F9000 X143.132 Y120.041
G1 F3600 X144.945 Y113.275 E2064.05713
G1 X144.823 Y113.276
G1 X151.267 Y119.72 E2064.52392
G1 X151.417 Y119.721
G1 X153.144 Y113.275 E2064.86573
G0 F9000 X152.29 Y113.276
G1 F3600 X158.734 Y119.72 E2065.33251
G0 F9000 X159.617 Y119.72
G1 F3600 X161.344 Y113.276 E2065.67423
G0 F9000 X161.344 Y113.508
G0 X159.757 Y113.508
G0 X159.757 Y113.276
G1 F3600 X166.201 Y119.72 E2066.14101
G0 F9000 X165.589 Y119.72
G1 F3600 X175.844 Y116.972 E2066.68481
G0 F9000 X175.62 Y117.032
G0 X175.83 Y117.618
G0 X176.274 Y118.305
G0 X176.438 Y118.143
G1 F3600 X175.107 Y123.11 E2066.9482
G0 F9000 X175.108 Y122.635
G1 F3600 X181.496 Y120.924 E2067.28693
G0 F9000 X181.264 Y120.924
G0 X181.264 Y118.191
G0 X181.495 Y118.191
G1 F3600 X174.882 Y119.963 E2067.6376
G0 F9000 X175.041 Y119.794
G0 X175.203 Y120.123
G0 X175.34 Y121.159
G0 X175.107 Y121.159
G1 F3600 X181.496 Y127.548 E2068.1004
G0 F9000 X181.264 Y127.548
G0 X181.264 Y126.39
G0 X181.495 Y126.39
G1 F3600 X175.108 Y128.102 E2068.43909
G0 F9000 X175.107 Y128.626
G1 F3600 X181.496 Y135.015 E2068.90189
G0 F9000 X181.496 Y134.589
G1 F3600 X175.109 Y136.301 E2069.24059
G1 X175.107 Y136.093
G1 X181.496 Y142.482 E2069.70339
G0 F9000 X181.496 Y142.789
G1 F3600 X168.989 Y146.14 E2070.3666
G1 X168.989 Y145.945
G1 X172.998 Y130.983 E2071.15999
G0 F9000 X172.998 Y131.4
G1 F3600 X169.49 Y132.34 E2071.34602
G0 F9000 X169.721 Y132.341
G0 X169.721 Y133.878
G0 X169.489 Y133.877
G1 F3600 X172.996 Y120.791 E2072.03994
G0 F9000 X172.997 Y120.468
G1 F3600 X169.493 Y121.407 E2072.22575
G0 F9000 X169.723 Y121.408
G0 X169.723 Y123.011
G0 X169.491 Y123.01
G1 F3600 X172.997 Y126.516 E2072.47971
G0 F9000 X172.996 Y125.934
G1 F3600 X169.492 Y126.873 E2072.66552
G1 X169.491 Y126.743
G1 X172.999 Y130.251 E2072.91963
G0 F9000 X172.765 Y130.251
G0 X172.765 Y128.667
G0 X172.997 Y128.667
G1 F3600 X169.491 Y129.607 E2073.10555
G0 F9000 X169.49 Y130.476
G1 F3600 X172.999 Y133.985 E2073.35974
G1 X172.998 Y134.133
G1 X169.49 Y135.073 E2073.54576
G0 F9000 X169.489 Y134.209
G1 F3600 X181.496 Y146.216 E2074.41551
G0 F9000 X181.495 Y145.522
G1 F3600 X168.991 Y148.873 E2075.07857
G0 F9000 X168.991 Y148.645
G1 F3600 X181.496 Y161.15 E2075.98439
G0 F9000 X181.496 Y160.47
G1 F3600 X174.462 Y186.72 E2077.37637
G0 F9000 X173.464 Y186.719
G1 F3600 X167.021 Y180.276 E2077.84308
G0 F9000 X167.989 Y180.276
G1 F3600 X166.263 Y186.719 E2078.18473
G0 F9000 X165.996 Y186.719
G1 F3600 X159.554 Y180.276 E2078.6514
G0 F9000 X159.79 Y180.275
G1 F3600 X158.063 Y186.719 E2078.99312
G0 F9000 X158.528 Y186.718
G1 F3600 X152.087 Y180.276 E2079.45972
G0 F9000 X151.591 Y180.275
G1 F3600 X149.864 Y186.719 E2079.80143
G0 F9000 X150.151 Y186.718
G1 F3600 X174.197 Y180.275 E2081.07653
G0 F9000 X174.485 Y180.273
G1 F3600 X176.252 Y182.04 E2081.20453
G0 F9000 X175.977 Y182.531
G1 F3600 X160.349 Y186.719 E2082.03325
G0 F9000 X160.796 Y186.719
G1 F3600 X162.523 Y180.275 E2082.37496
G0 F9000 X163.287 Y180.276
G1 F3600 X169.73 Y186.719 E2082.84167
G0 F9000 X168.996 Y186.72
G1 F3600 X172.997 Y171.785 E2083.63363
G0 F9000 X172.998 Y171.319
G1 F3600 X169.491 Y167.812 E2083.88766
G1 X169.491 Y167.87
G1 X172.996 Y166.931 E2084.07352
G0 F9000 X172.997 Y167.585
G1 F3600 X169.491 Y164.079 E2084.32748
G0 F9000 X169.723 Y164.08
G0 X169.618 Y163.211
G0 X169.224 Y162.538
G0 X168.993 Y162.538
G1 F3600 X181.495 Y159.188 E2084.99043
G0 F9000 X181.264 Y159.188
G0 X181.264 Y161.921
G0 X181.496 Y161.921
G1 F3600 X175.109 Y163.632 E2085.32912
G0 F9000 X175.109 Y163.906
G1 F3600 X181.495 Y140.07 E2086.59307
G0 F9000 X181.264 Y140.07
G0 X181.264 Y137.323
G0 X181.495 Y137.323
G1 F3600 X168.991 Y140.673 E2087.25612
G0 F9000 X168.99 Y141.177
G1 F3600 X181.496 Y153.683 E2088.16201
G1 X181.495 Y153.721
G1 X168.99 Y157.072 E2088.82513
G0 F9000 X168.99 Y156.142
G1 F3600 X174.053 Y137.244 E2089.82723
G0 F9000 X174.054 Y137.478
G0 X173.364 Y137.317
G0 X172.878 Y136.943
G0 X173.087 Y136.843
G1 F3600 X168.992 Y137.94 E2090.04437
G0 F9000 X168.991 Y137.445
G1 F3600 X181.496 Y149.949 E2090.95016
G0 F9000 X181.495 Y150.271
G1 F3600 X175.108 Y174.109 E2092.21422
G0 F9000 X175.107 Y174.565
G1 F3600 X181.495 Y172.853 E2092.55297
G0 F9000 X181.496 Y172.35
G1 F3600 X175.107 Y165.961 E2093.01577
G0 F9000 X175.108 Y166.365
G1 F3600 X181.496 Y164.654 E2093.3545
G0 F9000 X181.496 Y164.883
G1 F3600 X168.885 Y152.272 E2094.268
G0 F9000 X168.989 Y151.606
G1 F3600 X181.496 Y148.255 E2094.93121
G0 F9000 X181.264 Y148.255
G0 X181.264 Y150.988
G0 X181.496 Y150.988
G1 F3600 X168.989 Y154.339 E2095.59442
G0 F9000 X169.221 Y154.339
G0 X169.222 Y156.109
G0 X168.989 Y156.109
G1 F3600 X181.496 Y168.617 E2096.50043
G0 F9000 X181.264 Y168.617
G0 X181.264 Y167.387
G0 X181.495 Y167.387
G1 F3600 X175.108 Y169.099 E2096.83912
G0 F9000 X175.107 Y169.695
G1 F3600 X181.496 Y176.084 E2097.30192
G0 F9000 X181.495 Y175.586
G1 F3600 X175.108 Y177.298 E2097.64062
G1 X175.107 Y177.162
G1 X179.165 Y181.219 E2097.93453
G0 F9000 X178.702 Y181.095
G1 F3600 X181.495 Y170.671 E2098.48729
G0 F9000 X181.496 Y170.12
G1 F3600 X175.108 Y171.832 E2098.82603
G0 F9000 X175.339 Y171.833
G0 X175.339 Y173.43
G0 X175.107 Y173.429
G1 F3600 X181.496 Y179.817 E2099.28879
G0 F9000 X181.264 Y179.817
G0 X181.264 Y180.871
G0 X181.496 Y180.871
G1 F3600 X180.79 Y183.504 E2099.42842
G0 F9000 X180.984 Y183.923
G1 F3600 X181.121 Y183.886 E2099.43569
G0 F9000 X181.444 Y183.499
G1 F3600 X180.521 Y182.576 E2099.50255
G0 F9000 X180.746 Y182.518
G0 X180.558 Y182.211
G0 X179.887 Y181.365
G0 X179.723 Y181.528
G1 F3600 X181.495 Y181.053 E2099.59652
G0 F9000 X181.264 Y181.053
G0 X181.264 Y178.32
G0 X181.496 Y178.32
G1 F3600 X174.795 Y180.115 E2099.95185
G0 F9000 X174.952 Y180.283
G0 X174.593 Y180.416
G0 X173.366 Y180.426
G0 X173.471 Y180.219
G1 F3600 X171.729 Y186.72 E2100.29658
G0 F9000 X171.73 Y186.488
G0 X170.549 Y186.488
G0 X170.548 Y186.719
G1 F3600 X176.437 Y185.141 E2100.60886
G0 F9000 X176.272 Y185.304
G0 X172.878 Y179.838
G0 X172.766 Y175.13
G0 X172.998 Y175.13
G1 F3600 X169.491 Y176.07 E2100.79483
G0 F9000 X169.721 Y176.071
G0 X169.722 Y173.338
G0 X169.491 Y173.337
G1 F3600 X172.997 Y172.397 E2100.98075
G0 F9000 X172.765 Y172.397
G0 X172.766 Y175.053
G0 X172.999 Y175.053
G1 F3600 X169.491 Y171.546 E2101.23482
G0 F9000 X169.491 Y170.604
G1 F3600 X172.996 Y169.664 E2101.4207
G1 F1500 E2099.4207
G0 F9000 X172.765 Y169.664
G0 X169.643 Y163.499
G0 X166.836 Y158.408
G0 X165.581 Y159.937
G0 X165.581 Y160.169
G1 F1500 E2101.4207
G1 F3600 X163.66 Y158.248 E2101.55985
G0 F9000 X162.959 Y158.247
G1 F3600 X162.444 Y160.169 E2101.66177
G0 F9000 X161.848 Y160.169
G1 F3600 X159.926 Y158.248 E2101.80095
G0 F9000 X160.226 Y158.247
G1 F3600 X159.711 Y160.17 E2101.90292
G0 F9000 X159.711 Y159.937
G0 X158.114 Y159.937
G0 X158.114 Y160.169
G1 F3600 X156.192 Y158.247 E2102.04215
G0 F9000 X156.191 Y158.478
G0 X157.492 Y158.478
G0 X157.493 Y158.246
G1 F3600 X156.978 Y160.17 E2102.14416
G0 F9000 X157.431 Y160.169
G1 F3600 X164.602 Y158.248 E2102.52442
G0 F9000 X164.601 Y158.479
G0 X165.691 Y158.479
G0 X165.692 Y158.247
G1 F3600 X165.177 Y160.17 E2102.62638
G0 F9000 X165.177 Y159.937
G0 X154.759 Y158.478
G0 X154.76 Y158.246
G1 F3600 X154.245 Y160.17 E2102.7284
G1 X154.381 Y160.169
G1 X152.459 Y158.247 E2102.86763
G0 F9000 X152.027 Y158.246
G1 F3600 X151.512 Y160.17 E2102.96964
G0 F9000 X150.647 Y160.169
G1 F3600 X148.724 Y158.246 E2103.10894
G0 F9000 X149.294 Y158.245
G1 F3600 X148.779 Y160.169 E2103.21096
G0 F9000 X148.779 Y159.937
G0 X147.231 Y159.937
G0 X147.231 Y160.17
G1 F3600 X154.407 Y158.247 E2103.59149
G0 F9000 X154.406 Y158.478
G0 X146.914 Y159.937
G0 X146.914 Y160.17
G1 F3600 X144.991 Y158.246 E2103.73082
G0 F9000 X144.212 Y158.245
G1 F3600 X137.03 Y160.17 E2104.11167
G0 F9000 X137.846 Y160.17
G1 F3600 X143.296 Y139.83 E2105.19025
G0 F9000 X143.296 Y140.063
G0 X141.536 Y140.063
G0 X141.536 Y139.83
G1 F3600 X130.493 Y142.789 E2105.77583
G0 F9000 X130.492 Y143.747
G1 F3600 X142.996 Y156.252 E2106.68162
G0 F9000 X142.995 Y155.838
G1 F3600 X130.489 Y159.189 E2107.34478
G0 F9000 X130.487 Y158.677
G1 F3600 X131.98 Y160.17 E2107.45293
G0 F9000 X132.38 Y160.17
G1 F3600 X137.83 Y139.831 E2108.53146
G1 X137.776 Y139.831
G1 X142.996 Y145.051 E2108.90958
G1 X142.996 Y144.906
G1 X130.494 Y148.255 E2109.57251
G0 F9000 X130.492 Y147.481
G1 F3600 X143.181 Y160.17 E2110.49166
G1 X143.312 Y160.17
G1 X143.828 Y158.245 E2110.59375
G0 F9000 X143.827 Y158.477
G0 X146.56 Y158.477
G0 X146.561 Y158.245
G1 F3600 X146.045 Y160.17 E2110.69583
G1 F1500 E2108.69583
G0 F9000 X146.045 Y159.937
G0 X145.504 Y158.417
G0 X142.824 Y165.337
G0 X142.645 Y163.599
G0 X142.645 Y163.367
G1 F1500 E2110.69583
G1 F3600 X142.997 Y163.719 E2110.72132
G0 F9000 X142.995 Y164.037
G1 F3600 X139.492 Y164.976 E2110.90708
G0 F9000 X139.492 Y164.228
G1 F3600 X139.723 Y163.366 E2110.95279
G0 F9000 X139.492 Y163.948
G1 F3600 X142.997 Y167.453 E2111.20669
G0 F9000 X142.996 Y166.771
G1 F3600 X139.491 Y167.71 E2111.39254
G1 X139.491 Y167.68
G1 X142.998 Y171.188 E2111.64662
G0 F9000 X142.997 Y171.545
G1 F3600 X138.932 Y186.717 E2112.45115
G0 F9000 X139.859 Y186.716
G1 F3600 X136.128 Y182.985 E2112.72141
G0 F9000 X135.954 Y182.323
G1 F3600 X143.621 Y180.269 E2113.12796
G0 F9000 X143.413 Y180.193
G1 F3600 X141.665 Y186.718 E2113.47396
G0 F9000 X141.666 Y186.486
G0 X139.954 Y186.486
G0 X139.953 Y186.718
G1 F3600 X163.995 Y180.276 E2114.74885
G0 F9000 X163.995 Y180.508
G0 X165.256 Y180.508
G0 X165.256 Y180.275
G1 F3600 X163.529 Y186.72 E2115.09061
G0 F9000 X163.53 Y186.487
G0 X162.264 Y186.487
G0 X162.263 Y186.719
G1 F3600 X155.82 Y180.276 E2115.55732
G0 F9000 X155.82 Y180.508
G0 X157.057 Y180.508
G0 X157.057 Y180.275
G1 F3600 X155.33 Y186.719 E2115.89904
G0 F9000 X154.795 Y186.718
G1 F3600 X148.353 Y180.276 E2116.36568
G0 F9000 X148.858 Y180.275
G1 F3600 X147.131 Y186.719 E2116.70739
G1 X147.327 Y186.717
G1 X139.49 Y178.88 E2117.27508
G0 F9000 X139.489 Y178.643
G1 F3600 X142.998 Y177.702 E2117.46116
G0 F9000 X143 Y178.656
G1 F3600 X139.49 Y175.147 E2117.71538
G0 F9000 X139.49 Y174.433
G1 F3600 X142.456 Y163.366 E2118.30224
G1 F1500 E2116.30224
G0 F9000 X142.456 Y163.599
G0 X142.824 Y165.337
G0 X145.504 Y158.417
G0 X140.579 Y159.937
G0 X140.579 Y160.17
G1 F1500 E2118.30224
G1 F3600 X142.996 Y151.151 E2118.7805
G0 F9000 X142.996 Y150.372
G1 F3600 X130.494 Y153.722 E2119.44345
G0 F9000 X130.725 Y153.722
G0 X130.725 Y154.948
G0 X130.492 Y154.948
G1 F3600 X135.714 Y160.17 E2119.82172
G0 F9000 X135.113 Y160.17
G1 F3600 X140.563 Y139.831 E2120.90024
G0 F9000 X141.51 Y139.831
G1 F3600 X143.482 Y141.803 E2121.04309
G0 F9000 X143.1 Y142.145
G1 F3600 X130.493 Y145.522 E2121.71159
G0 F9000 X130.725 Y145.522
G0 X130.725 Y146.812
G0 X130.493 Y146.812
G1 F3600 X132.363 Y139.831 E2122.08177
G0 F9000 X132.363 Y140.063
G0 X131.335 Y140.063
G0 X131.335 Y139.831
G1 F3600 X130.493 Y140.056 E2122.12641
G1 X130.492 Y140.014
G1 X143.152 Y152.674 E2123.04346
G0 F9000 X142.996 Y153.105
G1 F3600 X130.487 Y156.457 E2123.70679
G0 F9000 X130.487 Y157.033
G1 F3600 X135.096 Y139.831 E2124.61896
G0 F9000 X135.096 Y140.063
G0 X134.043 Y140.063
G0 X134.043 Y139.831
G1 F3600 X142.996 Y148.784 E2125.26749
G0 F9000 X142.764 Y148.784
G0 X142.868 Y147.884
G0 X143.066 Y147.5
G0 X143.317 Y147.553
G1 F3600 X130.493 Y150.989 E2125.94751
G0 F9000 X130.492 Y151.215
G1 F3600 X139.447 Y160.17 E2126.59618
G1 F1500 E2124.59618
G0 F9000 X139.447 Y159.937
G0 X145.504 Y158.417
G0 X142.824 Y165.337
G0 X139.61 Y179.838
G0 X139.492 Y180.063
G0 X139.105 Y180.375
G0 X138.841 Y180.443
G0 X137.493 Y180.413
G0 X137.249 Y180.303
G0 X136.959 Y180.008
G0 X136.85 Y179.639
G0 X136.77 Y163.599
G0 X136.989 Y163.367
G1 F1500 E2126.59618
G1 F3600 X132.071 Y181.721 E2127.56945
G0 F9000 X131.63 Y182.221
G1 F3600 X130.608 Y181.199 E2127.64348
G1 X130.608 Y181.022
G1 X136.996 Y179.311 E2127.98221
G0 F9000 X136.765 Y179.31
G0 X136.959 Y180.008
G0 X137.249 Y180.303
G0 X137.925 Y180.508
G0 X137.925 Y180.275
G1 F3600 X136.199 Y186.718 E2128.32386
G1 X136.126 Y186.716
G1 X135.023 Y185.614 E2128.40372
G0 F9000 X135.521 Y185.172
G1 F3600 X153.795 Y180.276 E2129.37274
G0 F9000 X154.324 Y180.276
G1 F3600 X152.597 Y186.718 E2129.71436
G0 F9000 X152.598 Y186.487
G0 X151.062 Y186.487
G0 X151.061 Y186.717
G1 F3600 X144.62 Y180.276 E2130.18092
G0 F9000 X144.62 Y180.508
G0 X146.124 Y180.508
G0 X146.124 Y180.275
G1 F3600 X144.398 Y186.718 E2130.52257
G0 F9000 X143.594 Y186.717
G1 F3600 X130.605 Y173.729 E2131.46342
G0 F9000 X130.605 Y172.824
G1 F3600 X136.999 Y171.111 E2131.80247
G0 F9000 X136.768 Y171.11
G0 X136.767 Y172.655
G0 X136.999 Y172.656
G1 F3600 X130.603 Y166.259 E2132.26582
G0 F9000 X130.603 Y166.8
G1 F3600 X131.523 Y163.366 E2132.44791
G1 X131.444 Y163.367
G1 X137.001 Y168.924 E2132.85044
G0 F9000 X136.999 Y168.377
G1 F3600 X130.605 Y170.091 E2133.18951
G1 X130.604 Y169.994
G1 X136.998 Y176.388 E2133.65267
G1 X136.997 Y176.577
G1 X130.608 Y178.289 E2133.99146
G0 F9000 X130.607 Y177.464
G1 F3600 X134.252 Y181.109 E2134.2555
G0 F9000 X134.92 Y181.288
G1 F3600 X136.998 Y173.535 E2134.66663
G0 F9000 X136.997 Y173.844
G1 F3600 X130.607 Y175.556 E2135.00547
G0 F9000 X130.839 Y175.556
G0 X130.84 Y176.985
G0 X130.607 Y176.985
G1 F3600 X134.256 Y163.367 E2135.7276
G0 F9000 X135.178 Y163.367
G1 F3600 X137.002 Y165.191 E2135.85972
G0 F9000 X137 Y165.644
G1 F3600 X130.604 Y167.358 E2136.19889
G0 F9000 X130.836 Y167.358
G0 X130.835 Y164.625
G0 X130.602 Y164.625
G1 F3600 X135.298 Y163.367 E2136.4479
G0 F9000 X135.298 Y163.599
G0 X136.854 Y179.762
G0 X136.959 Y180.008
G0 X137.249 Y180.303
G0 X137.705 Y180.447
G0 X138.841 Y180.443
G0 X139.273 Y180.281
G0 X139.492 Y180.063
G0 X139.628 Y179.695
G0 X139.722 Y170.444
G0 X139.491 Y170.443
G1 F3600 X142.996 Y169.504 E2136.63376
G0 F9000 X142.765 Y169.504
G0 X142.765 Y172.236
G0 X142.998 Y172.236
G1 F3600 X139.49 Y173.176 E2136.81978
G0 F9000 X139.722 Y173.177
G0 X139.722 Y171.415
G0 X139.491 Y171.414
G1 F3600 X142.999 Y174.922 E2137.07389
G1 X142.998 Y174.969
G1 X139.49 Y175.909 E2137.25991
G1 F1500 E2135.25991
G0 F9000 X139.721 Y175.91
G0 X142.85 Y163.513
G0 X145.504 Y158.417
G0 X143.663 Y158.416
G0 X143.39 Y158.349
G0 X143.154 Y158.207
G0 X142.928 Y157.927
G0 X142.825 Y157.624
G0 X142.825 Y142.497
G0 X142.87 Y142.213
G0 X143.156 Y141.792
G0 X143.39 Y141.651
G0 X144.554 Y141.522
G0 X144.554 Y141.755
G1 F1500 E2137.25991
G1 F3600 X151.737 Y139.83 E2137.64081
G0 F9000 X151.495 Y139.83
G1 F3600 X150.98 Y141.755 E2137.74288
G1 X150.899 Y141.754
G1 X148.977 Y139.831 E2137.88214
G1 X148.762 Y139.83
G1 X148.246 Y141.755 E2137.98422
G0 F9000 X148.246 Y141.522
G0 X147.166 Y141.522
G0 X147.166 Y141.754
G1 F3600 X145.243 Y139.831 E2138.12352
G0 F9000 X146.029 Y139.831
G1 F3600 X145.513 Y141.755 E2138.22555
G1 F1500 E2136.22555
G0 F9000 X145.513 Y141.522
G0 X146.657 Y141.582
G0 X142.826 Y133.327
G0 X142.046 Y136.401
G0 X142.046 Y136.634
G1 F1500 E2138.22555
G1 F3600 X139.489 Y134.077 E2138.41077
G0 F9000 X139.489 Y133.636
G1 F3600 X142.996 Y120.549 E2139.10474
G0 F9000 X143.027 Y120.299
G1 F3600 X139.493 Y121.246 E2139.29214
G0 F9000 X139.723 Y121.247
G0 X139.723 Y122.88
G0 X139.492 Y122.879
G1 F3600 X142.997 Y126.385 E2139.54607
G0 F9000 X142.997 Y125.773
G1 F3600 X139.492 Y126.713 E2139.73194
G1 X139.491 Y126.612
G1 X142.998 Y130.119 E2139.98598
G0 F9000 X142.998 Y130.742
G1 F3600 X141.419 Y136.634 E2140.29842
G0 F9000 X141.419 Y136.401
G0 X139.721 Y134.913
G0 X139.49 Y134.912
G1 F3600 X142.998 Y133.972 E2140.48444
G1 X142.999 Y133.853
G1 X139.49 Y130.344 E2140.73862
G0 F9000 X139.491 Y129.446
G1 F3600 X142.997 Y128.506 E2140.92455
G0 F9000 X142.765 Y128.506
G0 X142.766 Y131.239
G0 X142.998 Y131.239
G1 F3600 X139.49 Y132.179 E2141.11057
G0 F9000 X139.721 Y132.18
G0 X139.663 Y120.465
G0 X139.61 Y120.157
G0 X139.373 Y119.796
G0 X139.107 Y119.622
G0 X138.84 Y119.553
G0 X137.496 Y119.582
G0 X137.255 Y119.69
G0 X136.961 Y119.984
G0 X136.851 Y120.36
G0 X136.766 Y132.734
G0 X136.998 Y132.734
G1 F3600 X135.953 Y136.633 E2141.31732
G0 F9000 X135.953 Y136.401
G0 X134.578 Y136.401
G0 X134.578 Y136.633
G1 F3600 X130.603 Y132.657 E2141.6053
G0 F9000 X130.605 Y131.827
G1 F3600 X136.997 Y130.114 E2141.94425
G0 F9000 X136.765 Y130.114
G0 X136.766 Y131.586
G0 X136.998 Y131.586
G1 F3600 X130.605 Y125.193 E2142.40734
G0 F9000 X130.605 Y125.991
G1 F3600 X132.566 Y118.672 E2142.79545
G0 F9000 X132.451 Y118.871
G0 X131.484 Y117.987
G0 X131.686 Y117.871
G1 F3600 X130.608 Y118.16 E2142.85261
G0 F9000 X130.607 Y117.728
G1 F3600 X136.997 Y124.118 E2143.31548
G0 F9000 X136.996 Y124.648
G1 F3600 X130.606 Y126.36 E2143.65433
G0 F9000 X130.837 Y126.361
G0 X130.836 Y128.926
G0 X130.604 Y128.925
G1 F3600 X136.999 Y135.32 E2144.11756
G0 F9000 X136.999 Y135.58
G1 F3600 X133.067 Y136.633 E2144.32606
G1 X133.22 Y136.634
G1 X136.996 Y122.54 E2145.07342
G0 F9000 X136.996 Y121.915
G1 F3600 X130.606 Y123.627 E2145.41226
G0 F9000 X130.838 Y123.628
G0 X130.838 Y121.461
G0 X130.606 Y121.46
G1 F3600 X136.998 Y127.852 E2145.87528
G0 F9000 X136.997 Y127.381
G1 F3600 X130.605 Y129.094 E2146.21424
G0 F9000 X130.836 Y129.095
G0 X130.834 Y134.561
G0 X130.604 Y134.56
G1 F3600 X136.998 Y132.847 E2146.55329
G0 F9000 X136.766 Y132.847
G0 X130.834 Y136.204
G0 X130.602 Y136.203
G1 F3600 X135.402 Y118.288 E2147.50327
G0 F9000 X135.153 Y118.54
G1 F3600 X137.005 Y120.393 E2147.63746
G0 F9000 X136.776 Y120.362
G0 X136.961 Y119.984
G0 X137.199 Y119.746
G0 X137.753 Y119.489
G0 X137.752 Y119.72
G1 F3600 X139.479 Y113.276 E2147.97918
G0 F9000 X138.639 Y113.275
G1 F3600 X134.855 Y114.289 E2148.17983
G0 F9000 X134.528 Y114.181
G1 F3600 X133.778 Y113.432 E2148.23412
G0 F9000 X134.001 Y113.317
G1 F3600 X133.829 Y113.959 E2148.26817
G0 F9000 X133.944 Y113.758
G0 X134.864 Y114.098
G0 X135.267 Y114.33
G0 X135.849 Y114.912
G0 X136.282 Y115.652
G0 X136.057 Y115.711
G1 F3600 X142.997 Y122.65 E2148.77084
G0 F9000 X142.997 Y123.04
G1 F3600 X139.492 Y123.979 E2148.9567
G0 F9000 X139.492 Y123.428
G1 F3600 X142.212 Y113.276 E2149.49503
G0 F9000 X142.212 Y113.508
G0 X141.09 Y113.508
G0 X141.09 Y113.276
G1 F3600 X147.534 Y119.72 E2149.96182
G0 F9000 X147.534 Y119.488
G0 X148.684 Y119.488
G0 X148.684 Y119.721
G1 F3600 X150.411 Y113.275 E2150.30363
G0 F9000 X150.411 Y113.508
G0 X147.678 Y113.508
G0 X147.678 Y113.276
G1 F3600 X145.951 Y119.72 E2150.64534
G0 F9000 X145.185 Y119.721
G1 F3600 X169.238 Y113.276 E2151.92081
G0 F9000 X169.543 Y113.275
G1 F3600 X167.816 Y119.72 E2152.26258
G0 F9000 X167.816 Y119.488
G0 X165.083 Y119.488
G0 X165.083 Y119.721
G1 F3600 X166.81 Y113.275 E2152.60439
G0 F9000 X167.224 Y113.276
G1 F3600 X173.672 Y119.724 E2153.07146
G0 F9000 X173.221 Y119.951
G1 F3600 X175.009 Y113.276 E2153.42541
G0 F9000 X174.691 Y113.276
G1 F3600 X176.354 Y114.939 E2153.54588
G0 F9000 X176.191 Y114.775
G0 X176.62 Y114.415
G0 X177.443 Y113.95
G0 X177.502 Y114.175
G1 F3600 X177.743 Y113.275 E2153.5936
G0 F9000 X178.425 Y113.276
G1 F3600 X179.175 Y114.027 E2153.64796
G0 F9000 X178.94 Y113.409
G1 F3600 X155.388 Y119.72 E2154.89687
G0 F9000 X155.388 Y119.488
G0 X156.884 Y119.488
G0 X156.884 Y119.721
G1 F3600 X158.611 Y113.275 E2155.23868
G0 F9000 X159.038 Y113.276
G1 F3600 X130.608 Y120.894 E2156.74625
G0 F9000 X130.838 Y120.895
G0 X130.834 Y136.391
G0 X130.602 Y136.39
G1 F3600 X130.844 Y136.633 E2156.76382
G1 F1500 E2154.76382
G0 F9000 X130.844 Y136.401
G0 X130.774 Y134.664
G0 X150.331 Y141.582
G0 X152.71 Y140.063
G0 X152.71 Y139.831
G1 F1500 E2156.76382
G1 F3600 X154.632 Y141.753 E2156.90304
G1 X154.759 Y141.754
G1 X161.939 Y139.83 E2157.28378
G0 F9000 X162.428 Y139.83
G1 F3600 X161.913 Y141.753 E2157.38575
G1 X162.099 Y141.752
G1 X160.177 Y139.831 E2157.52494
G0 F9000 X159.695 Y139.83
G1 F3600 X159.179 Y141.754 E2157.62697
G0 F9000 X158.366 Y141.753
G1 F3600 X156.444 Y139.831 E2157.76619
G0 F9000 X156.962 Y139.83
G1 F3600 X156.446 Y141.753 E2157.86818
G0 F9000 X156.446 Y141.521
G0 X153.713 Y141.521
G0 X153.713 Y141.754
G1 F3600 X154.229 Y139.83 E2157.97021
G0 F9000 X154.229 Y140.063
G0 X163.911 Y140.063
G0 X163.911 Y139.831
G1 F3600 X165.832 Y141.752 E2158.10936
G0 F9000 X164.963 Y141.752
G1 F3600 X166.996 Y141.208 E2158.21715
G0 F9000 X166.764 Y141.208
G0 X165.161 Y140.063
G0 X165.161 Y139.829
G1 F3600 X164.646 Y141.753 E2158.31917
G1 F1500 E2156.31917
G0 F9000 X164.646 Y141.52
G0 X166.836 Y141.592
G0 X169.161 Y143.32
G0 X175.135 Y136.996
G0 X181.192 Y116.322
G0 X181.418 Y116.27
G1 F1500 E2158.31917
G1 F3600 X180.408 Y115.259 E2158.39237
G0 F9000 X180.557 Y115.709
G1 F3600 X181.235 Y115.527 E2158.42832
G0 F9000 X181.01 Y115.581
G0 X180.215 Y114.698
G0 X180.051 Y114.86
G1 F3600 X180.267 Y114.054 E2158.47107
G1 F1500 E2156.47107
G0 F9000 X180.094 Y114.207
G0 X180.648 Y115.386
G0 X180.912 Y116.379
G0 X180.899 Y116.659
G0 X180.648 Y117.614
G0 X180.416 Y118.017
G0 X175.256 Y124.56
G0 X175.241 Y120.201
G0 X175.126 Y119.958
G0 X174.817 Y119.669
G0 X174.504 Y119.547
G0 X173.443 Y119.599
G0 X173.216 Y119.714
G0 X172.996 Y119.933
G0 X169.64 Y136.579
G0 X154.005 Y141.581
G0 X150 Y140.063
G0 X150 Y139.784
;TYPE:SKIN
G1 F1500 E2158.47107
G1 F1800 X130.8 Y139.784 E2159.4545
G1 X130.8 Y136.864 E2159.60407
G1 X130.907 Y136.676 E2159.61515
G1 X136.711 Y136.676 E2159.91243
G1 X136.775 Y136.914 E2159.92505
G1 X136.904 Y137.138 E2159.93829
G1 X137.043 Y137.273 E2159.94822
G1 X136.942 Y137.539 E2159.96279
G1 X136.955 Y137.654 E2159.96872
G1 X137.026 Y137.747 E2159.97471
G1 X137.16 Y137.792 E2159.98195
G1 X139.398 Y137.789 E2160.09658
G1 X139.494 Y137.747 E2160.10195
G1 X139.565 Y137.654 E2160.10795
G1 X139.576 Y137.526 E2160.11453
G1 X139.46 Y137.267 E2160.12906
G1 X139.649 Y137.039 E2160.14423
G1 X139.772 Y136.676 E2160.16386
G1 X142.705 Y136.676 E2160.31409
G1 X142.748 Y136.844 E2160.32297
G1 X142.936 Y137.178 E2160.34261
G1 X143.053 Y137.281 E2160.35059
G1 X142.973 Y137.546 E2160.36477
G1 X142.987 Y137.654 E2160.37035
G1 X143.058 Y137.747 E2160.37634
G1 X143.192 Y137.792 E2160.38358
G1 X166.688 Y137.792 E2161.58706
G1 X166.688 Y139.784 E2161.68909
G1 X150 Y139.784 E2162.54386
G0 F9000 X150 Y140.063
G0 X165.962 Y140.063
G0 X165.962 Y139.564
G1 F1800 X166.468 Y139.059 E2162.58048
G0 F9000 X166.468 Y138.437
G1 F1800 X165.34 Y139.564 E2162.66215
G0 F9000 X164.718 Y139.564
G1 F1800 X166.271 Y138.012 E2162.77461
G0 F9000 X165.648 Y138.012
G1 F1800 X164.095 Y139.564 E2162.88707
G0 F9000 X163.473 Y139.564
G1 F1800 X165.026 Y138.012 E2162.99952
G0 F9000 X164.404 Y138.012
G1 F1800 X162.851 Y139.564 E2163.11198
G0 F9000 X162.229 Y139.564
G1 F1800 X163.781 Y138.012 E2163.2244
G0 F9000 X163.159 Y138.012
G1 F1800 X161.606 Y139.564 E2163.33686
G0 F9000 X160.984 Y139.564
G1 F1800 X162.537 Y138.012 E2163.44932
G0 F9000 X161.915 Y138.012
G1 F1800 X160.362 Y139.564 E2163.56178
G0 F9000 X159.74 Y139.564
G1 F1800 X161.292 Y138.012 E2163.6742
G0 F9000 X160.67 Y138.012
G1 F1800 X159.117 Y139.564 E2163.78666
G0 F9000 X158.495 Y139.564
G1 F1800 X160.048 Y138.012 E2163.89912
G0 F9000 X159.426 Y138.012
G1 F1800 X157.873 Y139.564 E2164.01158
G0 F9000 X157.251 Y139.564
G1 F1800 X158.803 Y138.012 E2164.124
G0 F9000 X158.181 Y138.012
G1 F1800 X156.628 Y139.564 E2164.23646
G0 F9000 X156.006 Y139.564
G1 F1800 X157.559 Y138.012 E2164.34892
G0 F9000 X156.937 Y138.012
G1 F1800 X155.384 Y139.564 E2164.46137
G0 F9000 X154.762 Y139.564
G1 F1800 X156.314 Y138.012 E2164.5738
G0 F9000 X155.692 Y138.012
G1 F1800 X154.139 Y139.564 E2164.68625
G0 F9000 X153.517 Y139.564
G1 F1800 X155.07 Y138.012 E2164.79871
G0 F9000 X154.448 Y138.012
G1 F1800 X152.895 Y139.564 E2164.91117
G0 F9000 X152.273 Y139.564
G1 F1800 X153.825 Y138.012 E2165.02359
G0 F9000 X153.203 Y138.012
G1 F1800 X151.65 Y139.564 E2165.13605
G0 F9000 X151.028 Y139.564
G1 F1800 X152.581 Y138.012 E2165.24851
G0 F9000 X151.959 Y138.012
G1 F1800 X150.406 Y139.564 E2165.36097
G0 F9000 X149.784 Y139.564
G1 F1800 X151.336 Y138.012 E2165.47339
G0 F9000 X150.714 Y138.012
G1 F1800 X149.161 Y139.564 E2165.58585
G0 F9000 X148.539 Y139.564
G1 F1800 X150.092 Y138.012 E2165.69831
G0 F9000 X149.47 Y138.012
G1 F1800 X147.917 Y139.564 E2165.81076
G0 F9000 X147.295 Y139.564
G1 F1800 X148.847 Y138.012 E2165.92319
G0 F9000 X148.225 Y138.012
G1 F1800 X146.672 Y139.564 E2166.03564
G0 F9000 X146.05 Y139.564
G1 F1800 X147.603 Y138.012 E2166.1481
G0 F9000 X146.981 Y138.012
G1 F1800 X145.428 Y139.564 E2166.26056
G0 F9000 X144.806 Y139.564
G1 F1800 X146.358 Y138.012 E2166.37298
G0 F9000 X145.736 Y138.012
G1 F1800 X144.183 Y139.564 E2166.48544
G0 F9000 X143.561 Y139.564
G1 F1800 X145.114 Y138.012 E2166.5979
G0 F9000 X144.492 Y138.012
G1 F1800 X142.939 Y139.564 E2166.71036
G0 F9000 X142.317 Y139.564
G1 F1800 X143.869 Y138.012 E2166.82278
G0 F9000 X143.247 Y138.012
G1 F1800 X141.694 Y139.564 E2166.93524
G0 F9000 X141.072 Y139.564
G1 F1800 X142.833 Y137.803 E2167.0628
G0 F9000 X142.739 Y137.276
G1 F1800 X140.45 Y139.564 E2167.22857
G0 F9000 X139.828 Y139.564
G1 F1800 X142.496 Y136.896 E2167.42183
G0 F9000 X141.874 Y136.896
G1 F1800 X139.205 Y139.564 E2167.61513
G0 F9000 X138.583 Y139.564
G1 F1800 X141.252 Y136.896 E2167.80843
G0 F9000 X140.629 Y136.896
G1 F1800 X139.706 Y137.819 E2167.87529
G1 X139.585 Y137.94
G1 X137.961 Y139.564 E2167.99292
G0 F9000 X137.339 Y139.564
G1 F1800 X138.896 Y138.007 E2168.10571
G0 F9000 X138.272 Y138.009
G1 F1800 X136.716 Y139.564 E2168.21838
G0 F9000 X136.094 Y139.564
G1 F1800 X137.648 Y138.01 E2168.33095
G0 F9000 X137.059 Y137.977
G1 F1800 X135.472 Y139.564 E2168.44591
G0 F9000 X134.85 Y139.564
G1 F1800 X136.743 Y137.671 E2168.58303
G0 F9000 X136.651 Y137.141
G1 F1800 X134.227 Y139.564 E2168.75858
G0 F9000 X133.605 Y139.564
G1 F1800 X136.274 Y136.896 E2168.95188
G0 F9000 X135.651 Y136.896
G1 F1800 X132.983 Y139.564 E2169.14514
G0 F9000 X132.36 Y139.564
G1 F1800 X135.029 Y136.896 E2169.33844
G0 F9000 X134.407 Y136.896
G1 F1800 X131.738 Y139.564 E2169.53174
G0 F9000 X131.116 Y139.564
G1 F1800 X133.785 Y136.896 E2169.72504
G0 F9000 X133.162 Y136.896
G1 F1800 X131.02 Y139.038 E2169.8802
G0 F9000 X131.02 Y138.416
G1 F1800 X132.54 Y136.896 E2169.9903
G0 F9000 X131.918 Y136.896
G1 F1800 X131.02 Y137.794 E2170.05535
G0 F9000 X131.02 Y137.172
G1 F1800 X131.296 Y136.896 E2170.07534
G1 F1500 E2168.07534
G0 F9000 X131.296 Y136.401
G0 X136.961 Y119.984
G0 X137.255 Y119.69
G0 X137.705 Y119.549
G0 X138.84 Y119.553
G0 X139.107 Y119.622
G0 X139.373 Y119.796
G0 X139.61 Y120.157
G0 X139.889 Y136.401
G0 X139.889 Y137.014
G1 F1500 E2170.07534
G1 F1800 X140.007 Y136.896 E2170.08389
G1 F1500 E2168.08389
G0 F9000 X140.007 Y136.401
G0 X142.853 Y136.487
G0 X150 Y162.206
G1 F1500 E2170.08389
G1 F1800 X143.154 Y162.207 E2170.43454
G1 X143.058 Y162.249 E2170.43991
G1 X142.987 Y162.342 E2170.4459
G1 X142.973 Y162.45 E2170.45148
G1 X143.054 Y162.717 E2170.46577
G1 X142.936 Y162.818 E2170.47373
G1 X142.751 Y163.148 E2170.49311
G1 X142.711 Y163.32 E2170.50215
G1 X139.773 Y163.32 E2170.65264
G1 X139.65 Y162.951 E2170.67256
G1 X139.46 Y162.729 E2170.68753
G1 X139.576 Y162.469 E2170.70211
G1 X139.565 Y162.342 E2170.70864
G1 X139.494 Y162.249 E2170.71463
G1 X139.36 Y162.204 E2170.72187
G1 X137.126 Y162.207 E2170.8363
G1 X137.03 Y162.249 E2170.84167
G1 X136.959 Y162.342 E2170.84766
G1 X136.944 Y162.444 E2170.85294
G1 X137.045 Y162.724 E2170.86819
G1 X136.818 Y162.946 E2170.88445
G1 X136.705 Y163.319 E2170.90441
G1 X130.907 Y163.32 E2171.20139
G1 X130.864 Y163.191 E2171.20836
G1 X130.8 Y163.132 E2171.21281
G1 X130.797 Y160.212 E2171.36238
G1 X166.684 Y160.212 E2173.20053
G1 X166.684 Y162.204 E2173.30256
G1 X150 Y162.206 E2174.15713
G1 F1500 E2172.15713
G0 F9000 X150 Y164.165
G0 X165.943 Y164.165
G0 X165.943 Y161.985
G1 F1500 E2174.15713
G1 F1800 X166.464 Y161.464 E2174.19487
G0 F9000 X166.464 Y160.842
G1 F1800 X165.321 Y161.985 E2174.27766
G0 F9000 X164.699 Y161.985
G1 F1800 X166.251 Y160.432 E2174.39012
G0 F9000 X165.629 Y160.432
G1 F1800 X164.076 Y161.985 E2174.50262
G0 F9000 X163.453 Y161.985
G1 F1800 X165.007 Y160.432 E2174.61515
G0 F9000 X164.385 Y160.432
G1 F1800 X162.831 Y161.985 E2174.72768
G0 F9000 X162.209 Y161.985
G1 F1800 X163.762 Y160.432 E2174.84017
G0 F9000 X163.14 Y160.432
G1 F1800 X161.587 Y161.985 E2174.95267
G0 F9000 X160.964 Y161.986
G1 F1800 X162.518 Y160.432 E2175.06523
G0 F9000 X161.896 Y160.432
G1 F1800 X160.341 Y161.986 E2175.17784
G0 F9000 X159.719 Y161.986
G1 F1800 X161.273 Y160.432 E2175.2904
G0 F9000 X160.651 Y160.432
G1 F1800 X159.097 Y161.986 E2175.40297
G0 F9000 X158.474 Y161.987
G1 F1800 X160.029 Y160.432 E2175.51561
G0 F9000 X159.407 Y160.432
G1 F1800 X157.852 Y161.987 E2175.62825
G0 F9000 X157.229 Y161.987
G1 F1800 X158.784 Y160.432 E2175.74089
G0 F9000 X158.162 Y160.432
G1 F1800 X156.607 Y161.987 E2175.85353
G0 F9000 X155.984 Y161.988
G1 F1800 X157.54 Y160.432 E2175.96624
G0 F9000 X156.918 Y160.432
G1 F1800 X155.362 Y161.988 E2176.07895
G0 F9000 X154.74 Y161.988
G1 F1800 X156.295 Y160.432 E2176.19163
G0 F9000 X155.673 Y160.432
G1 F1800 X154.117 Y161.988 E2176.30434
G0 F9000 X153.495 Y161.988
G1 F1800 X155.051 Y160.432 E2176.41705
G0 F9000 X154.429 Y160.432
G1 F1800 X152.872 Y161.988 E2176.5298
G0 F9000 X152.25 Y161.988
G1 F1800 X153.806 Y160.432 E2176.64251
G0 F9000 X153.184 Y160.432
G1 F1800 X151.628 Y161.988 E2176.75522
G0 F9000 X151.005 Y161.988
G1 F1800 X152.562 Y160.432 E2176.86797
G0 F9000 X151.94 Y160.432
G1 F1800 X150.383 Y161.989 E2176.98075
G0 F9000 X149.76 Y161.989
G1 F1800 X151.317 Y160.432 E2177.09354
G0 F9000 X150.695 Y160.432
G1 F1800 X149.138 Y161.989 E2177.20632
G0 F9000 X148.516 Y161.989
G1 F1800 X150.073 Y160.432 E2177.31911
G0 F9000 X149.451 Y160.432
G1 F1800 X147.893 Y161.99 E2177.43196
G0 F9000 X147.271 Y161.99
G1 F1800 X148.828 Y160.432 E2177.54478
G0 F9000 X148.206 Y160.432
G1 F1800 X146.648 Y161.99 E2177.65764
G0 F9000 X146.026 Y161.99
G1 F1800 X147.584 Y160.432 E2177.7705
G0 F9000 X146.962 Y160.432
G1 F1800 X145.403 Y161.99 E2177.88339
G0 F9000 X144.781 Y161.99
G1 F1800 X146.339 Y160.432 E2177.99625
G0 F9000 X145.717 Y160.432
G1 F1800 X144.159 Y161.99 E2178.1091
G0 F9000 X143.536 Y161.99
G1 F1800 X145.095 Y160.432 E2178.222
G0 F9000 X144.473 Y160.432
G1 F1800 X141.805 Y163.1 E2178.41526
G0 F9000 X142.427 Y163.1
G1 F1800 X142.652 Y162.874 E2178.43159
G0 F9000 X142.652 Y163.599
G0 X141.182 Y163.599
G0 X141.182 Y163.1
G1 F1800 X143.85 Y160.432 E2178.62485
G0 F9000 X143.228 Y160.432
G1 F1800 X140.56 Y163.1 E2178.81812
G0 F9000 X139.946 Y163.091
G1 F1800 X142.606 Y160.432 E2179.01076
G0 F9000 X141.984 Y160.432
G1 F1800 X139.72 Y162.695 E2179.17472
G0 F9000 X139.668 Y162.125
G1 F1800 X141.361 Y160.432 E2179.29736
G0 F9000 X140.739 Y160.432
G1 F1800 X139.186 Y161.985 E2179.40985
G0 F9000 X138.563 Y161.986
G1 F1800 X140.117 Y160.432 E2179.52242
G0 F9000 X139.494 Y160.432
G1 F1800 X137.938 Y161.988 E2179.63513
G0 F9000 X137.314 Y161.99
G1 F1800 X138.872 Y160.432 E2179.74799
G0 F9000 X138.25 Y160.432
G1 F1800 X135.583 Y163.099 E2179.94118
G0 F9000 X136.205 Y163.099
G1 F1800 X136.752 Y162.553 E2179.98076
G0 F9000 X136.752 Y163.549
G0 X134.961 Y163.599
G0 X134.961 Y163.099
G1 F1800 X137.628 Y160.432 E2180.17395
G0 F9000 X137.005 Y160.432
G1 F1800 X134.338 Y163.1 E2180.36718
G0 F9000 X133.715 Y163.1
G1 F1800 X136.383 Y160.432 E2180.56044
G0 F9000 X135.761 Y160.432
G1 F1800 X133.093 Y163.1 E2180.7537
G0 F9000 X132.47 Y163.101
G1 F1800 X135.139 Y160.432 E2180.94704
G0 F9000 X134.516 Y160.432
G1 F1800 X131.848 Y163.101 E2181.14033
G0 F9000 X131.226 Y163.101
G1 F1800 X133.894 Y160.432 E2181.33363
G0 F9000 X133.272 Y160.432
G1 F1800 X131.02 Y162.684 E2181.49676
G0 F9000 X131.019 Y162.063
G1 F1800 X132.65 Y160.432 E2181.6149
G0 F9000 X132.027 Y160.432
G1 F1800 X131.018 Y161.441 E2181.68799
G0 F9000 X131.018 Y160.819
G1 F1800 X131.405 Y160.432 E2181.71603
G0 F9000 X131.405 Y159.937
G0 X130.725 Y155.708
G0 X130.446 Y155.708
G1 F1800 X130.184 Y155.539 E2181.73199
G1 X129.882 Y155.454 E2181.74806
G1 X121.56 Y155.443 E2182.17432
G1 X121.726 Y155.274 E2182.18646
G1 X121.903 Y155.033 E2182.20177
G1 X122.045 Y154.76 E2182.21753
G1 X122.154 Y154.431 E2182.23529
G1 X122.206 Y154.103 E2182.2523
G1 X122.206 Y145.889 E2182.67302
G1 X122.154 Y145.561 E2182.69003
G1 X122.044 Y145.23 E2182.7079
G1 X121.904 Y144.964 E2182.72329
G1 X121.748 Y144.744 E2182.73711
G1 X121.563 Y144.556 E2182.75062
G1 X129.863 Y144.552 E2183.17575
G1 X130.178 Y144.457 E2183.1926
G1 X130.446 Y144.288 E2183.20883
G1 X130.446 Y155.708 E2183.79377
G0 F9000 X129.765 Y155.228
G1 F1800 X130.228 Y154.764 E2183.82734
G0 F9000 X130.228 Y154.142
G1 F1800 X129.142 Y155.228 E2183.90601
G0 F9000 X128.52 Y155.228
G1 F1800 X130.228 Y153.52 E2184.02973
G0 F9000 X130.228 Y152.898
G1 F1800 X127.899 Y155.227 E2184.19844
G0 F9000 X127.276 Y155.227
G1 F1800 X130.228 Y152.275 E2184.41227
G0 F9000 X130.228 Y151.653
G1 F1800 X126.655 Y155.226 E2184.67109
G0 F9000 X126.033 Y155.226
G1 F1800 X130.228 Y151.031 E2184.97496
G0 F9000 X130.228 Y150.409
G1 F1800 X125.41 Y155.226 E2185.32393
G0 F9000 X124.789 Y155.225
G1 F1800 X130.228 Y149.786 E2185.71791
G0 F9000 X130.228 Y149.164
G1 F1800 X124.167 Y155.225 E2186.15695
G0 F9000 X123.545 Y155.225
G1 F1800 X130.228 Y148.542 E2186.64105
G0 F9000 X130.228 Y147.92
G1 F1800 X122.923 Y155.225 E2187.1702
G0 F9000 X122.3 Y155.225
G1 F1800 X130.228 Y147.297 E2187.74448
G0 F9000 X130.228 Y146.675
G1 F1800 X122.348 Y154.555 E2188.31528
G0 F9000 X122.428 Y153.853
G1 F1800 X130.228 Y146.053 E2188.88029
G0 F9000 X130.228 Y145.431
G1 F1800 X122.428 Y153.231 E2189.4453
G0 F9000 X122.427 Y152.609
G1 F1800 X130.228 Y144.808 E2190.01038
G0 F9000 X129.642 Y144.772
G1 F1800 X122.427 Y151.987 E2190.53301
G0 F9000 X122.426 Y151.365
G1 F1800 X129.02 Y144.772 E2191.01062
G0 F9000 X128.397 Y144.772
G1 F1800 X122.426 Y150.743 E2191.44314
G0 F9000 X122.426 Y150.122
G1 F1800 X127.775 Y144.772 E2191.83064
G0 F9000 X127.152 Y144.773
G1 F1800 X122.426 Y149.499 E2192.17298
G0 F9000 X122.425 Y148.878
G1 F1800 X126.53 Y144.773 E2192.47033
G0 F9000 X125.907 Y144.774
G1 F1800 X122.425 Y148.256 E2192.72256
G0 F9000 X122.424 Y147.634
G1 F1800 X125.284 Y144.774 E2192.92973
G0 F9000 X124.662 Y144.774
G1 F1800 X122.424 Y147.012 E2193.09184
G0 F9000 X122.424 Y146.39
G1 F1800 X124.039 Y144.774 E2193.20886
G0 F9000 X123.417 Y144.774
G1 F1800 X122.41 Y145.781 E2193.28181
G0 F9000 X122.292 Y145.277
G1 F1800 X122.794 Y144.775 E2193.31817
G0 F9000 X122.172 Y144.775
G1 F1800 X122.093 Y144.854 E2193.32389
G1 F1500 E2191.32389
;MESH:NONMESH
G0 F300 Z1.96
G0 F9000 X122.093 Y142.835
G0 X129.08 Y136.487
G0 X130.748 Y136.487
G0 X133.77 Y119.23
G0 X133.809 Y118.914
;TIME_ELAPSED:2142.705735
;LAYER:6
;TYPE:WALL-INNER
;MESH:din-rail-clip-mount.stl
G1 F1500 E2193.32389
G1 F1800 X133.574 Y118.887 E2193.33601
G1 X132.699 Y118.654 E2193.38239
G1 X132.399 Y118.482 E2193.4001
G1 X131.759 Y117.838 E2193.4466
G1 X131.591 Y117.545 E2193.4639
G1 F1537.9 X131.282 Y116.692 E2193.51829
G1 F1294.1 X131.246 Y116.631 E2193.52334
G1 F1239.4 X131.256 Y116.301 E2193.5479
G1 F1182.1 X131.333 Y115.914 E2193.57868
G1 F1166.4 X131.528 Y115.323 E2193.62787
G1 F1205.5 X131.686 Y115.082 E2193.64991
G1 F1175.1 X131.868 Y114.868 E2193.67195
G1 F1166.4 X132.399 Y114.384 E2193.72874
G1 F1183.9 X132.736 Y114.203 E2193.75853
G1 F1211 X133.651 Y113.997 E2193.82994
G1 F1466.7 X133.918 Y114.106 E2193.84806
G1 F1783.8 X134.792 Y114.346 E2193.89491
G1 F1800 X135.087 Y114.517 E2193.91238
G1 X135.727 Y115.157 E2193.95873
G1 X135.898 Y115.454 E2193.97629
G1 X136.13 Y116.326 E2194.02251
G1 X136.14 Y116.627 E2194.03793
G1 X135.871 Y117.641 E2194.09167
G1 X135.73 Y117.832 E2194.10383
G1 X135.09 Y118.48 E2194.15048
G1 X134.893 Y118.628 E2194.1631
G1 X133.809 Y118.914 E2194.22052
G1 F1500 E2192.22052
G0 F9000 X133.77 Y119.23
G0 X130.754 Y136.486
G0 X120.252 Y155.52
G1 F1500 E2194.22052
G1 F2051.8 X119.767 Y155.47 E2194.24243
G1 F1876.8 X119.316 Y155.262 E2194.26683
G1 F1775.8 X119.037 Y154.983 E2194.28731
G1 F1767.9 X118.893 Y154.738 E2194.30213
G1 F1936.4 X118.777 Y154.446 E2194.31709
G1 F2146.3 X118.732 Y154 E2194.33635
G1 F2187.8 X118.737 Y145.903 E2194.67756
G1 F2106.4 X118.783 Y145.509 E2194.69492
G1 F1927 X118.99 Y145.06 E2194.71858
G1 F1850.5 X119.32 Y144.73 E2194.74183
G1 F1950.7 X119.773 Y144.528 E2194.76527
G1 F2117.6 X120.252 Y144.48 E2194.78623
G1 X120.752 Y144.53 E2194.80811
G1 F1913 X121.169 Y144.723 E2194.83026
G1 F1800 X121.522 Y145.076 E2194.85583
G1 X121.745 Y145.516 E2194.88109
G1 X121.812 Y145.942 E2194.90318
G1 X121.812 Y154.054 E2195.31868
G1 X121.744 Y154.482 E2195.34088
G1 X121.523 Y154.919 E2195.36596
G1 X121.171 Y155.271 E2195.39146
G1 F1913 X120.752 Y155.47 E2195.41381
G1 F2117.6 X120.252 Y155.52 E2195.43569
G1 F1500 E2193.43569
G0 F9000 X150 Y161.576
G1 F1500 E2195.43569
G1 F1800 X167.084 Y161.576 E2196.31074
G1 X167.084 Y158.16 E2196.48571
G1 X143.744 Y158.16 E2197.6812
G1 X143.529 Y158.125 E2197.69236
G1 X143.347 Y158.029 E2197.7029
G1 X143.216 Y157.896 E2197.71246
G1 X143.084 Y157.586 E2197.72972
G1 X143.084 Y153.025 E2197.96334
G1 X143.194 Y152.735 E2197.97922
G1 X143.518 Y152.498 E2197.99979
G1 X143.194 Y152.261 E2198.02035
G1 X143.084 Y151.971 E2198.03623
G1 X143.084 Y148.074 E2198.23584
G1 X143.194 Y147.734 E2198.25414
G1 X143.519 Y147.5 E2198.27466
G1 X143.194 Y147.266 E2198.29517
G1 X143.084 Y147.019 E2198.30902
G1 X143.084 Y142.413 E2198.54494
G1 X143.216 Y142.103 E2198.5622
G1 X143.348 Y141.971 E2198.57176
G1 X143.665 Y141.84 E2198.58933
G1 X167.084 Y141.84 E2199.78886
G1 X167.084 Y138.42 E2199.96404
G1 X130.404 Y138.424 E2201.84281
G1 X130.401 Y143.566 E2202.10619
G1 X130.276 Y143.892 E2202.12407
G1 X130.17 Y144.005 E2202.13201
G1 X129.944 Y144.13 E2202.14524
G1 X129.814 Y144.157 E2202.15204
G1 X121.208 Y144.161 E2202.59284
G1 F1980 X120.252 Y144.12 E2202.6374
G1 F2112 X119.801 Y144.135 E2202.6571
G1 F1903.8 X119.343 Y144.232 E2202.67977
G1 F1763.9 X118.978 Y144.427 E2202.7014
G1 F1733 X118.683 Y144.722 E2202.72359
G1 F1767.9 X118.487 Y145.088 E2202.74524
G1 F1913 X118.386 Y145.551 E2202.76808
G1 F2117.6 X118.372 Y146 E2202.78764
G1 F2187.8 X118.374 Y154.127 E2203.13012
G1 F2100.8 X118.386 Y154.445 E2203.14408
G1 F1913 X118.487 Y154.908 E2203.16692
G1 F1767.9 X118.683 Y155.274 E2203.18857
G1 F1733 X118.978 Y155.569 E2203.21077
G1 F1767.9 X119.344 Y155.765 E2203.23242
G1 F1913 X119.804 Y155.865 E2203.25511
G1 F2117.6 X120.252 Y155.88 E2203.27462
G1 F1980 X121.221 Y155.84 E2203.31978
G1 F1800 X129.814 Y155.843 E2203.75992
G1 X130.053 Y155.916 E2203.77272
G1 X130.17 Y155.995 E2203.77995
G1 X130.331 Y156.197 E2203.79318
G1 X130.404 Y156.407 E2203.80457
G1 X130.404 Y161.576 E2204.06933
G1 X150 Y161.576 E2205.07305
G1 F1500 E2203.07305
G0 F9000 X150 Y164.165
G0 X150 Y178.864
G0 X150 Y180.428
G0 X150.001 Y186.487
G0 X150 Y186.805
G1 F1500 E2205.07305
G1 F1800 X178.607 Y186.808 E2206.53832
G1 X178.958 Y186.676 E2206.55752
G1 F1450.5 X179.332 Y186.422 E2206.58626
G1 F1229.8 X179.614 Y186.322 E2206.60869
G1 F1207.3 X180.062 Y186.132 E2206.64585
G1 F1200 X180.814 Y185.307 E2206.73162
G1 F1203.6 X181.08 Y184.988 E2206.76343
G1 F1196.4 X181.371 Y183.838 E2206.85485
G1 F1315.6 X181.584 Y183.429 E2206.88717
G1 F1440 X181.584 Y181.67 E2206.99979
G1 F1447.9 X181.584 Y179.911 E2207.11179
G1 F1455.9 X181.584 Y178.152 E2207.22319
G1 F1464 X181.584 Y176.393 E2207.33397
G1 F1472.1 X181.584 Y174.634 E2207.44413
G1 F1480.4 X181.584 Y172.875 E2207.55368
G1 F1488.7 X181.584 Y171.116 E2207.66262
G1 F1497.2 X181.584 Y169.357 E2207.77094
G1 F1505.7 X181.584 Y167.598 E2207.87864
G1 F1514.3 X181.584 Y165.839 E2207.98574
G1 F1523.1 X181.584 Y164.08 E2208.09221
G1 F1531.9 X181.584 Y162.321 E2208.19808
G1 F1540.9 X181.584 Y160.562 E2208.30333
G1 F1546.9 X181.584 Y158.803 E2208.40817
G1 F1556 X181.584 Y157.044 E2208.51239
G1 F1565.2 X181.584 Y155.285 E2208.61601
G1 F1574.6 X181.584 Y153.526 E2208.719
G1 F1584 X181.584 Y151.767 E2208.82139
G1 F1593.6 X181.584 Y150.008 E2208.92315
G1 F1603.2 X181.584 Y148.249 E2209.02431
G1 F1613 X181.584 Y146.49 E2209.12485
G1 F1623 X181.584 Y144.731 E2209.22478
G1 F1633 X181.584 Y142.972 E2209.32409
G1 F1643.2 X181.584 Y141.213 E2209.42278
G1 F1653.4 X181.584 Y139.454 E2209.52087
G1 F1660.4 X181.584 Y137.695 E2209.61854
G1 F1670.9 X181.584 Y135.936 E2209.7156
G1 F1681.5 X181.584 Y134.177 E2209.81204
G1 F1692.3 X181.584 Y132.418 E2209.90787
G1 F1703.2 X181.584 Y130.659 E2210.00309
G1 F1714.3 X181.584 Y128.9 E2210.09769
G1 F1725.5 X181.584 Y127.141 E2210.19168
G1 F1736.8 X181.584 Y125.382 E2210.28505
G1 F1748.3 X181.584 Y123.623 E2210.37781
G1 F1760 X181.584 Y121.864 E2210.46996
G1 F1771.8 X181.584 Y120.105 E2210.56149
G1 F1783.8 X181.584 Y118.346 E2210.6524
G1 F1795.9 X181.584 Y116.587 E2210.74271
G1 F1800 X181.186 Y114.953 E2210.82885
G1 F1616.3 X180.105 Y113.738 E2210.92161
G1 F1346.9 X179.616 Y113.679 E2210.95533
G1 F1231.7 X179.342 Y113.581 E2210.97711
G1 F1455.9 X178.969 Y113.327 E2211.00569
G1 F1800 X178.606 Y113.188 E2211.0256
G1 X134.269 Y113.188 E2213.29656
G1 F1783.8 X133.98 Y113.228 E2213.31164
G1 F1466.7 X133.575 Y113.369 E2213.3386
G1 F1196.4 X132.614 Y113.516 E2213.41352
G1 F1200 X132.083 Y113.845 E2213.46151
G1 F1196.4 X131.355 Y114.386 E2213.53141
G1 X131.003 Y114.983 E2213.58482
G1 X130.649 Y115.739 E2213.64915
G1 F1231.7 X130.595 Y116.783 E2213.7274
G1 F1537.9 X130.52 Y117.687 E2213.78178
G1 F1800 X130.52 Y136.5 E2214.7454
G1 X130.445 Y136.72 E2214.7573
G1 X137.304 Y136.72 E2215.10862
G1 X137.084 Y136.5 E2215.12456
G1 X137.084 Y120.349 E2215.95182
G1 X137.182 Y120.121 E2215.96454
G1 X137.393 Y119.908 E2215.97989
G1 X137.717 Y119.808 E2215.99726
G1 X138.813 Y119.811 E2216.0534
G1 X139.004 Y119.861 E2216.06351
G1 X139.195 Y119.985 E2216.07518
G1 X139.366 Y120.245 E2216.09111
G1 X139.404 Y120.468 E2216.1027
G1 X139.404 Y136.5 E2216.92387
G1 X139.219 Y136.72 E2216.93859
G1 X143.304 Y136.72 E2217.14783
G1 X143.084 Y136.5 E2217.16377
G1 X143.084 Y120.468 E2217.98493
G1 X143.122 Y120.245 E2217.99652
G1 X143.293 Y119.985 E2218.01246
G1 X143.478 Y119.863 E2218.02381
G1 X143.659 Y119.808 E2218.0335
G1 X168.838 Y119.808 E2219.32319
G1 X169.01 Y119.863 E2219.33243
G1 X169.195 Y119.985 E2219.34379
G1 X169.366 Y120.245 E2219.35972
G1 X169.404 Y120.468 E2219.37131
G1 X169.402 Y136.558 E2220.19545
G1 X169.294 Y136.865 E2220.21212
G1 X169.082 Y137.068 E2220.22715
G1 X168.849 Y137.142 E2220.23968
G1 X168.904 Y137.284 E2220.24748
G1 X168.9 Y146.98 E2220.74411
G1 X168.782 Y147.283 E2220.76077
G1 X168.47 Y147.5 E2220.78023
G1 X168.782 Y147.717 E2220.7997
G1 X168.902 Y148.043 E2220.81749
G1 X168.9 Y151.976 E2221.01894
G1 X168.783 Y152.278 E2221.03553
G1 X168.469 Y152.498 E2221.05517
G1 X168.783 Y152.718 E2221.07481
G1 X168.901 Y153.029 E2221.09185
G1 X168.904 Y162.712 E2221.58781
G1 X168.848 Y162.858 E2221.59582
G1 X169.084 Y162.934 E2221.60852
G1 X169.294 Y163.135 E2221.62341
G1 X169.371 Y163.292 E2221.63237
G1 X169.404 Y163.5 E2221.64316
G1 X169.402 Y179.586 E2222.46709
G1 X169.366 Y179.751 E2222.47574
G1 X169.195 Y180.011 E2222.49168
G1 X169.01 Y180.133 E2222.50303
G1 X168.829 Y180.188 E2222.51272
G1 X143.65 Y180.188 E2223.8024
G1 X143.478 Y180.133 E2223.81165
G1 X143.293 Y180.011 E2223.82301
G1 X143.122 Y179.751 E2223.83894
G1 X143.086 Y179.586 E2223.84759
G1 X143.084 Y163.5 E2224.67153
G1 X143.273 Y163.276 E2224.68654
G1 X139.18 Y163.276 E2224.89619
G1 X139.404 Y163.5 E2224.91241
G1 X139.402 Y179.586 E2225.73635
G1 X139.281 Y179.912 E2225.75416
G1 X139.123 Y180.069 E2225.76557
G1 X138.813 Y180.185 E2225.78252
G1 X137.618 Y180.188 E2225.84373
G1 X137.389 Y180.085 E2225.85659
G1 X137.18 Y179.872 E2225.87188
G1 X137.084 Y179.647 E2225.88441
G1 X137.084 Y163.5 E2226.71147
G1 X137.273 Y163.276 E2226.72648
G1 X130.443 Y163.276 E2227.07631
G1 X130.52 Y163.5 E2227.08845
G1 X130.521 Y182.311 E2228.05196
G1 F1461.3 X130.623 Y183.218 E2228.10954
G1 F1247.2 X130.613 Y183.5 E2228.1304
G1 F1257.1 X130.617 Y183.685 E2228.14397
G1 F1296.2 X130.496 Y184.299 E2228.18849
G1 F1289.9 X130.902 Y184.802 E2228.23469
G1 F1241.4 X131.095 Y185.176 E2228.26595
G1 F1472.1 X131.202 Y185.593 E2228.29291
G1 F1619.6 X131.271 Y185.724 E2228.30134
G1 F1346.9 X131.923 Y186.037 E2228.35084
G1 F1243.3 X132.237 Y186.256 E2228.37923
G1 F1192.8 X132.615 Y186.483 E2228.41331
G1 F1196.4 X133.579 Y186.629 E2228.48845
G1 F1239.4 X133.765 Y186.647 E2228.50235
G1 F1461.3 X134.238 Y186.804 E2228.53379
G1 F1800 X150 Y186.805 E2229.34113
G0 F9000 X150.001 Y186.487
G0 X133.972 Y186.332
G0 X133.756 Y186.023
G1 F1168.1 X132.828 Y185.818 E2229.41614
G1 F1192.8 X132.551 Y185.705 E2229.43927
G1 F1243.3 X132.33 Y185.551 E2229.45924
G1 F1472.1 X131.96 Y185.039 E2229.4988
G1 X131.627 Y184.835 E2229.52326
G1 F1241.4 X131.494 Y184.571 E2229.54522
G1 F1466.7 X131.457 Y184.052 E2229.57792
G1 F1474.9 X131.246 Y183.631 E2229.60736
G1 F1239.4 X131.256 Y183.301 E2229.63192
G1 F1461.3 X131.59 Y182.452 E2229.68948
G1 F1800 X131.761 Y182.157 E2229.70695
G1 X132.401 Y181.517 E2229.75331
G1 X132.696 Y181.346 E2229.77077
G1 X133.572 Y181.11 E2229.81724
G1 X133.81 Y181.081 E2229.82952
G1 X134.895 Y181.374 E2229.88709
G1 X135.087 Y181.517 E2229.89935
G1 X135.727 Y182.157 E2229.94571
G1 X135.869 Y182.346 E2229.95782
G1 X136.14 Y183.369 E2230.01203
G1 X136.13 Y183.67 E2230.02745
G1 X135.898 Y184.542 E2230.07367
G1 X135.729 Y184.838 E2230.09113
G1 X135.089 Y185.482 E2230.13763
G1 X134.789 Y185.654 E2230.15534
G1 X134.17 Y185.819 E2230.18816
G1 F1432.2 X133.756 Y186.023 E2230.21787
G1 F1500 E2228.21787
G0 F9000 X133.972 Y186.332
G0 X173.611 Y180.495
G0 X173.679 Y180.185
G1 F1500 E2230.21787
G1 F1800 X173.365 Y180.069 E2230.23501
G1 X173.207 Y179.912 E2230.24642
G1 X173.086 Y179.586 E2230.26423
G1 X173.084 Y163.5 E2231.08817
G1 X173.117 Y163.292 E2231.09896
G1 X173.194 Y163.135 E2231.10791
G1 X173.417 Y162.926 E2231.12357
G1 X173.677 Y162.84 E2231.13759
G1 X174.444 Y162.845 E2231.17688
G1 X174.766 Y162.978 E2231.19473
G1 X174.916 Y163.143 E2231.20615
G1 X175.02 Y163.401 E2231.2204
G1 X175.019 Y179.569 E2232.04853
G1 X174.911 Y179.892 E2232.06598
G1 X174.689 Y180.101 E2232.08159
G1 X174.468 Y180.188 E2232.09376
G1 X173.679 Y180.185 E2232.13417
G0 F9000 X173.611 Y180.495
G0 X176.072 Y185.017
G0 X176.719 Y185.668
G0 X177.049 Y185.859
G0 X178.202 Y186.223
G0 X178.24 Y185.93
G1 F1800 X177.199 Y185.654 E2232.18933
G1 X176.899 Y185.482 E2232.20705
G1 X176.259 Y184.838 E2232.25355
G1 X176.09 Y184.545 E2232.27088
G1 X175.854 Y183.673 E2232.31715
G1 X175.826 Y183.431 E2232.32963
G1 X176.118 Y182.349 E2232.38703
G1 X176.261 Y182.157 E2232.39929
G1 X176.901 Y181.517 E2232.44565
G1 X177.091 Y181.374 E2232.45783
G1 X178.072 Y181.11 E2232.50987
G1 X178.309 Y181.081 E2232.5221
G1 X179.292 Y181.346 E2232.57424
G1 X179.587 Y181.517 E2232.59171
G1 X180.227 Y182.157 E2232.63807
G1 X180.399 Y182.455 E2232.65569
G1 X180.631 Y183.331 E2232.70211
G1 F1447.9 X180.737 Y183.683 E2232.72552
G1 F1192.8 X180.451 Y184.755 E2232.81128
G1 F1175.1 X179.64 Y185.595 E2232.90289
G1 F1207.3 X179.389 Y185.726 E2232.92451
G1 F1229.8 X179.134 Y185.803 E2232.94448
G1 F1450.5 X178.683 Y185.813 E2232.97315
G1 F1800 X178.24 Y185.93 E2232.99662
G1 F1500 E2230.99662
G0 F9000 X178.202 Y186.223
G0 X177.127 Y185.903
G0 X176.719 Y185.668
G0 X176.072 Y185.017
G0 X175.842 Y184.617
G0 X175.565 Y183.408
G0 X175.881 Y182.238
G0 X176.56 Y181.504
G0 X173.576 Y137.46
G0 X173.677 Y137.16
G1 F1500 E2232.99662
G1 F1800 X173.416 Y137.074 E2233.0107
G1 X173.194 Y136.865 E2233.02631
G1 X173.086 Y136.558 E2233.04298
G1 X173.084 Y120.468 E2233.86712
G1 X173.122 Y120.245 E2233.87871
G1 X173.207 Y120.084 E2233.88803
G1 X173.365 Y119.927 E2233.89944
G1 X173.681 Y119.811 E2233.91669
G1 X174.463 Y119.806 E2233.95674
G1 X174.687 Y119.893 E2233.96905
G1 X174.902 Y120.09 E2233.98399
G1 X175.019 Y120.431 E2234.00245
G1 X175.02 Y136.584 E2234.82982
G1 X174.916 Y136.857 E2234.84478
G1 X174.766 Y137.022 E2234.8562
G1 X174.444 Y137.155 E2234.87405
G1 X173.677 Y137.16 E2234.91333
G0 F9000 X173.576 Y137.46
G0 X174.693 Y137.358
G0 X174.925 Y137.226
G0 X175.135 Y136.996
G0 X178.271 Y119.23
G0 X178.31 Y118.914
G1 F1800 X178.074 Y118.887 E2234.9255
G1 X177.091 Y118.625 E2234.97761
G1 X176.899 Y118.482 E2234.98987
G1 X176.259 Y117.838 E2235.03638
G1 X176.117 Y117.646 E2235.04861
G1 X175.826 Y116.57 E2235.1057
G1 X175.854 Y116.328 E2235.11818
G1 X176.09 Y115.452 E2235.16465
G1 X176.261 Y115.157 E2235.18211
G1 X176.901 Y114.517 E2235.22847
G1 X177.196 Y114.346 E2235.24594
G1 X178.13 Y114.098 E2235.29544
G1 X178.407 Y114.107 E2235.30963
G1 X178.692 Y114.183 E2235.32474
G1 F1455.9 X179.143 Y114.196 E2235.35331
G1 F1231.7 X179.39 Y114.274 E2235.3727
G1 F1469.4 X179.561 Y114.493 E2235.39013
G1 F1800 X180.307 Y115.24 E2235.44421
G1 X180.398 Y115.455 E2235.45617
G1 X180.652 Y116.41 E2235.50678
G1 X180.647 Y116.609 E2235.51698
G1 X180.399 Y117.542 E2235.56643
G1 X180.229 Y117.838 E2235.58391
G1 X179.588 Y118.482 E2235.63045
G1 X179.29 Y118.654 E2235.64808
G1 X178.31 Y118.914 E2235.70001
G0 F9000 X178.243 Y118.476
;TYPE:WALL-OUTER
G1 F1800 X177.243 Y118.205 E2235.75308
G1 X176.539 Y117.496 E2235.80425
G1 X176.264 Y116.497 E2235.85733
G1 X176.53 Y115.51 E2235.90968
G1 X177.212 Y114.828 E2235.95909
G1 X177.31 Y114.771 E2235.96489
G1 X178.247 Y114.52 E2236.01458
G1 X179.235 Y114.788 E2236.06701
G1 X179.954 Y115.507 E2236.1191
G1 X180.218 Y116.506 E2236.17202
G1 X179.958 Y117.487 E2236.224
G1 X179.276 Y118.172 E2236.27351
G1 X179.177 Y118.229 E2236.27937
G1 X178.243 Y118.476 E2236.32885
G0 F9000 X178.152 Y119.215
G0 X175.672 Y136.691
G0 X175.475 Y137.206
G0 X175.175 Y137.538
G0 X174.662 Y137.779
G0 X173.473 Y137.425
G0 X173.711 Y136.718
G1 F1800 X173.56 Y136.622 E2236.33802
G1 X173.524 Y136.52 E2236.34356
G1 X173.524 Y120.409 E2237.16877
G1 X173.617 Y120.287 E2237.17663
G1 X173.694 Y120.253 E2237.18094
G1 X174.395 Y120.247 E2237.21685
G1 X174.544 Y120.346 E2237.22601
G1 X174.58 Y120.455 E2237.23189
G1 X174.576 Y136.543 E2238.05593
G1 X174.449 Y136.719 E2238.06704
G1 X173.711 Y136.718 E2238.10484
G1 F1500 E2236.10484
G0 F9000 X173.473 Y137.425
G0 X169.661 Y134.74
G0 X168.08 Y134.74
G0 X150 Y135.835
G0 X150 Y136.72
G1 F1500 E2238.10484
G1 F1800 X143.744 Y136.72 E2238.42528
G1 X143.524 Y136.5 E2238.44122
G1 X143.524 Y120.409 E2239.26541
G1 X143.617 Y120.287 E2239.27326
G1 X143.698 Y120.252 E2239.27778
G1 X168.79 Y120.252 E2240.56301
G1 X168.895 Y120.307 E2240.56908
G1 X168.964 Y120.411 E2240.57548
G1 X168.964 Y136.52 E2241.40059
G1 X168.857 Y136.69 E2241.41088
G1 X168.744 Y136.72 E2241.41687
G1 X150 Y136.72 E2242.37695
G1 F1500 E2240.37695
G0 F9000 X150 Y135.835
G0 X144.398 Y135.847
G0 X138.782 Y136.719
G1 F1500 E2242.37695
G1 F1791.9 X137.744 Y136.72 E2242.43035
G1 F1800 X137.524 Y136.5 E2242.44629
G1 X137.524 Y120.429 E2243.26946
G1 X137.627 Y120.281 E2243.27869
G1 X137.735 Y120.248 E2243.28448
G1 X138.786 Y120.251 E2243.33831
G1 X138.895 Y120.307 E2243.34459
G1 X138.964 Y120.411 E2243.35098
G1 X138.964 Y136.5 E2244.17507
G1 F1791.9 X138.782 Y136.719 E2244.18972
G1 F1500 E2242.18972
G0 F9000 X136.85 Y136.486
G0 X133.744 Y118.476
G1 F1500 E2244.18972
G1 F1800 X132.811 Y118.229 E2244.23915
G1 X132.711 Y118.172 E2244.24505
G1 X132.03 Y117.487 E2244.29452
G1 X131.764 Y116.497 E2244.34703
G1 X132.039 Y115.501 E2244.39996
G1 X132.761 Y114.784 E2244.45207
G1 X133.749 Y114.521 E2244.50444
G1 X134.734 Y114.786 E2244.55669
G1 X135.416 Y115.468 E2244.60609
G1 X135.473 Y115.567 E2244.61194
G1 X135.72 Y116.496 E2244.66118
G1 X135.449 Y117.491 E2244.714
G1 X134.743 Y118.205 E2244.76543
G1 X133.744 Y118.476 E2244.81845
G1 F1500 E2242.81845
G0 F9000 X133.653 Y119.216
G0 X138.84 Y119.553
G0 X139.107 Y119.622
G0 X139.373 Y119.796
G0 X139.565 Y120.088
G0 X142.85 Y136.486
G0 X150 Y153.917
G1 F1500 E2244.81845
G1 F2309 X149.757 Y154.262 E2244.8353
G1 F2275.9 X149.279 Y154.918 E2244.86818
G1 F2062.5 X148.753 Y155.512 E2244.90365
G1 F1699.6 X148.233 Y155.886 E2244.9384
G1 F1419.4 X147.932 Y155.96 E2244.95853
G1 F1421.9 X147.636 Y155.98 E2244.97777
G1 F1643.2 X147.08 Y155.668 E2245.01354
G1 F1936.4 X146.557 Y155.144 E2245.04879
G1 F2212.3 X146.046 Y154.476 E2245.08384
G1 F2289 X145.618 Y153.865 E2245.11389
G1 F2117.6 X145.057 Y153.115 E2245.15466
G1 F1872.3 X144.568 Y152.594 E2245.18985
G1 F1546.9 X144.1 Y152.296 E2245.22292
G1 F1365.5 X143.969 Y152.26 E2245.23209
G1 F1497.2 X143.679 Y152.127 E2245.25174
G1 F1725.5 X143.527 Y151.938 E2245.2647
G1 F1800 X143.527 Y148.058 E2245.46343
G1 F1663.9 X143.677 Y147.852 E2245.47755
G1 F1450.5 X144.1 Y147.703 E2245.50606
G1 F1483.1 X144.55 Y147.41 E2245.53944
G1 F1775.8 X145.057 Y146.881 E2245.57748
G1 F2117.6 X145.639 Y146.101 E2245.61985
G1 F2295.7 X146.052 Y145.513 E2245.64871
G1 F2212.3 X146.562 Y144.848 E2245.68363
G1 F1931.7 X147.08 Y144.331 E2245.71856
G1 F1643.2 X147.637 Y144.021 E2245.75433
G1 F1419.4 X147.93 Y144.038 E2245.7734
G1 F1367.9 X148.212 Y144.098 E2245.79283
G1 F1629.6 X148.753 Y144.488 E2245.83056
G1 F2062.5 X149.278 Y145.078 E2245.86586
G1 F2275.9 X149.761 Y145.74 E2245.89906
G1 F2243.6 X150.263 Y146.452 E2245.93486
G1 F2084.2 X150.731 Y147.044 E2245.96824
G1 F1733 X151.257 Y147.534 E2246.00649
G1 F1419.4 X151.681 Y147.748 E2246.03734
G1 F1324.4 X152.021 Y147.779 E2246.0611
G1 F1382.2 X152.411 Y147.632 E2246.08891
G1 F1636.4 X152.922 Y147.224 E2246.12575
G1 F1980 X153.398 Y146.662 E2246.16004
G1 F2181.8 X153.972 Y145.875 E2246.2012
G1 F2289 X154.396 Y145.271 E2246.23093
G1 F2152.2 X154.896 Y144.658 E2246.26482
G1 F1795.9 X155.439 Y144.194 E2246.30148
G1 F1571.4 X155.994 Y143.983 E2246.33632
G1 F1577.7 X156.556 Y144.198 E2246.37148
G1 F1800 X157.092 Y144.658 E2246.40766
G1 F2152.2 X157.602 Y145.284 E2246.44225
G1 F2289 X158.025 Y145.888 E2246.47195
G1 F2181.8 X158.595 Y146.67 E2246.51284
G1 F1980 X159.072 Y147.23 E2246.5471
G1 F1636.4 X159.577 Y147.632 E2246.58346
G1 F1384.6 X159.967 Y147.78 E2246.61124
G1 F1372.6 X160.284 Y147.751 E2246.63262
G1 F1472.1 X160.727 Y147.534 E2246.66352
G1 F1740.7 X161.263 Y147.037 E2246.70223
G1 F2117.6 X161.82 Y146.323 E2246.74166
G1 F2275.9 X162.23 Y145.734 E2246.77073
G1 F2262.9 X162.722 Y145.061 E2246.8047
G1 F2051.8 X163.234 Y144.487 E2246.83926
G1 F1623 X163.771 Y144.099 E2246.8769
G1 F1365.5 X164.054 Y144.039 E2246.89643
G1 F1419.4 X164.352 Y144.021 E2246.91582
G1 F1636.4 X164.905 Y144.331 E2246.95154
G1 F1931.7 X165.425 Y144.847 E2246.9865
G1 F2212.3 X165.941 Y145.521 E2247.02188
G1 F2289 X166.367 Y146.126 E2247.05168
G1 F2117.6 X166.931 Y146.881 E2247.09271
G1 F1867.9 X167.419 Y147.401 E2247.12791
G1 F1546.9 X167.885 Y147.703 E2247.16101
G1 F1450.5 X168.311 Y147.852 E2247.18969
G1 F1660.4 X168.424 Y147.972 E2247.19885
G1 F1800 X168.464 Y148.081 E2247.20479
G1 X168.46 Y151.941 E2247.4025
G1 F1721.7 X168.308 Y152.127 E2247.41537
G1 F1494.3 X168.02 Y152.259 E2247.43491
G1 F1365.5 X167.885 Y152.296 E2247.44436
G1 F1483.1 X167.438 Y152.586 E2247.47749
G1 F1779.8 X166.931 Y153.115 E2247.51544
G1 F2117.6 X166.352 Y153.891 E2247.5576
G1 F2289 X165.936 Y154.483 E2247.58674
G1 F2212.3 X165.427 Y155.149 E2247.62167
G1 F1931.7 X164.904 Y155.669 E2247.65687
G1 F1643.2 X164.353 Y155.978 E2247.69232
G1 F1424.5 X164.054 Y155.961 E2247.7117
G1 F1372.6 X163.773 Y155.9 E2247.73102
G1 F1629.6 X163.234 Y155.512 E2247.76859
G1 F2057.1 X162.719 Y154.935 E2247.80325
G1 F2224.7 X161.791 Y153.637 E2247.86938
G1 F2112 X161.255 Y152.956 E2247.90721
G1 F1736.8 X160.726 Y152.463 E2247.9456
G1 F1469.4 X160.286 Y152.246 E2247.97638
G1 F1365.5 X159.968 Y152.218 E2247.99793
G1 F1379.8 X159.577 Y152.368 E2248.02592
G1 F1650 X159.065 Y152.774 E2248.06243
G1 F2036 X158.499 Y153.454 E2248.10249
G1 F2231 X157.6 Y154.716 E2248.16653
G1 F2163.9 X157.095 Y155.338 E2248.20066
G1 F1804.1 X156.556 Y155.799 E2248.23691
G1 F1577.7 X155.994 Y156.018 E2248.27216
G1 X155.432 Y155.799 E2248.3074
G1 F1804.1 X154.893 Y155.338 E2248.34365
G1 F2158 X154.388 Y154.716 E2248.37788
G1 F2175.8 X153.388 Y153.322 E2248.45057
G1 F1975.1 X152.912 Y152.763 E2248.48485
G1 F1633 X152.411 Y152.368 E2248.52087
G1 F1379.8 X152.02 Y152.218 E2248.54885
G1 F1320 X151.682 Y152.249 E2248.57256
G1 F1416.8 X151.258 Y152.463 E2248.60346
G1 F1736.8 X150.732 Y152.953 E2248.64162
G1 F2123.3 X150.172 Y153.673 E2248.68123
G1 F2262.9 X150 Y153.917 E2248.69339
G1 F1500 E2246.69339
G0 F9000 X150 Y180.428
G0 X150 Y179.744
G1 F1500 E2248.69339
G1 F1800 X143.698 Y179.744 E2249.01618
G1 X143.593 Y179.689 E2249.02226
G1 X143.524 Y179.585 E2249.02865
G1 X143.524 Y163.5 E2249.85253
G1 F1787.8 X143.706 Y163.28 E2249.86726
G1 X168.744 Y163.28 E2251.15846
G1 F1800 X168.858 Y163.311 E2251.16451
G1 X168.928 Y163.378 E2251.16948
G1 X168.964 Y163.5 E2251.17599
G1 X168.964 Y179.548 E2251.99798
G1 X168.923 Y179.656 E2252.0039
G1 X168.79 Y179.744 E2252.01207
G1 X150 Y179.744 E2252.9745
G0 F9000 X150 Y180.508
G0 X150.001 Y186.487
G0 X150 Y187.248
G1 F1800 X178.687 Y187.248 E2254.44387
G1 X180.387 Y186.605 E2254.53696
G1 X181.587 Y185.254 E2254.62952
G1 X182.024 Y183.473 E2254.72345
G1 X182.024 Y116.523 E2258.15267
G1 X181.587 Y114.742 E2258.2466
G1 X180.387 Y113.395 E2258.339
G1 X178.687 Y112.748 E2258.43217
G1 X134.242 Y112.748 E2260.70867
G1 X132.409 Y112.972 E2260.80325
G1 X130.918 Y113.999 E2260.89599
G1 X130.081 Y115.599 E2260.98847
G1 X130.08 Y136.5 E2262.05904
G1 X130.034 Y136.636 E2262.06639
G1 X129.964 Y136.67 E2262.07038
G1 X129.964 Y137.16 E2262.09547
G1 X168.244 Y137.16 E2264.0562
G1 X168.46 Y137.282 E2264.06891
G1 X168.46 Y146.945 E2264.56385
G1 F1660.4 X168.311 Y147.148 E2264.57783
G1 F1505.7 X168.198 Y147.201 E2264.58548
G1 F1543.9 X167.682 Y147.001 E2264.61852
G1 F1808.2 X167.144 Y146.537 E2264.65475
G1 F2163.9 X166.631 Y145.904 E2264.68946
G1 F2295.7 X166.212 Y145.308 E2264.71872
G1 F2187.8 X165.637 Y144.522 E2264.75976
G1 F1980 X165.159 Y143.963 E2264.79401
G1 F1636.4 X164.662 Y143.568 E2264.82978
G1 F1379.8 X164.268 Y143.417 E2264.85797
G1 F1367.9 X163.951 Y143.446 E2264.87943
G1 F1469.4 X163.51 Y143.663 E2264.91027
G1 F1736.8 X162.982 Y144.151 E2264.94843
G1 F2117.6 X162.422 Y144.872 E2264.98818
G1 F2224.7 X161.518 Y146.135 E2265.05255
G1 F2051.8 X161.002 Y146.712 E2265.08733
G1 F1629.6 X160.463 Y147.101 E2265.12494
G1 F1372.6 X160.183 Y147.16 E2265.14416
G1 F1424.5 X159.884 Y147.178 E2265.16354
G1 F1643.2 X159.332 Y146.869 E2265.19904
G1 F1941.2 X158.805 Y146.343 E2265.2344
G1 F2212.3 X158.298 Y145.676 E2265.26932
G1 F2289 X157.866 Y145.06 E2265.29962
G1 F2117.6 X157.302 Y144.309 E2265.34051
G1 F1775.8 X156.798 Y143.786 E2265.37822
G1 F1483.1 X156.352 Y143.497 E2265.41126
G1 F1356.2 X155.993 Y143.405 E2265.43646
G1 X155.636 Y143.497 E2265.46152
G1 F1483.1 X155.19 Y143.786 E2265.49456
G1 F1775.8 X154.68 Y144.316 E2265.53274
G1 F2117.6 X154.104 Y145.085 E2265.57457
G1 F2289 X153.685 Y145.683 E2265.60398
G1 F2212.3 X153.178 Y146.348 E2265.63883
G1 F1936.4 X152.656 Y146.869 E2265.67395
G1 F1590.4 X152.167 Y147.143 E2265.70644
G1 F1414.3 X151.976 Y147.195 E2265.71935
G1 F1404.3 X151.525 Y147.102 E2265.74958
G1 F1629.6 X150.983 Y146.712 E2265.78736
G1 F2062.5 X150.457 Y146.118 E2265.82283
G1 F2200 X149.47 Y144.744 E2265.89372
G1 F2073.3 X149.004 Y144.152 E2265.92723
G1 F1725.5 X148.478 Y143.663 E2265.9656
G1 F1466.7 X148.033 Y143.446 E2265.99672
G1 F1365.5 X147.716 Y143.418 E2266.01821
G1 F1379.8 X147.326 Y143.568 E2266.04613
G1 F1643.2 X146.812 Y143.978 E2266.08302
G1 F2015.3 X146.285 Y144.605 E2266.12049
G1 F2212.3 X145.348 Y145.916 E2266.18765
G1 F2163.9 X144.844 Y146.537 E2266.22173
G1 F1800 X144.297 Y147.006 E2266.25863
G1 F1537.9 X143.789 Y147.199 E2266.29121
G1 F1508.6 X143.677 Y147.148 E2266.29873
G1 F1663.9 X143.527 Y146.942 E2266.31285
G1 F1800 X143.527 Y142.46 E2266.54242
G1 X143.568 Y142.367 E2266.54763
G1 X143.687 Y142.28 E2266.55518
G1 X167.524 Y142.28 E2267.77613
G1 X167.524 Y137.98 E2267.99637
G1 X129.964 Y137.984 E2269.92022
G1 X129.961 Y143.542 E2270.2049
G1 X129.922 Y143.631 E2270.20988
G1 X129.79 Y143.716 E2270.21792
G1 X119.769 Y143.72 E2270.73121
G1 X119.205 Y143.808 E2270.76044
G1 X118.711 Y144.061 E2270.78887
G1 X118.317 Y144.455 E2270.81741
G1 X118.064 Y144.95 E2270.84589
G1 X117.972 Y145.518 E2270.87536
G1 X117.972 Y154.478 E2271.33429
G1 X118.064 Y155.046 E2271.36377
G1 X118.317 Y155.541 E2271.39224
G1 X118.711 Y155.935 E2271.42078
G1 X119.206 Y156.188 E2271.44926
G1 X119.77 Y156.279 E2271.47852
G1 X129.79 Y156.284 E2271.99175
G1 X129.905 Y156.349 E2271.99851
G1 X129.961 Y156.458 E2272.00479
G1 X129.964 Y162.016 E2272.28947
G1 X167.524 Y162.016 E2274.21332
G1 X167.524 Y157.72 E2274.43336
G1 X143.693 Y157.72 E2275.654
G1 X143.611 Y157.677 E2275.65875
G1 X143.527 Y157.54 E2275.66698
G1 X143.527 Y153.058 E2275.89655
G1 F1725.5 X143.679 Y152.869 E2275.90951
G1 F1497.2 X143.818 Y152.819 E2275.9186
G1 F1483.1 X144.307 Y152.995 E2275.95091
G1 F1808.2 X144.844 Y153.459 E2275.9871
G1 F2163.9 X145.354 Y154.089 E2276.02163
G1 F2289 X145.774 Y154.689 E2276.05113
G1 F2175.8 X146.344 Y155.47 E2276.0921
G1 F1980 X146.826 Y156.034 E2276.12665
G1 F1636.4 X147.326 Y156.432 E2276.16265
G1 F1382.2 X147.715 Y156.58 E2276.19042
G1 F1372.6 X148.034 Y156.551 E2276.21193
G1 F1474.9 X148.479 Y156.334 E2276.24288
G1 F1744.5 X149.013 Y155.837 E2276.28143
G1 F2129 X149.567 Y155.124 E2276.32053
G1 F2275.9 X149.979 Y154.534 E2276.34969
G1 X150.458 Y153.878 E2276.38259
G1 F2062.5 X150.983 Y153.288 E2276.4179
G1 F1629.6 X151.526 Y152.897 E2276.45575
G1 F1367.9 X151.805 Y152.839 E2276.47496
G1 F1419.4 X152.102 Y152.821 E2276.49429
G1 F1636.4 X152.657 Y153.131 E2276.5301
G1 F1931.7 X153.177 Y153.647 E2276.56507
G1 F2212.3 X153.689 Y154.321 E2276.60034
G1 F2289 X154.115 Y154.926 E2276.63015
G1 F2200 X154.643 Y155.643 E2276.66746
G1 F1970.1 X155.171 Y156.2 E2276.70338
G1 F1565.2 X155.637 Y156.503 E2276.73612
G1 F1353.8 X155.993 Y156.594 E2276.76114
G1 X156.351 Y156.503 E2276.7863
G1 F1543.9 X156.815 Y156.202 E2276.81933
G1 F1867.9 X157.309 Y155.68 E2276.8548
G1 F2117.6 X157.891 Y154.901 E2276.89714
G1 F2295.7 X158.304 Y154.314 E2276.92596
G1 F2218.5 X158.811 Y153.648 E2276.96075
G1 F1931.7 X159.331 Y153.131 E2276.99575
G1 F1636.4 X159.885 Y152.821 E2277.03151
G1 F1419.4 X160.181 Y152.838 E2277.05077
G1 F1367.9 X160.463 Y152.899 E2277.07022
G1 F1626.3 X161.002 Y153.288 E2277.1079
G1 F2051.8 X161.514 Y153.861 E2277.14243
G1 F2262.9 X162.009 Y154.539 E2277.17663
G1 F2237.3 X162.514 Y155.252 E2277.21264
G1 F2084.2 X162.982 Y155.848 E2277.24616
G1 F1736.8 X163.509 Y156.334 E2277.28422
G1 F1474.9 X163.95 Y156.551 E2277.31494
G1 F1370.2 X164.269 Y156.579 E2277.33649
G1 F1379.8 X164.662 Y156.432 E2277.36452
G1 F1643.2 X165.174 Y156.021 E2277.40136
G1 F2020.4 X165.714 Y155.38 E2277.43961
G1 F2212.3 X166.644 Y154.076 E2277.50636
G1 F2158 X167.144 Y153.459 E2277.54029
G1 F1800 X167.693 Y152.989 E2277.57731
G1 F1540.9 X168.159 Y152.815 E2277.60707
G1 F1559.1 X168.308 Y152.869 E2277.61644
G1 F1721.7 X168.424 Y152.972 E2277.62475
G1 F1800 X168.464 Y153.081 E2277.6307
G1 X168.46 Y162.659 E2278.12129
G1 X168.433 Y162.73 E2278.12518
G1 F1787.8 X168.282 Y162.836 E2278.13469
G1 F1783.8 X149.123 Y162.836 E2279.12495
G1 F1791.9 X129.964 Y162.836 E2280.11074
G1 F1800 X129.964 Y163.33 E2280.13605
G1 X130.034 Y163.364 E2280.14003
G1 X130.08 Y163.5 E2280.14739
G1 X130.08 Y184.401 E2281.21795
G1 X130.918 Y185.997 E2281.31028
G1 X132.409 Y187.027 E2281.4031
G1 X134.242 Y187.248 E2281.49767
G1 X150 Y187.248 E2282.3048
G0 F9000 X150.001 Y186.487
G0 X138.973 Y180.471
G0 X138.786 Y179.745
G1 F1800 X137.701 Y179.748 E2282.36038
G1 X137.617 Y179.709 E2282.36512
G1 X137.524 Y179.567 E2282.37382
G1 X137.524 Y163.5 E2283.19678
G1 F1787.8 X137.706 Y163.28 E2283.2115
G1 F1783.8 X138.744 Y163.279 E2283.26515
G1 F1795.9 X138.964 Y163.5 E2283.28116
G1 F1800 X138.964 Y179.548 E2284.10315
G1 X138.923 Y179.656 E2284.10907
G1 X138.786 Y179.745 E2284.11743
G0 F9000 X138.973 Y180.471
G0 X136.234 Y185.259
G0 X135.513 Y185.985
G0 X134.215 Y186.161
G0 X133.734 Y185.474
G1 F1800 X132.759 Y185.215 E2284.16911
G1 X132.029 Y184.483 E2284.22206
G1 X131.764 Y183.497 E2284.27435
G1 X132.015 Y182.566 E2284.32374
G1 X132.072 Y182.468 E2284.32955
G1 X132.754 Y181.786 E2284.37895
G1 X133.686 Y181.535 E2284.42839
G1 X133.802 Y181.535 E2284.43433
G1 X134.743 Y181.795 E2284.48434
G1 X135.449 Y182.501 E2284.53548
G1 X135.719 Y183.505 E2284.58873
G1 X135.457 Y184.487 E2284.64079
G1 X134.777 Y185.172 E2284.69023
G1 X134.677 Y185.229 E2284.69612
G1 X133.734 Y185.474 E2284.74603
G1 F1500 E2282.74603
G0 F9000 X134.214 Y186.161
G0 X134.861 Y185.903
G0 X135.269 Y185.668
G0 X135.916 Y185.017
G0 X136.147 Y184.614
G0 X136.382 Y183.732
G0 X136.393 Y183.363
G0 X130.758 Y163.514
G0 X120.252 Y155.124
G1 F1500 E2284.74603
G1 F1800 X119.904 Y155.068 E2284.76408
G1 X119.574 Y154.886 E2284.78338
G1 X119.352 Y154.661 E2284.79957
G1 X119.188 Y154.349 E2284.81763
G1 X119.134 Y154.035 E2284.83395
G1 X119.134 Y145.965 E2285.2473
G1 X119.184 Y145.648 E2285.26373
G1 X119.366 Y145.318 E2285.28304
G1 X119.591 Y145.096 E2285.29923
G1 X119.905 Y144.935 E2285.3173
G1 X120.251 Y144.876 E2285.33528
G1 X120.601 Y144.931 E2285.35343
G1 X120.915 Y145.091 E2285.37148
G1 X121.162 Y145.338 E2285.38937
G1 X121.321 Y145.651 E2285.40735
G1 X121.37 Y145.965 E2285.42363
G1 X121.37 Y154.035 E2285.83698
G1 X121.321 Y154.345 E2285.85306
G1 X121.161 Y154.659 E2285.87111
G1 X120.916 Y154.904 E2285.88885
G1 X120.602 Y155.069 E2285.90702
G1 X120.252 Y155.124 E2285.92517
G1 F1500 E2283.92517
G0 F9000 X130.758 Y163.514
G0 X173.707 Y179.749
G1 F1500 E2285.92517
G1 F1800 X173.565 Y179.656 E2285.93386
G1 X173.524 Y179.548 E2285.93978
G1 X173.524 Y163.5 E2286.76177
G1 X173.56 Y163.378 E2286.76828
G1 X173.711 Y163.282 E2286.77745
G1 X174.388 Y163.281 E2286.81213
G1 X174.496 Y163.326 E2286.81812
G1 X174.576 Y163.457 E2286.82598
G1 X174.58 Y179.542 E2287.64986
G1 X174.544 Y179.65 E2287.65569
G1 X174.411 Y179.743 E2287.66401
G1 X173.707 Y179.749 E2287.70007
G0 F9000 X173.547 Y180.481
G0 X175.754 Y185.26
G0 X176.475 Y185.985
G0 X176.75 Y186.147
G0 X178.147 Y186.216
G0 X178.242 Y185.476
G1 F1800 X177.311 Y185.229 E2287.7494
G1 X177.211 Y185.172 E2287.7553
G1 X176.531 Y184.487 E2287.80474
G1 X176.264 Y183.503 E2287.85696
G1 X176.539 Y182.501 E2287.91018
G1 X177.245 Y181.795 E2287.96132
G1 X178.243 Y181.519 E2288.01436
G1 X179.234 Y181.786 E2288.06693
G1 X179.916 Y182.468 E2288.11633
G1 X179.973 Y182.567 E2288.12218
G1 X180.219 Y183.504 E2288.1718
G1 X179.954 Y184.491 E2288.22415
G1 X179.222 Y185.217 E2288.27696
G1 X178.242 Y185.476 E2288.32888
G0 F9000 X178.147 Y186.216
G0 X177.189 Y185.982
G0 X177.248 Y185.758
;TYPE:FILL
G1 F3600 X176.99 Y186.721 E2288.37994
G0 F9000 X177.477 Y186.719
G1 F3600 X169.489 Y178.731 E2288.95857
G0 F9000 X169.489 Y179.009
G1 F3600 X172.998 Y178.068 E2289.14465
G0 F9000 X172.999 Y178.508
G1 F3600 X169.49 Y174.998 E2289.39887
G0 F9000 X169.721 Y174.999
G0 X169.722 Y173.911
G0 X169.49 Y173.91
G1 F3600 X181.496 Y129.105 E2291.77477
G0 F9000 X181.496 Y129.328
G1 F3600 X175.108 Y131.04 E2292.11351
G0 F9000 X175.34 Y131.04
G0 X175.34 Y132.08
G0 X175.107 Y132.08
G1 F3600 X181.496 Y138.468 E2292.57628
G0 F9000 X181.495 Y139.305
G1 F3600 X175.068 Y163.292 E2293.84824
G0 F9000 X175.109 Y163.837
G1 F3600 X181.496 Y162.126 E2294.18692
G0 F9000 X181.264 Y162.126
G0 X181.264 Y160.87
G0 X181.496 Y160.87
G1 F3600 X168.991 Y148.365 E2295.09275
G0 F9000 X168.991 Y149.078
G1 F3600 X181.495 Y145.727 E2295.75581
G1 X181.496 Y145.936
G1 X169.489 Y133.929 E2296.62556
G0 F9000 X169.489 Y133.112
G1 F3600 X174.804 Y113.275 E2297.67746
G1 X174.971 Y113.276
G1 X176.494 Y114.799 E2297.78778
G0 F9000 X177.281 Y114.233
G1 F3600 X177.538 Y113.275 E2297.83859
G0 F9000 X177.538 Y113.508
G0 X178.693 Y113.563
G0 X178.776 Y113.347
G1 F3600 X181.327 Y115.898 E2298.02337
G1 X181.283 Y115.72
G1 X180.608 Y115.9 E2298.05916
G0 F9000 X180.832 Y115.842
G0 X180.58 Y115.233
G0 X180.054 Y114.536
G0 X179.89 Y114.698
G1 F3600 X180.11 Y113.877 E2298.10269
G0 F9000 X179.937 Y114.03
G0 X180.648 Y115.386
G0 X180.912 Y116.379
G0 X180.899 Y116.659
G0 X180.648 Y117.614
G0 X180.416 Y118.017
G0 X179.768 Y118.668
G0 X179.361 Y118.903
G0 X178.33 Y119.176
G0 X176.986 Y118.866
G0 X176.073 Y118.019
G0 X175.879 Y117.755
G0 X175.565 Y116.593
G0 X175.842 Y115.38
G0 X176.074 Y114.977
G0 X176.721 Y114.33
G0 X177.124 Y114.098
G0 X178.108 Y113.874
G0 X178.942 Y113.73
G0 X179.11 Y113.569
G1 F3600 X156.153 Y119.72 E2299.32004
G0 F9000 X156.679 Y119.721
G1 F3600 X158.406 Y113.275 E2299.66185
G0 F9000 X158.406 Y113.508
G0 X159.803 Y113.508
G0 X159.803 Y113.276
G1 F3600 X130.609 Y121.098 E2301.20993
G1 X130.608 Y121.182
G1 X136.996 Y127.57 E2301.67266
G1 X136.996 Y127.586
G1 X130.609 Y129.298 E2302.01135
G0 F9000 X130.608 Y128.649
G1 F3600 X136.996 Y135.037 E2302.47408
G0 F9000 X136.996 Y135.786
G1 F3600 X133.836 Y136.632 E2302.64163
G0 F9000 X133.015 Y136.633
G1 F3600 X136.996 Y121.776 E2303.42947
G0 F9000 X136.996 Y122.12
G1 F3600 X130.608 Y123.832 E2303.76821
G0 F9000 X130.84 Y123.832
G0 X130.84 Y124.915
G0 X130.608 Y124.915
G1 F3600 X136.996 Y131.303 E2304.23094
G0 F9000 X136.996 Y131.976
G1 F3600 X135.748 Y136.633 E2304.47789
G0 F9000 X134.857 Y136.632
G1 F3600 X130.608 Y132.382 E2304.78571
G0 F9000 X130.608 Y132.031
G1 F3600 X136.995 Y130.32 E2305.12439
G0 F9000 X136.764 Y130.32
G0 X136.854 Y120.235
G0 X136.961 Y119.984
G0 X137.255 Y119.69
G0 X137.705 Y119.549
G0 X138.84 Y119.553
G0 X139.107 Y119.622
G0 X139.373 Y119.796
G0 X139.61 Y120.157
G0 X139.724 Y130.066
G0 X139.492 Y130.066
G1 F3600 X142.996 Y133.57 E2305.37821
G0 F9000 X142.996 Y134.178
G1 F3600 X139.493 Y135.117 E2305.56397
G0 F9000 X139.724 Y135.117
G0 X139.724 Y133.799
G0 X139.492 Y133.799
G1 F3600 X142.324 Y136.632 E2305.76915
G0 F9000 X142.324 Y136.4
G0 X141.215 Y136.4
G0 X141.215 Y136.633
G1 F3600 X142.996 Y129.985 E2306.12167
G1 X142.996 Y129.837
G1 X139.492 Y126.332 E2306.37552
G0 F9000 X139.493 Y126.917
G1 F3600 X142.996 Y125.978 E2306.56128
G1 X142.996 Y126.103
G1 X139.492 Y122.599 E2306.8151
G1 X139.492 Y122.661
G1 X142.007 Y113.276 E2307.31277
G0 F9000 X141.37 Y113.276
G1 F3600 X147.814 Y119.72 E2307.77955
G0 F9000 X148.479 Y119.721
G1 F3600 X150.206 Y113.275 E2308.12136
G0 F9000 X149.603 Y113.276
G1 F3600 X136.164 Y116.877 E2308.834
G0 F9000 X136.387 Y116.936
G0 X136.383 Y116.392
G0 X136.168 Y115.298
G0 X135.968 Y115.412
G1 F3600 X136.541 Y113.275 E2308.94733
G0 F9000 X136.541 Y113.508
G0 X137.636 Y113.508
G0 X137.636 Y113.276
G1 F3600 X144.08 Y119.72 E2309.41411
G0 F9000 X144.08 Y119.488
G0 X143.274 Y119.657
G0 X143.024 Y119.905
G0 X142.764 Y120.512
G0 X142.996 Y120.512
G1 F3600 X139.493 Y121.451 E2309.59987
G0 F9000 X139.724 Y121.451
G0 X139.61 Y120.157
G0 X139.373 Y119.796
G0 X139.107 Y119.622
G0 X137.444 Y119.539
G0 X137.538 Y119.752
G1 F3600 X139.274 Y113.275 E2309.94333
G1 X139.404 Y113.275
G1 X135.098 Y114.429 E2310.17167
G1 X134.999 Y114.372
G1 X133.954 Y113.328 E2310.24733
G0 F9000 X133.763 Y113.441
G1 F3600 X133.652 Y113.857 E2310.26939
G0 F9000 X133.767 Y113.657
G0 X134.864 Y114.098
G0 X135.191 Y114.286
G0 X136.072 Y115.13
G0 X135.871 Y115.244
G1 F3600 X142.996 Y122.37 E2310.78554
G0 F9000 X142.996 Y123.245
G1 F3600 X139.492 Y124.184 E2310.97135
G0 F9000 X139.724 Y124.184
G0 X139.663 Y120.465
G0 X139.61 Y120.157
G0 X139.373 Y119.796
G0 X139.107 Y119.622
G0 X138.84 Y119.553
G0 X137.496 Y119.582
G0 X137.255 Y119.69
G0 X136.961 Y119.984
G0 X136.851 Y120.36
G0 X136.764 Y123.836
G0 X136.996 Y123.836
G1 F3600 X130.64 Y117.481 E2311.43172
G0 F9000 X130.609 Y118.365
G1 F3600 X131.834 Y118.037 E2311.49667
G0 F9000 X132.389 Y118.57
G1 F3600 X130.608 Y125.216 E2311.8491
G0 F9000 X130.84 Y125.216
G0 X130.84 Y126.565
G0 X130.609 Y126.565
G1 F3600 X136.995 Y124.853 E2312.18774
G0 F9000 X136.764 Y124.853
G0 X136.854 Y120.083
G0 X137.066 Y120.174
G1 F3600 X135.292 Y118.399 E2312.31628
G0 F9000 X135.125 Y118.561
G1 F3600 X130.608 Y135.415 E2313.21002
G0 F9000 X130.609 Y134.764
G1 F3600 X136.996 Y133.053 E2313.5487
G0 F9000 X136.764 Y133.053
G0 X136.854 Y120.235
G0 X136.961 Y119.984
G0 X137.255 Y119.69
G0 X137.705 Y119.549
G0 X138.84 Y119.553
G0 X139.107 Y119.622
G0 X139.373 Y119.796
G0 X139.61 Y120.157
G0 X139.724 Y132.86
G0 X139.492 Y132.86
G1 F3600 X144.74 Y113.275 E2314.58725
G0 F9000 X145.103 Y113.276
G1 F3600 X151.547 Y119.72 E2315.05403
G0 F9000 X151.212 Y119.721
G1 F3600 X152.939 Y113.275 E2315.39584
G0 F9000 X152.57 Y113.276
G1 F3600 X159.014 Y119.72 E2315.86263
G0 F9000 X159.412 Y119.72
G1 F3600 X161.139 Y113.276 E2316.20434
G0 F9000 X161.139 Y113.508
G0 X160.037 Y113.508
G0 X160.037 Y113.276
G1 F3600 X166.481 Y119.72 E2316.67112
G1 X166.354 Y119.72
G1 X175.897 Y117.163 E2317.17716
G0 F9000 X176.277 Y117.981
G1 F3600 X175.107 Y122.345 E2317.40858
G0 F9000 X175.108 Y122.84
G1 F3600 X181.496 Y121.129 E2317.74732
G0 F9000 X181.264 Y121.129
G0 X181.264 Y119.801
G0 X181.496 Y119.801
G1 F3600 X179.944 Y118.249 E2317.85974
G0 F9000 X180.107 Y118.413
G0 X179.503 Y118.81
G0 X178.827 Y119.108
G0 X178.768 Y118.883
G1 F3600 X175.108 Y132.545 E2318.58419
G0 F9000 X175.34 Y132.545
G0 X175.34 Y133.773
G0 X175.109 Y133.773
G1 F3600 X181.495 Y132.061 E2318.92283
G0 F9000 X181.264 Y132.061
G0 X181.264 Y131.001
G0 X181.496 Y131.001
G1 F3600 X175.107 Y124.612 E2319.38563
G0 F9000 X175.108 Y125.573
G1 F3600 X181.495 Y123.862 E2319.72431
G0 F9000 X181.496 Y123.534
G1 F3600 X171.238 Y113.276 E2320.46737
G0 F9000 X172.071 Y113.275
G1 F3600 X169.492 Y122.903 E2320.97791
G1 X169.491 Y122.73
G1 X172.997 Y126.236 E2321.23187
G1 X172.996 Y126.139
G1 X169.492 Y127.078 E2321.41768
G0 F9000 X169.491 Y126.463
G1 F3600 X172.998 Y129.97 E2321.67172
G0 F9000 X172.998 Y130.218
G1 F3600 X168.989 Y145.179 E2322.46507
G0 F9000 X168.989 Y144.629
G1 F3600 X181.496 Y157.136 E2323.37103
G0 F9000 X181.496 Y156.659
G1 F3600 X168.992 Y160.01 E2324.0341
G0 F9000 X168.991 Y159.565
G1 F3600 X172.997 Y163.571 E2324.32428
G0 F9000 X172.995 Y164.403
G1 F3600 X169.492 Y165.342 E2324.51004
G0 F9000 X169.723 Y165.343
G0 X169.723 Y163.8
G0 X169.491 Y163.799
G1 F3600 X172.997 Y167.305 E2324.764
G1 X172.996 Y167.136
G1 X169.491 Y168.075 E2324.94986
G0 F9000 X169.491 Y167.532
G1 F3600 X172.998 Y171.039 E2325.2039
G1 X172.997 Y171.021
G1 X168.791 Y186.72 E2326.03637
G0 F9000 X168.792 Y186.488
G0 X170.011 Y186.488
G0 X170.01 Y186.719
G1 F3600 X163.567 Y180.276 E2326.50308
G0 F9000 X163.567 Y180.508
G0 X164.76 Y180.508
G0 X164.76 Y180.276
G1 F3600 X140.717 Y186.718 E2327.77802
G0 F9000 X140.139 Y186.716
G1 F3600 X136.028 Y182.605 E2328.0758
G1 X136.005 Y182.514
G1 X144.361 Y180.275 E2328.5189
G0 F9000 X144.9 Y180.276
G1 F3600 X151.341 Y186.717 E2328.98547
G0 F9000 X150.916 Y186.718
G1 F3600 X181.496 Y178.524 E2330.60705
G0 F9000 X181.264 Y178.524
G0 X181.264 Y179.537
G0 X181.496 Y179.537
G1 F3600 X175.107 Y173.149 E2331.06981
G1 X175.108 Y173.344
G1 X181.495 Y149.506 E2332.33388
G1 X181.496 Y149.669
G1 X169.02 Y137.194 E2333.23756
G0 F9000 X168.992 Y138.145
G1 F3600 X173.227 Y137.01 E2333.46214
G0 F9000 X173.848 Y137.247
G1 F3600 X168.989 Y155.378 E2334.42359
G0 F9000 X168.989 Y155.829
G1 F3600 X181.496 Y168.337 E2335.32959
G0 F9000 X181.495 Y167.592
G1 F3600 X175.108 Y169.304 E2335.66829
G1 X175.107 Y169.415
G1 X181.496 Y175.804 E2336.13109
G1 X181.495 Y175.791
G1 X175.107 Y177.503 E2336.46983
G0 F9000 X175.107 Y176.882
G1 F3600 X181.496 Y183.271 E2336.93263
G0 F9000 X180.676 Y183.163
G1 F3600 X181.496 Y180.105 E2337.0948
G0 F9000 X181.264 Y180.105
G0 X181.264 Y181.258
G0 X181.495 Y181.258
G1 F3600 X179.884 Y181.689 E2337.18022
G0 F9000 X180.048 Y181.526
G0 X179.494 Y181.18
G0 X178.572 Y180.822
G0 X178.511 Y181.044
G1 F3600 X181.495 Y169.906 E2337.77083
G0 F9000 X181.496 Y170.325
G1 F3600 X175.108 Y172.037 E2338.10957
G0 F9000 X175.339 Y172.038
G0 X175.24 Y179.797
G0 X175.126 Y180.037
G0 X174.819 Y180.325
G0 X174.509 Y180.448
G0 X173.443 Y180.397
G0 X173.216 Y180.282
G0 X172.996 Y180.063
G0 X172.86 Y179.695
G0 X172.765 Y172.602
G0 X172.997 Y172.602
G1 F3600 X169.49 Y173.542 E2338.29555
G0 F9000 X169.722 Y173.543
G0 X169.722 Y171.267
G0 X169.491 Y171.266
G1 F3600 X172.999 Y174.773 E2338.54962
G0 F9000 X172.998 Y175.335
G1 F3600 X169.49 Y176.275 E2338.73564
G0 F9000 X169.721 Y176.276
G0 X169.66 Y179.609
G0 X169.492 Y180.063
G0 X169.214 Y180.339
G0 X167.784 Y180.508
G0 X167.784 Y180.276
G1 F3600 X166.058 Y186.719 E2339.07729
G1 X166.276 Y186.719
G1 X159.834 Y180.276 E2339.54396
G0 F9000 X159.585 Y180.275
G1 F3600 X157.858 Y186.719 E2339.88568
G0 F9000 X158.808 Y186.718
G1 F3600 X152.367 Y180.276 E2340.35228
G0 F9000 X151.386 Y180.275
G1 F3600 X149.659 Y186.719 E2340.69399
G0 F9000 X149.66 Y186.487
G0 X147.608 Y186.486
G0 X147.607 Y186.717
G1 F3600 X139.49 Y178.6 E2341.28196
G0 F9000 X139.489 Y178.848
G1 F3600 X142.997 Y177.908 E2341.46798
G0 F9000 X143 Y178.376
G1 F3600 X139.491 Y174.868 E2341.72213
G0 F9000 X139.723 Y174.869
G0 X139.723 Y173.663
G0 X139.492 Y173.662
G1 F3600 X142.251 Y163.367 E2342.26805
G0 F9000 X142.925 Y163.368
G1 F3600 X142.993 Y163.435 E2342.27294
G0 F9000 X142.992 Y164.243
G1 F3600 X139.496 Y165.18 E2342.45833
G0 F9000 X139.727 Y165.181
G0 X139.727 Y163.672
G0 X139.495 Y163.671
G1 F3600 X142.994 Y167.17 E2342.71179
G1 X142.993 Y166.976
G1 X139.494 Y167.914 E2342.89734
G0 F9000 X139.494 Y167.403
G1 F3600 X142.996 Y170.906 E2343.15105
G1 X142.995 Y170.789
G1 X138.727 Y186.717 E2343.99567
G0 F9000 X138.728 Y186.486
G0 X136.407 Y186.486
G0 X136.406 Y186.716
G1 F3600 X135.192 Y185.502 E2344.08361
G1 X135.244 Y185.451
G1 X154.56 Y180.276 E2345.10788
G0 F9000 X154.119 Y180.276
G1 F3600 X152.392 Y186.718 E2345.44949
G0 F9000 X152.393 Y186.487
G0 X155.076 Y186.487
G0 X155.075 Y186.718
G1 F3600 X148.633 Y180.276 E2345.91613
G1 X148.653 Y180.275
G1 X146.926 Y186.719 E2346.25784
G0 F9000 X146.927 Y186.486
G0 X144.194 Y186.486
G0 X144.193 Y186.718
G1 F3600 X145.919 Y180.275 E2346.59949
G0 F9000 X145.919 Y180.508
G0 X143.614 Y180.447
G0 X143.113 Y180.27
G0 X143.239 Y180.078
G1 F3600 X141.46 Y186.718 E2346.95159
G0 F9000 X141.461 Y186.486
G0 X143.875 Y186.486
G0 X143.874 Y186.717
G1 F3600 X130.61 Y173.453 E2347.9124
G0 F9000 X130.611 Y173.027
G1 F3600 X136.993 Y171.317 E2348.25082
G0 F9000 X136.761 Y171.317
G0 X136.762 Y172.371
G0 X136.995 Y172.371
G1 F3600 X130.611 Y165.988 E2348.71322
G1 X130.612 Y166.003
G1 X131.318 Y163.367 E2348.85299
G0 F9000 X131.726 Y163.369
G1 F3600 X136.993 Y168.636 E2349.23452
G1 X136.993 Y168.584
G1 X130.612 Y170.294 E2349.57289
G0 F9000 X130.61 Y169.72
G1 F3600 X136.996 Y176.106 E2350.03547
G0 F9000 X136.995 Y176.783
G1 F3600 X130.61 Y178.494 E2350.37405
G0 F9000 X130.841 Y178.495
G0 X130.841 Y177.188
G0 X130.61 Y177.187
G1 F3600 X134.636 Y181.213 E2350.66569
G1 X134.729 Y181.237
G1 X136.994 Y172.783 E2351.11398
G0 F9000 X136.762 Y172.783
G0 X136.762 Y174.05
G0 X136.994 Y174.05
G1 F3600 X130.611 Y175.76 E2351.45245
G0 F9000 X130.61 Y176.21
G1 F3600 X134.051 Y163.368 E2352.13343
G0 F9000 X134.051 Y163.6
G0 X135.459 Y163.6
G0 X135.459 Y163.369
G1 F3600 X136.993 Y164.902 E2352.24451
G0 F9000 X136.992 Y165.851
G1 F3600 X130.612 Y167.561 E2352.58283
G0 F9000 X130.843 Y167.562
G0 X130.843 Y164.828
G0 X130.612 Y164.827
G1 F3600 X136.058 Y163.368 E2352.87161
G0 F9000 X136.784 Y163.367
G1 F3600 X131.791 Y182.001 E2353.85973
G1 X131.74 Y182.051
G1 X130.609 Y180.92 E2353.94165
G0 F9000 X130.609 Y181.227
G1 F3600 X136.996 Y179.516 E2354.28033
G0 F9000 X136.763 Y179.516
G0 X136.959 Y180.008
G0 X137.194 Y180.247
G0 X137.683 Y180.504
G0 X137.72 Y180.275
G1 F3600 X135.994 Y186.718 E2354.62199
G0 F9000 X135.995 Y186.486
G0 X139.61 Y179.838
G0 X139.722 Y176.115
G0 X139.491 Y176.114
G1 F3600 X142.997 Y175.175 E2354.80789
G0 F9000 X142.997 Y174.641
G1 F3600 X139.492 Y171.135 E2355.06182
G0 F9000 X139.493 Y170.647
G1 F3600 X142.994 Y169.709 E2355.24747
G0 F9000 X142.762 Y169.709
G0 X142.763 Y172.442
G0 X142.996 Y172.442
G1 F3600 X139.492 Y173.381 E2355.43328
G1 F1500 E2353.43328
G0 F9000 X139.723 Y173.382
G0 X142.821 Y167.174
G0 X145.581 Y158.42
G0 X139.338 Y159.548
G0 X139.338 Y159.78
G1 F1500 E2355.43328
G1 F3600 X130.491 Y150.933 E2356.07413
G0 F9000 X130.491 Y151.194
G1 F3600 X143.047 Y147.83 E2356.73994
G0 F9000 X142.996 Y148.504
G1 F3600 X134.711 Y140.219 E2357.34008
G1 X134.788 Y140.218
G1 X130.491 Y156.252 E2358.19033
G0 F9000 X130.492 Y156.66
G1 F3600 X142.996 Y153.31 E2358.85338
G0 F9000 X143.314 Y152.555
G1 F3600 X130.977 Y140.219 E2359.747
G0 F9000 X130.65 Y140.219
G1 F3600 X130.492 Y140.262 E2359.75538
G0 F9000 X130.693 Y140.421
G0 X132.054 Y140.451
G0 X132.054 Y140.219
G1 F3600 X130.491 Y146.052 E2360.06469
G0 F9000 X130.492 Y145.728
G1 F3600 X143.005 Y142.375 E2360.72823
G0 F9000 X143.717 Y141.758
G1 F3600 X142.178 Y140.219 E2360.83971
G0 F9000 X142.987 Y140.219
G1 F3600 X137.745 Y159.781 E2361.87704
G0 F9000 X137.745 Y159.548
G0 X139.25 Y159.548
G0 X139.25 Y159.78
G1 F3600 X144.966 Y158.248 E2362.18015
G0 F9000 X145.273 Y158.248
G1 F3600 X146.805 Y159.78 E2362.29112
G0 F9000 X145.945 Y159.781
G1 F3600 X146.355 Y158.248 E2362.3724
G0 F9000 X146.355 Y158.48
G0 X149.006 Y158.48
G0 X149.006 Y158.248
G1 F3600 X150.538 Y159.78 E2362.48337
G0 F9000 X151.411 Y159.78
G1 F3600 X151.822 Y158.248 E2362.56462
G0 F9000 X152.74 Y158.248
G1 F3600 X154.272 Y159.78 E2362.67559
G1 X154.144 Y159.781
G1 X154.555 Y158.248 E2362.75689
G0 F9000 X155.166 Y158.248
G1 F3600 X149.45 Y159.78 E2363.06
G0 F9000 X148.678 Y159.781
G1 F3600 X149.089 Y158.247 E2363.14134
G0 F9000 X149.089 Y158.48
G0 X143.59 Y158.455
G0 X143.628 Y158.227
G1 F3600 X143.212 Y159.78 E2363.22369
G1 X143.071 Y159.78
G1 X130.491 Y147.2 E2364.13495
G0 F9000 X130.725 Y147.2
G0 X130.725 Y148.461
G0 X130.492 Y148.461
G1 F3600 X142.996 Y145.11 E2364.79801
G0 F9000 X142.996 Y144.771
G1 F3600 X138.444 Y140.219 E2365.12774
G0 F9000 X137.521 Y140.219
G1 F3600 X132.279 Y159.781 E2366.16507
G0 F9000 X131.87 Y159.78
G1 F3600 X130.491 Y158.4 E2366.265
G0 F9000 X130.491 Y159.394
G1 F3600 X142.995 Y156.043 E2366.92806
G1 X142.996 Y155.971
G1 X130.491 Y143.466 E2367.83388
G0 F9000 X130.491 Y142.995
G1 F3600 X140.85 Y140.219 E2368.3832
G0 F9000 X140.254 Y140.219
G1 F3600 X135.012 Y159.78 E2369.42048
G0 F9000 X135.604 Y159.78
G1 F3600 X130.491 Y154.667 E2369.79085
G0 F9000 X130.492 Y153.927
G1 F3600 X142.996 Y150.577 E2370.4539
G1 X142.996 Y150.386
G1 X140.478 Y159.781 E2370.9521
G0 F9000 X140.478 Y159.548
G0 X156.474 Y158.48
G0 X156.474 Y158.248
G1 F3600 X158.005 Y159.78 E2371.06304
G0 F9000 X158.005 Y159.548
G0 X156.877 Y159.548
G0 X156.877 Y159.78
G1 F3600 X157.288 Y158.247 E2371.14433
G0 F9000 X157.288 Y158.48
G0 X160.021 Y158.48
G0 X160.021 Y158.248
G1 F3600 X159.61 Y159.781 E2371.22562
G1 X159.651 Y159.78
G1 X165.366 Y158.248 E2371.52869
G1 X165.487 Y158.247
G1 X165.077 Y159.78 E2371.60997
G0 F9000 X165.472 Y159.78
G1 F3600 X163.941 Y158.248 E2371.7209
G0 F9000 X163.941 Y158.48
G0 X162.754 Y158.48
G0 X162.754 Y158.247
G1 F3600 X162.343 Y159.781 E2371.80225
G0 F9000 X161.739 Y159.78
G1 F3600 X160.207 Y158.248 E2371.91322
G1 F1500 E2369.91322
G0 F9000 X160.207 Y158.48
G0 X166.85 Y158.394
G0 X169.123 Y158.394
G0 X169.222 Y157.277
G0 X168.991 Y157.277
G1 F1500 E2371.91322
G1 F3600 X181.495 Y153.926 E2372.57628
G0 F9000 X181.496 Y153.403
G1 F3600 X168.99 Y140.897 E2373.48218
G1 X168.991 Y140.878
G1 X181.495 Y137.528 E2374.14523
G0 F9000 X181.264 Y137.528
G0 X181.264 Y140.261
G0 X181.495 Y140.261
G1 F3600 X168.99 Y143.612 E2374.80834
G0 F9000 X169.221 Y143.613
G0 X169.22 Y146.346
G0 X168.988 Y146.345
G1 F3600 X181.496 Y142.994 E2375.4716
G0 F9000 X181.496 Y142.202
G1 F3600 X175.107 Y135.813 E2375.9344
G0 F9000 X175.109 Y136.506
G1 F3600 X181.496 Y134.794 E2376.2731
G1 X181.496 Y134.735
G1 X175.107 Y128.346 E2376.7359
G1 X175.108 Y128.307
G1 X181.496 Y126.595 E2377.07464
G0 F9000 X181.496 Y127.268
G1 F3600 X175.107 Y120.878 E2377.53747
G0 F9000 X175.019 Y120.131
G1 F3600 X181.495 Y118.396 E2377.88088
G0 F9000 X181.495 Y118.905
G1 F3600 X169.492 Y163.701 E2380.2563
G0 F9000 X169.723 Y163.702
G0 X169.618 Y163.211
G0 X169.208 Y162.657
G0 X168.993 Y162.743
G1 F3600 X181.495 Y159.393 E2380.91925
G0 F9000 X181.496 Y159.705
G1 F3600 X174.257 Y186.72 E2382.35179
G0 F9000 X173.744 Y186.719
G1 F3600 X167.301 Y180.276 E2382.8185
G0 F9000 X167.301 Y180.508
G0 X165.051 Y180.508
G0 X165.051 Y180.275
G1 F3600 X163.325 Y186.72 E2383.16025
G0 F9000 X162.543 Y186.719
G1 F3600 X156.1 Y180.276 E2383.62696
G0 F9000 X156.852 Y180.275
G1 F3600 X155.125 Y186.719 E2383.96867
G0 F9000 X155.126 Y186.487
G0 X160.592 Y186.487
G0 X160.591 Y186.719
G1 F3600 X162.318 Y180.275 E2384.31039
G0 F9000 X162.318 Y180.508
G0 X161.115 Y186.487
G0 X161.114 Y186.719
G1 F3600 X175.917 Y182.752 E2385.09536
G0 F9000 X176.392 Y181.9
G1 F3600 X174.686 Y180.194 E2385.21894
G0 F9000 X174.77 Y180.411
G0 X173.766 Y180.44
G0 X173.13 Y180.281
G0 X173.293 Y180.118
G1 F3600 X171.524 Y186.72 E2385.56902
G1 X171.313 Y186.719
G1 X176.598 Y185.303 E2385.84927
G0 F9000 X176.433 Y185.466
G0 X176.072 Y185.017
G0 X175.842 Y184.617
G0 X175.593 Y183.529
G0 X175.339 Y174.771
G0 X175.107 Y174.77
G1 F3600 X181.495 Y173.058 E2386.18802
G0 F9000 X181.496 Y172.07
G1 F3600 X175.107 Y165.681 E2386.65082
G0 F9000 X175.108 Y166.57
G1 F3600 X181.496 Y164.859 E2386.98955
G0 F9000 X181.496 Y164.603
G1 F3600 X168.964 Y152.071 E2387.89733
G0 F9000 X168.989 Y151.811
G1 F3600 X181.496 Y148.46 E2388.56054
G0 F9000 X181.264 Y148.46
G0 X181.264 Y151.193
G0 X181.496 Y151.193
G1 F3600 X168.989 Y154.544 E2389.22375
G1 F1500 E2387.22375
G0 F9000 X169.221 Y154.544
G0 X169.143 Y148.005
G0 X166.85 Y141.606
G0 X166.112 Y141.52
G0 X166.112 Y141.752
G1 F1500 E2389.22375
G1 F3600 X164.579 Y140.219 E2389.33479
G0 F9000 X164.852 Y140.218
G1 F3600 X164.441 Y141.753 E2389.41619
G0 F9000 X164.441 Y141.52
G0 X165.728 Y141.52
G0 X165.728 Y141.752
G1 F3600 X166.996 Y141.413 E2389.48342
G0 F9000 X166.764 Y141.413
G0 X162.379 Y141.52
G0 X162.379 Y141.752
G1 F3600 X160.846 Y140.219 E2389.59446
G0 F9000 X161.251 Y140.219
G1 F3600 X155.529 Y141.752 E2389.89788
G0 F9000 X154.912 Y141.752
G1 F3600 X153.379 Y140.219 E2390.00893
G0 F9000 X153.92 Y140.218
G1 F3600 X153.508 Y141.753 E2390.09034
G0 F9000 X153.508 Y141.52
G0 X151.178 Y141.52
G0 X151.178 Y141.752
G1 F3600 X149.645 Y140.219 E2390.20138
G0 F9000 X149.645 Y140.451
G0 X148.453 Y140.451
G0 X148.453 Y140.218
G1 F3600 X148.042 Y141.752 E2390.28272
G0 F9000 X147.444 Y141.752
G1 F3600 X145.911 Y140.219 E2390.39377
G1 X145.72 Y140.219
G1 X145.309 Y141.753 E2390.47511
G1 X145.329 Y141.752
G1 X151.05 Y140.219 E2390.77849
G1 X151.186 Y140.219
G1 X150.775 Y141.753 E2390.85983
G0 F9000 X150.775 Y141.52
G0 X156.242 Y141.52
G0 X156.242 Y141.752
G1 F3600 X156.653 Y140.219 E2390.94112
G0 F9000 X157.112 Y140.219
G1 F3600 X158.645 Y141.752 E2391.05217
G0 F9000 X158.975 Y141.753
G1 F3600 X159.386 Y140.218 E2391.13356
G0 F9000 X159.386 Y140.451
G0 X162.119 Y140.451
G0 X162.119 Y140.218
G1 F3600 X161.708 Y141.752 E2391.21491
G1 F1500 E2389.21491
G0 F9000 X161.708 Y141.52
G0 X166.85 Y140.365
G0 X169.142 Y140.367
G0 X169.608 Y136.96
G0 X169.721 Y135.279
G0 X169.49 Y135.278
G1 F1500 E2391.21491
G1 F3600 X172.998 Y134.338 E2391.40093
G0 F9000 X172.999 Y133.705
G1 F3600 X169.49 Y130.196 E2391.65511
G0 F9000 X169.491 Y129.812
G1 F3600 X172.997 Y128.872 E2391.84103
G0 F9000 X172.765 Y128.872
G0 X172.766 Y131.605
G0 X172.998 Y131.605
G1 F3600 X169.49 Y132.545 E2392.02705
G0 F9000 X169.721 Y132.546
G0 X169.723 Y124.346
G0 X169.492 Y124.345
G1 F3600 X172.996 Y123.406 E2392.21286
G0 F9000 X172.997 Y122.502
G1 F3600 X163.771 Y113.276 E2392.88116
G1 X163.872 Y113.275
G1 X162.145 Y119.721 E2393.22297
G0 F9000 X162.748 Y119.72
G1 F3600 X156.304 Y113.276 E2393.68976
G0 F9000 X155.672 Y113.276
G1 F3600 X153.946 Y119.72 E2394.03146
G0 F9000 X153.946 Y119.488
G0 X155.281 Y119.488
G0 X155.281 Y119.72
G1 F3600 X148.837 Y113.276 E2394.49824
G0 F9000 X148.837 Y113.508
G0 X147.473 Y113.508
G0 X147.473 Y113.276
G1 F3600 X145.746 Y119.72 E2394.83996
G1 X145.95 Y119.721
G1 X170.003 Y113.276 E2396.11543
G0 F9000 X169.338 Y113.276
G1 F3600 X167.611 Y119.72 E2396.45714
G0 F9000 X167.611 Y119.488
G0 X168.874 Y119.549
G0 X169.373 Y119.796
G0 X169.61 Y120.157
G0 X169.723 Y121.613
G0 X169.493 Y121.612
G1 F3600 X172.995 Y120.673 E2396.64285
G0 F9000 X172.764 Y120.673
G0 X172.878 Y120.159
G0 X172.996 Y119.933
G0 X173.216 Y119.714
G0 X173.949 Y119.489
G0 X173.949 Y119.721
G1 F3600 X167.504 Y113.276 E2397.10971
G0 F9000 X166.605 Y113.275
G1 F3600 X164.878 Y119.721 E2397.45152
G1 F1500 E2395.45152
G0 F9000 X164.878 Y119.488
G0 X143.629 Y119.549
G0 X143.274 Y119.657
G0 X142.996 Y119.933
G0 X142.878 Y120.159
G0 X142.764 Y128.712
G0 X142.996 Y128.712
G1 F1500 E2397.45152
G1 F3600 X139.493 Y129.65 E2397.63726
G0 F9000 X139.724 Y129.65
G0 X139.724 Y132.384
G0 X139.492 Y132.384
G1 F3600 X142.996 Y131.445 E2397.82307
G1 F1500 E2395.82307
G0 F9000 X142.764 Y131.445
G0 X139.61 Y120.157
G0 X139.373 Y119.796
G0 X139.107 Y119.622
G0 X138.84 Y119.553
G0 X137.496 Y119.582
G0 X137.255 Y119.69
G0 X136.99 Y119.955
G0 X131.124 Y136.4
G0 X131.124 Y136.632
G1 F1500 E2397.82307
G1 F3600 X130.608 Y136.116 E2397.86045
G1 F1500 E2395.86045
G0 F9000 X130.84 Y136.116
G0 X136.961 Y119.984
G0 X137.255 Y119.69
G0 X137.705 Y119.549
G0 X168.874 Y119.549
G0 X169.373 Y119.796
G0 X169.61 Y120.157
G0 X169.722 Y170.81
G0 X169.491 Y170.809
G1 F1500 E2397.86045
G1 F3600 X172.996 Y169.869 E2398.04632
G1 F1500 E2396.04632
G0 F9000 X172.765 Y169.869
G0 X169.643 Y163.499
G0 X168.092 Y164.153
G0 X150 Y164.165
G0 X150 Y161.18
;TYPE:SKIN
G1 F1500 E2398.04632
G1 F1800 X130.8 Y161.18 E2399.02976
G1 X130.797 Y159.824 E2399.09922
G1 X166.688 Y159.824 E2400.93757
G1 X166.688 Y161.18 E2401.00703
G1 X150 Y161.18 E2401.8618
G1 F1500 E2399.8618
G0 F9000 X150 Y159.628
G0 X166.267 Y159.548
G0 X166.267 Y160.044
G1 F1500 E2401.8618
G1 F1800 X166.468 Y160.246 E2401.87639
G0 F9000 X166.468 Y160.868
G1 F1800 X165.645 Y160.044 E2401.93605
G0 F9000 X165.022 Y160.044
G1 F1800 X165.938 Y160.96 E2402.0024
G0 F9000 X165.316 Y160.96
G1 F1800 X164.4 Y160.044 E2402.06875
G0 F9000 X163.778 Y160.044
G1 F1800 X164.694 Y160.96 E2402.1351
G0 F9000 X164.071 Y160.96
G1 F1800 X163.156 Y160.044 E2402.20142
G0 F9000 X162.533 Y160.044
G1 F1800 X163.449 Y160.96 E2402.26777
G0 F9000 X162.827 Y160.96
G1 F1800 X161.911 Y160.044 E2402.33412
G0 F9000 X161.289 Y160.044
G1 F1800 X162.205 Y160.96 E2402.40048
G0 F9000 X161.582 Y160.96
G1 F1800 X160.667 Y160.044 E2402.46679
G0 F9000 X160.044 Y160.044
G1 F1800 X160.96 Y160.96 E2402.53314
G0 F9000 X160.338 Y160.96
G1 F1800 X159.422 Y160.044 E2402.5995
G0 F9000 X158.8 Y160.044
G1 F1800 X159.716 Y160.96 E2402.66585
G0 F9000 X159.093 Y160.96
G1 F1800 X158.178 Y160.044 E2402.73216
G0 F9000 X157.555 Y160.044
G1 F1800 X158.471 Y160.96 E2402.79852
G0 F9000 X157.849 Y160.96
G1 F1800 X156.933 Y160.044 E2402.86487
G0 F9000 X156.311 Y160.044
G1 F1800 X157.227 Y160.96 E2402.93122
G0 F9000 X156.604 Y160.96
G1 F1800 X155.689 Y160.044 E2402.99754
G0 F9000 X155.066 Y160.044
G1 F1800 X155.982 Y160.96 E2403.06389
G0 F9000 X155.36 Y160.96
G1 F1800 X154.444 Y160.044 E2403.13024
G0 F9000 X153.822 Y160.044
G1 F1800 X154.738 Y160.96 E2403.19659
G0 F9000 X154.115 Y160.96
G1 F1800 X153.2 Y160.044 E2403.26291
G0 F9000 X152.577 Y160.044
G1 F1800 X153.493 Y160.96 E2403.32926
G0 F9000 X152.871 Y160.96
G1 F1800 X151.955 Y160.044 E2403.39561
G0 F9000 X151.333 Y160.044
G1 F1800 X152.249 Y160.96 E2403.46197
G0 F9000 X151.626 Y160.96
G1 F1800 X150.711 Y160.044 E2403.52828
G0 F9000 X150.088 Y160.044
G1 F1800 X151.004 Y160.96 E2403.59463
G0 F9000 X150.382 Y160.96
G1 F1800 X149.466 Y160.044 E2403.66099
G0 F9000 X148.844 Y160.044
G1 F1800 X149.76 Y160.96 E2403.72734
G0 F9000 X149.137 Y160.96
G1 F1800 X148.222 Y160.044 E2403.79365
G0 F9000 X147.599 Y160.044
G1 F1800 X148.515 Y160.96 E2403.86001
G0 F9000 X147.893 Y160.96
G1 F1800 X146.977 Y160.044 E2403.92636
G0 F9000 X146.355 Y160.044
G1 F1800 X147.271 Y160.96 E2403.99271
G0 F9000 X146.648 Y160.96
G1 F1800 X145.733 Y160.044 E2404.05903
G0 F9000 X145.11 Y160.044
G1 F1800 X146.026 Y160.96 E2404.12538
G0 F9000 X145.404 Y160.96
G1 F1800 X144.488 Y160.044 E2404.19173
G0 F9000 X143.866 Y160.044
G1 F1800 X144.782 Y160.96 E2404.25808
G0 F9000 X144.159 Y160.96
G1 F1800 X143.244 Y160.044 E2404.3244
G0 F9000 X142.621 Y160.044
G1 F1800 X143.537 Y160.96 E2404.39075
G0 F9000 X142.915 Y160.96
G1 F1800 X141.999 Y160.044 E2404.4571
G0 F9000 X141.377 Y160.044
G1 F1800 X142.293 Y160.96 E2404.52346
G0 F9000 X141.67 Y160.96
G1 F1800 X140.755 Y160.044 E2404.58977
G0 F9000 X140.132 Y160.044
G1 F1800 X141.048 Y160.96 E2404.65612
G0 F9000 X140.426 Y160.96
G1 F1800 X139.51 Y160.044 E2404.72248
G0 F9000 X138.888 Y160.044
G1 F1800 X139.803 Y160.96 E2404.78879
G0 F9000 X139.181 Y160.96
G1 F1800 X138.266 Y160.044 E2404.85511
G0 F9000 X137.643 Y160.044
G1 F1800 X138.559 Y160.96 E2404.92146
G0 F9000 X137.937 Y160.96
G1 F1800 X137.021 Y160.044 E2404.98781
G0 F9000 X136.399 Y160.044
G1 F1800 X137.314 Y160.96 E2405.05413
G0 F9000 X136.692 Y160.96
G1 F1800 X135.777 Y160.044 E2405.12044
G0 F9000 X135.154 Y160.044
G1 F1800 X136.07 Y160.96 E2405.1868
G0 F9000 X135.448 Y160.96
G1 F1800 X134.532 Y160.044 E2405.25315
G0 F9000 X133.91 Y160.044
G1 F1800 X134.825 Y160.96 E2405.31946
G0 F9000 X134.203 Y160.96
G1 F1800 X133.288 Y160.044 E2405.38578
G0 F9000 X132.665 Y160.044
G1 F1800 X133.581 Y160.96 E2405.45213
G0 F9000 X132.959 Y160.96
G1 F1800 X132.043 Y160.044 E2405.51848
G0 F9000 X131.421 Y160.044
G1 F1800 X132.336 Y160.96 E2405.5848
G0 F9000 X131.714 Y160.96
G1 F1800 X131.017 Y160.263 E2405.63529
G0 F9000 X131.019 Y160.887
G1 F1800 X131.092 Y160.96 E2405.64058
G1 F1500 E2403.64058
G0 F9000 X131.092 Y159.598
G0 X143.009 Y141.947
G0 X143.193 Y141.763
G0 X150 Y140.451
G0 X150 Y140.172
G1 F1500 E2405.64058
G1 F1800 X130.797 Y140.172 E2406.62417
G1 X130.8 Y138.82 E2406.69342
G1 X166.688 Y138.816 E2408.53162
G1 X166.688 Y140.172 E2408.60108
G1 X150 Y140.172 E2409.45585
G1 F1500 E2407.45585
G0 F9000 X150 Y140.451
G0 X165.794 Y140.371
G0 X165.794 Y139.037
G1 F1500 E2409.45585
G1 F1800 X166.468 Y139.712 E2409.50471
G0 F9000 X166.087 Y139.952
G1 F1800 X165.172 Y139.037 E2409.57099
G0 F9000 X164.549 Y139.037
G1 F1800 X165.464 Y139.952 E2409.63726
G0 F9000 X164.842 Y139.952
G1 F1800 X163.927 Y139.037 E2409.70354
G0 F9000 X163.305 Y139.037
G1 F1800 X164.22 Y139.952 E2409.76982
G0 F9000 X163.598 Y139.952
G1 F1800 X162.683 Y139.037 E2409.8361
G0 F9000 X162.06 Y139.037
G1 F1800 X162.975 Y139.952 E2409.90238
G0 F9000 X162.353 Y139.952
G1 F1800 X161.438 Y139.037 E2409.96866
G0 F9000 X160.816 Y139.037
G1 F1800 X161.731 Y139.952 E2410.03494
G0 F9000 X161.109 Y139.952
G1 F1800 X160.194 Y139.038 E2410.10119
G0 F9000 X159.572 Y139.038
G1 F1800 X160.486 Y139.952 E2410.16739
G0 F9000 X159.864 Y139.952
G1 F1800 X158.95 Y139.038 E2410.2336
G0 F9000 X158.328 Y139.038
G1 F1800 X159.242 Y139.952 E2410.29981
G0 F9000 X158.62 Y139.952
G1 F1800 X157.705 Y139.038 E2410.36605
G0 F9000 X157.083 Y139.038
G1 F1800 X157.997 Y139.952 E2410.43226
G0 F9000 X157.375 Y139.952
G1 F1800 X156.461 Y139.038 E2410.49847
G0 F9000 X155.839 Y139.038
G1 F1800 X156.753 Y139.952 E2410.56467
G0 F9000 X156.131 Y139.952
G1 F1800 X155.216 Y139.038 E2410.63092
G0 F9000 X154.595 Y139.038
G1 F1800 X155.508 Y139.952 E2410.69709
G0 F9000 X154.886 Y139.952
G1 F1800 X153.973 Y139.038 E2410.76326
G0 F9000 X153.35 Y139.038
G1 F1800 X154.264 Y139.952 E2410.82947
G0 F9000 X153.642 Y139.952
G1 F1800 X152.728 Y139.038 E2410.89567
G0 F9000 X152.106 Y139.038
G1 F1800 X153.019 Y139.952 E2410.96185
G0 F9000 X152.397 Y139.952
G1 F1800 X151.483 Y139.038 E2411.02805
G0 F9000 X150.861 Y139.038
G1 F1800 X151.775 Y139.952 E2411.09426
G0 F9000 X151.153 Y139.952
G1 F1800 X150.239 Y139.038 E2411.16047
G0 F9000 X149.617 Y139.038
G1 F1800 X150.53 Y139.952 E2411.22664
G0 F9000 X149.908 Y139.952
G1 F1800 X148.994 Y139.038 E2411.29285
G0 F9000 X148.373 Y139.039
G1 F1800 X149.286 Y139.952 E2411.35898
G0 F9000 X148.664 Y139.952
G1 F1800 X147.751 Y139.039 E2411.42512
G0 F9000 X147.128 Y139.039
G1 F1800 X148.041 Y139.952 E2411.49125
G0 F9000 X147.419 Y139.952
G1 F1800 X146.506 Y139.039 E2411.55739
G0 F9000 X145.884 Y139.039
G1 F1800 X146.797 Y139.952 E2411.62352
G0 F9000 X146.175 Y139.952
G1 F1800 X145.262 Y139.039 E2411.68966
G0 F9000 X144.639 Y139.039
G1 F1800 X145.552 Y139.952 E2411.75579
G0 F9000 X144.93 Y139.952
G1 F1800 X144.017 Y139.039 E2411.82193
G0 F9000 X143.395 Y139.039
G1 F1800 X144.308 Y139.952 E2411.88806
G0 F9000 X143.686 Y139.952
G1 F1800 X142.773 Y139.04 E2411.95416
G0 F9000 X142.151 Y139.04
G1 F1800 X143.063 Y139.952 E2412.02022
G0 F9000 X142.441 Y139.952
G1 F1800 X141.529 Y139.04 E2412.08628
G0 F9000 X140.907 Y139.04
G1 F1800 X141.819 Y139.952 E2412.15235
G0 F9000 X141.196 Y139.952
G1 F1800 X140.284 Y139.04 E2412.21841
G0 F9000 X139.662 Y139.04
G1 F1800 X140.574 Y139.952 E2412.28447
G0 F9000 X139.952 Y139.952
G1 F1800 X139.04 Y139.04 E2412.35053
G0 F9000 X138.418 Y139.04
G1 F1800 X139.33 Y139.952 E2412.4166
G0 F9000 X138.707 Y139.952
G1 F1800 X137.795 Y139.04 E2412.48266
G0 F9000 X137.173 Y139.04
G1 F1800 X138.085 Y139.952 E2412.54872
G0 F9000 X137.463 Y139.952
G1 F1800 X136.552 Y139.041 E2412.61471
G0 F9000 X135.929 Y139.041
G1 F1800 X136.841 Y139.952 E2412.68074
G0 F9000 X136.218 Y139.952
G1 F1800 X135.307 Y139.041 E2412.74673
G0 F9000 X134.685 Y139.041
G1 F1800 X135.596 Y139.952 E2412.81272
G0 F9000 X134.974 Y139.952
G1 F1800 X134.062 Y139.041 E2412.87874
G0 F9000 X133.44 Y139.041
G1 F1800 X134.352 Y139.952 E2412.94477
G0 F9000 X133.729 Y139.952
G1 F1800 X132.818 Y139.041 E2413.01076
G0 F9000 X132.196 Y139.041
G1 F1800 X133.107 Y139.952 E2413.07675
G0 F9000 X132.485 Y139.952
G1 F1800 X131.573 Y139.041 E2413.14278
G0 F9000 X131.018 Y139.108
G1 F1800 X131.863 Y139.952 E2413.20395
G0 F9000 X131.24 Y139.952
G1 F1800 X131.017 Y139.729 E2413.2201
G0 F9000 X131.017 Y140.451
G0 X130.725 Y155.71
G0 X130.445 Y155.71
G1 F1800 X130.186 Y155.541 E2413.23594
G1 X129.882 Y155.454 E2413.25214
G1 X121.56 Y155.443 E2413.6784
G1 X121.726 Y155.274 E2413.69053
G1 X121.903 Y155.033 E2413.70585
G1 X122.045 Y154.76 E2413.72161
G1 X122.154 Y154.431 E2413.73936
G1 X122.206 Y154.103 E2413.75637
G1 X122.206 Y145.889 E2414.1771
G1 X122.154 Y145.561 E2414.19411
G1 X122.044 Y145.23 E2414.21197
G1 X121.904 Y144.964 E2414.22737
G1 X121.748 Y144.744 E2414.24118
G1 X121.563 Y144.556 E2414.25469
G1 X129.861 Y144.552 E2414.67972
G1 X130.184 Y144.457 E2414.69697
G1 X130.448 Y144.294 E2414.71286
G1 X130.445 Y155.71 E2415.29759
G1 F1500 E2413.29759
G0 F9000 X130.725 Y155.71
G0 X130.663 Y159.519
G0 X129.08 Y159.519
G0 X122.119 Y157.165
G0 X122.119 Y155.099
G1 F1500 E2415.29759
G1 F1800 X122.245 Y155.224 E2415.30668
G0 F9000 X122.308 Y154.665
G1 F1800 X122.867 Y155.224 E2415.34718
G0 F9000 X123.489 Y155.224
G1 F1800 X122.414 Y154.149 E2415.42505
G0 F9000 X122.427 Y153.54
G1 F1800 X124.112 Y155.225 E2415.5471
G0 F9000 X124.734 Y155.225
G1 F1800 X122.427 Y152.917 E2415.71425
G0 F9000 X122.426 Y152.295
G1 F1800 X125.357 Y155.225 E2415.92653
G0 F9000 X125.98 Y155.225
G1 F1800 X122.426 Y151.672 E2416.18393
G0 F9000 X122.426 Y151.049
G1 F1800 X126.602 Y155.225 E2416.48643
G0 F9000 X127.225 Y155.226
G1 F1800 X122.425 Y150.426 E2416.83412
G0 F9000 X122.425 Y149.804
G1 F1800 X127.847 Y155.226 E2417.22688
G0 F9000 X128.47 Y155.227
G1 F1800 X122.424 Y149.181 E2417.66483
G0 F9000 X122.424 Y148.559
G1 F1800 X129.092 Y155.227 E2418.14784
G0 F9000 X129.714 Y155.227
G1 F1800 X122.424 Y147.936 E2418.67594
G0 F9000 X122.424 Y147.314
G1 F1800 X130.228 Y155.118 E2419.24124
G0 F9000 X130.228 Y154.496
G1 F1800 X122.423 Y146.691 E2419.80661
G0 F9000 X122.423 Y146.068
G1 F1800 X130.228 Y153.874 E2420.37201
G0 F9000 X130.228 Y153.251
G1 F1800 X122.311 Y145.334 E2420.9455
G0 F9000 X122.375 Y144.776
G1 F1800 X130.228 Y152.629 E2421.51434
G0 F9000 X130.228 Y152.007
G1 F1800 X122.997 Y144.776 E2422.03813
G0 F9000 X123.619 Y144.775
G1 F1800 X130.228 Y151.384 E2422.51687
G0 F9000 X130.228 Y150.762
G1 F1800 X124.241 Y144.775 E2422.95055
G0 F9000 X124.862 Y144.774
G1 F1800 X130.228 Y150.14 E2423.33925
G0 F9000 X130.228 Y149.518
G1 F1800 X125.485 Y144.774 E2423.68285
G0 F9000 X126.106 Y144.774
G1 F1800 X130.228 Y148.895 E2423.9814
G0 F9000 X130.228 Y148.273
G1 F1800 X126.728 Y144.774 E2424.23489
G0 F9000 X127.35 Y144.773
G1 F1800 X130.228 Y147.651 E2424.44336
G0 F9000 X130.228 Y147.029
G1 F1800 X127.972 Y144.773 E2424.60678
G0 F9000 X128.594 Y144.772
G1 F1800 X130.228 Y146.406 E2424.72514
G0 F9000 X130.228 Y145.784
G1 F1800 X129.216 Y144.772 E2424.79845
G0 F9000 X129.838 Y144.772
G1 F1800 X130.228 Y145.162 E2424.8267
G0 F9000 X131.065 Y145.162
G1 F1500 E2422.8267
;MESH:NONMESH
G0 F300 Z2.24
G0 F9000 X130.651 Y140.379
G0 X129.08 Y140.351
G0 X129.091 Y136.297
G0 X129.196 Y134.663
G0 X130.78 Y134.663
G0 X133.77 Y119.23
G0 X133.809 Y118.914
;TIME_ELAPSED:2343.623549
;LAYER:7
;TYPE:WALL-INNER
;MESH:din-rail-clip-mount.stl
G1 F1500 E2424.8267
G1 F1800 X133.574 Y118.887 E2424.83882
G1 X132.699 Y118.654 E2424.8852
G1 X132.399 Y118.482 E2424.90291
G1 X131.759 Y117.838 E2424.94941
G1 X131.591 Y117.545 E2424.96671
G1 F1537.9 X131.282 Y116.692 E2425.0211
G1 F1294.1 X131.246 Y116.631 E2425.02615
G1 F1239.4 X131.256 Y116.301 E2425.05071
G1 F1182.1 X131.333 Y115.914 E2425.08148
G1 F1166.4 X131.528 Y115.323 E2425.13068
G1 F1205.5 X131.686 Y115.082 E2425.15272
G1 F1175.1 X131.868 Y114.868 E2425.17476
G1 F1166.4 X132.399 Y114.384 E2425.23155
G1 F1183.9 X132.736 Y114.203 E2425.26134
G1 F1211 X133.651 Y113.997 E2425.33274
G1 F1466.7 X133.918 Y114.106 E2425.35087
G1 F1783.8 X134.792 Y114.346 E2425.39772
G1 F1800 X135.087 Y114.517 E2425.41518
G1 X135.727 Y115.157 E2425.46154
G1 X135.898 Y115.454 E2425.4791
G1 X136.13 Y116.326 E2425.52532
G1 X136.14 Y116.627 E2425.54074
G1 X135.871 Y117.641 E2425.59448
G1 X135.73 Y117.832 E2425.60664
G1 X135.09 Y118.48 E2425.65329
G1 X134.893 Y118.628 E2425.66591
G1 X133.809 Y118.914 E2425.72333
G1 F1500 E2423.72333
G0 F9000 X137.744 Y137.138
G1 F1500 E2425.72333
G1 F1970.1 X138.855 Y137.134 E2425.77532
G1 F1500 E2423.77532
G0 F9000 X143.744 Y137.138
G1 F1500 E2425.77532
G1 F2000 X168.244 Y137.138 E2426.90474
G1 F1500 E2424.90474
G0 F9000 X173.677 Y137.16
G1 F1500 E2426.90474
G1 F1800 X173.416 Y137.074 E2426.91881
G1 X173.194 Y136.865 E2426.93443
G1 X173.086 Y136.558 E2426.9511
G1 X173.084 Y120.468 E2427.77524
G1 X173.122 Y120.245 E2427.78682
G1 X173.207 Y120.084 E2427.79615
G1 X173.365 Y119.927 E2427.80756
G1 X173.681 Y119.811 E2427.8248
G1 X174.463 Y119.806 E2427.86486
G1 X174.687 Y119.893 E2427.87716
G1 X174.902 Y120.09 E2427.8921
G1 X175.019 Y120.431 E2427.91057
G1 X175.02 Y136.584 E2428.73793
G1 X174.916 Y136.857 E2428.7529
G1 X174.766 Y137.022 E2428.76432
G1 X174.444 Y137.155 E2428.78216
G1 X173.677 Y137.16 E2428.82145
G1 F1500 E2426.82145
G0 F9000 X178.31 Y118.914
G1 F1500 E2428.82145
G1 F1800 X178.074 Y118.887 E2428.83362
G1 X177.091 Y118.625 E2428.88572
G1 X176.899 Y118.482 E2428.89799
G1 X176.259 Y117.838 E2428.94449
G1 X176.117 Y117.646 E2428.95672
G1 X175.826 Y116.57 E2429.01382
G1 X175.854 Y116.328 E2429.02629
G1 X176.09 Y115.452 E2429.07276
G1 X176.261 Y115.157 E2429.09023
G1 X176.901 Y114.517 E2429.13659
G1 X177.196 Y114.346 E2429.15405
G1 X178.13 Y114.098 E2429.20355
G1 X178.407 Y114.107 E2429.21775
G1 X178.692 Y114.183 E2429.23285
G1 F1455.9 X179.143 Y114.196 E2429.26143
G1 F1231.7 X179.39 Y114.274 E2429.28082
G1 F1469.4 X179.561 Y114.493 E2429.29825
G1 F1800 X180.307 Y115.24 E2429.35232
G1 X180.398 Y115.455 E2429.36428
G1 X180.652 Y116.41 E2429.4149
G1 X180.647 Y116.609 E2429.42509
G1 X180.399 Y117.542 E2429.47454
G1 X180.229 Y117.838 E2429.49203
G1 X179.588 Y118.482 E2429.53857
G1 X179.29 Y118.654 E2429.55619
G1 X178.31 Y118.914 E2429.60812
G1 F1500 E2427.60812
G0 F9000 X168.355 Y162.858
G1 F1500 E2429.60812
G1 F1941.2 X143.633 Y162.866 E2430.78231
G1 F1500 E2428.78231
G0 F9000 X138.744 Y162.862
G1 F1500 E2430.78231
G1 F1970.1 X137.633 Y162.866 E2430.8343
G1 F1500 E2428.8343
G0 F9000 X133.756 Y186.023
G1 F1500 E2430.8343
G1 F1168.1 X132.828 Y185.818 E2430.90931
G1 F1192.8 X132.551 Y185.705 E2430.93243
G1 F1243.3 X132.33 Y185.551 E2430.95241
G1 F1472.1 X131.96 Y185.039 E2430.99197
G1 X131.627 Y184.835 E2431.01643
G1 F1241.4 X131.494 Y184.571 E2431.03838
G1 F1466.7 X131.457 Y184.052 E2431.07109
G1 F1474.9 X131.246 Y183.631 E2431.10053
G1 F1239.4 X131.256 Y183.301 E2431.12509
G1 F1461.3 X131.59 Y182.452 E2431.18265
G1 F1800 X131.761 Y182.157 E2431.20012
G1 X132.401 Y181.517 E2431.24647
G1 X132.696 Y181.346 E2431.26394
G1 X133.572 Y181.11 E2431.31041
G1 X133.81 Y181.081 E2431.32269
G1 X134.895 Y181.374 E2431.38025
G1 X135.087 Y181.517 E2431.39252
G1 X135.727 Y182.157 E2431.43888
G1 X135.869 Y182.346 E2431.45099
G1 X136.14 Y183.369 E2431.50519
G1 X136.13 Y183.67 E2431.52062
G1 X135.898 Y184.542 E2431.56684
G1 X135.729 Y184.838 E2431.58429
G1 X135.089 Y185.482 E2431.6308
G1 X134.789 Y185.654 E2431.64851
G1 X134.17 Y185.819 E2431.68132
G1 F1432.2 X133.756 Y186.023 E2431.71103
G1 F1500 E2429.71103
G0 F9000 X150 Y186.805
G1 F1500 E2431.71103
G1 F1800 X178.607 Y186.808 E2433.1763
G1 X178.958 Y186.676 E2433.19551
G1 F1450.5 X179.332 Y186.422 E2433.22425
G1 F1229.8 X179.614 Y186.322 E2433.24668
G1 F1207.3 X180.062 Y186.132 E2433.28384
G1 F1200 X180.814 Y185.307 E2433.3696
G1 F1203.6 X181.08 Y184.988 E2433.40142
G1 F1196.4 X181.371 Y183.838 E2433.49284
G1 F1315.6 X181.584 Y183.429 E2433.52515
G1 F1440 X181.584 Y181.67 E2433.63777
G1 F1447.9 X181.584 Y179.911 E2433.74978
G1 F1455.9 X181.584 Y178.152 E2433.86117
G1 F1464 X181.584 Y176.393 E2433.97195
G1 F1472.1 X181.584 Y174.634 E2434.08212
G1 F1480.4 X181.584 Y172.875 E2434.19167
G1 F1488.7 X181.584 Y171.116 E2434.3006
G1 F1497.2 X181.584 Y169.357 E2434.40892
G1 F1505.7 X181.584 Y167.598 E2434.51663
G1 F1514.3 X181.584 Y165.839 E2434.62372
G1 F1523.1 X181.584 Y164.08 E2434.7302
G1 F1531.9 X181.584 Y162.321 E2434.83606
G1 F1540.9 X181.584 Y160.562 E2434.94131
G1 F1546.9 X181.584 Y158.803 E2435.04615
G1 F1556 X181.584 Y157.044 E2435.15038
G1 F1565.2 X181.584 Y155.285 E2435.25399
G1 F1574.6 X181.584 Y153.526 E2435.35699
G1 F1584 X181.584 Y151.767 E2435.45937
G1 F1593.6 X181.584 Y150.008 E2435.56114
G1 F1603.2 X181.584 Y148.249 E2435.6623
G1 F1613 X181.584 Y146.49 E2435.76284
G1 F1623 X181.584 Y144.731 E2435.86276
G1 F1633 X181.584 Y142.972 E2435.96207
G1 F1643.2 X181.584 Y141.213 E2436.06077
G1 F1653.4 X181.584 Y139.454 E2436.15885
G1 F1660.4 X181.584 Y137.695 E2436.25653
G1 F1670.9 X181.584 Y135.936 E2436.35359
G1 F1681.5 X181.584 Y134.177 E2436.45003
G1 F1692.3 X181.584 Y132.418 E2436.54586
G1 F1703.2 X181.584 Y130.659 E2436.64108
G1 F1714.3 X181.584 Y128.9 E2436.73568
G1 F1725.5 X181.584 Y127.141 E2436.82967
G1 F1736.8 X181.584 Y125.382 E2436.92304
G1 F1748.3 X181.584 Y123.623 E2437.0158
G1 F1760 X181.584 Y121.864 E2437.10794
G1 F1771.8 X181.584 Y120.105 E2437.19947
G1 F1783.8 X181.584 Y118.346 E2437.29039
G1 F1795.9 X181.584 Y116.587 E2437.38069
G1 F1800 X181.186 Y114.953 E2437.46683
G1 F1616.3 X180.105 Y113.738 E2437.5596
G1 F1346.9 X179.616 Y113.679 E2437.59331
G1 F1231.7 X179.342 Y113.581 E2437.61509
G1 F1455.9 X178.969 Y113.327 E2437.64367
G1 F1800 X178.606 Y113.188 E2437.66358
G1 X134.269 Y113.188 E2439.93455
G1 F1783.8 X133.98 Y113.228 E2439.94963
G1 F1466.7 X133.575 Y113.369 E2439.97659
G1 F1196.4 X132.614 Y113.516 E2440.05151
G1 F1200 X132.083 Y113.845 E2440.0995
G1 F1196.4 X131.355 Y114.386 E2440.1694
G1 X131.003 Y114.983 E2440.22281
G1 X130.649 Y115.739 E2440.28714
G1 F1231.7 X130.595 Y116.783 E2440.36539
G1 F1537.9 X130.52 Y117.687 E2440.41977
G1 F1800 X130.52 Y136.5 E2441.38338
G1 X130.43 Y136.834 E2441.4011
G1 X130.404 Y136.848 E2441.40261
G1 X130.404 Y137.116 E2441.41634
G1 X137.106 Y137.116 E2441.75962
G1 F1894.7 X137.744 Y137.138 E2441.79068
G1 X137.216 Y136.897 E2441.81893
G1 F1800 X137.084 Y136.5 E2441.84036
G1 X137.084 Y120.349 E2442.66762
G1 X137.182 Y120.121 E2442.68033
G1 X137.393 Y119.908 E2442.69569
G1 X137.717 Y119.808 E2442.71306
G1 X138.813 Y119.811 E2442.76919
G1 X139.004 Y119.861 E2442.77931
G1 X139.195 Y119.985 E2442.79097
G1 X139.366 Y120.245 E2442.80691
G1 X139.404 Y120.468 E2442.8185
G1 X139.404 Y136.5 E2443.63967
G1 X139.272 Y136.897 E2443.66109
G1 F1867.9 X138.855 Y137.134 E2443.68477
G1 X139.382 Y137.116 E2443.7108
G1 F1800 X143.106 Y137.116 E2443.90154
G1 F1894.7 X143.744 Y137.138 E2443.9326
G1 X143.216 Y136.897 E2443.96085
G1 F1800 X143.084 Y136.5 E2443.98228
G1 X143.084 Y120.468 E2444.80344
G1 X143.122 Y120.245 E2444.81503
G1 X143.293 Y119.985 E2444.83097
G1 X143.478 Y119.863 E2444.84232
G1 X143.659 Y119.808 E2444.85201
G1 X168.838 Y119.808 E2446.14169
G1 X169.01 Y119.863 E2446.15094
G1 X169.195 Y119.985 E2446.16229
G1 X169.366 Y120.245 E2446.17823
G1 X169.404 Y120.468 E2446.18982
G1 X169.402 Y136.558 E2447.01396
G1 X169.294 Y136.865 E2447.03063
G1 X169.118 Y137.045 E2447.04352
G1 X168.744 Y137.16 E2447.06357
G1 F1894.7 X168.244 Y137.138 E2447.08792
G1 X168.693 Y137.291 E2447.111
G1 F1800 X168.904 Y137.657 E2447.13264
G1 X168.904 Y162.344 E2448.39712
G1 F1808.2 X168.692 Y162.707 E2448.41856
G1 F1876.8 X168.355 Y162.858 E2448.4367
G1 X168.744 Y162.842 E2448.45582
G1 F1808.2 X169.118 Y162.955 E2448.47575
G1 F1800 X169.294 Y163.135 E2448.48864
G1 X169.371 Y163.292 E2448.4976
G1 X169.404 Y163.5 E2448.50838
G1 X169.402 Y179.586 E2449.33232
G1 X169.366 Y179.751 E2449.34097
G1 X169.195 Y180.011 E2449.35691
G1 X169.01 Y180.133 E2449.36826
G1 X168.829 Y180.188 E2449.37795
G1 X143.65 Y180.188 E2450.66763
G1 X143.478 Y180.133 E2450.67688
G1 X143.293 Y180.011 E2450.68823
G1 X143.122 Y179.751 E2450.70417
G1 X143.086 Y179.586 E2450.71282
G1 X143.084 Y163.5 E2451.53676
G1 X143.216 Y163.103 E2451.55819
G1 F1867.9 X143.633 Y162.866 E2451.58186
G1 X143.106 Y162.884 E2451.60789
G1 F1800 X139.382 Y162.884 E2451.79863
G1 F1894.7 X138.744 Y162.862 E2451.8297
G1 X139.272 Y163.103 E2451.85794
G1 F1800 X139.404 Y163.5 E2451.87937
G1 X139.402 Y179.586 E2452.7033
G1 X139.281 Y179.912 E2452.72111
G1 X139.123 Y180.069 E2452.73252
G1 X138.813 Y180.185 E2452.74948
G1 X137.618 Y180.188 E2452.81068
G1 X137.389 Y180.085 E2452.82355
G1 X137.18 Y179.872 E2452.83883
G1 X137.084 Y179.647 E2452.85136
G1 X137.084 Y163.5 E2453.67842
G1 X137.216 Y163.103 E2453.69985
G1 F1867.9 X137.633 Y162.866 E2453.72352
G1 X137.106 Y162.884 E2453.74955
G1 F1800 X130.404 Y162.884 E2454.09283
G1 X130.404 Y163.152 E2454.10656
G1 X130.43 Y163.166 E2454.10807
G1 X130.52 Y163.5 E2454.12579
G1 X130.521 Y182.311 E2455.0893
G1 F1461.3 X130.623 Y183.218 E2455.14689
G1 F1247.2 X130.613 Y183.5 E2455.16774
G1 F1257.1 X130.617 Y183.685 E2455.18132
G1 F1296.2 X130.496 Y184.299 E2455.22583
G1 F1289.9 X130.902 Y184.802 E2455.27203
G1 F1241.4 X131.095 Y185.176 E2455.30329
G1 F1472.1 X131.202 Y185.593 E2455.33025
G1 F1619.6 X131.271 Y185.724 E2455.33868
G1 F1346.9 X131.923 Y186.037 E2455.38818
G1 F1243.3 X132.237 Y186.256 E2455.41657
G1 F1192.8 X132.615 Y186.483 E2455.45065
G1 F1196.4 X133.579 Y186.629 E2455.52579
G1 F1239.4 X133.765 Y186.647 E2455.53969
G1 F1461.3 X134.238 Y186.804 E2455.57113
G1 F1800 X150 Y186.805 E2456.37847
G1 F1500 E2454.37847
G0 F9000 X173.679 Y180.185
G1 F1500 E2456.37847
G1 F1800 X173.365 Y180.069 E2456.39562
G1 X173.207 Y179.912 E2456.40703
G1 X173.086 Y179.586 E2456.42484
G1 X173.084 Y163.5 E2457.24877
G1 X173.117 Y163.292 E2457.25956
G1 X173.194 Y163.135 E2457.26852
G1 X173.417 Y162.926 E2457.28417
G1 X173.677 Y162.84 E2457.2982
G1 X174.444 Y162.845 E2457.33749
G1 X174.766 Y162.978 E2457.35533
G1 X174.916 Y163.143 E2457.36675
G1 X175.02 Y163.401 E2457.381
G1 X175.019 Y179.569 E2458.20914
G1 X174.911 Y179.892 E2458.22658
G1 X174.689 Y180.101 E2458.2422
G1 X174.468 Y180.188 E2458.25436
G1 X173.679 Y180.185 E2458.29478
G1 F1500 E2456.29478
G0 F9000 X177.324 Y182.967
G0 X178.245 Y184.563
G0 X178.24 Y185.93
G1 F1500 E2458.29478
G1 F1800 X177.199 Y185.654 E2458.34994
G1 X176.899 Y185.482 E2458.36765
G1 X176.259 Y184.838 E2458.41416
G1 X176.09 Y184.545 E2458.43148
G1 X175.854 Y183.673 E2458.47775
G1 X175.826 Y183.431 E2458.49023
G1 X176.118 Y182.349 E2458.54763
G1 X176.261 Y182.157 E2458.5599
G1 X176.901 Y181.517 E2458.60626
G1 X177.091 Y181.374 E2458.61844
G1 X178.072 Y181.11 E2458.67047
G1 X178.309 Y181.081 E2458.6827
G1 X179.292 Y181.346 E2458.73485
G1 X179.587 Y181.517 E2458.75231
G1 X180.227 Y182.157 E2458.79867
G1 X180.399 Y182.455 E2458.8163
G1 X180.631 Y183.331 E2458.86271
G1 F1447.9 X180.737 Y183.683 E2458.88612
G1 F1192.8 X180.451 Y184.755 E2458.97188
G1 F1175.1 X179.64 Y185.595 E2459.06349
G1 F1207.3 X179.389 Y185.726 E2459.08511
G1 F1229.8 X179.134 Y185.803 E2459.10508
G1 F1450.5 X178.683 Y185.813 E2459.13376
G1 F1800 X178.24 Y185.93 E2459.15723
G0 F9000 X178.242 Y185.476
;TYPE:WALL-OUTER
G1 F1800 X177.311 Y185.229 E2459.20656
G1 X177.211 Y185.172 E2459.21246
G1 X176.531 Y184.487 E2459.2619
G1 X176.264 Y183.503 E2459.31412
G1 X176.539 Y182.501 E2459.36734
G1 X177.245 Y181.795 E2459.41848
G1 X178.243 Y181.519 E2459.47152
G1 X179.234 Y181.786 E2459.52409
G1 X179.916 Y182.468 E2459.57349
G1 X179.973 Y182.567 E2459.57934
G1 X180.219 Y183.504 E2459.62896
G1 X179.954 Y184.491 E2459.68131
G1 X179.222 Y185.217 E2459.73411
G1 X178.242 Y185.476 E2459.78603
G1 F1500 E2457.78603
G0 F9000 X178.245 Y184.563
G0 X177.324 Y182.967
G0 X173.707 Y179.749
G1 F1500 E2459.78603
G1 F1800 X173.565 Y179.656 E2459.79473
G1 X173.524 Y179.548 E2459.80064
G1 X173.524 Y163.5 E2460.62263
G1 X173.56 Y163.378 E2460.62915
G1 X173.711 Y163.282 E2460.63831
G1 X174.388 Y163.281 E2460.67299
G1 X174.496 Y163.326 E2460.67898
G1 X174.576 Y163.457 E2460.68684
G1 X174.58 Y179.542 E2461.51073
G1 X174.544 Y179.65 E2461.51656
G1 X174.411 Y179.743 E2461.52487
G1 X173.707 Y179.749 E2461.56093
G1 F1500 E2459.56093
G0 F9000 X150 Y179.744
G1 F1500 E2461.56093
G1 F1800 X143.698 Y179.744 E2461.88372
G1 X143.593 Y179.689 E2461.8898
G1 X143.524 Y179.585 E2461.89619
G1 X143.524 Y163.5 E2462.72007
G1 X143.568 Y163.367 E2462.72725
G1 X143.706 Y163.283 E2462.73552
G1 X168.744 Y163.28 E2464.01798
G1 X168.869 Y163.318 E2464.02468
G1 X168.964 Y163.5 E2464.03519
G1 X168.964 Y179.548 E2464.85718
G1 X168.923 Y179.656 E2464.8631
G1 X168.79 Y179.744 E2464.87127
G1 X150 Y179.744 E2465.8337
G1 F1500 E2463.8337
G0 F9000 X150 Y187.248
G1 F1500 E2465.8337
G1 F1800 X178.687 Y187.248 E2467.30307
G1 X180.387 Y186.605 E2467.39616
G1 X181.587 Y185.254 E2467.48872
G1 X182.024 Y183.473 E2467.58265
G1 X182.024 Y116.523 E2471.01187
G1 X181.587 Y114.742 E2471.1058
G1 X180.387 Y113.395 E2471.1982
G1 X178.687 Y112.748 E2471.29137
G1 X134.242 Y112.748 E2473.56787
G1 X132.409 Y112.972 E2473.66245
G1 X130.918 Y113.999 E2473.75519
G1 X130.081 Y115.599 E2473.84767
G1 X130.08 Y136.5 E2474.91824
G1 X130.05 Y136.612 E2474.92418
G1 X129.964 Y136.661 E2474.92925
G1 X129.964 Y137.556 E2474.97509
G1 X168.244 Y137.556 E2476.93581
G1 X168.394 Y137.614 E2476.94405
G1 X168.459 Y137.727 E2476.95073
G1 X168.459 Y162.273 E2478.20799
G1 X168.394 Y162.386 E2478.21467
G1 X168.282 Y162.441 E2478.22106
G1 X129.964 Y162.444 E2480.18373
G1 X129.964 Y163.339 E2480.22957
G1 X130.05 Y163.388 E2480.23464
G1 X130.08 Y163.5 E2480.24058
G1 X130.08 Y184.401 E2481.31114
G1 X130.918 Y185.997 E2481.40347
G1 X132.409 Y187.027 E2481.49629
G1 X134.242 Y187.248 E2481.59086
G1 X150 Y187.248 E2482.39799
G1 F1500 E2480.39799
G0 F9000 X138.786 Y179.745
G1 F1500 E2482.39799
G1 F1800 X137.701 Y179.748 E2482.45357
G1 X137.617 Y179.709 E2482.45831
G1 X137.524 Y179.567 E2482.46701
G1 X137.524 Y163.5 E2483.28997
G1 X137.568 Y163.367 E2483.29714
G1 X137.706 Y163.283 E2483.30542
G1 X138.744 Y163.28 E2483.35859
G1 X138.92 Y163.367 E2483.36864
G1 X138.964 Y163.5 E2483.37582
G1 X138.964 Y179.548 E2484.19781
G1 X138.923 Y179.656 E2484.20372
G1 X138.786 Y179.745 E2484.21209
G1 F1500 E2482.21209
G0 F9000 X134.666 Y182.967
G0 X133.745 Y184.563
G0 X133.734 Y185.474
G1 F1500 E2484.21209
G1 F1800 X132.759 Y185.215 E2484.26376
G1 X132.029 Y184.483 E2484.31671
G1 X131.764 Y183.497 E2484.36901
G1 X132.03 Y182.51 E2484.42137
G1 X132.712 Y181.828 E2484.47077
G1 X132.81 Y181.771 E2484.47658
G1 X133.686 Y181.535 E2484.52305
G1 X133.802 Y181.535 E2484.52899
G1 X134.743 Y181.795 E2484.57899
G1 X135.449 Y182.501 E2484.63013
G1 X135.719 Y183.505 E2484.68339
G1 X135.457 Y184.487 E2484.73544
G1 X134.777 Y185.172 E2484.78488
G1 X134.677 Y185.229 E2484.79078
G1 X133.734 Y185.474 E2484.84068
G1 F1500 E2482.84068
G0 F9000 X138.782 Y136.717
G1 F1500 E2484.84068
G1 F1800 X137.744 Y136.72 E2484.89385
G1 X137.568 Y136.633 E2484.90391
G1 X137.524 Y136.5 E2484.91108
G1 X137.524 Y120.429 E2485.73425
G1 X137.627 Y120.281 E2485.74348
G1 X137.735 Y120.248 E2485.74927
G1 X138.786 Y120.251 E2485.8031
G1 X138.895 Y120.307 E2485.80938
G1 X138.964 Y120.411 E2485.81577
G1 X138.964 Y136.5 E2486.63986
G1 X138.92 Y136.633 E2486.64703
G1 X138.782 Y136.717 E2486.65531
G1 F1500 E2484.65531
G0 F9000 X144.398 Y135.847
G0 X150 Y135.835
G0 X150 Y136.72
G1 F1500 E2486.65531
G1 F1800 X143.744 Y136.72 E2486.97575
G1 X143.568 Y136.633 E2486.9858
G1 X143.524 Y136.5 E2486.99298
G1 X143.524 Y120.409 E2487.81717
G1 X143.617 Y120.287 E2487.82503
G1 X143.698 Y120.252 E2487.82955
G1 X168.79 Y120.252 E2489.11477
G1 X168.895 Y120.307 E2489.12084
G1 X168.964 Y120.411 E2489.12724
G1 X168.964 Y136.52 E2489.95235
G1 X168.869 Y136.682 E2489.96197
G1 X168.744 Y136.72 E2489.96866
G1 X150 Y136.72 E2490.92874
G1 F1500 E2488.92874
G0 F9000 X150 Y135.835
G0 X168.092 Y135.847
G0 X173.711 Y136.718
G1 F1500 E2490.92874
G1 F1800 X173.56 Y136.622 E2490.9379
G1 X173.524 Y136.52 E2490.94345
G1 X173.524 Y120.409 E2491.76866
G1 X173.617 Y120.287 E2491.77652
G1 X173.694 Y120.253 E2491.78083
G1 X174.395 Y120.247 E2491.81674
G1 X174.544 Y120.346 E2491.8259
G1 X174.58 Y120.455 E2491.83178
G1 X174.576 Y136.543 E2492.65582
G1 X174.449 Y136.719 E2492.66693
G1 X173.711 Y136.718 E2492.70473
G1 F1500 E2490.70473
G0 F9000 X178.243 Y118.476
G1 F1500 E2492.70473
G1 F1800 X177.243 Y118.205 E2492.7578
G1 X176.539 Y117.496 E2492.80898
G1 X176.264 Y116.497 E2492.86205
G1 X176.53 Y115.51 E2492.91441
G1 X177.212 Y114.828 E2492.96381
G1 X177.31 Y114.771 E2492.96962
G1 X178.247 Y114.52 E2493.0193
G1 X179.235 Y114.788 E2493.07174
G1 X179.954 Y115.507 E2493.12382
G1 X180.218 Y116.506 E2493.17675
G1 X179.958 Y117.487 E2493.22873
G1 X179.276 Y118.172 E2493.27824
G1 X179.177 Y118.229 E2493.28409
G1 X178.243 Y118.476 E2493.33358
G1 F1500 E2491.33358
G0 F9000 X133.744 Y118.476
G1 F1500 E2493.33358
G1 F1800 X132.811 Y118.229 E2493.38301
G1 X132.711 Y118.172 E2493.38891
G1 X132.03 Y117.487 E2493.43838
G1 X131.764 Y116.497 E2493.49089
G1 X132.039 Y115.501 E2493.54381
G1 X132.761 Y114.784 E2493.59593
G1 X133.749 Y114.521 E2493.6483
G1 X134.734 Y114.786 E2493.70055
G1 X135.416 Y115.468 E2493.74995
G1 X135.473 Y115.567 E2493.7558
G1 X135.72 Y116.496 E2493.80504
G1 X135.449 Y117.491 E2493.85786
G1 X134.743 Y118.205 E2493.90929
G1 X133.744 Y118.476 E2493.96231
G1 F1500 E2491.96231
G0 F9000 X174.139 Y138.394
G0 X174.088 Y138.248
;TYPE:FILL
G1 F1500 E2493.96231
G1 F3600 X174.387 Y138.546 E2493.98393
G0 F9000 X174.155 Y138.546
G0 X174.155 Y139.637
G0 X174.387 Y139.637
G1 F3600 X173.994 Y139.743 E2494.00478
G0 F9000 X174.225 Y139.743
G0 X174.225 Y141.887
G0 X173.994 Y141.887
G1 F3600 X174.387 Y142.28 E2494.03325
G1 X174.386 Y142.371
G1 X173.993 Y142.476 E2494.05408
G0 F9000 X174.225 Y142.476
G0 X174.155 Y144.67
G0 X174.387 Y144.67
G1 F3600 X173.993 Y146.138 E2494.13194
G0 F9000 X174.387 Y146.013
G1 F3600 X173.994 Y145.62 E2494.1604
G0 F9000 X173.994 Y145.209
G1 F3600 X174.387 Y145.104 E2494.18124
G0 F9000 X174.155 Y145.104
G0 X174.155 Y147.837
G0 X174.386 Y147.837
G1 F3600 X173.994 Y147.942 E2494.20202
G0 F9000 X174.225 Y147.942
G0 X174.225 Y149.354
G0 X173.994 Y149.354
G1 F3600 X174.387 Y149.747 E2494.23049
G0 F9000 X174.386 Y150.57
G1 F3600 X173.993 Y150.675 E2494.25133
G0 F9000 X174.225 Y150.675
G0 X174.225 Y153.087
G0 X173.994 Y153.087
G1 F3600 X174.387 Y153.48 E2494.2798
G1 X174.387 Y153.303
G1 X173.994 Y153.408 E2494.30063
G0 F9000 X174.225 Y153.408
G0 X174.155 Y154.871
G0 X174.387 Y154.871
G1 F3600 X173.993 Y156.339 E2494.37848
G1 X173.993 Y156.142
G1 X174.386 Y156.036 E2494.39933
G0 F9000 X173.994 Y156.821
G1 F3600 X174.387 Y157.214 E2494.4278
G0 F9000 X174.155 Y157.214
G0 X174.155 Y158.769
G0 X174.387 Y158.769
G1 F3600 X173.993 Y158.875 E2494.4487
G0 F9000 X174.225 Y158.875
G0 X174.225 Y160.554
G0 X173.994 Y160.554
G1 F3600 X174.387 Y160.947 E2494.47717
G0 F9000 X174.386 Y161.503
G1 F3600 X173.994 Y161.608 E2494.49795
G1 F1500 E2492.49795
G0 F9000 X174.155 Y161.52
G0 X174.241 Y138.394
G0 X178.048 Y113.646
;TYPE:SKIN
G1 F1500 E2494.49795
G1 F1394.4 X178.443 Y113.629 E2494.5241
G1 F1399.3 X178.756 Y113.73 E2494.54577
G0 F9000 X179.893 Y114.185
G1 F1505.7 X180.633 Y114.97 E2494.61182
G1 F1526 X180.788 Y115.2 E2494.62858
G1 F1500 X181.087 Y116.368 E2494.70269
G1 F1432.2 X181.113 Y116.628 E2494.71951
G1 F1335.6 X181.11 Y116.695 E2494.72414
G1 F1500 E2492.72414
G0 F9000 X173.628 Y137.554
G1 F1500 E2494.72414
G1 F1800 X174.492 Y137.547 E2494.76839
G1 X174.74 Y137.486 E2494.78147
G1 X175.008 Y137.334 E2494.79726
G1 X175.255 Y137.071 E2494.81574
G1 X175.413 Y136.642 E2494.83915
G1 X175.41 Y120.384 E2495.6719
G1 X175.364 Y120.145 E2495.68436
G1 X175.232 Y119.865 E2495.70022
G1 X174.881 Y119.548 E2495.72444
G1 X174.525 Y119.411 E2495.74398
G1 X173.63 Y119.418 E2495.78983
G1 X173.408 Y119.464 E2495.80144
G1 X173.134 Y119.598 E2495.81706
G1 X172.888 Y119.846 E2495.83495
G1 X172.748 Y120.111 E2495.85031
G1 X172.692 Y120.421 E2495.86644
G1 X172.688 Y136.613 E2496.6958
G1 X172.864 Y137.082 E2496.72146
G1 X173.197 Y137.409 E2496.74537
G1 X173.628 Y137.554 E2496.76866
G1 F1500 E2494.76866
G0 F9000 X150 Y186.409
G1 F1500 E2496.76866
G1 F1800 X134.306 Y186.408 E2497.57252
G1 X134.126 Y186.315 E2497.58289
G1 X134.303 Y186.191 E2497.59396
G1 X134.913 Y186.03 E2497.62628
G1 X135.355 Y185.774 E2497.65244
G1 X136.025 Y185.098 E2497.70119
G1 X136.273 Y184.671 E2497.72648
G1 X136.509 Y183.772 E2497.77409
G1 X136.526 Y183.293 E2497.79864
G1 X136.232 Y182.183 E2497.85746
G1 X136.025 Y181.896 E2497.87558
G1 X135.368 Y181.236 E2497.92328
G1 X135.059 Y181.011 E2497.94286
G1 X133.846 Y180.677 E2498.0073
G1 X133.494 Y180.721 E2498.02547
G1 X132.571 Y180.966 E2498.07439
G1 X132.132 Y181.22 E2498.10036
G1 X131.464 Y181.888 E2498.14875
G1 X131.217 Y182.308 E2498.17371
G1 X131.01 Y182.711 E2498.19692
G1 X130.916 Y182.291 E2498.21896
G1 X130.916 Y163.5 E2499.18145
G1 X130.863 Y163.28 E2499.19304
G1 X136.75 Y163.28 E2499.49457
G1 X136.688 Y163.504 E2499.50648
G1 X136.689 Y179.566 E2500.32918
G1 X136.729 Y179.819 E2500.3423
G1 X136.84 Y180.076 E2500.35664
G1 X137.169 Y180.413 E2500.38077
G1 X137.424 Y180.533 E2500.3952
G1 X137.671 Y180.582 E2500.4081
G1 X138.852 Y180.579 E2500.46859
G1 X139.274 Y180.471 E2500.4909
G1 X139.599 Y180.147 E2500.51441
G1 X139.735 Y179.885 E2500.52953
G1 X139.796 Y179.62 E2500.54346
G1 X139.8 Y163.504 E2501.36893
G1 X139.736 Y163.28 E2501.38086
G1 X142.75 Y163.28 E2501.53524
G1 X142.688 Y163.504 E2501.54714
G1 X142.688 Y179.623 E2502.37277
G1 X142.745 Y179.881 E2502.3863
G1 X143.014 Y180.296 E2502.41163
G1 X143.287 Y180.477 E2502.42841
G1 X143.585 Y180.584 E2502.44463
G1 X168.882 Y180.581 E2503.74036
G1 X169.28 Y180.461 E2503.76165
G1 X169.604 Y180.145 E2503.78483
G1 X169.735 Y179.885 E2503.79974
G1 X169.796 Y179.62 E2503.81367
G1 X169.798 Y163.467 E2504.64104
G1 X169.754 Y163.199 E2504.65495
G1 X169.624 Y162.918 E2504.67081
G1 X169.342 Y162.624 E2504.69167
G1 X169.212 Y162.58 E2504.6987
G1 X169.297 Y162.408 E2504.70853
G1 X169.297 Y137.589 E2505.97978
G1 X169.213 Y137.42 E2505.98944
G1 X169.339 Y137.378 E2505.99624
G1 X169.629 Y137.083 E2506.01743
G1 X169.796 Y136.592 E2506.044
G1 X169.8 Y120.468 E2506.86988
G1 X169.74 Y120.114 E2506.88827
G1 X169.472 Y119.697 E2506.91366
G1 X169.198 Y119.516 E2506.93048
G1 X168.898 Y119.412 E2506.94674
G1 X143.602 Y119.415 E2508.24242
G1 X143.204 Y119.531 E2508.26365
G1 X142.888 Y119.846 E2508.28651
G1 X142.748 Y120.111 E2508.30186
G1 X142.692 Y120.421 E2508.31799
G1 X142.688 Y136.492 E2509.14116
G1 X142.752 Y136.72 E2509.15329
G1 X139.737 Y136.72 E2509.30772
G1 X139.8 Y136.492 E2509.31984
G1 X139.797 Y120.427 E2510.14269
G1 X139.74 Y120.114 E2510.15899
G1 X139.474 Y119.701 E2510.18415
G1 X139.165 Y119.492 E2510.20326
G1 X138.849 Y119.417 E2510.2199
G1 X137.534 Y119.412 E2510.28725
G1 X137.185 Y119.57 E2510.30687
G1 X136.842 Y119.906 E2510.33147
G1 X136.729 Y120.175 E2510.34641
G1 X136.69 Y120.426 E2510.35942
G1 X136.688 Y136.492 E2511.18233
G1 X136.752 Y136.72 E2511.19446
G1 X130.862 Y136.72 E2511.49615
G1 X130.916 Y136.496 E2511.50795
G1 X130.916 Y117.703 E2512.47054
G1 X131 Y117.203 E2512.49651
G1 X131.211 Y117.668 E2512.52267
G1 X131.46 Y118.1 E2512.54821
G1 X132.129 Y118.774 E2512.59685
G1 X132.571 Y119.029 E2512.62299
G1 X133.494 Y119.271 E2512.67186
G1 X133.837 Y119.317 E2512.68959
G1 X135.065 Y118.991 E2512.75466
G1 X135.35 Y118.776 E2512.77295
G1 X136.03 Y118.087 E2512.82253
G1 X136.233 Y117.803 E2512.84041
G1 X136.526 Y116.7 E2512.89887
G1 X136.516 Y116.269 E2512.92095
G1 X136.274 Y115.326 E2512.97082
G1 X136.02 Y114.888 E2512.99675
G1 X135.351 Y114.219 E2513.04521
G1 X134.914 Y113.967 E2513.07105
G1 X134.047 Y113.724 E2513.11717
G1 X133.963 Y113.678 E2513.12208
G1 X134.067 Y113.616 E2513.12828
G1 X134.292 Y113.584 E2513.13992
G1 X177.045 Y113.584 E2515.32975
G1 F1577.7 X178.048 Y113.646 E2515.38848
G1 X177.042 Y113.984 E2515.4505
G1 F1800 X176.632 Y114.22 E2515.47473
G1 X175.964 Y114.888 E2515.52311
G1 X175.711 Y115.326 E2515.54902
G1 X175.471 Y116.214 E2515.59614
G1 X175.428 Y116.603 E2515.61619
G1 X175.75 Y117.814 E2515.68037
G1 X175.975 Y118.116 E2515.69966
G1 X176.615 Y118.76 E2515.74616
G1 X176.929 Y118.989 E2515.76607
G1 X177.994 Y119.271 E2515.8225
G1 X178.337 Y119.317 E2515.84022
G1 X179.419 Y119.029 E2515.89758
G1 X179.851 Y118.777 E2515.92319
G1 X180.524 Y118.101 E2515.97205
G1 X180.759 Y117.695 E2515.99608
G1 F1529 X181.11 Y116.695 E2516.05999
G1 X181.188 Y117.693 E2516.12035
G1 F1800 X181.188 Y183.323 E2519.48196
G1 X181.095 Y183.434 E2519.48938
G1 X181.025 Y183.281 E2519.49799
G1 X180.773 Y182.327 E2519.54853
G1 X180.52 Y181.888 E2519.57449
G1 X179.852 Y181.22 E2519.62287
G1 X179.412 Y180.966 E2519.6489
G1 X178.345 Y180.677 E2519.70552
G1 X177.994 Y180.721 E2519.72364
G1 X176.929 Y181.011 E2519.78017
G1 X176.642 Y181.213 E2519.79815
G1 X175.98 Y181.872 E2519.846
G1 X175.756 Y182.179 E2519.86546
G1 X175.428 Y183.394 E2519.92992
G1 X175.465 Y183.746 E2519.94805
G1 X175.71 Y184.67 E2519.99701
G1 X175.959 Y185.098 E2520.02238
G1 X176.632 Y185.776 E2520.07131
G1 X177.046 Y186.015 E2520.09579
G1 F1549.9 X177.983 Y186.341 E2520.15481
G1 X177.052 Y186.411 E2520.21035
G1 F1800 X150 Y186.409 E2521.59597
G1 F1500 E2519.59597
G0 F9000 X178.744 Y186.269
G1 F1500 E2521.59597
G1 F1434.8 X178.355 Y186.36 E2521.62164
G1 F1406.7 X177.983 Y186.341 E2521.64605
G1 F1500 E2519.64605
G0 F9000 X178.245 Y184.563
G0 X177.324 Y182.967
G0 X173.63 Y180.578
G1 F1500 E2521.64605
G1 F1800 X174.534 Y180.585 E2521.69235
G1 X174.899 Y180.433 E2521.71261
G1 X175.24 Y180.11 E2521.73666
G1 X175.365 Y179.85 E2521.75144
G1 X175.409 Y179.622 E2521.76333
G1 X175.412 Y163.332 E2522.59772
G1 X175.25 Y162.928 E2522.62001
G1 X175.009 Y162.667 E2522.63821
G1 X174.742 Y162.515 E2522.65395
G1 X174.492 Y162.449 E2522.66719
G1 X173.621 Y162.444 E2522.7118
G1 X173.218 Y162.58 E2522.73359
G1 X172.868 Y162.898 E2522.75781
G1 X172.738 Y163.168 E2522.77316
G1 X172.688 Y163.5 E2522.79036
G1 X172.688 Y179.62 E2523.61603
G1 X172.749 Y179.885 E2523.62996
G1 X172.885 Y180.145 E2523.64499
G1 X173.126 Y180.384 E2523.66238
G1 X173.406 Y180.528 E2523.6785
G1 X173.63 Y180.578 E2523.69026
G1 F1500 E2521.69026
G0 F9000 X176.703 Y186.071
G1 F1500 E2523.69026
G1 F1800 X176.583 Y186.191 E2523.69895
G0 F9000 X176.348 Y185.804
G1 F1800 X175.961 Y186.19 E2523.72695
G0 F9000 X175.339 Y186.19
G1 F1800 X176.038 Y185.491 E2523.77758
G0 F9000 X175.744 Y185.164
G1 F1800 X174.717 Y186.19 E2523.85194
G0 F9000 X174.095 Y186.19
G1 F1800 X175.515 Y184.77 E2523.9548
G0 F9000 X175.381 Y184.282
G1 F1800 X173.472 Y186.19 E2524.09304
G0 F9000 X172.85 Y186.19
G1 F1800 X175.251 Y183.79 E2524.26693
G0 F9000 X175.261 Y183.158
G1 F1800 X172.228 Y186.19 E2524.48659
G0 F9000 X171.606 Y186.19
G1 F1800 X175.498 Y182.298 E2524.76852
G1 F1500 E2522.76852
G0 F9000 X174.503 Y180.804
G1 F1500 E2524.76852
G1 F1800 X169.117 Y186.19 E2525.15866
G0 F9000 X169.739 Y186.19
G1 F1800 X180.968 Y174.962 E2525.97202
G0 F9000 X180.968 Y175.584
G1 F1800 X170.361 Y186.19 E2526.74032
G0 F9000 X170.983 Y186.19
G1 F1800 X180.968 Y176.206 E2527.46357
G0 F9000 X180.968 Y176.828
G1 F1800 X177.04 Y180.756 E2527.7481
G0 F9000 X177.896 Y180.522
G1 F1800 X180.968 Y177.451 E2527.97059
G0 F9000 X180.968 Y178.073
G1 F1800 X178.538 Y180.502 E2528.14658
G0 F9000 X179.027 Y180.635
G1 F1800 X180.968 Y178.695 E2528.28714
G0 F9000 X180.968 Y179.317
G1 F1800 X179.514 Y180.771 E2528.39246
G0 F9000 X179.908 Y180.999
G1 F1800 X180.968 Y179.94 E2528.46921
G0 F9000 X180.968 Y180.562
G1 F1800 X180.237 Y181.293 E2528.52216
G0 F9000 X180.548 Y181.604
G1 F1800 X180.968 Y181.184 E2528.55258
G0 F9000 X180.968 Y181.806
G1 F1800 X180.816 Y181.958 E2528.56359
G1 F1500 E2526.56359
G0 F9000 X179.166 Y182.967
G0 X177.712 Y182.579
G0 X175.621 Y179.686
G1 F1500 E2528.56359
G1 F1800 X180.968 Y174.339 E2528.95091
G0 F9000 X180.968 Y173.717
G1 F1800 X175.628 Y179.056 E2529.33769
G0 F9000 X175.628 Y178.434
G1 F1800 X180.968 Y173.095 E2529.72447
G0 F9000 X180.968 Y172.473
G1 F1800 X175.629 Y177.811 E2530.11117
G0 F9000 X175.629 Y177.189
G1 F1800 X180.968 Y171.85 E2530.49791
G0 F9000 X180.968 Y171.228
G1 F1800 X175.63 Y176.566 E2530.88458
G0 F9000 X175.63 Y175.944
G1 F1800 X180.968 Y170.606 E2531.27125
G0 F9000 X180.968 Y169.984
G1 F1800 X175.63 Y175.321 E2531.65788
G0 F9000 X175.63 Y174.699
G1 F1800 X180.968 Y169.361 E2532.04455
G0 F9000 X180.968 Y168.739
G1 F1800 X175.631 Y174.076 E2532.43114
G0 F9000 X175.631 Y173.453
G1 F1800 X180.968 Y168.117 E2532.8177
G0 F9000 X180.968 Y167.495
G1 F1800 X175.632 Y172.83 E2533.20419
G0 F9000 X175.632 Y172.208
G1 F1800 X180.968 Y166.872 E2533.59071
G0 F9000 X180.968 Y166.25
G1 F1800 X175.632 Y171.586 E2533.97724
G0 F9000 X175.633 Y170.963
G1 F1800 X180.968 Y165.628 E2534.36369
G0 F9000 X180.968 Y165.005
G1 F1800 X175.633 Y170.341 E2534.75017
G0 F9000 X175.633 Y169.718
G1 F1800 X180.968 Y164.383 E2535.13663
G0 F9000 X180.968 Y163.761
G1 F1800 X175.633 Y169.095 E2535.52304
G0 F9000 X175.634 Y168.472
G1 F1800 X180.968 Y163.139 E2535.90938
G0 F9000 X180.968 Y162.516
G1 F1800 X175.634 Y167.85 E2536.29576
G0 F9000 X175.635 Y167.227
G1 F1800 X180.968 Y161.894 E2536.68207
G0 F9000 X180.968 Y161.272
G1 F1800 X175.635 Y166.605 E2537.06837
G0 F9000 X175.635 Y165.982
G1 F1800 X180.968 Y160.65 E2537.45464
G0 F9000 X180.968 Y160.027
G1 F1800 X175.635 Y165.36 E2537.84095
G0 F9000 X175.635 Y164.737
G1 F1800 X180.968 Y159.405 E2538.22722
G0 F9000 X180.968 Y158.783
G1 F1800 X175.636 Y164.115 E2538.61345
G0 F9000 X175.636 Y163.492
G1 F1800 X180.968 Y158.161 E2538.99965
G0 F9000 X180.968 Y157.538
G1 F1800 X175.514 Y162.992 E2539.39472
G0 F9000 X175.263 Y162.62
G1 F1800 X180.968 Y156.916 E2539.80794
G0 F9000 X180.968 Y156.294
G1 F1800 X174.904 Y162.357 E2540.24716
G0 F9000 X174.409 Y162.231
G1 F1800 X180.968 Y155.672 E2540.72227
G0 F9000 X180.968 Y155.049
G1 F1800 X173.788 Y162.229 E2541.24237
G1 F1500 E2539.24237
G0 F9000 X174.155 Y161.55
G0 X172.471 Y163.546
G1 F1500 E2541.24237
G1 F1800 X170.016 Y166.001 E2541.4202
G0 F9000 X170.016 Y166.623
G1 F1800 X172.471 Y164.168 E2541.59803
G0 F9000 X172.471 Y164.791
G1 F1800 X170.016 Y167.246 E2541.77586
G0 F9000 X170.016 Y167.868
G1 F1800 X172.471 Y165.413 E2541.9537
G0 F9000 X172.471 Y166.035
G1 F1800 X170.016 Y168.49 E2542.13153
G0 F9000 X170.016 Y169.112
G1 F1800 X172.471 Y166.657 E2542.30936
G0 F9000 X172.471 Y167.28
G1 F1800 X170.016 Y169.735 E2542.48719
G0 F9000 X170.016 Y170.357
G1 F1800 X172.47 Y167.903 E2542.66495
G0 F9000 X172.47 Y168.525
G1 F1800 X170.016 Y170.979 E2542.84271
G0 F9000 X170.016 Y171.601
G1 F1800 X172.47 Y169.147 E2543.02047
G0 F9000 X172.47 Y169.769
G1 F1800 X170.016 Y172.224 E2543.19827
G0 F9000 X170.016 Y172.846
G1 F1800 X172.47 Y170.392 E2543.37603
G0 F9000 X172.47 Y171.014
G1 F1800 X170.016 Y173.468 E2543.55379
G0 F9000 X170.016 Y174.09
G1 F1800 X172.47 Y171.637 E2543.73151
G0 F9000 X172.47 Y172.259
G1 F1800 X170.016 Y174.713 E2543.90927
G0 F9000 X170.016 Y175.335
G1 F1800 X172.47 Y172.881 E2544.08704
G0 F9000 X172.47 Y173.503
G1 F1800 X170.016 Y175.957 E2544.2648
G0 F9000 X170.016 Y176.579
G1 F1800 X172.47 Y174.126 E2544.44252
G0 F9000 X172.47 Y174.748
G1 F1800 X170.016 Y177.202 E2544.62028
G0 F9000 X170.016 Y177.824
G1 F1800 X172.47 Y175.37 E2544.79804
G0 F9000 X172.469 Y175.993
G1 F1800 X170.016 Y178.446 E2544.97573
G0 F9000 X170.016 Y179.068
G1 F1800 X172.469 Y176.615 E2545.15341
G0 F9000 X172.469 Y177.238
G1 F1800 X170 Y179.707 E2545.33226
G1 F1500 E2543.33226
G0 F9000 X168.909 Y180.798
G1 F1500 E2545.33226
G1 F1800 X163.516 Y186.19 E2545.72288
G0 F9000 X162.895 Y186.19
G1 F1800 X168.286 Y180.798 E2546.11342
G0 F9000 X167.664 Y180.798
G1 F1800 X162.273 Y186.19 E2546.50396
G0 F9000 X161.65 Y186.19
G1 F1800 X167.042 Y180.798 E2546.89454
G0 F9000 X166.42 Y180.798
G1 F1800 X161.028 Y186.19 E2547.28512
G0 F9000 X160.406 Y186.19
G1 F1800 X165.797 Y180.798 E2547.67567
G0 F9000 X165.174 Y180.799
G1 F1800 X159.784 Y186.19 E2548.06614
G0 F9000 X159.161 Y186.19
G1 F1800 X164.552 Y180.799 E2548.45664
G0 F9000 X163.93 Y180.799
G1 F1800 X158.539 Y186.19 E2548.84715
G0 F9000 X157.917 Y186.19
G1 F1800 X163.308 Y180.799 E2549.23766
G0 F9000 X162.685 Y180.799
G1 F1800 X157.294 Y186.19 E2549.62817
G0 F9000 X156.672 Y186.19
G1 F1800 X162.063 Y180.799 E2550.01867
G0 F9000 X161.44 Y180.799
G1 F1800 X156.05 Y186.19 E2550.40914
G0 F9000 X155.428 Y186.19
G1 F1800 X160.818 Y180.799 E2550.79962
G0 F9000 X160.196 Y180.799
G1 F1800 X154.805 Y186.19 E2551.19012
G0 F9000 X154.183 Y186.19
G1 F1800 X159.573 Y180.799 E2551.58059
G0 F9000 X158.951 Y180.8
G1 F1800 X153.561 Y186.19 E2551.97103
G0 F9000 X152.939 Y186.19
G1 F1800 X158.328 Y180.8 E2552.36143
G0 F9000 X157.706 Y180.8
G1 F1800 X152.316 Y186.19 E2552.75186
G0 F9000 X151.694 Y186.19
G1 F1800 X157.084 Y180.8 E2553.1423
G0 F9000 X156.462 Y180.8
G1 F1800 X151.072 Y186.19 E2553.53273
G0 F9000 X150.45 Y186.19
G1 F1800 X155.839 Y180.801 E2553.92309
G0 F9000 X155.216 Y180.801
G1 F1800 X149.828 Y186.189 E2554.31338
G0 F9000 X149.206 Y186.189
G1 F1800 X154.594 Y180.801 E2554.70367
G0 F9000 X153.972 Y180.801
G1 F1800 X148.584 Y186.189 E2555.09396
G0 F9000 X147.961 Y186.189
G1 F1800 X153.35 Y180.801 E2555.48429
G0 F9000 X152.727 Y180.802
G1 F1800 X147.339 Y186.189 E2555.87454
G0 F9000 X146.717 Y186.189
G1 F1800 X152.104 Y180.802 E2556.26476
G0 F9000 X151.482 Y180.802
G1 F1800 X146.095 Y186.189 E2556.65498
G0 F9000 X145.472 Y186.189
G1 F1800 X150.86 Y180.802 E2557.04523
G0 F9000 X150.238 Y180.802
G1 F1800 X144.85 Y186.189 E2557.43549
G0 F9000 X144.228 Y186.189
G1 F1800 X149.615 Y180.802 E2557.8257
G0 F9000 X148.992 Y180.802
G1 F1800 X143.606 Y186.189 E2558.21588
G0 F9000 X142.983 Y186.189
G1 F1800 X148.37 Y180.802 E2558.6061
G0 F9000 X147.748 Y180.802
G1 F1800 X142.361 Y186.189 E2558.99632
G0 F9000 X141.739 Y186.189
G1 F1800 X147.126 Y180.802 E2559.38654
G0 F9000 X146.503 Y180.803
G1 F1800 X141.117 Y186.189 E2559.77668
G0 F9000 X140.494 Y186.189
G1 F1800 X145.88 Y180.803 E2560.16683
G0 F9000 X145.258 Y180.803
G1 F1800 X139.872 Y186.189 E2560.55697
G0 F9000 X139.25 Y186.189
G1 F1800 X144.636 Y180.803 E2560.94712
G0 F9000 X144.014 Y180.803
G1 F1800 X138.628 Y186.189 E2561.33726
G0 F9000 X138.005 Y186.189
G1 F1800 X143.432 Y180.762 E2561.73038
G0 F9000 X143.012 Y180.56
G1 F1800 X137.384 Y186.188 E2562.13805
G0 F9000 X136.762 Y186.188
G1 F1800 X142.714 Y180.236 E2562.5692
G0 F9000 X142.506 Y179.821
G1 F1800 X136.139 Y186.188 E2563.0304
G0 F9000 X135.517 Y186.188
G1 F1800 X142.469 Y179.237 E2563.53395
G0 F9000 X142.469 Y178.614
G1 F1800 X136.532 Y184.551 E2563.964
G0 F9000 X136.736 Y183.725
G1 F1800 X142.469 Y177.992 E2564.37928
G0 F9000 X142.468 Y177.371
G1 F1800 X139.96 Y179.878 E2564.56092
G0 F9000 X140.016 Y179.2
G1 F1800 X142.468 Y176.748 E2564.73854
G0 F9000 X142.468 Y176.126
G1 F1800 X140.016 Y178.578 E2564.91615
G0 F9000 X140.017 Y177.955
G1 F1800 X142.467 Y175.505 E2565.09362
G0 F9000 X142.467 Y174.882
G1 F1800 X140.017 Y177.332 E2565.27109
G0 F9000 X140.018 Y176.71
G1 F1800 X142.467 Y174.26 E2565.44853
G0 F9000 X142.467 Y173.638
G1 F1800 X140.018 Y176.087 E2565.62592
G0 F9000 X140.018 Y175.464
G1 F1800 X142.466 Y173.016 E2565.80325
G0 F9000 X142.466 Y172.394
G1 F1800 X140.018 Y174.842 E2565.98057
G0 F9000 X140.019 Y174.219
G1 F1800 X142.466 Y171.772 E2566.15783
G0 F9000 X142.466 Y171.15
G1 F1800 X140.019 Y173.597 E2566.33508
G0 F9000 X140.019 Y172.975
G1 F1800 X142.466 Y170.528 E2566.51233
G0 F9000 X142.466 Y169.906
G1 F1800 X140.02 Y172.352 E2566.68951
G0 F9000 X140.02 Y171.729
G1 F1800 X142.465 Y169.284 E2566.86662
G0 F9000 X142.465 Y168.662
G1 F1800 X140.021 Y171.106 E2567.04366
G0 F9000 X140.021 Y170.484
G1 F1800 X142.465 Y168.04 E2567.22069
G0 F9000 X142.464 Y167.418
G1 F1800 X140.021 Y169.861 E2567.39766
G0 F9000 X140.021 Y169.239
G1 F1800 X142.464 Y166.796 E2567.57462
G0 F9000 X142.464 Y166.174
G1 F1800 X140.022 Y168.616 E2567.75151
G0 F9000 X140.022 Y167.994
G1 F1800 X142.464 Y165.551 E2567.92844
G0 F9000 X142.464 Y164.93
G1 F1800 X140.023 Y167.371 E2568.10526
G0 F9000 X140.023 Y166.749
G1 F1800 X142.464 Y164.308 E2568.28208
G0 F9000 X142.464 Y163.685
G1 F1800 X140.023 Y166.126 E2568.45889
G0 F9000 X140.023 Y165.503
G1 F1800 X142.022 Y163.504 E2568.6037
G0 F9000 X141.4 Y163.504
G1 F1800 X140.023 Y164.881 E2568.70344
G0 F9000 X140.024 Y164.258
G1 F1800 X140.778 Y163.504 E2568.75806
G0 F9000 X140.156 Y163.504
G1 F1800 X140.024 Y163.636 E2568.76762
G1 F1500 E2566.76762
G0 F9000 X136.464 Y164.085
G1 F1500 E2568.76762
G1 F1800 X131.136 Y169.412 E2569.15353
G0 F9000 X131.136 Y170.034
G1 F1800 X136.464 Y164.707 E2569.53943
G0 F9000 X136.465 Y165.329
G1 F1800 X131.136 Y170.657 E2569.92541
G0 F9000 X131.136 Y171.279
G1 F1800 X136.465 Y165.951 E2570.31139
G0 F9000 X136.465 Y166.573
G1 F1800 X131.136 Y171.901 E2570.69737
G0 F9000 X131.137 Y172.523
G1 F1800 X136.465 Y167.195 E2571.08332
G0 F9000 X136.465 Y167.817
G1 F1800 X131.137 Y173.145 E2571.46926
G0 F9000 X131.137 Y173.767
G1 F1800 X136.466 Y168.438 E2571.85528
G0 F9000 X136.466 Y169.061
G1 F1800 X131.137 Y174.39 E2572.24129
G0 F9000 X131.137 Y175.012
G1 F1800 X136.466 Y169.683 E2572.62731
G0 F9000 X136.467 Y170.305
G1 F1800 X131.137 Y175.634 E2573.01336
G0 F9000 X131.137 Y176.256
G1 F1800 X136.467 Y170.927 E2573.39941
G0 F9000 X136.467 Y171.548
G1 F1800 X131.137 Y176.879 E2573.78554
G0 F9000 X131.137 Y177.501
G1 F1800 X136.467 Y172.171 E2574.17163
G0 F9000 X136.467 Y172.793
G1 F1800 X131.137 Y178.123 E2574.55772
G0 F9000 X131.137 Y178.745
G1 F1800 X136.468 Y173.414 E2574.94388
G0 F9000 X136.468 Y174.037
G1 F1800 X131.137 Y179.368 E2575.33004
G0 F9000 X131.137 Y179.99
G1 F1800 X136.468 Y174.659 E2575.7162
G0 F9000 X136.469 Y175.28
G1 F1800 X131.137 Y180.612 E2576.10243
G0 F9000 X131.137 Y181.234
G1 F1800 X136.469 Y175.903 E2576.48863
G0 F9000 X136.469 Y176.524
G1 F1800 X131.137 Y181.857 E2576.8749
G1 F1500 E2574.8749
G0 F9000 X132.987 Y180.629
G1 F1500 E2576.8749
G1 F1800 X136.469 Y177.147 E2577.12713
G0 F9000 X136.469 Y177.769
G1 F1800 X133.772 Y180.466 E2577.32249
G0 F9000 X134.288 Y180.572
G1 F1800 X136.47 Y178.39 E2577.48054
G0 F9000 X136.47 Y179.013
G1 F1800 X134.775 Y180.708 E2577.60333
G0 F9000 X135.24 Y180.865
G1 F1800 X136.477 Y179.628 E2577.69293
G0 F9000 X136.617 Y180.111
G1 F1800 X135.582 Y181.145 E2577.76787
G0 F9000 X135.893 Y181.456
G1 F1800 X136.899 Y180.451 E2577.8407
G0 F9000 X137.27 Y180.702
G1 F1800 X136.204 Y181.767 E2577.91788
G0 F9000 X136.447 Y182.147
G1 F1800 X137.795 Y180.799 E2578.01553
G0 F9000 X138.418 Y180.798
G1 F1800 X136.578 Y182.638 E2578.14881
G0 F9000 X136.709 Y183.129
G1 F1800 X139.096 Y180.743 E2578.32168
G1 F1500 E2576.32168
G0 F9000 X131.136 Y168.79
G1 F1500 E2578.32168
G1 F1800 X136.424 Y163.503 E2578.70469
G0 F9000 X135.801 Y163.503
G1 F1800 X131.136 Y168.168 E2579.04261
G0 F9000 X131.136 Y167.545
G1 F1800 X135.18 Y163.502 E2579.33551
G0 F9000 X134.557 Y163.502
G1 F1800 X131.136 Y166.923 E2579.58331
G0 F9000 X131.136 Y166.301
G1 F1800 X133.936 Y163.501 E2579.78614
G0 F9000 X133.314 Y163.501
G1 F1800 X131.136 Y165.679 E2579.94391
G0 F9000 X131.136 Y165.056
G1 F1800 X132.692 Y163.501 E2580.05658
G0 F9000 X132.071 Y163.5
G1 F1800 X131.136 Y164.434 E2580.12427
G0 F9000 X131.136 Y163.812
G1 F1800 X131.448 Y163.5 E2580.14687
G1 F1500 E2578.14687
G0 F9000 X129.08 Y163.5
G0 X129.08 Y136.496
G0 X131.695 Y136.496
G1 F1500 E2580.14687
G1 F1800 X136.469 Y131.723 E2580.49265
G0 F9000 X136.469 Y132.345
G1 F1800 X132.317 Y136.497 E2580.79341
G0 F9000 X132.938 Y136.498
G1 F1800 X136.469 Y132.967 E2581.04918
G0 F9000 X136.469 Y133.589
G1 F1800 X133.56 Y136.498 E2581.2599
G0 F9000 X134.182 Y136.498
G1 F1800 X136.469 Y134.212 E2581.42553
G0 F9000 X136.469 Y134.834
G1 F1800 X134.804 Y136.499 E2581.54614
G0 F9000 X135.426 Y136.499
G1 F1800 X136.469 Y135.456 E2581.62169
G0 F9000 X136.469 Y136.078
G1 F1800 X136.047 Y136.5 E2581.65226
G1 F1500 E2579.65226
G0 F9000 X140.018 Y136.262
G1 F1500 E2581.65226
G1 F1800 X142.469 Y133.812 E2581.82976
G0 F9000 X142.469 Y134.434
G1 F1800 X140.403 Y136.5 E2581.97942
G0 F9000 X141.025 Y136.5
G1 F1800 X142.469 Y135.057 E2582.08398
G0 F9000 X142.469 Y135.679
G1 F1800 X141.648 Y136.5 E2582.14345
G0 F9000 X142.27 Y136.5
G1 F1800 X142.469 Y136.301 E2582.15787
G1 F1500 E2580.15787
G0 F9000 X140.018 Y135.64
G1 F1500 E2582.15787
G1 F1800 X142.469 Y133.19 E2582.33537
G0 F9000 X142.469 Y132.568
G1 F1800 X140.018 Y135.018 E2582.51288
G0 F9000 X140.018 Y134.396
G1 F1800 X142.469 Y131.945 E2582.69042
G0 F9000 X142.469 Y131.323
G1 F1800 X140.018 Y133.774 E2582.86797
G0 F9000 X140.018 Y133.152
G1 F1800 X142.469 Y130.701 E2583.04551
G0 F9000 X142.469 Y130.079
G1 F1800 X140.018 Y132.529 E2583.22301
G0 F9000 X140.018 Y131.907
G1 F1800 X142.469 Y129.456 E2583.40056
G0 F9000 X142.469 Y128.834
G1 F1800 X140.018 Y131.285 E2583.5781
G0 F9000 X140.017 Y130.663
G1 F1800 X142.469 Y128.212 E2583.75568
G0 F9000 X142.469 Y127.59
G1 F1800 X140.017 Y130.041 E2583.93326
G0 F9000 X140.017 Y129.419
G1 F1800 X142.469 Y126.967 E2584.11087
G0 F9000 X142.469 Y126.345
G1 F1800 X140.017 Y128.797 E2584.28849
G0 F9000 X140.016 Y128.175
G1 F1800 X142.469 Y125.723 E2584.46614
G0 F9000 X142.469 Y125.101
G1 F1800 X140.016 Y127.553 E2584.64379
G0 F9000 X140.016 Y126.931
G1 F1800 X142.469 Y124.478 E2584.82148
G0 F9000 X142.469 Y123.856
G1 F1800 X140.016 Y126.308 E2584.99913
G0 F9000 X140.016 Y125.687
G1 F1800 X142.469 Y123.234 E2585.17682
G0 F9000 X142.469 Y122.612
G1 F1800 X140.016 Y125.065 E2585.35451
G0 F9000 X140.016 Y124.442
G1 F1800 X142.469 Y121.989 E2585.53219
G0 F9000 X142.469 Y121.367
G1 F1800 X140.016 Y123.82 E2585.70988
G0 F9000 X140.016 Y123.198
G1 F1800 X142.469 Y120.745 E2585.88757
G0 F9000 X142.536 Y120.055
G1 F1800 X140.015 Y122.576 E2586.07018
G0 F9000 X140.015 Y121.954
G1 F1800 X148.165 Y113.804 E2586.66054
G0 F9000 X148.787 Y113.804
G1 F1800 X143.323 Y119.268 E2587.05634
G0 F9000 X144.015 Y119.198
G1 F1800 X149.41 Y113.804 E2587.4471
G0 F9000 X150.032 Y113.804
G1 F1800 X144.637 Y119.198 E2587.83786
G0 F9000 X145.26 Y119.198
G1 F1800 X150.654 Y113.804 E2588.22858
G0 F9000 X151.276 Y113.804
G1 F1800 X145.882 Y119.198 E2588.61931
G0 F9000 X146.505 Y119.198
G1 F1800 X151.899 Y113.804 E2589.01003
G0 F9000 X152.521 Y113.804
G1 F1800 X147.127 Y119.198 E2589.40076
G0 F9000 X147.749 Y119.198
G1 F1800 X153.143 Y113.804 E2589.79148
G0 F9000 X153.765 Y113.804
G1 F1800 X148.372 Y119.198 E2590.18217
G0 F9000 X148.994 Y119.198
G1 F1800 X154.388 Y113.804 E2590.57289
G0 F9000 X155.01 Y113.804
G1 F1800 X149.617 Y119.197 E2590.96355
G0 F9000 X150.239 Y119.197
G1 F1800 X155.632 Y113.804 E2591.3542
G0 F9000 X156.254 Y113.805
G1 F1800 X150.861 Y119.197 E2591.74481
G0 F9000 X151.483 Y119.197
G1 F1800 X156.876 Y113.805 E2592.13543
G0 F9000 X157.498 Y113.805
G1 F1800 X152.106 Y119.196 E2592.52597
G0 F9000 X152.729 Y119.196
G1 F1800 X158.12 Y113.805 E2592.91648
G0 F9000 X158.743 Y113.805
G1 F1800 X153.351 Y119.196 E2593.30702
G0 F9000 X153.973 Y119.196
G1 F1800 X159.365 Y113.805 E2593.69757
G0 F9000 X159.987 Y113.805
G1 F1800 X154.595 Y119.196 E2594.08811
G0 F9000 X155.218 Y119.196
G1 F1800 X160.609 Y113.805 E2594.47862
G0 F9000 X161.232 Y113.805
G1 F1800 X155.841 Y119.196 E2594.86913
G0 F9000 X156.463 Y119.196
G1 F1800 X161.854 Y113.805 E2595.25963
G0 F9000 X162.476 Y113.805
G1 F1800 X157.085 Y119.196 E2595.65014
G0 F9000 X157.708 Y119.195
G1 F1800 X163.098 Y113.805 E2596.04058
G0 F9000 X163.721 Y113.805
G1 F1800 X158.33 Y119.195 E2596.43105
G0 F9000 X158.953 Y119.195
G1 F1800 X164.343 Y113.805 E2596.82148
G0 F9000 X164.965 Y113.805
G1 F1800 X159.575 Y119.195 E2597.21192
G0 F9000 X160.197 Y119.195
G1 F1800 X165.587 Y113.805 E2597.60235
G0 F9000 X166.209 Y113.805
G1 F1800 X160.82 Y119.194 E2597.99271
G0 F9000 X161.442 Y119.194
G1 F1800 X166.831 Y113.805 E2598.38308
G0 F9000 X167.453 Y113.805
G1 F1800 X162.065 Y119.194 E2598.7734
G0 F9000 X162.687 Y119.194
G1 F1800 X168.076 Y113.805 E2599.16376
G0 F9000 X168.698 Y113.805
G1 F1800 X163.31 Y119.193 E2599.55405
G0 F9000 X163.932 Y119.193
G1 F1800 X169.32 Y113.805 E2599.94434
G0 F9000 X169.943 Y113.805
G1 F1800 X164.554 Y119.193 E2600.33467
G0 F9000 X165.177 Y119.193
G1 F1800 X170.565 Y113.805 E2600.72496
G0 F9000 X171.187 Y113.805
G1 F1800 X165.799 Y119.193 E2601.11525
G0 F9000 X166.422 Y119.193
G1 F1800 X171.809 Y113.805 E2601.5055
G0 F9000 X172.432 Y113.805
G1 F1800 X167.044 Y119.193 E2601.89579
G0 F9000 X167.666 Y119.193
G1 F1800 X173.054 Y113.805 E2602.28608
G0 F9000 X173.676 Y113.805
G1 F1800 X168.289 Y119.193 E2602.67634
G0 F9000 X168.911 Y119.193
G1 F1800 X174.298 Y113.805 E2603.06659
G0 F9000 X174.921 Y113.805
G1 F1800 X169.363 Y119.363 E2603.46919
G0 F9000 X169.701 Y119.647
G1 F1800 X175.543 Y113.805 E2603.89237
G0 F9000 X176.166 Y113.805
G1 F1800 X169.944 Y120.026 E2604.34304
G0 F9000 X170.015 Y120.578
G1 F1800 X175.716 Y114.877 E2604.756
G0 F9000 X175.333 Y115.882
G1 F1800 X170.015 Y121.2 E2605.14122
G0 F9000 X170.015 Y121.822
G1 F1800 X175.206 Y116.631 E2605.51724
G0 F9000 X175.338 Y117.122
G1 F1800 X173.073 Y119.386 E2605.68127
G0 F9000 X172.674 Y119.785
G1 F1800 X170.015 Y122.445 E2605.87392
G0 F9000 X170.015 Y123.067
G1 F1800 X172.468 Y120.613 E2606.05164
G0 F9000 X172.468 Y121.236
G1 F1800 X170.015 Y123.689 E2606.22933
G0 F9000 X170.015 Y124.311
G1 F1800 X172.468 Y121.858 E2606.40702
G0 F9000 X172.468 Y122.48
G1 F1800 X170.015 Y124.934 E2606.58474
G0 F9000 X170.015 Y125.556
G1 F1800 X172.468 Y123.102 E2606.76246
G0 F9000 X172.468 Y123.725
G1 F1800 X170.015 Y126.178 E2606.94015
G0 F9000 X170.015 Y126.801
G1 F1800 X172.468 Y124.347 E2607.11788
G0 F9000 X172.468 Y124.969
G1 F1800 X170.015 Y127.423 E2607.2956
G0 F9000 X170.015 Y128.045
G1 F1800 X172.468 Y125.591 E2607.47332
G0 F9000 X172.468 Y126.214
G1 F1800 X170.015 Y128.667 E2607.65101
G0 F9000 X170.015 Y129.29
G1 F1800 X172.468 Y126.836 E2607.82874
G0 F9000 X172.468 Y127.458
G1 F1800 X170.015 Y129.912 E2608.00646
G0 F9000 X170.015 Y130.534
G1 F1800 X172.468 Y128.08 E2608.18418
G0 F9000 X172.468 Y128.703
G1 F1800 X170.015 Y131.156 E2608.36187
G0 F9000 X170.015 Y131.779
G1 F1800 X172.468 Y129.325 E2608.5396
G0 F9000 X172.468 Y129.947
G1 F1800 X170.015 Y132.401 E2608.71732
G0 F9000 X170.015 Y133.023
G1 F1800 X172.468 Y130.569 E2608.89504
G0 F9000 X172.468 Y131.192
G1 F1800 X170.015 Y133.645 E2609.07273
G0 F9000 X170.015 Y134.268
G1 F1800 X172.468 Y131.814 E2609.25045
G0 F9000 X172.468 Y132.436
G1 F1800 X170.015 Y134.89 E2609.42818
G0 F9000 X170.015 Y135.512
G1 F1800 X172.468 Y133.058 E2609.6059
G0 F9000 X172.468 Y133.681
G1 F1800 X170.015 Y136.134 E2609.78359
G0 F9000 X169.958 Y136.813
G1 F1800 X172.468 Y134.303 E2609.96541
G0 F9000 X172.468 Y134.925
G1 F1800 X169.52 Y137.874 E2610.17899
G0 F9000 X169.52 Y138.496
G1 F1800 X172.468 Y135.547 E2610.39257
G0 F9000 X172.468 Y136.17
G1 F1800 X169.52 Y139.118 E2610.60611
G0 F9000 X169.52 Y139.741
G1 F1800 X172.505 Y136.755 E2610.82237
G0 F9000 X172.673 Y137.21
G1 F1800 X169.52 Y140.363 E2611.05076
G0 F9000 X169.519 Y140.986
G1 F1800 X172.99 Y137.515 E2611.30219
G0 F9000 X173.413 Y137.714
G1 F1800 X169.519 Y141.608 E2611.58426
G0 F9000 X169.519 Y142.23
G1 F1800 X173.981 Y137.768 E2611.90748
G0 F9000 X174.635 Y137.737
G1 F1800 X169.519 Y142.853 E2612.27806
G0 F9000 X169.519 Y143.475
G1 F1800 X180.968 Y132.026 E2613.10739
G0 F9000 X180.968 Y132.648
G1 F1800 X169.518 Y144.098 E2613.93679
G0 F9000 X169.518 Y144.72
G1 F1800 X180.968 Y133.271 E2614.76616
G0 F9000 X180.968 Y133.893
G1 F1800 X169.518 Y145.342 E2615.59553
G0 F9000 X169.518 Y145.965
G1 F1800 X180.968 Y134.515 E2616.42493
G0 F9000 X180.968 Y135.137
G1 F1800 X169.518 Y146.587 E2617.25433
G0 F9000 X169.518 Y147.21
G1 F1800 X180.968 Y135.76 E2618.08373
G0 F9000 X180.968 Y136.382
G1 F1800 X169.518 Y147.832 E2618.91314
G0 F9000 X169.518 Y148.454
G1 F1800 X180.968 Y137.004 E2619.74254
G0 F9000 X180.968 Y137.626
G1 F1800 X169.518 Y149.076 E2620.57194
G0 F9000 X169.518 Y149.699
G1 F1800 X180.968 Y138.249 E2621.40134
G0 F9000 X180.968 Y138.871
G1 F1800 X169.517 Y150.322 E2622.23082
G0 F9000 X169.517 Y150.944
G1 F1800 X180.968 Y139.493 E2623.06029
G0 F9000 X180.968 Y140.115
G1 F1800 X169.517 Y151.566 E2623.88977
G0 F9000 X169.517 Y152.188
G1 F1800 X180.968 Y140.738 E2624.7192
G0 F9000 X180.968 Y141.36
G1 F1800 X169.517 Y152.811 E2625.54868
G0 F9000 X169.516 Y153.434
G1 F1800 X180.968 Y141.982 E2626.37823
G0 F9000 X180.968 Y142.604
G1 F1800 X169.516 Y154.056 E2627.20777
G0 F9000 X169.516 Y154.678
G1 F1800 X180.968 Y143.227 E2628.03728
G0 F9000 X180.968 Y143.849
G1 F1800 X169.516 Y155.3 E2628.8668
G0 F9000 X169.516 Y155.923
G1 F1800 X180.968 Y144.471 E2629.69634
G0 F9000 X180.968 Y145.093
G1 F1800 X169.515 Y156.546 E2630.52596
G0 F9000 X169.515 Y157.168
G1 F1800 X180.968 Y145.716 E2631.35555
G0 F9000 X180.968 Y146.338
G1 F1800 X169.515 Y157.79 E2632.18513
G0 F9000 X169.515 Y158.412
G1 F1800 X180.968 Y146.96 E2633.01471
G0 F9000 X180.968 Y147.582
G1 F1800 X169.515 Y159.035 E2633.84433
G0 F9000 X169.515 Y159.658
G1 F1800 X180.968 Y148.205 E2634.67395
G0 F9000 X180.968 Y148.827
G1 F1800 X169.515 Y160.28 E2635.50357
G0 F9000 X169.515 Y160.902
G1 F1800 X180.968 Y149.449 E2636.33319
G0 F9000 X180.968 Y150.071
G1 F1800 X169.515 Y161.524 E2637.16281
G0 F9000 X169.515 Y162.147
G1 F1800 X180.968 Y150.694 E2637.99243
G0 F9000 X180.968 Y151.316
G1 F1800 X169.653 Y162.631 E2638.81205
G0 F9000 X169.906 Y162.999
G1 F1800 X180.968 Y151.938 E2639.61331
G0 F9000 X180.968 Y152.56
G1 F1800 X170.016 Y163.512 E2640.40664
G0 F9000 X170.016 Y164.134
G1 F1800 X180.968 Y153.183 E2641.19993
G0 F9000 X180.968 Y153.805
G1 F1800 X170.016 Y164.757 E2641.99326
G0 F9000 X170.016 Y165.379
G1 F1800 X180.968 Y154.427 E2642.78659
G1 F1500 E2640.78659
G0 F9000 X182.91 Y154.427
G0 X182.91 Y136.765
G0 X175.606 Y136.765
G1 F1500 E2642.78659
G1 F1800 X180.968 Y131.404 E2643.17496
G0 F9000 X180.968 Y130.782
G1 F1800 X175.635 Y136.114 E2643.56123
G0 F9000 X175.635 Y135.492
G1 F1800 X180.968 Y130.159 E2643.94754
G0 F9000 X180.968 Y129.537
G1 F1800 X175.635 Y134.87 E2644.33384
G0 F9000 X175.635 Y134.248
G1 F1800 X180.968 Y128.915 E2644.72015
G0 F9000 X180.968 Y128.293
G1 F1800 X175.634 Y133.626 E2645.10649
G0 F9000 X175.634 Y133.004
G1 F1800 X180.968 Y127.67 E2645.49287
G0 F9000 X180.968 Y127.048
G1 F1800 X175.634 Y132.382 E2645.87925
G0 F9000 X175.633 Y131.76
G1 F1800 X180.968 Y126.426 E2646.26566
G0 F9000 X180.968 Y125.803
G1 F1800 X175.633 Y131.138 E2646.65211
G0 F9000 X175.633 Y130.516
G1 F1800 X180.968 Y125.181 E2647.03856
G0 F9000 X180.968 Y124.559
G1 F1800 X175.633 Y129.894 E2647.42502
G0 F9000 X175.633 Y129.272
G1 F1800 X180.968 Y123.937 E2647.81147
G0 F9000 X180.968 Y123.314
G1 F1800 X175.632 Y128.65 E2648.19799
G0 F9000 X175.632 Y128.028
G1 F1800 X180.968 Y122.692 E2648.58451
G0 F9000 X180.968 Y122.07
G1 F1800 X175.631 Y127.406 E2648.97107
G0 F9000 X175.631 Y126.784
G1 F1800 X180.968 Y121.448 E2649.35763
G0 F9000 X180.968 Y120.825
G1 F1800 X175.63 Y126.163 E2649.7443
G0 F9000 X175.63 Y125.54
G1 F1800 X180.968 Y120.203 E2650.13093
G0 F9000 X180.968 Y119.581
G1 F1800 X175.63 Y124.918 E2650.51756
G0 F9000 X175.63 Y124.297
G1 F1800 X180.968 Y118.959 E2650.90423
G0 F9000 X180.968 Y118.336
G1 F1800 X175.63 Y123.674 E2651.2909
G0 F9000 X175.629 Y123.053
G1 F1800 X179.428 Y119.254 E2651.56609
G0 F9000 X178.581 Y119.479
G1 F1800 X175.629 Y122.431 E2651.77992
G0 F9000 X175.628 Y121.809
G1 F1800 X177.953 Y119.485 E2651.9483
G0 F9000 X177.46 Y119.355
G1 F1800 X175.628 Y121.187 E2652.081
G0 F9000 X175.628 Y120.565
G1 F1800 X176.969 Y119.224 E2652.17814
G0 F9000 X176.571 Y119
G1 F1800 X175.549 Y120.021 E2652.25214
G0 F9000 X175.309 Y119.639
G1 F1800 X176.246 Y118.702 E2652.32001
G0 F9000 X175.937 Y118.389
G1 F1800 X174.974 Y119.352 E2652.38977
G0 F9000 X174.517 Y119.187
G1 F1800 X175.652 Y118.051 E2652.47202
G0 F9000 X175.469 Y117.613
G1 F1800 X173.885 Y119.197 E2652.58676
G1 F1500 E2650.58676
G0 F9000 X176.619 Y113.974
G1 F1500 E2652.58676
G1 F1800 X176.788 Y113.805 E2652.599
G1 F1500 E2650.599
G0 F9000 X176.788 Y111.864
G0 X147.543 Y111.864
G0 X147.543 Y113.804
G1 F1500 E2652.599
G1 F1800 X140.015 Y121.332 E2653.14431
G0 F9000 X140.015 Y120.709
G1 F1800 X146.921 Y113.804 E2653.64452
G0 F9000 X146.298 Y113.804
G1 F1800 X139.965 Y120.137 E2654.10326
G0 F9000 X139.753 Y119.727
G1 F1800 X145.676 Y113.804 E2654.5323
G0 F9000 X145.054 Y113.804
G1 F1800 X139.442 Y119.415 E2654.93878
G0 F9000 X139.006 Y119.23
G1 F1800 X144.432 Y113.804 E2655.33183
G0 F9000 X143.809 Y113.804
G1 F1800 X138.416 Y119.197 E2655.72248
G0 F9000 X137.797 Y119.194
G1 F1800 X143.187 Y113.804 E2656.11291
G0 F9000 X142.565 Y113.804
G1 F1800 X131.138 Y125.231 E2656.94065
G0 F9000 X131.138 Y125.853
G1 F1800 X136.469 Y120.521 E2657.32685
G0 F9000 X136.469 Y121.144
G1 F1800 X131.139 Y126.475 E2657.71297
G0 F9000 X131.139 Y127.097
G1 F1800 X136.469 Y121.766 E2658.0991
G0 F9000 X136.469 Y122.388
G1 F1800 X131.139 Y127.719 E2658.48522
G0 F9000 X131.139 Y128.341
G1 F1800 X136.469 Y123.01 E2658.87135
G0 F9000 X136.469 Y123.633
G1 F1800 X131.139 Y128.964 E2659.25747
G0 F9000 X131.139 Y129.585
G1 F1800 X136.469 Y124.255 E2659.64356
G0 F9000 X136.469 Y124.877
G1 F1800 X131.139 Y130.207 E2660.02965
G0 F9000 X131.139 Y130.83
G1 F1800 X136.469 Y125.499 E2660.41577
G0 F9000 X136.469 Y126.122
G1 F1800 X131.139 Y131.452 E2660.80186
G0 F9000 X131.139 Y132.074
G1 F1800 X136.469 Y126.744 E2661.18795
G0 F9000 X136.469 Y127.366
G1 F1800 X131.139 Y132.696 E2661.57404
G0 F9000 X131.14 Y133.318
G1 F1800 X136.469 Y127.988 E2661.96009
G0 F9000 X136.469 Y128.611
G1 F1800 X131.14 Y133.94 E2662.34611
G0 F9000 X131.14 Y134.562
G1 F1800 X136.469 Y129.234 E2662.73209
G0 F9000 X136.469 Y129.856
G1 F1800 X131.14 Y135.185 E2663.1181
G0 F9000 X131.14 Y135.807
G1 F1800 X136.469 Y130.478 E2663.50412
G0 F9000 X136.469 Y131.1
G1 F1800 X131.14 Y136.429 E2663.89014
G1 F1500 E2661.89014
G0 F9000 X129.208 Y135.847
G0 X129.196 Y124.608
G0 X131.138 Y124.608
G1 F1500 E2663.89014
G1 F1800 X141.942 Y113.804 E2664.67274
G0 F9000 X141.32 Y113.804
G1 F1800 X131.138 Y123.986 E2665.4103
G0 F9000 X131.138 Y123.364
G1 F1800 X140.698 Y113.804 E2666.10279
G0 F9000 X140.076 Y113.804
G1 F1800 X136.602 Y117.278 E2666.35444
G0 F9000 X136.74 Y116.518
G1 F1800 X139.453 Y113.804 E2666.551
G0 F9000 X138.831 Y113.804
G1 F1800 X136.67 Y115.966 E2666.70757
G0 F9000 X136.54 Y115.473
G1 F1800 X138.209 Y113.804 E2666.82846
G0 F9000 X137.587 Y113.804
G1 F1800 X136.358 Y115.032 E2666.91745
G0 F9000 X136.106 Y114.662
G1 F1800 X136.964 Y113.804 E2666.9796
G0 F9000 X136.342 Y113.804
G1 F1800 X135.795 Y114.351 E2667.01923
G0 F9000 X135.483 Y114.041
G1 F1800 X135.72 Y113.804 E2667.03639
G1 F1500 E2665.03639
G0 F9000 X134.278 Y115.579
G0 X134.016 Y117.49
G0 X134.516 Y119.364
G1 F1500 E2667.03639
G1 F1800 X131.138 Y122.742 E2667.28109
G0 F9000 X131.137 Y122.12
G1 F1800 X133.737 Y119.521 E2667.46939
G0 F9000 X133.213 Y119.423
G1 F1800 X131.137 Y121.498 E2667.61973
G0 F9000 X131.137 Y120.876
G1 F1800 X132.718 Y119.295 E2667.73425
G0 F9000 X132.276 Y119.114
G1 F1800 X131.137 Y120.253 E2667.81676
G0 F9000 X131.137 Y119.631
G1 F1800 X131.906 Y118.863 E2667.87243
G0 F9000 X131.596 Y118.55
G1 F1800 X131.137 Y119.009 E2667.90567
G0 F9000 X131.136 Y118.387
G1 F1800 X131.294 Y118.23 E2667.91708
G1 F1500 E2665.91708
G0 F9000 X172.469 Y177.86
G1 F1500 E2667.91708
G1 F1800 X164.139 Y186.19 E2668.52048
G0 F9000 X164.761 Y186.19
G1 F1800 X172.469 Y178.482 E2669.07883
G0 F9000 X172.469 Y179.104
G1 F1800 X165.383 Y186.19 E2669.59211
G0 F9000 X166.005 Y186.19
G1 F1800 X172.485 Y179.71 E2670.0615
G0 F9000 X172.652 Y180.166
G1 F1800 X166.628 Y186.19 E2670.49786
G0 F9000 X167.25 Y186.19
G1 F1800 X172.934 Y180.506 E2670.90959
G0 F9000 X173.33 Y180.733
G1 F1800 X167.872 Y186.19 E2671.30492
G0 F9000 X168.494 Y186.19
G1 F1800 X173.883 Y180.802 E2671.69525
G1 F1500 E2669.69525
G0 F9000 X131.065 Y184.174
G1 F1500 E2671.69525
G1 F1404.3 X131.03 Y184.235 E2671.69986
G1 X130.96 Y184.235 E2671.70446
G1 X130.925 Y184.174 E2671.70908
G1 X130.96 Y184.113 E2671.71369
G1 X131.03 Y184.113 E2671.71829
G1 X131.065 Y184.174 E2671.72291
G0 F9000 X131.7 Y185.379
G1 F1414.3 X131.665 Y185.44 E2671.72749
G1 X131.595 Y185.44 E2671.73205
G1 X131.56 Y185.379 E2671.73664
G1 X131.595 Y185.318 E2671.74122
G1 X131.665 Y185.318 E2671.74579
G1 X131.7 Y185.379 E2671.75037
G1 F1500 E2669.75037
G0 F9000 X150 Y161.136
;TYPE:WALL-INNER
G1 F1500 E2671.75037
G1 F1800 X167.084 Y161.136 E2672.62542
G1 X167.084 Y158.16 E2672.77786
G1 X143.744 Y158.16 E2673.97335
G1 X143.489 Y158.11 E2673.98666
G1 X143.288 Y157.978 E2673.99897
G1 X143.161 Y157.811 E2674.00972
G1 X143.084 Y157.603 E2674.02108
G1 X143.084 Y142.397 E2674.79994
G1 X143.161 Y142.189 E2674.8113
G1 X143.289 Y142.021 E2674.82212
G1 X143.49 Y141.89 E2674.83441
G1 X143.665 Y141.84 E2674.84373
G1 X167.084 Y141.84 E2676.04327
G1 X167.084 Y138.86 E2676.1959
G1 X130.404 Y138.864 E2678.07467
G1 X130.404 Y161.136 E2679.21546
G1 X150 Y161.136 E2680.21918
G0 F9000 X150 Y161.576
;TYPE:WALL-OUTER
G1 F1800 X167.524 Y161.576 E2681.11677
G1 X167.524 Y157.72 E2681.31428
G1 X143.683 Y157.72 E2682.53543
G1 X143.592 Y157.66 E2682.54101
G1 X143.529 Y157.549 E2682.54755
G1 X143.529 Y142.451 E2683.32088
G1 X143.592 Y142.34 E2683.32741
G1 X143.706 Y142.283 E2683.33394
G1 X167.524 Y142.28 E2684.55391
G1 X167.524 Y138.42 E2684.75163
G1 X129.964 Y138.424 E2686.67547
G1 X129.964 Y161.576 E2687.86133
G1 X150 Y161.576 E2688.88759
G1 F1500 E2686.88759
G0 F9000 X137.851 Y156.606
G0 X137.765 Y154.854
G0 X137.996 Y154.854
;TYPE:FILL
G1 F1500 E2688.88759
G1 F3600 X136.531 Y155.247 E2688.96528
G0 F9000 X136.763 Y155.248
G0 X137.765 Y154.426
G0 X137.997 Y154.426
G1 F3600 X136.531 Y152.96 E2689.07147
G0 F9000 X136.531 Y153.347
G1 F3600 X137.996 Y147.878 E2689.36147
G0 F9000 X137.997 Y146.959
G1 F3600 X136.531 Y145.493 E2689.46766
G0 F9000 X136.763 Y145.494
G0 X136.763 Y144.315
G0 X136.532 Y144.314
G1 F3600 X137.997 Y143.922 E2689.54534
G0 F9000 X137.765 Y143.922
G0 X137.765 Y146.655
G0 X137.996 Y146.655
G1 F3600 X136.532 Y147.047 E2689.62297
G0 F9000 X136.763 Y147.048
G0 X136.763 Y149.227
G0 X136.531 Y149.226
G1 F3600 X137.997 Y150.692 E2689.72916
G0 F9000 X137.765 Y150.692
G0 X137.765 Y149.388
G0 X137.997 Y149.388
G1 F3600 X136.531 Y149.781 E2689.8069
G0 F9000 X136.763 Y149.782
G0 X136.763 Y152.515
G0 X136.532 Y152.514
G1 F3600 X137.996 Y152.121 E2689.88455
G1 F1500 E2687.88455
G0 F9000 X137.765 Y152.121
G0 X137.851 Y156.606
G0 X150 Y160.74
;TYPE:SKIN
G1 F1500 E2689.88455
G1 F1800 X130.8 Y160.74 E2690.86798
G1 X130.8 Y139.26 E2691.9682
G1 X166.688 Y139.256 E2693.80641
G1 X166.688 Y141.444 E2693.91848
G1 X143.602 Y141.447 E2695.10096
G1 X143.304 Y141.539 E2695.11693
G1 X143.011 Y141.728 E2695.13479
G1 X142.807 Y141.999 E2695.15216
G1 X142.688 Y142.346 E2695.17095
G1 X142.688 Y157.653 E2695.95499
G1 X142.809 Y157.997 E2695.97367
G1 X143.015 Y158.268 E2695.9911
G1 X143.332 Y158.479 E2696.01061
G1 X143.705 Y158.552 E2696.03007
G1 X166.688 Y158.556 E2697.20728
G1 X166.688 Y160.74 E2697.31914
G1 X150 Y160.74 E2698.17391
G1 F1500 E2696.17391
G0 F9000 X137.851 Y156.606
G0 X137.858 Y156.793
G1 F1500 E2698.17391
G1 F1800 X137.959 Y156.748 E2698.17958
G1 X138.037 Y156.614 E2698.18752
G1 X138.04 Y143.36 E2698.8664
G1 X137.872 Y143.204 E2698.87814
G1 X136.67 Y143.207 E2698.93971
G1 X136.575 Y143.248 E2698.94501
G1 X136.492 Y143.381 E2698.95304
G1 X136.487 Y156.615 E2699.63089
G1 X136.527 Y156.707 E2699.63603
G1 X136.649 Y156.796 E2699.64376
G1 X137.858 Y156.793 E2699.70569
G1 F1500 E2697.70569
G0 F9000 X137.765 Y156.52
G0 X136.678 Y143.394
G0 X131.02 Y139.661
G1 F1500 E2699.70569
G1 F1800 X131.202 Y139.479 E2699.71887
G0 F9000 X131.824 Y139.479
G1 F1800 X131.02 Y140.283 E2699.77711
G0 F9000 X131.02 Y140.905
G1 F1800 X132.446 Y139.479 E2699.88041
G0 F9000 X133.068 Y139.479
G1 F1800 X131.02 Y141.527 E2700.02876
G0 F9000 X131.02 Y142.15
G1 F1800 X133.691 Y139.479 E2700.22224
G0 F9000 X134.313 Y139.479
G1 F1800 X131.02 Y142.772 E2700.46077
G0 F9000 X131.02 Y143.394
G1 F1800 X134.935 Y139.479 E2700.74436
G0 F9000 X135.557 Y139.479
G1 F1800 X131.02 Y144.016 E2701.07301
G0 F9000 X131.02 Y144.639
G1 F1800 X136.18 Y139.479 E2701.44678
G0 F9000 X136.802 Y139.479
G1 F1800 X131.02 Y145.261 E2701.86561
G0 F9000 X131.02 Y145.883
G1 F1800 X137.424 Y139.479 E2702.3295
G0 F9000 X138.046 Y139.479
G1 F1800 X131.02 Y146.505 E2702.83844
G0 F9000 X131.02 Y147.128
G1 F1800 X138.669 Y139.478 E2703.39254
G0 F9000 X139.292 Y139.478
G1 F1800 X131.02 Y147.75 E2703.99174
G0 F9000 X131.02 Y148.372
G1 F1800 X139.914 Y139.478 E2704.636
G0 F9000 X140.536 Y139.478
G1 F1800 X137.026 Y142.988 E2704.89025
G0 F9000 X137.651 Y142.985
G1 F1800 X141.158 Y139.478 E2705.14429
G0 F9000 X141.781 Y139.478
G1 F1800 X138.133 Y143.126 E2705.40853
G0 F9000 X138.261 Y143.62
G1 F1800 X142.403 Y139.478 E2705.70857
G0 F9000 X143.025 Y139.478
G1 F1800 X138.261 Y144.243 E2706.05369
G0 F9000 X138.261 Y144.865
G1 F1800 X143.647 Y139.478 E2706.44388
G0 F9000 X144.27 Y139.478
G1 F1800 X138.26 Y145.488 E2706.87922
G0 F9000 X138.26 Y146.11
G1 F1800 X144.892 Y139.478 E2707.35962
G0 F9000 X145.515 Y139.478
G1 F1800 X143.762 Y141.23 E2707.48657
G0 F9000 X144.384 Y141.23
G1 F1800 X146.137 Y139.478 E2707.61351
G0 F9000 X146.759 Y139.478
G1 F1800 X145.006 Y141.23 E2707.74046
G0 F9000 X145.629 Y141.23
G1 F1800 X147.382 Y139.478 E2707.8674
G0 F9000 X148.004 Y139.478
G1 F1800 X146.252 Y141.23 E2707.99431
G0 F9000 X146.874 Y141.23
G1 F1800 X148.626 Y139.478 E2708.12122
G0 F9000 X149.248 Y139.478
G1 F1800 X147.496 Y141.23 E2708.24813
G0 F9000 X148.118 Y141.23
G1 F1800 X149.871 Y139.478 E2708.37508
G0 F9000 X150.493 Y139.478
G1 F1800 X148.741 Y141.229 E2708.50195
G0 F9000 X149.364 Y141.229
G1 F1800 X151.115 Y139.478 E2708.62879
G0 F9000 X151.737 Y139.478
G1 F1800 X149.986 Y141.229 E2708.75563
G0 F9000 X150.608 Y141.229
G1 F1800 X152.36 Y139.477 E2708.88254
G0 F9000 X152.983 Y139.477
G1 F1800 X151.231 Y141.228 E2709.00941
G0 F9000 X151.853 Y141.228
G1 F1800 X153.605 Y139.477 E2709.13628
G0 F9000 X154.227 Y139.477
G1 F1800 X152.476 Y141.228 E2709.26312
G0 F9000 X153.098 Y141.228
G1 F1800 X154.849 Y139.477 E2709.38996
G0 F9000 X155.472 Y139.477
G1 F1800 X153.72 Y141.228 E2709.51683
G0 F9000 X154.343 Y141.228
G1 F1800 X156.094 Y139.477 E2709.64367
G0 F9000 X156.716 Y139.477
G1 F1800 X154.965 Y141.228 E2709.7705
G0 F9000 X155.588 Y141.228
G1 F1800 X157.338 Y139.477 E2709.8973
G0 F9000 X157.961 Y139.477
G1 F1800 X156.21 Y141.228 E2710.02414
G0 F9000 X156.833 Y141.227
G1 F1800 X158.583 Y139.477 E2710.15091
G0 F9000 X159.205 Y139.477
G1 F1800 X157.455 Y141.227 E2710.27767
G0 F9000 X158.077 Y141.227
G1 F1800 X159.828 Y139.476 E2710.40451
G0 F9000 X160.45 Y139.476
G1 F1800 X158.7 Y141.227 E2710.53131
G0 F9000 X159.322 Y141.226
G1 F1800 X161.073 Y139.476 E2710.65811
G0 F9000 X161.695 Y139.476
G1 F1800 X159.945 Y141.226 E2710.78487
G0 F9000 X160.567 Y141.226
G1 F1800 X162.317 Y139.476 E2710.91164
G0 F9000 X162.939 Y139.476
G1 F1800 X161.189 Y141.226 E2711.0384
G0 F9000 X161.812 Y141.225
G1 F1800 X163.562 Y139.476 E2711.16513
G0 F9000 X164.184 Y139.476
G1 F1800 X162.434 Y141.225 E2711.29186
G0 F9000 X163.057 Y141.225
G1 F1800 X164.806 Y139.476 E2711.41855
G0 F9000 X165.428 Y139.476
G1 F1800 X163.679 Y141.225 E2711.54524
G0 F9000 X164.302 Y141.225
G1 F1800 X166.051 Y139.476 E2711.67193
G0 F9000 X166.468 Y139.681
G1 F1800 X164.924 Y141.225 E2711.78378
G0 F9000 X165.546 Y141.225
G1 F1800 X166.468 Y140.303 E2711.85056
G0 F9000 X166.468 Y140.926
G1 F1800 X166.169 Y141.225 E2711.87222
G1 F1500 E2709.87222
G0 F9000 X166.169 Y143.165
G0 X166.041 Y156.835
G0 X166.041 Y158.776
G1 F1500 E2711.87222
G1 F1800 X164.296 Y160.52 E2711.99859
G0 F9000 X163.674 Y160.52
G1 F1800 X165.418 Y158.776 E2712.12492
G0 F9000 X164.796 Y158.776
G1 F1800 X163.052 Y160.52 E2712.25125
G0 F9000 X162.429 Y160.52
G1 F1800 X164.174 Y158.776 E2712.37761
G0 F9000 X163.552 Y158.776
G1 F1800 X161.807 Y160.52 E2712.50398
G0 F9000 X161.185 Y160.52
G1 F1800 X162.929 Y158.776 E2712.63031
G0 F9000 X162.307 Y158.776
G1 F1800 X160.563 Y160.52 E2712.75664
G0 F9000 X159.94 Y160.52
G1 F1800 X161.685 Y158.776 E2712.88301
G0 F9000 X161.063 Y158.776
G1 F1800 X159.318 Y160.52 E2713.00937
G0 F9000 X158.696 Y160.52
G1 F1800 X160.44 Y158.776 E2713.1357
G0 F9000 X159.818 Y158.776
G1 F1800 X158.074 Y160.52 E2713.26203
G0 F9000 X157.451 Y160.52
G1 F1800 X159.196 Y158.776 E2713.3884
G0 F9000 X158.574 Y158.776
G1 F1800 X156.829 Y160.52 E2713.51477
G0 F9000 X156.207 Y160.52
G1 F1800 X157.951 Y158.776 E2713.64109
G0 F9000 X157.329 Y158.776
G1 F1800 X155.585 Y160.52 E2713.76742
G0 F9000 X154.962 Y160.52
G1 F1800 X156.707 Y158.776 E2713.89379
G0 F9000 X156.085 Y158.776
G1 F1800 X154.34 Y160.52 E2714.02016
G0 F9000 X153.718 Y160.52
G1 F1800 X155.462 Y158.776 E2714.14649
G0 F9000 X154.84 Y158.776
G1 F1800 X153.096 Y160.52 E2714.27282
G0 F9000 X152.473 Y160.52
G1 F1800 X154.218 Y158.776 E2714.39918
G0 F9000 X153.596 Y158.776
G1 F1800 X151.851 Y160.52 E2714.52555
G0 F9000 X151.229 Y160.52
G1 F1800 X152.973 Y158.776 E2714.65188
G0 F9000 X152.351 Y158.776
G1 F1800 X150.607 Y160.52 E2714.77821
G0 F9000 X149.984 Y160.52
G1 F1800 X151.729 Y158.776 E2714.90458
G0 F9000 X151.107 Y158.776
G1 F1800 X149.362 Y160.52 E2715.03094
G0 F9000 X148.74 Y160.52
G1 F1800 X150.484 Y158.776 E2715.15727
G0 F9000 X149.862 Y158.776
G1 F1800 X148.118 Y160.52 E2715.2836
G0 F9000 X147.495 Y160.52
G1 F1800 X149.24 Y158.776 E2715.40997
G0 F9000 X148.618 Y158.776
G1 F1800 X146.873 Y160.52 E2715.53633
G0 F9000 X146.251 Y160.52
G1 F1800 X147.995 Y158.776 E2715.66266
G0 F9000 X147.373 Y158.776
G1 F1800 X145.629 Y160.52 E2715.78899
G0 F9000 X145.006 Y160.52
G1 F1800 X146.751 Y158.776 E2715.91536
G0 F9000 X146.129 Y158.776
G1 F1800 X144.384 Y160.52 E2716.04173
G0 F9000 X143.762 Y160.52
G1 F1800 X145.506 Y158.776 E2716.16806
G0 F9000 X144.884 Y158.776
G1 F1800 X143.14 Y160.52 E2716.29439
G0 F9000 X142.517 Y160.52
G1 F1800 X144.262 Y158.776 E2716.42075
G0 F9000 X143.65 Y158.765
G1 F1800 X141.895 Y160.52 E2716.54788
G0 F9000 X141.273 Y160.52
G1 F1800 X143.162 Y158.631 E2716.68471
G0 F9000 X142.809 Y158.362
G1 F1800 X140.651 Y160.52 E2716.84103
G0 F9000 X140.028 Y160.52
G1 F1800 X142.568 Y157.981 E2717.02498
G0 F9000 X142.469 Y157.458
G1 F1800 X139.406 Y160.52 E2717.24682
G0 F9000 X138.784 Y160.52
G1 F1800 X142.469 Y156.836 E2717.51372
G0 F9000 X142.469 Y156.213
G1 F1800 X138.162 Y160.52 E2717.8257
G0 F9000 X137.539 Y160.52
G1 F1800 X142.469 Y155.591 E2718.18278
G0 F9000 X142.469 Y154.969
G1 F1800 X136.917 Y160.52 E2718.58491
G0 F9000 X136.295 Y160.52
G1 F1800 X142.469 Y154.347 E2719.0321
G0 F9000 X142.469 Y153.724
G1 F1800 X135.673 Y160.52 E2719.52438
G0 F9000 X135.05 Y160.52
G1 F1800 X142.469 Y153.102 E2720.06176
G0 F9000 X142.469 Y152.48
G1 F1800 X138.226 Y156.722 E2720.36907
G0 F9000 X137.974 Y156.975
G1 F1800 X134.428 Y160.52 E2720.62589
G0 F9000 X133.806 Y160.52
G1 F1800 X137.313 Y157.013 E2720.87993
G0 F9000 X136.687 Y157.017
G1 F1800 X133.184 Y160.52 E2721.13368
G0 F9000 X132.561 Y160.52
G1 F1800 X136.317 Y156.764 E2721.40575
G0 F9000 X136.269 Y156.19
G1 F1800 X131.939 Y160.52 E2721.7194
G0 F9000 X131.317 Y160.52
G1 F1800 X136.269 Y155.568 E2722.07811
G0 F9000 X136.269 Y154.945
G1 F1800 X131.02 Y160.195 E2722.45837
G0 F9000 X131.02 Y159.573
G1 F1800 X136.269 Y154.323 E2722.83862
G0 F9000 X136.269 Y153.701
G1 F1800 X131.02 Y158.951 E2723.21888
G0 F9000 X131.02 Y158.328
G1 F1800 X136.269 Y153.079 E2723.5991
G0 F9000 X136.269 Y152.456
G1 F1800 X131.02 Y157.706 E2723.97936
G0 F9000 X131.02 Y157.084
G1 F1800 X136.269 Y151.835 E2724.35958
G0 F9000 X136.269 Y151.213
G1 F1800 X131.02 Y156.462 E2724.7398
G0 F9000 X131.02 Y155.839
G1 F1800 X136.269 Y150.59 E2725.12002
G0 F9000 X136.269 Y149.968
G1 F1800 X131.02 Y155.217 E2725.50024
G0 F9000 X131.02 Y154.595
G1 F1800 X136.269 Y149.346 E2725.88046
G0 F9000 X136.269 Y148.724
G1 F1800 X131.02 Y153.973 E2726.26069
G0 F9000 X131.02 Y153.35
G1 F1800 X136.269 Y148.101 E2726.64091
G0 F9000 X136.268 Y147.48
G1 F1800 X131.02 Y152.728 E2727.02106
G0 F9000 X131.02 Y152.106
G1 F1800 X136.268 Y146.858 E2727.4012
G0 F9000 X136.268 Y146.235
G1 F1800 X131.02 Y151.483 E2727.78135
G0 F9000 X131.02 Y150.861
G1 F1800 X136.268 Y145.613 E2728.1615
G0 F9000 X136.268 Y144.991
G1 F1800 X131.02 Y150.239 E2728.54165
G0 F9000 X131.02 Y149.617
G1 F1800 X136.268 Y144.369 E2728.9218
G0 F9000 X136.268 Y143.746
G1 F1800 X131.02 Y148.994 E2729.30195
G1 F1500 E2727.30195
G0 F9000 X136.683 Y148.996
G0 X137.765 Y149.223
G0 X138.258 Y149.223
G1 F1500 E2729.30195
G1 F1800 X142.469 Y145.013 E2729.60694
G0 F9000 X142.469 Y145.635
G1 F1800 X138.258 Y149.846 E2729.91198
G0 F9000 X138.258 Y150.468
G1 F1800 X142.469 Y146.257 E2730.21701
G0 F9000 X142.469 Y146.88
G1 F1800 X138.257 Y151.091 E2730.52207
G0 F9000 X138.257 Y151.713
G1 F1800 X142.469 Y147.502 E2730.82714
G0 F9000 X142.469 Y148.124
G1 F1800 X138.256 Y152.336 E2731.13228
G0 F9000 X138.256 Y152.959
G1 F1800 X142.469 Y148.746 E2731.43746
G0 F9000 X142.469 Y149.369
G1 F1800 X138.256 Y153.581 E2731.7426
G0 F9000 X138.256 Y154.204
G1 F1800 X142.469 Y149.991 E2732.04778
G0 F9000 X142.469 Y150.613
G1 F1800 X138.256 Y154.826 E2732.35295
G0 F9000 X138.255 Y155.449
G1 F1800 X142.469 Y151.235 E2732.6582
G0 F9000 X142.469 Y151.858
G1 F1800 X138.255 Y156.071 E2732.96342
G0 F9000 X137.765 Y156.071
G0 X137.765 Y148.601
G0 X138.258 Y148.601
G1 F1800 X142.469 Y144.39 E2733.26845
G0 F9000 X142.469 Y143.768
G1 F1800 X138.258 Y147.978 E2733.57344
G0 F9000 X138.259 Y147.355
G1 F1800 X142.469 Y143.146 E2733.87837
G0 F9000 X142.469 Y142.524
G1 F1800 X138.259 Y146.733 E2734.18329
G1 F1500 E2732.18329
G0 F9000 X137.765 Y146.733
G0 X137.851 Y156.606
G0 X164.919 Y160.52
G1 F1500 E2734.18329
G1 F1800 X166.468 Y158.971 E2734.29549
G0 F9000 X166.468 Y159.593
G1 F1800 X165.541 Y160.52 E2734.36264
G0 F9000 X166.163 Y160.52
G1 F1800 X166.468 Y160.216 E2734.3847
G1 F1500 E2732.3847
;MESH:NONMESH
G0 F300 Z2.52
G0 F9000 X133.809 Y118.914
;TIME_ELAPSED:2637.476973
;LAYER:8
;TYPE:WALL-INNER
;MESH:din-rail-clip-mount.stl
G1 F1500 E2734.3847
G1 F1800 X133.574 Y118.887 E2734.39682
G1 X132.699 Y118.654 E2734.44319
G1 X132.399 Y118.482 E2734.46091
G1 X131.759 Y117.838 E2734.50741
G1 X131.591 Y117.545 E2734.52471
G1 F1537.9 X131.282 Y116.692 E2734.5791
G1 F1294.1 X131.246 Y116.631 E2734.58415
G1 F1239.4 X131.256 Y116.301 E2734.60871
G1 F1182.1 X131.333 Y115.914 E2734.63948
G1 F1166.4 X131.528 Y115.323 E2734.68867
G1 F1205.5 X131.686 Y115.082 E2734.71071
G1 F1175.1 X131.868 Y114.868 E2734.73276
G1 F1166.4 X132.399 Y114.384 E2734.78955
G1 F1183.9 X132.736 Y114.203 E2734.81934
G1 F1211 X133.651 Y113.997 E2734.89074
G1 F1466.7 X133.918 Y114.106 E2734.90887
G1 F1783.8 X134.792 Y114.346 E2734.95572
G1 F1800 X135.087 Y114.517 E2734.97318
G1 X135.727 Y115.157 E2735.01954
G1 X135.898 Y115.454 E2735.0371
G1 X136.13 Y116.326 E2735.08331
G1 X136.14 Y116.627 E2735.09874
G1 X135.87 Y117.645 E2735.15269
G1 X135.729 Y117.838 E2735.16493
G1 X135.088 Y118.481 E2735.21143
G1 X134.896 Y118.627 E2735.22379
G1 X133.809 Y118.914 E2735.28137
G1 F1500 E2733.28137
G0 F9000 X138.857 Y137.143
G1 F1500 E2735.28137
G1 F1876.8 X137.744 Y137.149 E2735.33605
G1 F1846.2 X137.216 Y136.897 E2735.36527
G1 F1800 X137.084 Y136.5 E2735.3867
G1 X137.084 Y120.35 E2736.21391
G1 X137.181 Y120.123 E2736.22655
G1 X137.391 Y119.91 E2736.24187
G1 X137.619 Y119.808 E2736.25467
G1 X138.813 Y119.811 E2736.31583
G1 X139.004 Y119.861 E2736.32594
G1 X139.195 Y119.985 E2736.3376
G1 X139.366 Y120.245 E2736.35354
G1 X139.404 Y120.468 E2736.36513
G1 X139.404 Y136.5 E2737.1863
G1 X139.272 Y136.897 E2737.20773
G1 F1833.3 X138.857 Y137.143 E2737.23199
G1 F1500 E2735.23199
G0 F9000 X144.398 Y135.847
G0 X150 Y135.835
G0 X150 Y137.149
G1 F1500 E2737.23199
G1 F1894.7 X143.744 Y137.149 E2737.5364
G1 F1846.2 X143.216 Y136.897 E2737.56562
G1 F1800 X143.084 Y136.5 E2737.58705
G1 X143.084 Y120.468 E2738.40822
G1 X143.122 Y120.245 E2738.4198
G1 X143.293 Y119.985 E2738.43574
G1 X143.478 Y119.863 E2738.44709
G1 X143.659 Y119.808 E2738.45678
G1 X168.838 Y119.808 E2739.74647
G1 X169.01 Y119.863 E2739.75572
G1 X169.195 Y119.985 E2739.76707
G1 X169.366 Y120.245 E2739.78301
G1 X169.404 Y120.468 E2739.79459
G1 X169.402 Y136.558 E2740.61873
G1 X169.371 Y136.708 E2740.62658
G1 X169.203 Y136.975 E2740.64274
G1 X169.068 Y137.076 E2740.65137
G1 X168.744 Y137.16 E2740.66852
G1 F1846.2 X168.244 Y137.149 E2740.69349
G1 F1894.7 X150 Y137.149 E2741.58124
G1 F1500 E2739.58124
G0 F9000 X150 Y135.835
G0 X168.092 Y135.847
G0 X173.678 Y137.16
G1 F1500 E2741.58124
G1 F1800 X173.422 Y137.077 E2741.59502
G1 X173.194 Y136.865 E2741.61097
G1 X173.086 Y136.558 E2741.62764
G1 X173.084 Y120.468 E2742.45178
G1 X173.122 Y120.245 E2742.46337
G1 X173.207 Y120.084 E2742.47269
G1 X173.365 Y119.927 E2742.4841
G1 X173.681 Y119.811 E2742.50134
G1 X174.463 Y119.806 E2742.5414
G1 X174.687 Y119.893 E2742.5537
G1 X174.902 Y120.09 E2742.56864
G1 X175.019 Y120.431 E2742.58711
G1 X175.02 Y136.584 E2743.41447
G1 X174.916 Y136.857 E2743.42944
G1 X174.766 Y137.022 E2743.44086
G1 X174.444 Y137.155 E2743.4587
G1 X173.678 Y137.16 E2743.49794
G1 F1500 E2741.49794
G0 F9000 X178.31 Y118.914
G1 F1500 E2743.49794
G1 F1800 X178.074 Y118.887 E2743.51011
G1 X177.091 Y118.625 E2743.56221
G1 X176.899 Y118.482 E2743.57448
G1 X176.259 Y117.838 E2743.62098
G1 X176.117 Y117.646 E2743.63321
G1 X175.826 Y116.57 E2743.69031
G1 X175.854 Y116.328 E2743.70278
G1 X176.09 Y115.452 E2743.74925
G1 X176.261 Y115.157 E2743.76672
G1 X176.901 Y114.517 E2743.81308
G1 X177.196 Y114.346 E2743.83054
G1 X178.13 Y114.098 E2743.88004
G1 X178.407 Y114.107 E2743.89424
G1 X178.692 Y114.183 E2743.90934
G1 F1455.9 X179.143 Y114.196 E2743.93792
G1 F1231.7 X179.39 Y114.274 E2743.9573
G1 F1469.4 X179.561 Y114.493 E2743.97474
G1 F1800 X180.307 Y115.24 E2744.02881
G1 X180.398 Y115.455 E2744.04077
G1 X180.652 Y116.41 E2744.09139
G1 X180.647 Y116.609 E2744.10158
G1 X180.399 Y117.542 E2744.15103
G1 X180.229 Y117.838 E2744.16852
G1 X179.588 Y118.482 E2744.21506
G1 X179.29 Y118.654 E2744.23268
G1 X178.31 Y118.914 E2744.28461
G1 F1500 E2742.28461
G0 F9000 X173.679 Y180.185
G1 F1500 E2744.28461
G1 F1800 X173.365 Y180.069 E2744.30176
G1 X173.207 Y179.912 E2744.31317
G1 X173.086 Y179.586 E2744.33098
G1 X173.084 Y163.5 E2745.15491
G1 X173.117 Y163.292 E2745.1657
G1 X173.201 Y163.124 E2745.17532
G1 X173.422 Y162.923 E2745.19062
G1 X173.678 Y162.84 E2745.20441
G1 X174.444 Y162.845 E2745.24364
G1 X174.766 Y162.978 E2745.26149
G1 X174.916 Y163.143 E2745.27291
G1 X175.02 Y163.401 E2745.28716
G1 X175.019 Y179.569 E2746.11529
G1 X174.911 Y179.892 E2746.13274
G1 X174.689 Y180.101 E2746.14835
G1 X174.468 Y180.188 E2746.16052
G1 X173.679 Y180.185 E2746.20093
G1 F1500 E2744.20093
G0 F9000 X177.324 Y182.967
G0 X178.245 Y184.563
G0 X178.24 Y185.93
G1 F1500 E2746.20093
G1 F1800 X177.199 Y185.654 E2746.2561
G1 X176.899 Y185.482 E2746.27381
G1 X176.259 Y184.838 E2746.32031
G1 X176.09 Y184.545 E2746.33764
G1 X175.854 Y183.673 E2746.38391
G1 X175.826 Y183.431 E2746.39639
G1 X176.118 Y182.349 E2746.45379
G1 X176.261 Y182.157 E2746.46605
G1 X176.901 Y181.517 E2746.51241
G1 X177.091 Y181.374 E2746.52459
G1 X178.072 Y181.11 E2746.57663
G1 X178.309 Y181.081 E2746.58886
G1 X179.292 Y181.346 E2746.641
G1 X179.587 Y181.517 E2746.65847
G1 X180.227 Y182.157 E2746.70483
G1 X180.399 Y182.455 E2746.72245
G1 X180.631 Y183.331 E2746.76887
G1 F1447.9 X180.737 Y183.683 E2746.79228
G1 F1192.8 X180.451 Y184.755 E2746.87804
G1 F1175.1 X179.64 Y185.595 E2746.96965
G1 F1207.3 X179.389 Y185.726 E2746.99127
G1 F1229.8 X179.134 Y185.803 E2747.01124
G1 F1450.5 X178.683 Y185.813 E2747.03991
G1 F1800 X178.24 Y185.93 E2747.06338
G1 F1500 E2745.06338
G0 F9000 X150 Y186.805
G1 F1500 E2747.06338
G1 F1800 X178.607 Y186.808 E2748.52865
G1 X178.958 Y186.676 E2748.54786
G1 F1450.5 X179.332 Y186.422 E2748.57659
G1 F1229.8 X179.614 Y186.322 E2748.59902
G1 F1207.3 X180.062 Y186.132 E2748.63618
G1 F1200 X180.814 Y185.307 E2748.72195
G1 F1203.6 X181.08 Y184.988 E2748.75377
G1 F1196.4 X181.371 Y183.838 E2748.84518
G1 F1315.6 X181.584 Y183.429 E2748.8775
G1 F1440 X181.584 Y181.67 E2748.99012
G1 F1447.9 X181.584 Y179.911 E2749.10213
G1 F1455.9 X181.584 Y178.152 E2749.21352
G1 F1464 X181.584 Y176.393 E2749.3243
G1 F1472.1 X181.584 Y174.634 E2749.43446
G1 F1480.4 X181.584 Y172.875 E2749.54401
G1 F1488.7 X181.584 Y171.116 E2749.65295
G1 F1497.2 X181.584 Y169.357 E2749.76127
G1 F1505.7 X181.584 Y167.598 E2749.86898
G1 F1514.3 X181.584 Y165.839 E2749.97607
G1 F1523.1 X181.584 Y164.08 E2750.08255
G1 F1531.9 X181.584 Y162.321 E2750.18841
G1 F1540.9 X181.584 Y160.562 E2750.29366
G1 F1546.9 X181.584 Y158.803 E2750.3985
G1 F1556 X181.584 Y157.044 E2750.50273
G1 F1565.2 X181.584 Y155.285 E2750.60634
G1 F1574.6 X181.584 Y153.526 E2750.70934
G1 F1584 X181.584 Y151.767 E2750.81172
G1 F1593.6 X181.584 Y150.008 E2750.91349
G1 F1603.2 X181.584 Y148.249 E2751.01464
G1 F1613 X181.584 Y146.49 E2751.11518
G1 F1623 X181.584 Y144.731 E2751.21511
G1 F1633 X181.584 Y142.972 E2751.31442
G1 F1643.2 X181.584 Y141.213 E2751.41312
G1 F1653.4 X181.584 Y139.454 E2751.5112
G1 F1660.4 X181.584 Y137.695 E2751.60887
G1 F1670.9 X181.584 Y135.936 E2751.70593
G1 F1681.5 X181.584 Y134.177 E2751.80238
G1 F1692.3 X181.584 Y132.418 E2751.89821
G1 F1703.2 X181.584 Y130.659 E2751.99342
G1 F1714.3 X181.584 Y128.9 E2752.08803
G1 F1725.5 X181.584 Y127.141 E2752.18201
G1 F1736.8 X181.584 Y125.382 E2752.27539
G1 F1748.3 X181.584 Y123.623 E2752.36815
G1 F1760 X181.584 Y121.864 E2752.46029
G1 F1771.8 X181.584 Y120.105 E2752.55182
G1 F1783.8 X181.584 Y118.346 E2752.64274
G1 F1795.9 X181.584 Y116.587 E2752.73304
G1 F1800 X181.186 Y114.953 E2752.81918
G1 F1616.3 X180.105 Y113.738 E2752.91195
G1 F1346.9 X179.616 Y113.679 E2752.94566
G1 F1231.7 X179.342 Y113.581 E2752.96744
G1 F1455.9 X178.969 Y113.327 E2752.99602
G1 F1800 X178.606 Y113.188 E2753.01593
G1 X134.269 Y113.188 E2755.2869
G1 F1783.8 X133.98 Y113.228 E2755.30198
G1 F1466.7 X133.575 Y113.369 E2755.32893
G1 F1196.4 X132.614 Y113.516 E2755.40385
G1 F1200 X132.083 Y113.845 E2755.45185
G1 F1196.4 X131.355 Y114.386 E2755.52174
G1 X131.003 Y114.983 E2755.57515
G1 X130.649 Y115.739 E2755.63948
G1 F1231.7 X130.595 Y116.783 E2755.71773
G1 F1537.9 X130.52 Y117.687 E2755.77212
G1 F1800 X130.52 Y136.5 E2756.73573
G1 X130.457 Y136.784 E2756.75063
G1 X130.404 Y136.817 E2756.75383
G1 X130.404 Y137.556 E2756.79168
G1 X136.886 Y137.556 E2757.12369
G1 F1846.2 X138.744 Y137.567 E2757.21648
G1 X139.602 Y137.556 E2757.25933
G1 F1800 X142.886 Y137.556 E2757.42754
G1 F1846.2 X143.744 Y137.567 E2757.4704
G1 F1894.7 X168.244 Y137.567 E2758.66255
G1 F1846.2 X168.599 Y137.659 E2758.68087
G1 F1800 X168.826 Y137.904 E2758.69798
G1 X168.901 Y138.149 E2758.7111
G1 X168.901 Y161.851 E2759.92513
G1 X168.826 Y162.096 E2759.93826
G1 F1808.2 X168.598 Y162.339 E2759.95525
G1 F1837.6 X168.357 Y162.427 E2759.96812
G1 F1876.8 X143.744 Y162.433 E2761.17724
G1 F1846.2 X142.886 Y162.444 E2761.22009
G1 F1800 X139.602 Y162.444 E2761.3883
G1 F1846.2 X137.744 Y162.433 E2761.48109
G1 X136.886 Y162.444 E2761.52394
G1 F1800 X130.404 Y162.444 E2761.85595
G1 X130.404 Y163.183 E2761.8938
G1 X130.457 Y163.216 E2761.897
G1 X130.52 Y163.5 E2761.9119
G1 X130.521 Y182.311 E2762.87541
G1 F1461.3 X130.623 Y183.218 E2762.933
G1 F1247.2 X130.613 Y183.5 E2762.95386
G1 F1257.1 X130.617 Y183.685 E2762.96743
G1 F1296.2 X130.496 Y184.299 E2763.01194
G1 F1289.9 X130.902 Y184.802 E2763.05814
G1 F1241.4 X131.095 Y185.176 E2763.0894
G1 F1472.1 X131.202 Y185.593 E2763.11636
G1 F1619.6 X131.271 Y185.724 E2763.12479
G1 F1346.9 X131.923 Y186.037 E2763.1743
G1 F1243.3 X132.237 Y186.256 E2763.20269
G1 F1192.8 X132.615 Y186.483 E2763.23677
G1 F1196.4 X133.579 Y186.629 E2763.3119
G1 F1239.4 X133.765 Y186.647 E2763.3258
G1 F1461.3 X134.238 Y186.804 E2763.35725
G1 F1800 X150 Y186.805 E2764.16459
G1 F1500 E2762.16459
G0 F9000 X150 Y180.188
G1 F1500 E2764.16459
G1 F1800 X143.65 Y180.188 E2764.48984
G1 X143.478 Y180.133 E2764.49909
G1 X143.293 Y180.011 E2764.51044
G1 X143.122 Y179.751 E2764.52638
G1 X143.086 Y179.586 E2764.53503
G1 X143.084 Y163.5 E2765.35896
G1 X143.216 Y163.103 E2765.38039
G1 F1833.3 X143.631 Y162.857 E2765.40465
G1 F1876.8 X168.244 Y162.851 E2766.61377
G1 F1850.5 X168.744 Y162.842 E2766.63869
G1 F1808.2 X169.068 Y162.924 E2766.65573
G1 F1800 X169.294 Y163.135 E2766.67157
G1 X169.371 Y163.292 E2766.68052
G1 X169.404 Y163.5 E2766.69131
G1 X169.402 Y179.586 E2767.51525
G1 X169.366 Y179.751 E2767.5239
G1 X169.195 Y180.011 E2767.53984
G1 X169.01 Y180.133 E2767.55119
G1 X168.829 Y180.188 E2767.56088
G1 X150 Y180.188 E2768.52531
G1 F1500 E2766.52531
G0 F9000 X138.813 Y180.185
G1 F1500 E2768.52531
G1 F1800 X137.618 Y180.188 E2768.58652
G1 X137.389 Y180.085 E2768.59938
G1 X137.18 Y179.872 E2768.61466
G1 X137.084 Y179.647 E2768.62719
G1 X137.084 Y163.5 E2769.45425
G1 X137.216 Y163.103 E2769.47568
G1 F1833.3 X137.631 Y162.857 E2769.49994
G1 F1876.8 X138.744 Y162.851 E2769.55462
G1 F1846.2 X139.272 Y163.103 E2769.58384
G1 F1800 X139.404 Y163.5 E2769.60527
G1 X139.402 Y179.586 E2770.4292
G1 X139.281 Y179.912 E2770.44701
G1 X139.123 Y180.069 E2770.45842
G1 X138.813 Y180.185 E2770.47537
G1 F1500 E2768.47537
G0 F9000 X134.666 Y182.967
G0 X133.745 Y184.563
G0 X133.756 Y186.023
G1 F1500 E2770.47537
G1 F1168.1 X132.828 Y185.818 E2770.55038
G1 F1192.8 X132.551 Y185.705 E2770.57351
G1 F1243.3 X132.33 Y185.551 E2770.59348
G1 F1472.1 X131.96 Y185.039 E2770.63305
G1 X131.627 Y184.835 E2770.6575
G1 F1241.4 X131.494 Y184.571 E2770.67946
G1 F1466.7 X131.457 Y184.052 E2770.71217
G1 F1474.9 X131.246 Y183.631 E2770.7416
G1 F1239.4 X131.256 Y183.301 E2770.76616
G1 F1461.3 X131.59 Y182.452 E2770.82373
G1 F1800 X131.761 Y182.157 E2770.84119
G1 X132.401 Y181.517 E2770.88755
G1 X132.696 Y181.346 E2770.90502
G1 X133.572 Y181.11 E2770.95149
G1 X133.81 Y181.081 E2770.96377
G1 X134.895 Y181.374 E2771.02133
G1 X135.087 Y181.517 E2771.03359
G1 X135.727 Y182.157 E2771.07995
G1 X135.869 Y182.346 E2771.09206
G1 X136.14 Y183.369 E2771.14627
G1 X136.13 Y183.67 E2771.16169
G1 X135.898 Y184.542 E2771.20791
G1 X135.729 Y184.838 E2771.22537
G1 X135.089 Y185.482 E2771.27187
G1 X134.789 Y185.654 E2771.28959
G1 X134.17 Y185.819 E2771.3224
G1 F1432.2 X133.756 Y186.023 E2771.35211
G0 F9000 X133.734 Y185.474
;TYPE:WALL-OUTER
G1 F1800 X132.759 Y185.215 E2771.40378
G1 X132.029 Y184.483 E2771.45673
G1 X131.764 Y183.497 E2771.50903
G1 X132.03 Y182.51 E2771.56139
G1 X132.712 Y181.828 E2771.61079
G1 X132.81 Y181.771 E2771.6166
G1 X133.686 Y181.535 E2771.66307
G1 X133.802 Y181.535 E2771.66901
G1 X134.743 Y181.795 E2771.71901
G1 X135.449 Y182.501 E2771.77015
G1 X135.719 Y183.505 E2771.82341
G1 X135.457 Y184.487 E2771.87546
G1 X134.777 Y185.172 E2771.9249
G1 X134.677 Y185.229 E2771.9308
G1 X133.734 Y185.474 E2771.9807
G1 F1500 E2769.9807
G0 F9000 X133.745 Y184.563
G0 X134.666 Y182.967
G0 X138.786 Y179.745
G1 F1500 E2771.9807
G1 F1800 X137.701 Y179.748 E2772.03628
G1 X137.617 Y179.709 E2772.04102
G1 X137.524 Y179.567 E2772.04972
G1 X137.524 Y163.5 E2772.87268
G1 X137.568 Y163.367 E2772.87985
G1 X137.706 Y163.283 E2772.88813
G1 X138.744 Y163.28 E2772.94129
G1 X138.92 Y163.367 E2772.95135
G1 X138.964 Y163.5 E2772.95853
G1 X138.964 Y179.548 E2773.78051
G1 X138.923 Y179.656 E2773.78643
G1 X138.786 Y179.745 E2773.7948
G1 F1500 E2771.7948
G0 F9000 X150 Y179.744
G1 F1500 E2773.7948
G1 F1800 X143.698 Y179.744 E2774.11759
G1 X143.593 Y179.689 E2774.12366
G1 X143.524 Y179.585 E2774.13006
G1 X143.524 Y163.5 E2774.95394
G1 X143.568 Y163.367 E2774.96111
G1 X143.706 Y163.283 E2774.96939
G1 X168.744 Y163.28 E2776.25185
G1 X168.852 Y163.308 E2776.25757
G1 X168.928 Y163.378 E2776.26286
G1 X168.964 Y163.5 E2776.26937
G1 X168.964 Y179.548 E2777.09136
G1 X168.923 Y179.656 E2777.09728
G1 X168.79 Y179.744 E2777.10545
G1 X150 Y179.744 E2778.06788
G1 F1500 E2776.06788
G0 F9000 X150 Y187.248
G1 F1500 E2778.06788
G1 F1800 X178.687 Y187.248 E2779.53725
G1 X180.387 Y186.605 E2779.63034
G1 X181.587 Y185.254 E2779.7229
G1 X182.024 Y183.473 E2779.81683
G1 X182.024 Y116.523 E2783.24605
G1 X181.587 Y114.742 E2783.33998
G1 X180.387 Y113.395 E2783.43238
G1 X178.687 Y112.748 E2783.52555
G1 X134.242 Y112.748 E2785.80205
G1 X132.409 Y112.972 E2785.89663
G1 X130.918 Y113.999 E2785.98937
G1 X130.081 Y115.599 E2786.08186
G1 X130.08 Y136.582 E2787.15662
G1 X129.964 Y136.655 E2787.16364
G1 X129.964 Y137.996 E2787.23233
G1 X168.244 Y137.996 E2789.19305
G1 X168.363 Y138.03 E2789.19939
G1 X168.438 Y138.112 E2789.20508
G1 X168.465 Y138.216 E2789.21058
G1 X168.463 Y161.807 E2790.41893
G1 X168.363 Y161.97 E2790.42873
G1 X168.282 Y162.001 E2790.43317
G1 X129.964 Y162.004 E2792.39584
G1 X129.964 Y163.345 E2792.46453
G1 X130.08 Y163.418 E2792.47155
G1 X130.08 Y184.401 E2793.54631
G1 X130.918 Y185.997 E2793.63864
G1 X132.409 Y187.027 E2793.73146
G1 X134.242 Y187.248 E2793.82603
G1 X150 Y187.248 E2794.63316
G1 F1500 E2792.63316
G0 F9000 X173.707 Y179.749
G1 F1500 E2794.63316
G1 F1800 X173.565 Y179.656 E2794.64186
G1 X173.524 Y179.548 E2794.64777
G1 X173.524 Y163.452 E2795.47222
G1 X173.655 Y163.282 E2795.48321
G1 X174.388 Y163.281 E2795.52076
G1 X174.496 Y163.326 E2795.52675
G1 X174.576 Y163.457 E2795.53461
G1 X174.58 Y179.542 E2796.3585
G1 X174.544 Y179.65 E2796.36433
G1 X174.411 Y179.743 E2796.37264
G1 X173.707 Y179.749 E2796.4087
G1 F1500 E2794.4087
G0 F9000 X177.324 Y182.967
G0 X178.245 Y184.563
G0 X178.242 Y185.476
G1 F1500 E2796.4087
G1 F1800 X177.311 Y185.229 E2796.45804
G1 X177.211 Y185.172 E2796.46393
G1 X176.531 Y184.487 E2796.51337
G1 X176.264 Y183.503 E2796.56559
G1 X176.539 Y182.501 E2796.61882
G1 X177.245 Y181.795 E2796.66996
G1 X178.243 Y181.519 E2796.72299
G1 X179.234 Y181.786 E2796.77556
G1 X179.916 Y182.468 E2796.82496
G1 X179.973 Y182.567 E2796.83082
G1 X180.219 Y183.504 E2796.88044
G1 X179.954 Y184.491 E2796.93278
G1 X179.222 Y185.217 E2796.98559
G1 X178.242 Y185.476 E2797.03751
G1 F1500 E2795.03751
G0 F9000 X173.711 Y136.718
G1 F1500 E2797.03751
G1 F1800 X173.56 Y136.622 E2797.04667
G1 X173.524 Y136.52 E2797.05221
G1 X173.524 Y120.409 E2797.87743
G1 X173.617 Y120.287 E2797.88529
G1 X173.694 Y120.253 E2797.8896
G1 X174.395 Y120.247 E2797.9255
G1 X174.544 Y120.346 E2797.93467
G1 X174.58 Y120.455 E2797.94055
G1 X174.576 Y136.543 E2798.76458
G1 X174.449 Y136.719 E2798.7757
G1 X173.711 Y136.718 E2798.8135
G1 F1500 E2796.8135
G0 F9000 X178.243 Y118.476
G1 F1500 E2798.8135
G1 F1800 X177.243 Y118.205 E2798.86657
G1 X176.539 Y117.496 E2798.91775
G1 X176.264 Y116.497 E2798.97082
G1 X176.53 Y115.51 E2799.02318
G1 X177.212 Y114.828 E2799.07258
G1 X177.31 Y114.771 E2799.07839
G1 X178.247 Y114.52 E2799.12807
G1 X179.235 Y114.788 E2799.18051
G1 X179.954 Y115.507 E2799.23259
G1 X180.218 Y116.506 E2799.28552
G1 X179.958 Y117.487 E2799.3375
G1 X179.276 Y118.172 E2799.38701
G1 X179.177 Y118.229 E2799.39286
G1 X178.243 Y118.476 E2799.44234
G1 F1500 E2797.44234
G0 F9000 X150 Y136.72
G1 F1500 E2799.44234
G1 F1800 X143.744 Y136.72 E2799.76278
G1 X143.568 Y136.633 E2799.77284
G1 X143.524 Y136.5 E2799.78001
G1 X143.524 Y120.409 E2800.6042
G1 X143.617 Y120.287 E2800.61206
G1 X143.698 Y120.252 E2800.61658
G1 X168.79 Y120.252 E2801.90181
G1 X168.871 Y120.287 E2801.90633
G1 X168.964 Y120.409 E2801.91418
G1 X168.964 Y136.52 E2802.7394
G1 X168.852 Y136.692 E2802.74991
G1 X168.744 Y136.72 E2802.75563
G1 X150 Y136.72 E2803.71571
G1 F1500 E2801.71571
G0 F9000 X150 Y135.835
G0 X144.398 Y135.847
G0 X138.782 Y136.717
G1 F1500 E2803.71571
G1 F1800 X137.744 Y136.72 E2803.76887
G1 X137.568 Y136.633 E2803.77893
G1 X137.524 Y136.5 E2803.7861
G1 X137.524 Y120.427 E2804.60937
G1 X137.626 Y120.282 E2804.61845
G1 X137.735 Y120.248 E2804.6243
G1 X138.786 Y120.251 E2804.67814
G1 X138.895 Y120.307 E2804.68441
G1 X138.964 Y120.411 E2804.69081
G1 X138.964 Y136.5 E2805.51489
G1 X138.92 Y136.633 E2805.52207
G1 X138.782 Y136.717 E2805.53034
G1 F1500 E2803.53034
G0 F9000 X133.744 Y118.476
G1 F1500 E2805.53034
G1 F1800 X132.811 Y118.229 E2805.57978
G1 X132.711 Y118.172 E2805.58567
G1 X132.03 Y117.487 E2805.63515
G1 X131.764 Y116.497 E2805.68766
G1 X132.039 Y115.501 E2805.74058
G1 X132.761 Y114.784 E2805.7927
G1 X133.749 Y114.521 E2805.84507
G1 X134.734 Y114.786 E2805.89731
G1 X135.416 Y115.468 E2805.94672
G1 X135.473 Y115.567 E2805.95257
G1 X135.72 Y116.495 E2806.00175
G1 X135.457 Y117.488 E2806.05437
G1 X134.742 Y118.205 E2806.10624
G1 X133.744 Y118.476 E2806.1592
G1 F1500 E2804.1592
G0 F9000 X178.744 Y186.269
;TYPE:SKIN
G1 F1500 E2806.1592
G1 F1434.8 X178.355 Y186.36 E2806.18488
G1 F1406.7 X177.983 Y186.341 E2806.20929
G1 F1500 E2804.20929
G0 F9000 X178.245 Y184.563
G0 X177.324 Y182.967
G0 X173.63 Y180.578
G1 F1500 E2806.20929
G1 F1800 X174.534 Y180.585 E2806.25559
G1 X174.899 Y180.433 E2806.27585
G1 X175.24 Y180.11 E2806.2999
G1 X175.365 Y179.85 E2806.31468
G1 X175.409 Y179.622 E2806.32657
G1 X175.412 Y163.332 E2807.16096
G1 X175.25 Y162.928 E2807.18325
G1 X175.009 Y162.667 E2807.20145
G1 X174.742 Y162.515 E2807.21718
G1 X174.492 Y162.449 E2807.23043
G1 X173.633 Y162.446 E2807.27443
G1 X173.227 Y162.576 E2807.29626
G1 X172.86 Y162.917 E2807.32192
G1 X172.73 Y163.199 E2807.33783
G1 X172.688 Y163.5 E2807.35339
G1 X172.688 Y179.62 E2808.17907
G1 X172.749 Y179.885 E2808.193
G1 X172.889 Y180.146 E2808.20817
G1 X173.126 Y180.384 E2808.22537
G1 X173.406 Y180.528 E2808.2415
G1 X173.63 Y180.578 E2808.25326
G1 F1500 E2806.25326
G0 F9000 X150 Y186.409
G1 F1500 E2808.25326
G1 F1800 X134.306 Y186.408 E2809.05711
G1 X134.126 Y186.315 E2809.06749
G1 X134.303 Y186.191 E2809.07856
G1 X134.913 Y186.03 E2809.11087
G1 X135.355 Y185.774 E2809.13704
G1 X136.025 Y185.098 E2809.18579
G1 X136.273 Y184.671 E2809.21108
G1 X136.509 Y183.772 E2809.25869
G1 X136.526 Y183.293 E2809.28324
G1 X136.232 Y182.183 E2809.34205
G1 X136.025 Y181.896 E2809.36018
G1 X135.368 Y181.236 E2809.40788
G1 X135.059 Y181.011 E2809.42746
G1 X133.846 Y180.677 E2809.4919
G1 X133.494 Y180.721 E2809.51007
G1 X132.571 Y180.966 E2809.55898
G1 X132.132 Y181.22 E2809.58496
G1 X131.464 Y181.888 E2809.63335
G1 X131.217 Y182.308 E2809.65831
G1 X131.01 Y182.711 E2809.68151
G1 X130.916 Y182.291 E2809.70356
G1 X130.911 Y163.455 E2810.66835
G1 X130.815 Y163.053 E2810.68952
G1 X130.8 Y162.84 E2810.70045
G1 X136.932 Y162.839 E2811.01454
G1 X136.884 Y162.88 E2811.01777
G1 X136.688 Y163.467 E2811.04947
G1 X136.689 Y179.566 E2811.87407
G1 X136.729 Y179.819 E2811.88719
G1 X136.84 Y180.076 E2811.90153
G1 X137.169 Y180.413 E2811.92565
G1 X137.424 Y180.533 E2811.94009
G1 X137.671 Y180.582 E2811.95299
G1 X138.852 Y180.579 E2812.01348
G1 X139.274 Y180.471 E2812.03579
G1 X139.599 Y180.147 E2812.0593
G1 X139.735 Y179.885 E2812.07442
G1 X139.796 Y179.62 E2812.08834
G1 X139.8 Y163.467 E2812.91571
G1 X139.603 Y162.877 E2812.94757
G1 X139.553 Y162.839 E2812.95079
G1 X142.932 Y162.839 E2813.12386
G1 X142.884 Y162.88 E2813.1271
G1 X142.688 Y163.467 E2813.15879
G1 X142.688 Y179.623 E2813.98631
G1 X142.745 Y179.881 E2813.99985
G1 X143.014 Y180.296 E2814.02518
G1 X143.287 Y180.477 E2814.04196
G1 X143.585 Y180.584 E2814.05817
G1 X168.882 Y180.581 E2815.3539
G1 X169.28 Y180.461 E2815.37519
G1 X169.604 Y180.145 E2815.39838
G1 X169.735 Y179.885 E2815.41329
G1 X169.796 Y179.62 E2815.42722
G1 X169.798 Y163.467 E2816.25458
G1 X169.754 Y163.199 E2816.26849
G1 X169.624 Y162.917 E2816.2844
G1 X169.296 Y162.605 E2816.30759
G1 X168.976 Y162.501 E2816.32482
G1 X169.191 Y162.241 E2816.3421
G1 X169.296 Y161.882 E2816.36126
G1 X169.296 Y138.114 E2817.57867
G1 X169.191 Y137.755 E2817.59783
G1 X168.982 Y137.5 E2817.61472
G1 X169.295 Y137.396 E2817.63161
G1 X169.627 Y137.088 E2817.65481
G1 X169.796 Y136.592 E2817.68165
G1 X169.8 Y120.468 E2818.50753
G1 X169.736 Y120.11 E2818.52616
G1 X169.595 Y119.846 E2818.54149
G1 X169.347 Y119.599 E2818.55941
G1 X168.917 Y119.416 E2818.58335
G1 X143.602 Y119.415 E2819.88
G1 X143.204 Y119.531 E2819.90124
G1 X142.888 Y119.846 E2819.92409
G1 X142.748 Y120.111 E2819.93944
G1 X142.692 Y120.421 E2819.95558
G1 X142.688 Y136.529 E2820.78064
G1 X142.883 Y137.115 E2820.81227
G1 X142.939 Y137.16 E2820.81595
G1 X139.552 Y137.16 E2820.98943
G1 X139.601 Y137.118 E2820.99274
G1 X139.8 Y136.531 E2821.02449
G1 X139.797 Y120.427 E2821.84934
G1 X139.74 Y120.114 E2821.86564
G1 X139.474 Y119.701 E2821.8908
G1 X139.165 Y119.492 E2821.90991
G1 X138.849 Y119.417 E2821.92654
G1 X137.534 Y119.412 E2821.9939
G1 X137.162 Y119.581 E2822.01483
G1 X136.84 Y119.92 E2822.03878
G1 X136.729 Y120.175 E2822.05302
G1 X136.69 Y120.43 E2822.06623
G1 X136.688 Y136.529 E2822.89084
G1 X136.883 Y137.115 E2822.92247
G1 X136.939 Y137.16 E2822.92615
G1 X130.8 Y137.16 E2823.24059
G1 X130.815 Y136.943 E2823.25173
G1 X130.911 Y136.545 E2823.2727
G1 X130.916 Y117.703 E2824.2378
G1 X131 Y117.203 E2824.26377
G1 X131.211 Y117.668 E2824.28993
G1 X131.46 Y118.1 E2824.31547
G1 X132.129 Y118.774 E2824.36411
G1 X132.571 Y119.029 E2824.39025
G1 X133.494 Y119.271 E2824.43912
G1 X133.837 Y119.317 E2824.45685
G1 X135.059 Y118.989 E2824.52165
G1 X135.369 Y118.76 E2824.54139
G1 X136.013 Y118.112 E2824.58819
G1 X136.233 Y117.811 E2824.60728
G1 X136.526 Y116.7 E2824.66614
G1 X136.516 Y116.269 E2824.68822
G1 X136.274 Y115.326 E2824.73808
G1 X136.02 Y114.888 E2824.76402
G1 X135.351 Y114.219 E2824.81248
G1 X134.914 Y113.967 E2824.83832
G1 X134.047 Y113.724 E2824.88444
G1 X133.963 Y113.678 E2824.88934
G1 X134.067 Y113.616 E2824.89554
G1 X134.292 Y113.584 E2824.90718
G1 X177.045 Y113.584 E2827.09702
G1 F1577.7 X178.048 Y113.646 E2827.15574
G1 X177.042 Y113.984 E2827.21776
G1 F1800 X176.632 Y114.22 E2827.24199
G1 X175.964 Y114.888 E2827.29038
G1 X175.711 Y115.326 E2827.31629
G1 X175.471 Y116.214 E2827.36341
G1 X175.428 Y116.603 E2827.38345
G1 X175.75 Y117.814 E2827.44764
G1 X175.975 Y118.116 E2827.46693
G1 X176.615 Y118.76 E2827.51343
G1 X176.929 Y118.989 E2827.53334
G1 X177.994 Y119.271 E2827.58977
G1 X178.337 Y119.317 E2827.60749
G1 X179.419 Y119.029 E2827.66484
G1 X179.851 Y118.777 E2827.69046
G1 X180.524 Y118.101 E2827.73932
G1 X180.759 Y117.695 E2827.76335
G1 F1529 X181.11 Y116.695 E2827.82725
G1 X181.188 Y117.693 E2827.88762
G1 F1800 X181.188 Y183.323 E2831.24923
G1 X181.095 Y183.434 E2831.25664
G1 X181.025 Y183.281 E2831.26526
G1 X180.773 Y182.327 E2831.3158
G1 X180.52 Y181.888 E2831.34175
G1 X179.852 Y181.22 E2831.39014
G1 X179.412 Y180.966 E2831.41616
G1 X178.345 Y180.677 E2831.47279
G1 X177.994 Y180.721 E2831.4909
G1 X176.929 Y181.011 E2831.54744
G1 X176.642 Y181.213 E2831.56542
G1 X175.98 Y181.872 E2831.61326
G1 X175.756 Y182.179 E2831.63273
G1 X175.428 Y183.394 E2831.69719
G1 X175.465 Y183.746 E2831.71532
G1 X175.71 Y184.67 E2831.76428
G1 X175.959 Y185.098 E2831.78964
G1 X176.632 Y185.776 E2831.83857
G1 X177.046 Y186.015 E2831.86306
G1 F1549.9 X177.983 Y186.341 E2831.92208
G1 X177.052 Y186.411 E2831.97761
G1 F1800 X150 Y186.409 E2833.36323
G1 F1500 E2831.36323
G0 F9000 X178.048 Y113.646
G1 F1500 E2833.36323
G1 F1394.4 X178.443 Y113.629 E2833.38937
G1 F1399.3 X178.756 Y113.73 E2833.41104
G0 F9000 X179.893 Y114.185
G1 F1505.7 X180.633 Y114.97 E2833.4771
G1 F1526 X180.788 Y115.2 E2833.49386
G1 F1500 X181.087 Y116.368 E2833.56796
G1 F1432.2 X181.113 Y116.628 E2833.58479
G1 F1335.6 X181.11 Y116.695 E2833.58942
G1 F1500 E2831.58942
G0 F9000 X173.633 Y137.554
G1 F1500 E2833.58942
G1 F1800 X174.492 Y137.547 E2833.63342
G1 X174.74 Y137.486 E2833.6465
G1 X175.008 Y137.334 E2833.66228
G1 X175.255 Y137.071 E2833.68076
G1 X175.413 Y136.642 E2833.70418
G1 X175.41 Y120.384 E2834.53692
G1 X175.364 Y120.145 E2834.54939
G1 X175.232 Y119.865 E2834.56524
G1 X174.881 Y119.548 E2834.58947
G1 X174.525 Y119.411 E2834.60901
G1 X173.63 Y119.418 E2834.65485
G1 X173.408 Y119.464 E2834.66646
G1 X173.137 Y119.599 E2834.68197
G1 X172.889 Y119.846 E2834.6999
G1 X172.748 Y120.11 E2834.71523
G1 X172.688 Y120.468 E2834.73382
G1 X172.688 Y136.613 E2835.56078
G1 X172.864 Y137.082 E2835.58644
G1 X173.217 Y137.423 E2835.61157
G1 X173.633 Y137.554 E2835.63391
G1 F1500 E2833.63391
G0 F9000 X176.747 Y113.899
G1 F1500 E2835.63391
G1 F1800 X176.653 Y113.805 E2835.64072
G0 F9000 X176.383 Y114.157
G1 F1800 X176.031 Y113.805 E2835.66622
G0 F9000 X175.408 Y113.805
G1 F1800 X176.072 Y114.469 E2835.71432
G0 F9000 X175.768 Y114.787
G1 F1800 X174.786 Y113.805 E2835.78545
G0 F9000 X174.164 Y113.805
G1 F1800 X175.541 Y115.182 E2835.8852
G0 F9000 X175.394 Y115.658
G1 F1800 X173.542 Y113.805 E2836.01939
G0 F9000 X172.919 Y113.805
G1 F1800 X175.261 Y116.147 E2836.18903
G0 F9000 X175.239 Y116.747
G1 F1800 X172.297 Y113.805 E2836.40214
G0 F9000 X171.675 Y113.805
G1 F1800 X175.464 Y117.595 E2836.67664
G1 F1500 E2834.67664
G0 F9000 X174.566 Y119.186
G1 F1500 E2836.67664
G1 F1800 X169.186 Y113.805 E2837.06639
G0 F9000 X168.564 Y113.805
G1 F1800 X173.953 Y119.195 E2837.45679
G0 F9000 X173.389 Y119.253
G1 F1800 X167.941 Y113.805 E2837.85142
G0 F9000 X167.319 Y113.805
G1 F1800 X172.967 Y119.453 E2838.26055
G0 F9000 X172.675 Y119.784
G1 F1800 X166.697 Y113.805 E2838.69361
G0 F9000 X166.075 Y113.805
G1 F1800 X172.504 Y120.234 E2839.15931
G0 F9000 X172.468 Y120.821
G1 F1800 X165.452 Y113.805 E2839.66753
G0 F9000 X164.83 Y113.805
G1 F1800 X172.468 Y121.443 E2840.2208
G0 F9000 X172.468 Y122.066
G1 F1800 X164.208 Y113.805 E2840.81916
G0 F9000 X163.586 Y113.805
G1 F1800 X168.979 Y119.199 E2841.20985
G0 F9000 X168.35 Y119.192
G1 F1800 X162.963 Y113.805 E2841.60007
G0 F9000 X162.341 Y113.805
G1 F1800 X167.728 Y119.192 E2841.99029
G0 F9000 X167.106 Y119.192
G1 F1800 X161.719 Y113.805 E2842.3805
G0 F9000 X161.097 Y113.805
G1 F1800 X166.483 Y119.192 E2842.77068
G0 F9000 X165.862 Y119.193
G1 F1800 X160.474 Y113.805 E2843.16097
G0 F9000 X159.852 Y113.805
G1 F1800 X165.24 Y119.193 E2843.55126
G0 F9000 X164.617 Y119.193
G1 F1800 X159.23 Y113.805 E2843.94152
G0 F9000 X158.608 Y113.805
G1 F1800 X163.995 Y119.193 E2844.33177
G0 F9000 X163.373 Y119.193
G1 F1800 X157.985 Y113.805 E2844.72206
G0 F9000 X157.363 Y113.805
G1 F1800 X162.751 Y119.193 E2845.11235
G0 F9000 X162.129 Y119.193
G1 F1800 X156.741 Y113.805 E2845.50264
G0 F9000 X156.119 Y113.805
G1 F1800 X161.507 Y119.193 E2845.89293
G0 F9000 X160.884 Y119.193
G1 F1800 X155.496 Y113.805 E2846.28322
G0 F9000 X154.873 Y113.805
G1 F1800 X160.263 Y119.194 E2846.67362
G0 F9000 X159.641 Y119.194
G1 F1800 X154.251 Y113.805 E2847.06402
G0 F9000 X153.629 Y113.805
G1 F1800 X159.018 Y119.194 E2847.45438
G0 F9000 X158.396 Y119.194
G1 F1800 X153.007 Y113.805 E2847.84474
G0 F9000 X152.384 Y113.805
G1 F1800 X157.774 Y119.194 E2848.23514
G0 F9000 X157.152 Y119.195
G1 F1800 X151.762 Y113.805 E2848.62558
G0 F9000 X151.14 Y113.805
G1 F1800 X156.53 Y119.195 E2849.01601
G0 F9000 X155.908 Y119.195
G1 F1800 X150.518 Y113.805 E2849.40645
G0 F9000 X149.895 Y113.805
G1 F1800 X155.286 Y119.195 E2849.79692
G0 F9000 X154.664 Y119.196
G1 F1800 X149.273 Y113.805 E2850.18742
G0 F9000 X148.651 Y113.805
G1 F1800 X154.042 Y119.196 E2850.57793
G0 F9000 X153.42 Y119.196
G1 F1800 X148.029 Y113.805 E2850.96844
G0 F9000 X147.406 Y113.805
G1 F1800 X152.797 Y119.196 E2851.35895
G0 F9000 X152.175 Y119.196
G1 F1800 X146.784 Y113.805 E2851.74945
G0 F9000 X146.162 Y113.805
G1 F1800 X151.553 Y119.196 E2852.13996
G0 F9000 X150.931 Y119.196
G1 F1800 X145.54 Y113.805 E2852.53047
G0 F9000 X144.917 Y113.805
G1 F1800 X150.309 Y119.196 E2852.92101
G0 F9000 X149.687 Y119.196
G1 F1800 X144.295 Y113.805 E2853.31155
G0 F9000 X143.673 Y113.805
G1 F1800 X149.065 Y119.197 E2853.70213
G0 F9000 X148.443 Y119.197
G1 F1800 X143.051 Y113.805 E2854.09271
G0 F9000 X142.428 Y113.805
G1 F1800 X147.821 Y119.197 E2854.48333
G0 F9000 X147.198 Y119.197
G1 F1800 X141.806 Y113.805 E2854.87391
G0 F9000 X141.184 Y113.805
G1 F1800 X146.576 Y119.197 E2855.26449
G0 F9000 X145.955 Y119.198
G1 F1800 X140.562 Y113.805 E2855.65514
G0 F9000 X139.939 Y113.805
G1 F1800 X145.332 Y119.198 E2856.04579
G0 F9000 X144.71 Y119.198
G1 F1800 X139.317 Y113.805 E2856.43645
G0 F9000 X138.695 Y113.805
G1 F1800 X144.088 Y119.198 E2856.8271
G0 F9000 X143.488 Y119.22
G1 F1800 X138.072 Y113.805 E2857.21938
G0 F9000 X137.45 Y113.805
G1 F1800 X143.036 Y119.39 E2857.62398
G0 F9000 X142.725 Y119.701
G1 F1800 X136.828 Y113.805 E2858.0511
G0 F9000 X136.206 Y113.805
G1 F1800 X142.524 Y120.123 E2858.50876
G0 F9000 X142.469 Y120.69
G1 F1800 X135.583 Y113.804 E2859.00756
G1 F1500 E2857.00756
G0 F9000 X136.508 Y115.351
G1 F1500 E2859.00756
G1 F1800 X142.469 Y121.312 E2859.43935
G0 F9000 X142.469 Y121.934
G1 F1800 X136.73 Y116.195 E2859.85507
G0 F9000 X136.723 Y116.811
G1 F1800 X139.181 Y119.268 E2860.03308
G0 F9000 X138.486 Y119.196
G1 F1800 X136.593 Y117.303 E2860.1702
G0 F9000 X136.462 Y117.794
G1 F1800 X137.861 Y119.193 E2860.27154
G0 F9000 X137.315 Y119.27
G1 F1800 X136.23 Y118.185 E2860.35014
G0 F9000 X135.93 Y118.507
G1 F1800 X136.93 Y119.507 E2860.42257
G0 F9000 X136.639 Y119.838
G1 F1800 X135.62 Y118.819 E2860.49639
G0 F9000 X135.282 Y119.103
G1 F1800 X136.487 Y120.309 E2860.58371
G0 F9000 X136.469 Y120.913
G1 F1800 X134.833 Y119.276 E2860.70225
G0 F9000 X134.343 Y119.408
G1 F1800 X136.469 Y121.535 E2860.85629
G0 F9000 X136.469 Y122.158
G1 F1800 X133.847 Y119.535 E2861.04626
G0 F9000 X133.078 Y119.389
G1 F1800 X136.469 Y122.78 E2861.29189
G0 F9000 X136.469 Y123.402
G1 F1800 X132.052 Y118.985 E2861.61184
G0 F9000 X131.136 Y118.691
G1 F1800 X136.469 Y124.024 E2861.99815
G0 F9000 X136.469 Y124.647
G1 F1800 X131.136 Y119.313 E2862.38449
G0 F9000 X131.136 Y119.935
G1 F1800 X136.469 Y125.269 E2862.77083
G0 F9000 X136.469 Y125.89
G1 F1800 X131.136 Y120.557 E2863.15714
G0 F9000 X131.136 Y121.18
G1 F1800 X136.469 Y126.513 E2863.54344
G0 F9000 X136.469 Y127.135
G1 F1800 X131.136 Y121.802 E2863.92975
G0 F9000 X131.136 Y122.424
G1 F1800 X136.469 Y127.757 E2864.31606
G0 F9000 X136.469 Y128.379
G1 F1800 X131.136 Y123.046 E2864.70236
G0 F9000 X131.136 Y123.669
G1 F1800 X136.469 Y129.002 E2865.08867
G0 F9000 X136.469 Y129.624
G1 F1800 X131.136 Y124.291 E2865.47497
G0 F9000 X131.136 Y124.913
G1 F1800 X136.469 Y130.246 E2865.86128
G0 F9000 X136.469 Y130.868
G1 F1800 X131.136 Y125.535 E2866.24759
G0 F9000 X131.136 Y126.158
G1 F1800 X136.468 Y131.49 E2866.63382
G0 F9000 X136.468 Y132.112
G1 F1800 X131.136 Y126.78 E2867.02005
G0 F9000 X131.136 Y127.402
G1 F1800 X136.468 Y132.735 E2867.40632
G0 F9000 X136.468 Y133.357
G1 F1800 X131.136 Y128.025 E2867.79256
G0 F9000 X131.136 Y128.647
G1 F1800 X136.468 Y133.979 E2868.17879
G0 F9000 X136.468 Y134.601
G1 F1800 X131.136 Y129.269 E2868.56502
G0 F9000 X131.136 Y129.891
G1 F1800 X136.468 Y135.224 E2868.95129
G0 F9000 X136.468 Y135.846
G1 F1800 X131.136 Y130.514 E2869.33753
G0 F9000 X131.136 Y131.136
G1 F1800 X136.468 Y136.468 E2869.72376
G0 F9000 X136.317 Y136.94
G1 F1800 X131.136 Y131.758 E2870.09909
G0 F9000 X131.136 Y132.38
G1 F1800 X135.695 Y136.94 E2870.42937
G0 F9000 X135.073 Y136.94
G1 F1800 X131.136 Y133.003 E2870.71455
G0 F9000 X131.136 Y133.625
G1 F1800 X134.451 Y136.94 E2870.95468
G0 F9000 X133.828 Y136.94
G1 F1800 X131.136 Y134.247 E2871.14972
G0 F9000 X131.136 Y134.869
G1 F1800 X133.206 Y136.94 E2871.2997
G0 F9000 X132.584 Y136.94
G1 F1800 X131.136 Y135.492 E2871.40458
G0 F9000 X131.136 Y136.114
G1 F1800 X131.962 Y136.94 E2871.46442
G0 F9000 X131.339 Y136.94
G1 F1800 X131.101 Y136.701 E2871.48169
G1 F1500 E2869.48169
G0 F9000 X139.934 Y136.822
G1 F1500 E2871.48169
G1 F1800 X140.051 Y136.94 E2871.49021
G0 F9000 X140.673 Y136.94
G1 F1800 X140.019 Y136.286 E2871.53758
G0 F9000 X140.019 Y135.663
G1 F1800 X141.295 Y136.94 E2871.63004
G0 F9000 X141.918 Y136.94
G1 F1800 X140.019 Y135.041 E2871.7676
G0 F9000 X140.018 Y134.418
G1 F1800 X142.54 Y136.94 E2871.95029
G0 F9000 X142.469 Y136.246
G1 F1800 X140.018 Y133.796 E2872.12779
G0 F9000 X140.018 Y133.174
G1 F1800 X142.469 Y135.624 E2872.3053
G0 F9000 X142.469 Y135.002
G1 F1800 X140.018 Y132.551 E2872.48284
G0 F9000 X140.018 Y131.928
G1 F1800 X142.469 Y134.379 E2872.66039
G0 F9000 X142.469 Y133.757
G1 F1800 X140.018 Y131.306 E2872.83793
G0 F9000 X140.018 Y130.684
G1 F1800 X142.469 Y133.135 E2873.01547
G0 F9000 X142.469 Y132.513
G1 F1800 X140.017 Y130.061 E2873.19309
G0 F9000 X140.017 Y129.439
G1 F1800 X142.469 Y131.89 E2873.37067
G0 F9000 X142.469 Y131.268
G1 F1800 X140.017 Y128.816 E2873.54828
G0 F9000 X140.016 Y128.194
G1 F1800 X142.469 Y130.646 E2873.72593
G0 F9000 X142.469 Y130.024
G1 F1800 X140.016 Y127.571 E2873.90362
G0 F9000 X140.016 Y126.949
G1 F1800 X142.469 Y129.401 E2874.08127
G0 F9000 X142.469 Y128.779
G1 F1800 X140.016 Y126.326 E2874.25896
G0 F9000 X140.016 Y125.704
G1 F1800 X142.469 Y128.157 E2874.43665
G0 F9000 X142.469 Y127.534
G1 F1800 X140.016 Y125.082 E2874.6143
G0 F9000 X140.016 Y124.459
G1 F1800 X142.469 Y126.912 E2874.79199
G0 F9000 X142.469 Y126.29
G1 F1800 X140.015 Y123.836 E2874.96975
G0 F9000 X140.015 Y123.214
G1 F1800 X142.469 Y125.668 E2875.14751
G0 F9000 X142.469 Y125.045
G1 F1800 X140.015 Y122.592 E2875.32523
G0 F9000 X140.014 Y121.969
G1 F1800 X142.469 Y124.423 E2875.50303
G0 F9000 X142.469 Y123.801
G1 F1800 X140.014 Y121.347 E2875.68082
G0 F9000 X140.014 Y120.724
G1 F1800 X142.469 Y123.179 E2875.85866
G0 F9000 X142.469 Y122.556
G1 F1800 X139.945 Y120.033 E2876.04145
G1 F1500 E2874.04145
G0 F9000 X131.293 Y118.225
G1 F1500 E2876.04145
G1 F1800 X131.136 Y118.068 E2876.05282
G1 F1500 E2874.05282
G0 F9000 X169.974 Y120.194
G1 F1500 E2876.05282
G1 F1800 X172.468 Y122.688 E2876.23348
G0 F9000 X172.468 Y123.31
G1 F1800 X170.014 Y120.856 E2876.41124
G0 F9000 X170.014 Y121.478
G1 F1800 X172.468 Y123.932 E2876.589
G0 F9000 X172.468 Y124.555
G1 F1800 X170.014 Y122.1 E2876.7668
G0 F9000 X170.014 Y122.723
G1 F1800 X172.468 Y125.177 E2876.94456
G0 F9000 X172.468 Y125.799
G1 F1800 X170.014 Y123.345 E2877.12232
G0 F9000 X170.014 Y123.967
G1 F1800 X172.468 Y126.422 E2877.30011
G0 F9000 X172.468 Y127.044
G1 F1800 X170.014 Y124.589 E2877.47791
G0 F9000 X170.014 Y125.212
G1 F1800 X172.468 Y127.666 E2877.65567
G0 F9000 X172.468 Y128.288
G1 F1800 X170.014 Y125.834 E2877.83343
G0 F9000 X170.014 Y126.456
G1 F1800 X172.469 Y128.911 E2878.01126
G0 F9000 X172.469 Y129.533
G1 F1800 X170.014 Y127.078 E2878.1891
G0 F9000 X170.014 Y127.701
G1 F1800 X172.469 Y130.156 E2878.36693
G0 F9000 X172.469 Y130.778
G1 F1800 X170.014 Y128.323 E2878.54476
G0 F9000 X170.014 Y128.945
G1 F1800 X172.469 Y131.4 E2878.72259
G0 F9000 X172.469 Y132.022
G1 F1800 X170.014 Y129.567 E2878.90043
G0 F9000 X170.014 Y130.19
G1 F1800 X172.469 Y132.645 E2879.07826
G0 F9000 X172.469 Y133.267
G1 F1800 X170.014 Y130.812 E2879.25609
G0 F9000 X170.014 Y131.434
G1 F1800 X172.469 Y133.889 E2879.43392
G0 F9000 X172.469 Y134.512
G1 F1800 X170.014 Y132.056 E2879.61179
G0 F9000 X170.014 Y132.679
G1 F1800 X172.469 Y135.134 E2879.78962
G0 F9000 X172.469 Y135.756
G1 F1800 X170.014 Y133.301 E2879.96746
G0 F9000 X170.014 Y133.923
G1 F1800 X172.469 Y136.378 E2880.14529
G0 F9000 X172.671 Y137.203
G1 F1800 X170.014 Y134.545 E2880.33779
G0 F9000 X170.014 Y135.168
G1 F1800 X180.968 Y146.122 E2881.13126
G0 F9000 X180.968 Y146.744
G1 F1800 X170.014 Y135.79 E2881.92474
G0 F9000 X170.014 Y136.412
G1 F1800 X180.968 Y147.367 E2882.71825
G0 F9000 X180.968 Y147.989
G1 F1800 X169.914 Y136.934 E2883.519
G0 F9000 X169.689 Y137.331
G1 F1800 X180.968 Y148.611 E2884.33605
G0 F9000 X180.968 Y149.233
G1 F1800 X169.39 Y137.655 E2885.17473
G0 F9000 X169.515 Y138.403
G1 F1800 X180.968 Y149.856 E2886.00435
G0 F9000 X180.968 Y150.478
G1 F1800 X169.515 Y139.025 E2886.83397
G0 F9000 X169.515 Y139.647
G1 F1800 X180.968 Y151.1 E2887.66359
G0 F9000 X180.968 Y151.722
G1 F1800 X169.515 Y140.269 E2888.49321
G0 F9000 X169.515 Y140.892
G1 F1800 X180.968 Y152.345 E2889.32282
G0 F9000 X180.968 Y152.967
G1 F1800 X169.515 Y141.514 E2890.15244
G0 F9000 X169.515 Y142.136
G1 F1800 X180.968 Y153.589 E2890.98206
G0 F9000 X180.968 Y154.212
G1 F1800 X169.515 Y142.758 E2891.81172
G0 F9000 X169.515 Y143.381
G1 F1800 X180.968 Y154.834 E2892.64134
G0 F9000 X180.968 Y155.456
G1 F1800 X169.515 Y144.003 E2893.47096
G0 F9000 X169.515 Y144.625
G1 F1800 X180.968 Y156.078 E2894.30058
G0 F9000 X180.968 Y156.701
G1 F1800 X169.515 Y145.248 E2895.1302
G0 F9000 X169.515 Y145.87
G1 F1800 X180.968 Y157.323 E2895.95982
G0 F9000 X180.968 Y157.945
G1 F1800 X169.515 Y146.492 E2896.78944
G0 F9000 X169.515 Y147.114
G1 F1800 X180.968 Y158.567 E2897.61906
G0 F9000 X180.968 Y159.19
G1 F1800 X169.515 Y147.737 E2898.44868
G0 F9000 X169.515 Y148.359
G1 F1800 X180.968 Y159.812 E2899.2783
G0 F9000 X180.968 Y160.434
G1 F1800 X169.515 Y148.981 E2900.10792
G0 F9000 X169.515 Y149.603
G1 F1800 X180.968 Y161.056 E2900.93753
G0 F9000 X180.968 Y161.679
G1 F1800 X169.515 Y150.226 E2901.76715
G0 F9000 X169.515 Y150.848
G1 F1800 X180.968 Y162.301 E2902.59677
G0 F9000 X180.968 Y162.923
G1 F1800 X169.515 Y151.47 E2903.42639
G0 F9000 X169.515 Y152.092
G1 F1800 X180.968 Y163.545 E2904.25601
G0 F9000 X180.968 Y164.168
G1 F1800 X169.515 Y152.715 E2905.08563
G0 F9000 X169.515 Y153.337
G1 F1800 X180.968 Y164.79 E2905.91525
G0 F9000 X180.968 Y165.412
G1 F1800 X169.515 Y153.959 E2906.74487
G0 F9000 X169.515 Y154.581
G1 F1800 X180.968 Y166.034 E2907.57449
G0 F9000 X180.968 Y166.657
G1 F1800 X169.515 Y155.204 E2908.40411
G0 F9000 X169.515 Y155.826
G1 F1800 X180.968 Y167.279 E2909.23373
G0 F9000 X180.968 Y167.901
G1 F1800 X169.515 Y156.448 E2910.06335
G0 F9000 X169.515 Y157.07
G1 F1800 X174.731 Y162.286 E2910.44118
G0 F9000 X174.052 Y162.229
G1 F1800 X169.515 Y157.693 E2910.76979
G0 F9000 X169.515 Y158.315
G1 F1800 X173.468 Y162.268 E2911.05613
G0 F9000 X173.03 Y162.451
G1 F1800 X169.515 Y158.937 E2911.31071
G0 F9000 X169.515 Y159.559
G1 F1800 X172.707 Y162.751 E2911.54193
G0 F9000 X172.511 Y163.177
G1 F1800 X169.515 Y160.182 E2911.75892
G0 F9000 X169.515 Y160.804
G1 F1800 X172.472 Y163.76 E2911.97308
G0 F9000 X172.472 Y164.383
G1 F1800 X169.515 Y161.426 E2912.18727
G0 F9000 X169.488 Y162.021
G1 F1800 X172.472 Y165.005 E2912.40342
G0 F9000 X172.472 Y165.627
G1 F1800 X169.963 Y163.118 E2912.58517
G0 F9000 X170.015 Y163.793
G1 F1800 X172.472 Y166.249 E2912.76311
G0 F9000 X172.472 Y166.872
G1 F1800 X170.015 Y164.415 E2912.94109
G0 F9000 X170.015 Y165.037
G1 F1800 X172.471 Y167.493 E2913.11899
G0 F9000 X172.471 Y168.115
G1 F1800 X170.015 Y165.66 E2913.29686
G0 F9000 X170.015 Y166.282
G1 F1800 X172.471 Y168.738 E2913.47476
G0 F9000 X172.471 Y169.36
G1 F1800 X170.015 Y166.904 E2913.65267
G0 F9000 X170.015 Y167.526
G1 F1800 X172.471 Y169.982 E2913.83057
G0 F9000 X172.471 Y170.604
G1 F1800 X170.015 Y168.149 E2914.00844
G0 F9000 X170.015 Y168.771
G1 F1800 X172.471 Y171.227 E2914.18635
G0 F9000 X172.47 Y171.848
G1 F1800 X170.015 Y169.393 E2914.36418
G0 F9000 X170.015 Y170.015
G1 F1800 X172.47 Y172.47 E2914.54201
G0 F9000 X172.47 Y173.093
G1 F1800 X170.015 Y170.638 E2914.71985
G0 F9000 X170.015 Y171.26
G1 F1800 X172.47 Y173.715 E2914.89768
G0 F9000 X172.47 Y174.337
G1 F1800 X170.015 Y171.882 E2915.07551
G0 F9000 X170.015 Y172.504
G1 F1800 X172.47 Y174.959 E2915.25334
G0 F9000 X172.47 Y175.582
G1 F1800 X170.015 Y173.127 E2915.43118
G0 F9000 X170.015 Y173.749
G1 F1800 X172.47 Y176.203 E2915.60897
G0 F9000 X172.47 Y176.825
G1 F1800 X170.015 Y174.371 E2915.78677
G0 F9000 X170.015 Y174.993
G1 F1800 X172.47 Y177.448 E2915.9646
G0 F9000 X172.47 Y178.07
G1 F1800 X170.015 Y175.616 E2916.1424
G0 F9000 X170.015 Y176.238
G1 F1800 X172.47 Y178.692 E2916.32019
G0 F9000 X172.47 Y179.315
G1 F1800 X170.015 Y176.86 E2916.49803
G0 F9000 X170.015 Y177.482
G1 F1800 X172.601 Y180.068 E2916.68535
G0 F9000 X173.206 Y180.673
G1 F1800 X175.354 Y182.821 E2916.84094
G0 F9000 X175.489 Y182.334
G1 F1800 X173.958 Y180.803 E2916.95184
G0 F9000 X174.581 Y180.804
G1 F1800 X175.682 Y181.905 E2917.0316
G0 F9000 X175.97 Y181.57
G1 F1800 X175.02 Y180.62 E2917.10041
G0 F9000 X175.344 Y180.322
G1 F1800 X176.281 Y181.259 E2917.16829
G0 F9000 X176.611 Y180.967
G1 F1800 X175.57 Y179.926 E2917.24369
G0 F9000 X175.628 Y179.361
G1 F1800 X177.026 Y180.759 E2917.34496
G0 F9000 X177.514 Y180.625
G1 F1800 X175.628 Y178.739 E2917.48157
G0 F9000 X175.628 Y178.117
G1 F1800 X178.008 Y180.497 E2917.65397
G0 F9000 X178.672 Y180.539
G1 F1800 X175.628 Y177.495 E2917.87447
G0 F9000 X175.629 Y176.874
G1 F1800 X179.543 Y180.787 E2918.15795
G0 F9000 X180.968 Y180.968
G1 F1800 X175.629 Y175.629 E2918.54469
G0 F9000 X175.63 Y175.008
G1 F1800 X180.968 Y180.346 E2918.93136
G0 F9000 X180.968 Y179.724
G1 F1800 X175.63 Y174.385 E2919.31807
G0 F9000 X175.63 Y173.764
G1 F1800 X180.968 Y179.102 E2919.70473
G0 F9000 X180.968 Y178.479
G1 F1800 X175.63 Y173.141 E2920.0914
G0 F9000 X175.631 Y172.52
G1 F1800 X180.968 Y177.857 E2920.478
G0 F9000 X180.968 Y177.235
G1 F1800 X175.631 Y171.898 E2920.86459
G0 F9000 X175.632 Y171.276
G1 F1800 X180.968 Y176.613 E2921.25115
G0 F9000 X180.968 Y175.99
G1 F1800 X175.632 Y170.654 E2921.63768
G0 F9000 X175.633 Y170.032
G1 F1800 X180.968 Y175.368 E2922.02416
G0 F9000 X180.968 Y174.746
G1 F1800 X175.633 Y169.41 E2922.41065
G0 F9000 X175.633 Y168.788
G1 F1800 X180.968 Y174.124 E2922.79714
G0 F9000 X180.968 Y173.501
G1 F1800 X175.633 Y168.166 E2923.18359
G0 F9000 X175.633 Y167.544
G1 F1800 X180.968 Y172.879 E2923.57004
G0 F9000 X180.968 Y172.257
G1 F1800 X175.634 Y166.922 E2923.95645
G0 F9000 X175.634 Y166.3
G1 F1800 X180.968 Y171.635 E2924.34287
G0 F9000 X180.968 Y171.012
G1 F1800 X175.635 Y165.679 E2924.72917
G0 F9000 X175.635 Y165.056
G1 F1800 X180.968 Y170.39 E2925.11552
G0 F9000 X180.968 Y169.768
G1 F1800 X175.635 Y164.435 E2925.50182
G0 F9000 X175.635 Y163.813
G1 F1800 X180.968 Y169.146 E2925.88813
G0 F9000 X180.968 Y168.523
G1 F1800 X175.567 Y163.122 E2926.27936
G1 F1500 E2924.27936
G0 F9000 X175.629 Y176.251
G1 F1500 E2926.27936
G1 F1800 X180.968 Y181.591 E2926.66614
G1 F1500 E2924.66614
G0 F9000 X179.166 Y182.967
G0 X177.182 Y183.5
G0 X175.22 Y183.31
G1 F1500 E2926.66614
G1 F1800 X170.015 Y178.105 E2927.04317
G0 F9000 X170.015 Y178.727
G1 F1800 X175.314 Y184.025 E2927.42698
G0 F9000 X175.626 Y184.959
G1 F1800 X170.015 Y179.349 E2927.83338
G0 F9000 X169.952 Y179.908
G1 F1800 X176.234 Y186.19 E2928.28843
G0 F9000 X176.784 Y186.118
G1 F1800 X176.857 Y186.19 E2928.29368
G0 F9000 X175.611 Y186.19
G1 F1800 X169.738 Y180.316 E2928.71914
G0 F9000 X169.424 Y180.625
G1 F1800 X174.989 Y186.19 E2929.12225
G0 F9000 X174.367 Y186.19
G1 F1800 X168.963 Y180.786 E2929.5137
G0 F9000 X168.354 Y180.799
G1 F1800 X173.745 Y186.19 E2929.90421
G0 F9000 X173.122 Y186.19
G1 F1800 X167.731 Y180.799 E2930.29472
G0 F9000 X167.109 Y180.799
G1 F1800 X172.5 Y186.19 E2930.68522
G0 F9000 X171.878 Y186.19
G1 F1800 X166.487 Y180.799 E2931.07573
G0 F9000 X165.865 Y180.799
G1 F1800 X171.256 Y186.19 E2931.46624
G0 F9000 X170.633 Y186.19
G1 F1800 X165.243 Y180.799 E2931.85671
G0 F9000 X164.621 Y180.799
G1 F1800 X170.011 Y186.19 E2932.24718
G0 F9000 X169.389 Y186.19
G1 F1800 X163.999 Y180.799 E2932.63765
G0 F9000 X163.376 Y180.799
G1 F1800 X168.767 Y186.19 E2933.02816
G0 F9000 X168.144 Y186.19
G1 F1800 X162.754 Y180.799 E2933.41863
G0 F9000 X162.133 Y180.8
G1 F1800 X167.522 Y186.19 E2933.80903
G0 F9000 X166.9 Y186.19
G1 F1800 X161.51 Y180.8 E2934.19946
G0 F9000 X160.888 Y180.8
G1 F1800 X166.278 Y186.19 E2934.5899
G0 F9000 X165.655 Y186.19
G1 F1800 X160.266 Y180.8 E2934.9803
G0 F9000 X159.643 Y180.8
G1 F1800 X165.033 Y186.19 E2935.37073
G0 F9000 X164.411 Y186.19
G1 F1800 X159.022 Y180.801 E2935.76109
G0 F9000 X158.4 Y180.801
G1 F1800 X163.789 Y186.19 E2936.15146
G0 F9000 X163.166 Y186.189
G1 F1800 X157.777 Y180.801 E2936.54178
G0 F9000 X157.155 Y180.801
G1 F1800 X162.543 Y186.189 E2936.93207
G0 F9000 X161.921 Y186.189
G1 F1800 X156.533 Y180.801 E2937.32236
G0 F9000 X155.911 Y180.802
G1 F1800 X161.299 Y186.189 E2937.71262
G0 F9000 X160.677 Y186.189
G1 F1800 X155.289 Y180.802 E2938.10287
G0 F9000 X154.667 Y180.802
G1 F1800 X160.054 Y186.189 E2938.49309
G0 F9000 X159.432 Y186.189
G1 F1800 X154.045 Y180.802 E2938.8833
G0 F9000 X153.422 Y180.802
G1 F1800 X158.81 Y186.189 E2939.27356
G0 F9000 X158.188 Y186.189
G1 F1800 X152.801 Y180.802 E2939.66378
G0 F9000 X152.179 Y180.802
G1 F1800 X157.565 Y186.189 E2940.05396
G0 F9000 X156.943 Y186.189
G1 F1800 X151.556 Y180.802 E2940.44417
G0 F9000 X150.934 Y180.802
G1 F1800 X156.321 Y186.189 E2940.83439
G0 F9000 X155.699 Y186.189
G1 F1800 X150.312 Y180.802 E2941.22461
G0 F9000 X149.69 Y180.803
G1 F1800 X155.076 Y186.189 E2941.61475
G0 F9000 X154.454 Y186.189
G1 F1800 X149.068 Y180.803 E2942.0049
G0 F9000 X148.446 Y180.803
G1 F1800 X153.832 Y186.189 E2942.39504
G0 F9000 X153.21 Y186.189
G1 F1800 X147.824 Y180.803 E2942.78519
G0 F9000 X147.201 Y180.803
G1 F1800 X152.587 Y186.189 E2943.17533
G0 F9000 X151.965 Y186.189
G1 F1800 X146.58 Y180.804 E2943.56541
G0 F9000 X145.957 Y180.804
G1 F1800 X151.343 Y186.189 E2943.95552
G0 F9000 X150.721 Y186.189
G1 F1800 X145.335 Y180.804 E2944.34562
G0 F9000 X144.713 Y180.804
G1 F1800 X150.098 Y186.188 E2944.73566
G0 F9000 X149.475 Y186.188
G1 F1800 X144.091 Y180.804 E2945.12566
G0 F9000 X143.424 Y180.759
G1 F1800 X148.853 Y186.188 E2945.51892
G0 F9000 X148.231 Y186.188
G1 F1800 X140.016 Y177.973 E2946.11399
G0 F9000 X140.016 Y178.595
G1 F1800 X147.609 Y186.188 E2946.664
G0 F9000 X146.986 Y186.188
G1 F1800 X140.016 Y179.218 E2947.16889
G0 F9000 X139.977 Y179.802
G1 F1800 X146.364 Y186.188 E2947.63151
G0 F9000 X145.742 Y186.188
G1 F1800 X139.8 Y180.246 E2948.06193
G0 F9000 X139.493 Y180.562
G1 F1800 X145.12 Y186.188 E2948.46949
G0 F9000 X144.497 Y186.188
G1 F1800 X139.061 Y180.752 E2948.86326
G0 F9000 X138.485 Y180.799
G1 F1800 X143.875 Y186.188 E2949.25366
G0 F9000 X143.253 Y186.188
G1 F1800 X137.864 Y180.799 E2949.64402
G1 F1500 E2947.64402
G0 F9000 X136.471 Y179.406
G1 F1500 E2949.64402
G1 F1800 X131.136 Y174.072 E2950.03043
G0 F9000 X131.136 Y174.694
G1 F1800 X142.631 Y186.188 E2950.86306
G0 F9000 X142.008 Y186.188
G1 F1800 X131.136 Y175.317 E2951.65056
G0 F9000 X131.136 Y175.939
G1 F1800 X141.386 Y186.188 E2952.393
G0 F9000 X140.764 Y186.188
G1 F1800 X131.136 Y176.561 E2953.09039
G0 F9000 X131.136 Y177.183
G1 F1800 X134.616 Y180.663 E2953.34247
G0 F9000 X133.794 Y180.463
G1 F1800 X131.136 Y177.806 E2953.53497
G0 F9000 X131.136 Y178.428
G1 F1800 X133.264 Y180.555 E2953.68908
G0 F9000 X132.771 Y180.685
G1 F1800 X131.136 Y179.05 E2953.80751
G0 F9000 X131.136 Y179.672
G1 F1800 X132.32 Y180.856 E2953.89328
G0 F9000 X131.941 Y181.099
G1 F1800 X131.136 Y180.295 E2953.95155
G0 F9000 X131.136 Y180.917
G1 F1800 X131.63 Y181.41 E2953.9873
G0 F9000 X131.321 Y181.724
G1 F1800 X131.136 Y181.539 E2954.0007
G1 F1500 E2952.0007
G0 F9000 X132.824 Y182.967
G0 X134.706 Y183.121
G0 X136.573 Y182.62
G1 F1500 E2954.0007
G1 F1800 X140.141 Y186.188 E2954.25915
G0 F9000 X139.519 Y186.188
G1 F1800 X136.74 Y183.409 E2954.46046
G0 F9000 X136.682 Y183.974
G1 F1800 X138.897 Y186.188 E2954.62087
G0 F9000 X138.275 Y186.188
G1 F1800 X136.553 Y184.466 E2954.7456
G0 F9000 X136.383 Y184.918
G1 F1800 X137.652 Y186.188 E2954.83756
G0 F9000 X137.03 Y186.188
G1 F1800 X136.139 Y185.297 E2954.9021
G0 F9000 X135.828 Y185.608
G1 F1800 X136.408 Y186.188 E2954.94412
G0 F9000 X135.786 Y186.188
G1 F1800 X135.518 Y185.92 E2954.96353
G1 F1500 E2952.96353
G0 F9000 X134.278 Y184.421
G0 X134.278 Y182.579
G0 X136.471 Y178.784
G1 F1500 E2954.96353
G1 F1800 X131.136 Y173.45 E2955.34995
G0 F9000 X131.136 Y172.828
G1 F1800 X136.471 Y178.162 E2955.73636
G0 F9000 X136.471 Y177.54
G1 F1800 X131.136 Y172.205 E2956.12281
G0 F9000 X131.136 Y171.582
G1 F1800 X136.471 Y176.917 E2956.50926
G0 F9000 X136.471 Y176.295
G1 F1800 X131.136 Y170.96 E2956.89571
G0 F9000 X131.136 Y170.338
G1 F1800 X136.471 Y175.673 E2957.28216
G0 F9000 X136.47 Y175.05
G1 F1800 X131.136 Y169.716 E2957.66854
G0 F9000 X131.136 Y169.093
G1 F1800 X136.47 Y174.428 E2958.05496
G0 F9000 X136.47 Y173.805
G1 F1800 X131.136 Y168.471 E2958.44133
G0 F9000 X131.136 Y167.849
G1 F1800 X136.47 Y173.183 E2958.82771
G0 F9000 X136.47 Y172.561
G1 F1800 X131.136 Y167.227 E2959.21409
G0 F9000 X131.136 Y166.604
G1 F1800 X136.47 Y171.939 E2959.6005
G0 F9000 X136.469 Y171.316
G1 F1800 X131.136 Y165.982 E2959.98685
G0 F9000 X131.136 Y165.36
G1 F1800 X136.469 Y170.693 E2960.37315
G0 F9000 X136.469 Y170.071
G1 F1800 X131.136 Y164.737 E2960.75949
G0 F9000 X131.136 Y164.115
G1 F1800 X136.469 Y169.449 E2961.14584
G0 F9000 X136.469 Y168.827
G1 F1800 X131.136 Y163.493 E2961.53218
G0 F9000 X131.326 Y163.061
G1 F1800 X136.469 Y168.204 E2961.90472
G0 F9000 X136.469 Y167.582
G1 F1800 X131.948 Y163.061 E2962.23221
G0 F9000 X132.571 Y163.061
G1 F1800 X136.469 Y166.959 E2962.51457
G0 F9000 X136.469 Y166.337
G1 F1800 X133.193 Y163.061 E2962.75187
G0 F9000 X133.815 Y163.061
G1 F1800 X136.469 Y165.715 E2962.94412
G0 F9000 X136.469 Y165.092
G1 F1800 X134.437 Y163.061 E2963.09127
G0 F9000 X135.06 Y163.061
G1 F1800 X136.469 Y164.47 E2963.19334
G0 F9000 X136.469 Y163.848
G1 F1800 X135.682 Y163.061 E2963.25035
G0 F9000 X136.304 Y163.061
G1 F1800 X136.52 Y163.277 E2963.26599
G1 F1500 E2961.26599
G0 F9000 X140.019 Y163.665
G1 F1500 E2963.26599
G1 F1800 X142.469 Y166.114 E2963.44343
G0 F9000 X142.469 Y166.736
G1 F1800 X140.019 Y164.287 E2963.62086
G0 F9000 X140.019 Y164.909
G1 F1800 X142.469 Y167.359 E2963.79833
G0 F9000 X142.469 Y167.981
G1 F1800 X140.019 Y165.532 E2963.97576
G0 F9000 X140.018 Y166.153
G1 F1800 X142.469 Y168.603 E2964.15327
G0 F9000 X142.469 Y169.226
G1 F1800 X140.018 Y166.775 E2964.33081
G0 F9000 X140.018 Y167.398
G1 F1800 X142.469 Y169.848 E2964.50832
G0 F9000 X142.469 Y170.47
G1 F1800 X140.018 Y168.02 E2964.68583
G0 F9000 X140.018 Y168.642
G1 F1800 X142.469 Y171.092 E2964.86333
G0 F9000 X142.469 Y171.715
G1 F1800 X140.018 Y169.264 E2965.04088
G0 F9000 X140.018 Y169.886
G1 F1800 X142.469 Y172.337 E2965.21842
G0 F9000 X142.469 Y172.96
G1 F1800 X140.018 Y170.508 E2965.396
G0 F9000 X140.018 Y171.13
G1 F1800 X142.469 Y173.582 E2965.57358
G0 F9000 X142.469 Y174.204
G1 F1800 X140.017 Y171.752 E2965.75119
G0 F9000 X140.017 Y172.374
G1 F1800 X142.469 Y174.826 E2965.92881
G0 F9000 X142.469 Y175.449
G1 F1800 X140.017 Y172.997 E2966.10642
G0 F9000 X140.017 Y173.619
G1 F1800 X142.469 Y176.071 E2966.28404
G0 F9000 X142.469 Y176.693
G1 F1800 X140.016 Y174.24 E2966.46173
G0 F9000 X140.016 Y174.863
G1 F1800 X142.469 Y177.316 E2966.63941
G0 F9000 X142.469 Y177.938
G1 F1800 X140.016 Y175.485 E2966.8171
G0 F9000 X140.016 Y176.107
G1 F1800 X142.469 Y178.56 E2966.99479
G0 F9000 X142.469 Y179.182
G1 F1800 X140.016 Y176.729 E2967.17248
G0 F9000 X140.016 Y177.351
G1 F1800 X142.512 Y179.848 E2967.35332
G1 F1500 E2965.35332
G0 F9000 X144.398 Y178.876
G0 X144.41 Y165.492
G0 X142.469 Y165.492
G1 F1500 E2967.35332
G1 F1800 X140.038 Y163.061 E2967.52941
G0 F9000 X140.66 Y163.061
G1 F1800 X142.469 Y164.87 E2967.66045
G0 F9000 X142.469 Y164.247
G1 F1800 X141.282 Y163.061 E2967.74639
G0 F9000 X141.904 Y163.061
G1 F1800 X142.469 Y163.625 E2967.78728
G1 F1500 E2965.78728
G0 F9000 X172.802 Y137.334
G1 F1500 E2967.78728
G1 F1800 X180.968 Y145.5 E2968.3788
G0 F9000 X180.968 Y144.878
G1 F1800 X173.861 Y137.771 E2968.89361
G0 F9000 X174.479 Y137.766
G1 F1800 X180.968 Y144.255 E2969.36366
G0 F9000 X180.968 Y143.633
G1 F1800 X174.952 Y137.617 E2969.79944
G0 F9000 X175.3 Y137.343
G1 F1800 X180.968 Y143.011 E2970.21001
G0 F9000 X180.968 Y142.389
G1 F1800 X175.534 Y136.954 E2970.60367
G0 F9000 X175.635 Y136.433
G1 F1800 X180.968 Y141.766 E2970.98997
G0 F9000 X180.968 Y141.144
G1 F1800 X175.635 Y135.81 E2971.37631
G0 F9000 X175.635 Y135.188
G1 F1800 X180.968 Y140.522 E2971.76266
G0 F9000 X180.968 Y139.9
G1 F1800 X175.634 Y134.565 E2972.14907
G0 F9000 X175.634 Y133.943
G1 F1800 X180.968 Y139.277 E2972.53545
G0 F9000 X180.968 Y138.655
G1 F1800 X175.633 Y133.32 E2972.9219
G0 F9000 X175.633 Y132.698
G1 F1800 X180.968 Y138.033 E2973.30835
G0 F9000 X180.968 Y137.411
G1 F1800 X175.633 Y132.076 E2973.6948
G0 F9000 X175.633 Y131.453
G1 F1800 X180.968 Y136.788 E2974.08125
G0 F9000 X180.968 Y136.166
G1 F1800 X175.633 Y130.83 E2974.46774
G0 F9000 X175.633 Y130.208
G1 F1800 X180.968 Y135.544 E2974.85423
G0 F9000 X180.968 Y134.922
G1 F1800 X175.632 Y129.585 E2975.24079
G0 F9000 X175.632 Y128.963
G1 F1800 X180.968 Y134.299 E2975.62731
G0 F9000 X180.968 Y133.677
G1 F1800 X175.631 Y128.34 E2976.0139
G0 F9000 X175.631 Y127.718
G1 F1800 X180.968 Y133.055 E2976.4005
G0 F9000 X180.968 Y132.433
G1 F1800 X175.631 Y127.095 E2976.78713
G0 F9000 X175.63 Y126.472
G1 F1800 X180.968 Y131.81 E2977.1738
G0 F9000 X180.968 Y131.188
G1 F1800 X175.63 Y125.85 E2977.56047
G0 F9000 X175.63 Y125.227
G1 F1800 X180.968 Y130.566 E2977.94717
G0 F9000 X180.968 Y129.944
G1 F1800 X175.63 Y124.605 E2978.33388
G0 F9000 X175.63 Y123.983
G1 F1800 X180.968 Y129.321 E2978.72054
G0 F9000 X180.968 Y128.699
G1 F1800 X175.629 Y123.36 E2979.10729
G0 F9000 X175.629 Y122.737
G1 F1800 X180.968 Y128.077 E2979.49406
G0 F9000 X180.968 Y127.455
G1 F1800 X175.629 Y122.115 E2979.88084
G0 F9000 X175.628 Y121.492
G1 F1800 X180.968 Y126.832 E2980.26765
G0 F9000 X180.968 Y126.21
G1 F1800 X175.628 Y120.87 E2980.65446
G0 F9000 X175.601 Y120.22
G1 F1800 X180.968 Y125.588 E2981.04327
G0 F9000 X180.968 Y124.966
G1 F1800 X169.808 Y113.805 E2981.8517
G0 F9000 X170.43 Y113.805
G1 F1800 X180.968 Y124.343 E2982.61504
G0 F9000 X180.968 Y123.721
G1 F1800 X171.053 Y113.805 E2983.33329
G1 F1500 E2981.33329
G0 F9000 X177.139 Y119.27
G1 F1500 E2983.33329
G1 F1800 X180.968 Y123.099 E2983.61065
G0 F9000 X180.968 Y122.477
G1 F1800 X177.984 Y119.492 E2983.82684
G0 F9000 X178.591 Y119.477
G1 F1800 X180.968 Y121.854 E2983.99902
G0 F9000 X180.968 Y121.232
G1 F1800 X179.083 Y119.346 E2984.1356
G0 F9000 X179.56 Y119.201
G1 F1800 X180.968 Y120.61 E2984.23763
G0 F9000 X180.968 Y119.988
G1 F1800 X179.954 Y118.973 E2984.31111
G0 F9000 X180.271 Y118.667
G1 F1800 X180.968 Y119.365 E2984.36164
G0 F9000 X180.968 Y118.743
G1 F1800 X180.58 Y118.355 E2984.38974
G0 F9000 X180.84 Y117.993
G1 F1800 X180.968 Y118.121 E2984.39902
G1 F1500 E2982.39902
G0 F9000 X131.065 Y184.174
G1 F1500 E2984.39902
G1 F1404.3 X131.03 Y184.235 E2984.40363
G1 X130.96 Y184.235 E2984.40823
G1 X130.925 Y184.174 E2984.41285
G1 X130.96 Y184.113 E2984.41746
G1 X131.03 Y184.113 E2984.42206
G1 X131.065 Y184.174 E2984.42668
G0 F9000 X131.7 Y185.379
G1 F1414.3 X131.665 Y185.44 E2984.43126
G1 X131.595 Y185.44 E2984.43583
G1 X131.56 Y185.379 E2984.44041
G1 X131.595 Y185.318 E2984.445
G1 X131.665 Y185.318 E2984.44956
G1 X131.7 Y185.379 E2984.45414
G1 F1500 E2982.45414
G0 F9000 X150 Y160.696
;TYPE:WALL-INNER
G1 F1500 E2984.45414
G1 F1800 X167.084 Y160.696 E2985.3292
G1 X167.084 Y158.16 E2985.45909
G1 X143.744 Y158.16 E2986.65458
G1 X143.49 Y158.11 E2986.66784
G1 X143.288 Y157.978 E2986.6802
G1 X143.161 Y157.811 E2986.69095
G1 X143.084 Y157.601 E2986.7024
G1 X143.084 Y142.397 E2987.48116
G1 X143.161 Y142.189 E2987.49252
G1 X143.289 Y142.021 E2987.50334
G1 X143.49 Y141.89 E2987.51563
G1 X143.661 Y141.84 E2987.52475
G1 X167.084 Y141.84 E2988.72449
G1 X167.084 Y139.3 E2988.85459
G1 X130.404 Y139.304 E2990.73337
G1 X130.404 Y160.696 E2991.82908
G1 X150 Y160.696 E2992.8328
G0 F9000 X150 Y161.136
;TYPE:WALL-OUTER
G1 F1800 X167.524 Y161.136 E2993.73039
G1 X167.524 Y157.72 E2993.90536
G1 X143.683 Y157.72 E2995.12651
G1 X143.592 Y157.66 E2995.13209
G1 X143.529 Y157.549 E2995.13863
G1 X143.529 Y142.451 E2995.91196
G1 X143.592 Y142.34 E2995.91849
G1 X143.706 Y142.283 E2995.92502
G1 X167.524 Y142.28 E2997.14499
G1 X167.524 Y138.86 E2997.32017
G1 X129.964 Y138.864 E2999.24402
G1 X129.964 Y161.136 E3000.3848
G1 X150 Y161.136 E3001.41106
G1 F1500 E2999.41106
G0 F9000 X137.851 Y156.606
G0 X137.765 Y155.059
G0 X137.996 Y155.059
;TYPE:FILL
G1 F1500 E3001.41106
G1 F3600 X136.579 Y155.439 E3001.4862
G0 F9000 X136.811 Y155.44
G0 X136.811 Y156.463
G0 X136.579 Y156.462
G1 F3600 X136.869 Y156.751 E3001.50717
G0 F9000 X136.869 Y156.52
G0 X137.765 Y154.146
G0 X137.997 Y154.146
G1 F3600 X136.579 Y152.728 E3001.60989
G1 X136.58 Y152.706
G1 X137.996 Y152.326 E3001.68498
G0 F9000 X137.765 Y152.326
G0 X136.811 Y152.402
G0 X136.579 Y152.401
G1 F3600 X137.997 Y147.113 E3001.9654
G0 F9000 X137.996 Y146.86
G1 F3600 X136.58 Y147.239 E3002.04049
G0 F9000 X136.811 Y147.24
G0 X137.765 Y146.679
G0 X137.997 Y146.679
G1 F3600 X136.579 Y145.261 E3002.1432
G0 F9000 X136.581 Y144.506
G1 F3600 X137.997 Y144.127 E3002.21828
G0 F9000 X137.765 Y144.127
G0 X136.811 Y148.995
G0 X136.579 Y148.994
G1 F3600 X137.997 Y150.412 E3002.321
G0 F9000 X137.997 Y149.593
G1 F3600 X136.58 Y149.973 E3002.39614
G1 F1500 E3000.39614
G0 F9000 X136.811 Y149.974
G0 X137.851 Y156.606
G0 X144.41 Y156.606
G0 X150 Y156.835
G0 X150 Y160.3
;TYPE:SKIN
G1 F1500 E3002.39614
G1 F1800 X130.801 Y160.299 E3003.37953
G1 X130.8 Y139.7 E3004.43462
G1 X166.688 Y139.696 E3006.27283
G1 X166.688 Y141.444 E3006.36236
G1 X143.602 Y141.447 E3007.54484
G1 X143.304 Y141.539 E3007.56081
G1 X143.011 Y141.728 E3007.57867
G1 X142.808 Y141.997 E3007.59593
G1 X142.688 Y142.328 E3007.61397
G1 X142.688 Y157.673 E3008.39995
G1 X142.81 Y157.999 E3008.41778
G1 X143.013 Y158.266 E3008.43496
G1 X143.331 Y158.479 E3008.45456
G1 X143.705 Y158.553 E3008.47409
G1 X166.688 Y158.556 E3009.65129
G1 X166.688 Y160.3 E3009.74062
G1 X150 Y160.3 E3010.59539
G1 F1500 E3008.59539
G0 F9000 X150 Y156.835
G0 X144.41 Y156.606
G0 X137.851 Y156.606
G0 X137.858 Y156.793
G1 F1500 E3010.59539
G1 F1800 X137.973 Y156.735 E3010.60199
G1 X138.037 Y156.614 E3010.609
G1 X138.04 Y143.424 E3011.2846
G1 X137.974 Y143.265 E3011.29342
G1 X137.879 Y143.204 E3011.2992
G1 X136.718 Y143.207 E3011.35867
G1 X136.608 Y143.26 E3011.36492
G1 X136.536 Y143.384 E3011.37226
G1 X136.532 Y156.616 E3012.05002
G1 X136.604 Y156.74 E3012.05736
G1 X136.694 Y156.796 E3012.06279
G1 X137.858 Y156.793 E3012.12241
G1 F1500 E3010.12241
G0 F9000 X137.765 Y156.52
G0 X136.725 Y156.606
G0 X131.455 Y160.079
G1 F1500 E3012.12241
G1 F1800 X131.021 Y159.644 E3012.15388
G0 F9000 X131.021 Y159.022
G1 F1800 X132.078 Y160.079 E3012.23045
G0 F9000 X132.7 Y160.079
G1 F1800 X131.021 Y158.4 E3012.35207
G0 F9000 X131.021 Y157.777
G1 F1800 X133.322 Y160.079 E3012.51879
G0 F9000 X133.944 Y160.079
G1 F1800 X131.021 Y157.155 E3012.73055
G0 F9000 X131.021 Y156.533
G1 F1800 X134.567 Y160.079 E3012.98742
G0 F9000 X135.189 Y160.079
G1 F1800 X131.021 Y155.911 E3013.28933
G0 F9000 X131.021 Y155.288
G1 F1800 X135.811 Y160.079 E3013.63634
G0 F9000 X136.433 Y160.079
G1 F1800 X131.021 Y154.666 E3014.02841
G0 F9000 X131.021 Y154.044
G1 F1800 X137.056 Y160.079 E3014.46556
G0 F9000 X137.678 Y160.079
G1 F1800 X131.021 Y153.422 E3014.94777
G0 F9000 X131.021 Y152.799
G1 F1800 X138.3 Y160.079 E3015.47508
G0 F9000 X138.922 Y160.079
G1 F1800 X131.021 Y152.177 E3016.04744
G0 F9000 X131.021 Y151.555
G1 F1800 X139.545 Y160.079 E3016.66489
G0 F9000 X140.167 Y160.079
G1 F1800 X137.102 Y157.014 E3016.88691
G0 F9000 X137.722 Y157.012
G1 F1800 X140.789 Y160.079 E3017.10907
G0 F9000 X141.411 Y160.079
G1 F1800 X138.16 Y156.828 E3017.34457
G0 F9000 X138.254 Y156.3
G1 F1800 X142.034 Y160.079 E3017.61834
G0 F9000 X142.656 Y160.079
G1 F1800 X138.254 Y155.677 E3017.93721
G0 F9000 X138.255 Y155.056
G1 F1800 X143.278 Y160.079 E3018.30106
G0 F9000 X143.9 Y160.079
G1 F1800 X138.255 Y154.434 E3018.70997
G0 F9000 X138.255 Y153.811
G1 F1800 X142.824 Y158.381 E3019.04097
G1 X142.895 Y158.451
G1 X144.523 Y160.079 E3019.15889
G0 F9000 X145.145 Y160.079
G1 F1800 X143.842 Y158.776 E3019.25328
G0 F9000 X144.464 Y158.776
G1 F1800 X145.767 Y160.079 E3019.34766
G0 F9000 X146.389 Y160.079
G1 F1800 X145.086 Y158.776 E3019.44205
G0 F9000 X145.709 Y158.776
G1 F1800 X147.012 Y160.079 E3019.53643
G0 F9000 X147.634 Y160.079
G1 F1800 X146.331 Y158.776 E3019.63082
G0 F9000 X146.953 Y158.776
G1 F1800 X148.256 Y160.079 E3019.7252
G0 F9000 X148.879 Y160.079
G1 F1800 X147.575 Y158.776 E3019.81963
G0 F9000 X148.198 Y158.776
G1 F1800 X149.501 Y160.079 E3019.91401
G0 F9000 X150.123 Y160.079
G1 F1800 X148.82 Y158.776 E3020.0084
G0 F9000 X149.442 Y158.776
G1 F1800 X150.745 Y160.079 E3020.10278
G0 F9000 X151.368 Y160.079
G1 F1800 X150.064 Y158.776 E3020.1972
G0 F9000 X150.687 Y158.776
G1 F1800 X151.99 Y160.079 E3020.29159
G0 F9000 X152.612 Y160.079
G1 F1800 X151.309 Y158.776 E3020.38597
G0 F9000 X151.931 Y158.776
G1 F1800 X153.234 Y160.079 E3020.48036
G0 F9000 X153.857 Y160.079
G1 F1800 X152.553 Y158.776 E3020.57478
G0 F9000 X153.176 Y158.776
G1 F1800 X154.479 Y160.079 E3020.66917
G0 F9000 X155.101 Y160.079
G1 F1800 X153.798 Y158.776 E3020.76355
G0 F9000 X154.42 Y158.776
G1 F1800 X155.723 Y160.079 E3020.85794
G0 F9000 X156.346 Y160.079
G1 F1800 X155.042 Y158.776 E3020.95236
G0 F9000 X155.665 Y158.776
G1 F1800 X156.968 Y160.079 E3021.04674
G0 F9000 X157.59 Y160.079
G1 F1800 X156.287 Y158.776 E3021.14113
G0 F9000 X156.909 Y158.776
G1 F1800 X158.212 Y160.079 E3021.23551
G0 F9000 X158.835 Y160.079
G1 F1800 X157.531 Y158.776 E3021.32993
G0 F9000 X158.154 Y158.776
G1 F1800 X159.457 Y160.079 E3021.42432
G0 F9000 X160.079 Y160.079
G1 F1800 X158.776 Y158.776 E3021.51871
G0 F9000 X159.398 Y158.776
G1 F1800 X160.701 Y160.079 E3021.61309
G0 F9000 X161.324 Y160.079
G1 F1800 X160.02 Y158.776 E3021.70751
G0 F9000 X160.643 Y158.776
G1 F1800 X161.946 Y160.079 E3021.8019
G0 F9000 X162.568 Y160.079
G1 F1800 X161.265 Y158.776 E3021.89628
G0 F9000 X161.887 Y158.776
G1 F1800 X163.19 Y160.079 E3021.99067
G0 F9000 X163.813 Y160.079
G1 F1800 X162.509 Y158.776 E3022.08509
G0 F9000 X163.132 Y158.776
G1 F1800 X164.435 Y160.079 E3022.17947
G0 F9000 X165.057 Y160.079
G1 F1800 X163.754 Y158.776 E3022.27386
G0 F9000 X164.376 Y158.776
G1 F1800 X165.679 Y160.079 E3022.36824
G0 F9000 X166.302 Y160.079
G1 F1800 X164.998 Y158.776 E3022.46267
G0 F9000 X165.621 Y158.776
G1 F1800 X166.468 Y159.623 E3022.52402
G0 F9000 X166.468 Y159.001
G1 F1800 X166.243 Y158.776 E3022.54032
G1 F1500 E3020.54032
G0 F9000 X166.243 Y156.835
G0 X166.114 Y143.165
G0 X166.114 Y141.224
G1 F1500 E3022.54032
G1 F1800 X164.807 Y139.917 E3022.63499
G0 F9000 X164.185 Y139.917
G1 F1800 X165.492 Y141.224 E3022.72967
G0 F9000 X164.87 Y141.224
G1 F1800 X163.562 Y139.917 E3022.82438
G0 F9000 X162.94 Y139.917
G1 F1800 X164.247 Y141.224 E3022.91905
G0 F9000 X163.626 Y141.225
G1 F1800 X162.318 Y139.917 E3023.0138
G0 F9000 X161.696 Y139.917
G1 F1800 X163.004 Y141.225 E3023.10855
G0 F9000 X162.381 Y141.225
G1 F1800 X161.073 Y139.917 E3023.2033
G0 F9000 X160.452 Y139.917
G1 F1800 X161.759 Y141.225 E3023.29801
G0 F9000 X161.138 Y141.225
G1 F1800 X159.829 Y139.917 E3023.39279
G0 F9000 X159.207 Y139.917
G1 F1800 X160.515 Y141.225 E3023.48754
G0 F9000 X159.893 Y141.225
G1 F1800 X158.585 Y139.917 E3023.58229
G0 F9000 X157.963 Y139.917
G1 F1800 X159.271 Y141.225 E3023.67703
G0 F9000 X158.649 Y141.226
G1 F1800 X157.34 Y139.917 E3023.77185
G0 F9000 X156.718 Y139.917
G1 F1800 X158.027 Y141.226 E3023.86667
G0 F9000 X157.405 Y141.226
G1 F1800 X156.096 Y139.917 E3023.96149
G0 F9000 X155.474 Y139.917
G1 F1800 X156.783 Y141.226 E3024.05631
G0 F9000 X156.161 Y141.227
G1 F1800 X154.851 Y139.917 E3024.15121
G0 F9000 X154.23 Y139.918
G1 F1800 X155.539 Y141.227 E3024.24603
G0 F9000 X154.916 Y141.227
G1 F1800 X153.608 Y139.918 E3024.34081
G0 F9000 X152.985 Y139.918
G1 F1800 X154.294 Y141.227 E3024.43563
G0 F9000 X153.673 Y141.228
G1 F1800 X152.363 Y139.918 E3024.53052
G0 F9000 X151.741 Y139.918
G1 F1800 X153.05 Y141.228 E3024.62538
G0 F9000 X152.428 Y141.228
G1 F1800 X151.119 Y139.918 E3024.72023
G0 F9000 X150.496 Y139.918
G1 F1800 X151.806 Y141.228 E3024.81513
G0 F9000 X151.184 Y141.228
G1 F1800 X149.874 Y139.918 E3024.91002
G0 F9000 X149.252 Y139.918
G1 F1800 X150.562 Y141.228 E3025.00491
G0 F9000 X149.94 Y141.228
G1 F1800 X148.63 Y139.919 E3025.09977
G0 F9000 X148.008 Y139.919
G1 F1800 X149.318 Y141.228 E3025.19462
G0 F9000 X148.695 Y141.228
G1 F1800 X147.386 Y139.919 E3025.28944
G0 F9000 X146.764 Y139.919
G1 F1800 X148.074 Y141.229 E3025.38434
G0 F9000 X147.452 Y141.229
G1 F1800 X146.141 Y139.919 E3025.47926
G0 F9000 X145.519 Y139.919
G1 F1800 X146.829 Y141.229 E3025.57416
G0 F9000 X146.207 Y141.229
G1 F1800 X144.897 Y139.919 E3025.66905
G0 F9000 X144.275 Y139.919
G1 F1800 X145.586 Y141.23 E3025.76401
G0 F9000 X144.963 Y141.23
G1 F1800 X143.652 Y139.919 E3025.85898
G0 F9000 X143.03 Y139.919
G1 F1800 X144.341 Y141.23 E3025.95394
G0 F9000 X143.719 Y141.23
G1 F1800 X142.408 Y139.919 E3026.04891
G0 F9000 X141.786 Y139.919
G1 F1800 X143.207 Y141.34 E3026.15184
G0 F9000 X142.838 Y141.593
G1 F1800 X141.164 Y139.919 E3026.2731
G0 F9000 X140.542 Y139.919
G1 F1800 X142.587 Y141.964 E3026.42123
G0 F9000 X142.469 Y142.469
G1 F1800 X139.919 Y139.919 E3026.60595
G0 F9000 X139.297 Y139.919
G1 F1800 X142.469 Y143.091 E3026.83572
G0 F9000 X142.469 Y143.713
G1 F1800 X138.675 Y139.919 E3027.11054
G0 F9000 X138.053 Y139.919
G1 F1800 X142.469 Y144.335 E3027.43042
G0 F9000 X142.469 Y144.958
G1 F1800 X137.43 Y139.919 E3027.79543
G0 F9000 X136.809 Y139.92
G1 F1800 X142.469 Y145.58 E3028.20543
G0 F9000 X142.469 Y146.202
G1 F1800 X136.187 Y139.92 E3028.66047
G0 F9000 X135.564 Y139.92
G1 F1800 X142.469 Y146.824 E3029.16061
G0 F9000 X142.469 Y147.447
G1 F1800 X134.942 Y139.92 E3029.70585
G0 F9000 X134.32 Y139.92
G1 F1800 X137.386 Y142.986 E3029.92794
G0 F9000 X136.767 Y142.99
G1 F1800 X133.698 Y139.92 E3030.15028
G0 F9000 X133.075 Y139.92
G1 F1800 X136.384 Y143.229 E3030.38998
G0 F9000 X136.316 Y143.783
G1 F1800 X132.453 Y139.92 E3030.6698
G0 F9000 X131.831 Y139.92
G1 F1800 X136.316 Y144.405 E3030.99468
G0 F9000 X136.316 Y145.028
G1 F1800 X131.209 Y139.92 E3031.36465
G0 F9000 X131.021 Y140.354
G1 F1800 X136.315 Y145.649 E3031.74817
G0 F9000 X136.315 Y146.271
G1 F1800 X131.021 Y140.977 E3032.13165
G0 F9000 X131.021 Y141.599
G1 F1800 X136.315 Y146.894 E3032.51517
G0 F9000 X136.315 Y147.516
G1 F1800 X131.021 Y142.221 E3032.89868
G0 F9000 X131.021 Y142.843
G1 F1800 X136.315 Y148.137 E3033.28216
G0 F9000 X136.315 Y148.76
G1 F1800 X131.021 Y143.466 E3033.66565
G0 F9000 X131.021 Y144.088
G1 F1800 X136.315 Y149.382 E3034.04913
G0 F9000 X136.314 Y150.004
G1 F1800 X131.021 Y144.71 E3034.43257
G0 F9000 X131.021 Y145.332
G1 F1800 X136.314 Y150.626 E3034.81602
G0 F9000 X136.314 Y151.248
G1 F1800 X131.021 Y145.955 E3035.19942
G0 F9000 X131.021 Y146.577
G1 F1800 X136.314 Y151.87 E3035.58283
G0 F9000 X136.313 Y152.492
G1 F1800 X131.021 Y147.199 E3035.9662
G0 F9000 X131.021 Y147.821
G1 F1800 X136.313 Y153.114 E3036.34958
G0 F9000 X136.313 Y153.736
G1 F1800 X131.021 Y148.444 E3036.73291
G0 F9000 X131.021 Y149.066
G1 F1800 X136.313 Y154.359 E3037.11628
G0 F9000 X136.313 Y154.98
G1 F1800 X131.021 Y149.688 E3037.49962
G0 F9000 X131.021 Y150.31
G1 F1800 X136.313 Y155.602 E3037.88296
G0 F9000 X136.313 Y156.225
G1 F1800 X131.021 Y150.933 E3038.26629
G1 F1500 E3036.26629
G0 F9000 X136.731 Y150.935
G0 X137.765 Y150.702
G0 X138.257 Y150.702
G1 F1500 E3038.26629
G1 F1800 X142.469 Y154.914 E3038.5714
G0 F9000 X142.469 Y155.536
G1 F1800 X138.256 Y151.324 E3038.87654
G0 F9000 X138.256 Y151.946
G1 F1800 X142.469 Y156.158 E3039.18168
G0 F9000 X142.469 Y156.78
G1 F1800 X138.256 Y152.567 E3039.48685
G0 F9000 X138.256 Y153.19
G1 F1800 X142.469 Y157.403 E3039.79203
G1 F1500 E3037.79203
G0 F9000 X142.469 Y154.291
G1 F1500 E3039.79203
G1 F1800 X138.257 Y150.08 E3040.0971
G0 F9000 X138.257 Y149.458
G1 F1800 X142.469 Y153.669 E3040.40217
G0 F9000 X142.469 Y153.047
G1 F1800 X138.258 Y148.836 E3040.7072
G0 F9000 X138.258 Y148.214
G1 F1800 X142.469 Y152.425 E3041.01223
G0 F9000 X142.469 Y151.802
G1 F1800 X138.258 Y147.592 E3041.31723
G0 F9000 X138.258 Y146.97
G1 F1800 X142.469 Y151.18 E3041.62222
G0 F9000 X142.469 Y150.558
G1 F1800 X138.259 Y146.348 E3041.92718
G0 F9000 X138.259 Y145.726
G1 F1800 X142.469 Y149.936 E3042.23214
G0 F9000 X142.469 Y149.313
G1 F1800 X138.259 Y145.104 E3042.53706
G0 F9000 X138.26 Y144.482
G1 F1800 X142.469 Y148.691 E3042.84195
G0 F9000 X142.469 Y148.069
G1 F1800 X138.26 Y143.86 E3043.14684
G1 F1500 E3041.14684
G0 F9000 X137.765 Y143.86
G0 X137.851 Y143.394
G0 X144.41 Y143.394
G0 X165.429 Y143.165
G0 X165.429 Y139.917
G1 F1500 E3043.14684
G1 F1800 X166.468 Y140.955 E3043.22206
G0 F9000 X166.468 Y140.333
G1 F1800 X166.051 Y139.917 E3043.25223
G1 F1500 E3041.25223
;MESH:NONMESH
G0 F300 Z2.8
G0 F9000 X133.808 Y118.914
;TIME_ELAPSED:2927.133298
;LAYER:9
;TYPE:WALL-INNER
;MESH:din-rail-clip-mount.stl
G1 F1500 E3043.25223
G1 F1800 X133.574 Y118.887 E3043.2643
G1 X132.699 Y118.654 E3043.31068
G1 X132.399 Y118.482 E3043.32839
G1 X131.759 Y117.838 E3043.37489
G1 X131.591 Y117.545 E3043.39219
G1 F1537.9 X131.282 Y116.692 E3043.44658
G1 F1294.1 X131.246 Y116.631 E3043.45163
G1 F1239.4 X131.256 Y116.301 E3043.47619
G1 F1182.1 X131.333 Y115.914 E3043.50696
G1 F1166.4 X131.528 Y115.323 E3043.55616
G1 F1205.5 X131.686 Y115.082 E3043.5782
G1 F1175.1 X131.868 Y114.868 E3043.60024
G1 F1166.4 X132.399 Y114.384 E3043.65703
G1 F1183.9 X132.736 Y114.203 E3043.68682
G1 F1211 X133.651 Y113.997 E3043.75822
G1 F1466.7 X133.918 Y114.106 E3043.77635
G1 F1783.8 X134.792 Y114.346 E3043.8232
G1 F1800 X135.087 Y114.517 E3043.84066
G1 X135.727 Y115.157 E3043.88702
G1 X135.899 Y115.455 E3043.90465
G1 X136.131 Y116.33 E3043.95101
G1 X136.14 Y116.63 E3043.96639
G1 X135.872 Y117.645 E3044.02016
G1 X135.727 Y117.839 E3044.03256
G1 X135.083 Y118.483 E3044.07921
G1 X134.892 Y118.626 E3044.09143
G1 X133.808 Y118.914 E3044.14888
G1 F1500 E3042.14888
G0 F9000 X138.868 Y137.259
G1 F1500 E3044.14888
G1 F1237.5 X137.744 Y137.259 E3044.23262
G1 F1469.4 X137.348 Y137.028 E3044.26139
G1 F1800 X137.134 Y136.754 E3044.2792
G1 X137.084 Y136.5 E3044.29246
G1 X137.084 Y120.35 E3045.11967
G1 X137.179 Y120.126 E3045.13213
G1 X137.389 Y119.911 E3045.14753
G1 X137.716 Y119.808 E3045.16509
G1 X138.813 Y119.811 E3045.22128
G1 X139.004 Y119.861 E3045.23139
G1 X139.195 Y119.985 E3045.24305
G1 X139.366 Y120.245 E3045.25899
G1 X139.404 Y120.468 E3045.27058
G1 X139.404 Y136.5 E3046.09175
G1 X139.354 Y136.755 E3046.10506
G1 X139.14 Y137.029 E3046.12287
G1 F1464 X138.868 Y137.259 E3046.1453
G1 F1500 E3044.1453
G0 F9000 X144.398 Y135.847
G0 X150 Y135.835
G0 X150 Y137.259
G1 F1500 E3046.1453
G1 F1241.4 X143.744 Y137.259 E3046.60993
G1 F1469.4 X143.348 Y137.028 E3046.6387
G1 F1800 X143.134 Y136.754 E3046.65651
G1 X143.084 Y136.5 E3046.66976
G1 X143.084 Y120.468 E3047.49093
G1 X143.122 Y120.245 E3047.50252
G1 X143.293 Y119.985 E3047.51846
G1 X143.478 Y119.863 E3047.52981
G1 X143.659 Y119.808 E3047.5395
G1 X168.838 Y119.808 E3048.82918
G1 X169.01 Y119.863 E3048.83843
G1 X169.195 Y119.985 E3048.84978
G1 X169.366 Y120.245 E3048.86572
G1 X169.404 Y120.468 E3048.87731
G1 X169.402 Y136.558 E3049.70145
G1 X169.289 Y136.874 E3049.71864
G1 X169.034 Y137.094 E3049.73589
G1 F1469.4 X168.244 Y137.259 E3049.78653
G1 F1241.4 X150 Y137.259 E3051.14151
G1 F1500 E3049.14151
G0 F9000 X150 Y135.835
G0 X168.092 Y135.847
G0 X173.668 Y137.161
G1 F1500 E3051.14151
G1 F1800 X173.385 Y137.055 E3051.15699
G1 X173.199 Y136.874 E3051.17028
G1 X173.086 Y136.558 E3051.18747
G1 X173.084 Y120.468 E3052.01161
G1 X173.122 Y120.245 E3052.0232
G1 X173.207 Y120.084 E3052.03252
G1 X173.365 Y119.927 E3052.04393
G1 X173.681 Y119.811 E3052.06117
G1 X174.463 Y119.806 E3052.10123
G1 X174.687 Y119.893 E3052.11354
G1 X174.902 Y120.09 E3052.12847
G1 X175.019 Y120.431 E3052.14694
G1 X175.02 Y136.584 E3052.9743
G1 X174.916 Y136.857 E3052.98927
G1 X174.766 Y137.022 E3053.00069
G1 X174.444 Y137.155 E3053.01853
G1 X173.668 Y137.161 E3053.05828
G1 F1500 E3051.05828
G0 F9000 X178.31 Y118.914
G1 F1500 E3053.05828
G1 F1800 X178.074 Y118.887 E3053.07045
G1 X177.091 Y118.625 E3053.12256
G1 X176.899 Y118.482 E3053.13482
G1 X176.259 Y117.838 E3053.18132
G1 X176.117 Y117.646 E3053.19356
G1 X175.826 Y116.57 E3053.25065
G1 X175.854 Y116.328 E3053.26313
G1 X176.09 Y115.452 E3053.3096
G1 X176.261 Y115.157 E3053.32706
G1 X176.901 Y114.517 E3053.37342
G1 X177.196 Y114.346 E3053.39089
G1 X178.13 Y114.098 E3053.44038
G1 X178.407 Y114.107 E3053.45458
G1 X178.692 Y114.183 E3053.46969
G1 F1455.9 X179.143 Y114.196 E3053.49826
G1 F1231.7 X179.39 Y114.274 E3053.51765
G1 F1469.4 X179.561 Y114.493 E3053.53508
G1 F1800 X180.307 Y115.24 E3053.58916
G1 X180.398 Y115.455 E3053.60111
G1 X180.652 Y116.41 E3053.65173
G1 X180.647 Y116.609 E3053.66193
G1 X180.399 Y117.542 E3053.71137
G1 X180.229 Y117.838 E3053.72886
G1 X179.588 Y118.482 E3053.7754
G1 X179.29 Y118.654 E3053.79302
G1 X178.31 Y118.914 E3053.84496
G1 F1500 E3051.84496
G0 F9000 X173.679 Y180.185
G1 F1500 E3053.84496
G1 F1800 X173.365 Y180.069 E3053.8621
G1 X173.207 Y179.912 E3053.87351
G1 X173.086 Y179.586 E3053.89132
G1 X173.084 Y163.5 E3054.71526
G1 X173.119 Y163.285 E3054.72641
G1 X173.199 Y163.126 E3054.73553
G1 X173.385 Y162.945 E3054.74882
G1 X173.668 Y162.839 E3054.7643
G1 X174.444 Y162.845 E3054.80405
G1 X174.766 Y162.978 E3054.8219
G1 X174.916 Y163.143 E3054.83332
G1 X175.02 Y163.411 E3054.84804
G1 X175.019 Y179.569 E3055.67566
G1 X174.911 Y179.892 E3055.69311
G1 X174.689 Y180.101 E3055.70873
G1 X174.468 Y180.188 E3055.72089
G1 X173.679 Y180.185 E3055.76131
G1 F1500 E3053.76131
G0 F9000 X177.324 Y182.967
G0 X178.245 Y184.563
G0 X178.24 Y185.93
G1 F1500 E3055.76131
G1 F1800 X177.199 Y185.654 E3055.81647
G1 X176.899 Y185.482 E3055.83418
G1 X176.259 Y184.838 E3055.88069
G1 X176.09 Y184.545 E3055.89801
G1 X175.854 Y183.673 E3055.94428
G1 X175.826 Y183.431 E3055.95676
G1 X176.118 Y182.349 E3056.01416
G1 X176.261 Y182.157 E3056.02643
G1 X176.901 Y181.517 E3056.07279
G1 X177.091 Y181.374 E3056.08497
G1 X178.072 Y181.11 E3056.137
G1 X178.309 Y181.081 E3056.14923
G1 X179.292 Y181.346 E3056.20138
G1 X179.587 Y181.517 E3056.21884
G1 X180.227 Y182.157 E3056.2652
G1 X180.399 Y182.455 E3056.28283
G1 X180.631 Y183.331 E3056.32924
G1 F1447.9 X180.737 Y183.683 E3056.35265
G1 F1192.8 X180.451 Y184.755 E3056.43841
G1 F1175.1 X179.64 Y185.595 E3056.53002
G1 F1207.3 X179.389 Y185.726 E3056.55164
G1 F1229.8 X179.134 Y185.803 E3056.57161
G1 F1450.5 X178.683 Y185.813 E3056.60029
G1 F1800 X178.24 Y185.93 E3056.62375
G1 F1500 E3054.62375
G0 F9000 X150 Y186.805
G1 F1500 E3056.62375
G1 F1800 X178.607 Y186.808 E3058.08902
G1 X178.958 Y186.676 E3058.10823
G1 F1450.5 X179.332 Y186.422 E3058.13697
G1 F1229.8 X179.614 Y186.322 E3058.1594
G1 F1207.3 X180.062 Y186.132 E3058.19656
G1 F1200 X180.814 Y185.307 E3058.28232
G1 F1203.6 X181.08 Y184.988 E3058.31414
G1 F1196.4 X181.371 Y183.838 E3058.40556
G1 F1315.6 X181.584 Y183.429 E3058.43787
G1 F1440 X181.584 Y181.67 E3058.55049
G1 F1447.9 X181.584 Y179.911 E3058.6625
G1 F1455.9 X181.584 Y178.152 E3058.77389
G1 F1464 X181.584 Y176.393 E3058.88467
G1 F1472.1 X181.584 Y174.634 E3058.99484
G1 F1480.4 X181.584 Y172.875 E3059.10439
G1 F1488.7 X181.584 Y171.116 E3059.21332
G1 F1497.2 X181.584 Y169.357 E3059.32164
G1 F1505.7 X181.584 Y167.598 E3059.42935
G1 F1514.3 X181.584 Y165.839 E3059.53644
G1 F1523.1 X181.584 Y164.08 E3059.64292
G1 F1531.9 X181.584 Y162.321 E3059.74878
G1 F1540.9 X181.584 Y160.562 E3059.85403
G1 F1546.9 X181.584 Y158.803 E3059.95887
G1 F1556 X181.584 Y157.044 E3060.0631
G1 F1565.2 X181.584 Y155.285 E3060.16671
G1 F1574.6 X181.584 Y153.526 E3060.26971
G1 F1584 X181.584 Y151.767 E3060.37209
G1 F1593.6 X181.584 Y150.008 E3060.47386
G1 F1603.2 X181.584 Y148.249 E3060.57502
G1 F1613 X181.584 Y146.49 E3060.67556
G1 F1623 X181.584 Y144.731 E3060.77548
G1 F1633 X181.584 Y142.972 E3060.87479
G1 F1643.2 X181.584 Y141.213 E3060.97349
G1 F1653.4 X181.584 Y139.454 E3061.07157
G1 F1660.4 X181.584 Y137.695 E3061.16925
G1 F1670.9 X181.584 Y135.936 E3061.26631
G1 F1681.5 X181.584 Y134.177 E3061.36275
G1 F1692.3 X181.584 Y132.418 E3061.45858
G1 F1703.2 X181.584 Y130.659 E3061.5538
G1 F1714.3 X181.584 Y128.9 E3061.6484
G1 F1725.5 X181.584 Y127.141 E3061.74239
G1 F1736.8 X181.584 Y125.382 E3061.83576
G1 F1748.3 X181.584 Y123.623 E3061.92852
G1 F1760 X181.584 Y121.864 E3062.02066
G1 F1771.8 X181.584 Y120.105 E3062.11219
G1 F1783.8 X181.584 Y118.346 E3062.20311
G1 F1795.9 X181.584 Y116.587 E3062.29341
G1 F1800 X181.186 Y114.953 E3062.37955
G1 F1616.3 X180.105 Y113.738 E3062.47232
G1 F1346.9 X179.616 Y113.679 E3062.50603
G1 F1231.7 X179.342 Y113.581 E3062.52781
G1 F1455.9 X178.969 Y113.327 E3062.55639
G1 F1800 X178.606 Y113.188 E3062.5763
G1 X134.269 Y113.188 E3064.84727
G1 F1783.8 X133.98 Y113.228 E3064.86235
G1 F1466.7 X133.575 Y113.369 E3064.88931
G1 F1196.4 X132.614 Y113.516 E3064.96423
G1 F1200 X132.083 Y113.845 E3065.01222
G1 F1196.4 X131.355 Y114.386 E3065.08212
G1 X131.003 Y114.983 E3065.13553
G1 X130.649 Y115.739 E3065.19986
G1 F1231.7 X130.595 Y116.783 E3065.27811
G1 F1537.9 X130.52 Y117.687 E3065.33249
G1 F1800 X130.52 Y136.5 E3066.2961
G1 X130.472 Y136.75 E3066.30914
G1 X130.404 Y136.795 E3066.31332
G1 X130.404 Y137.996 E3066.37483
G1 X137.025 Y137.997 E3066.71397
G1 F1469.4 X137.744 Y137.897 E3066.75951
G1 F1233.6 X138.931 Y137.893 E3066.84823
G1 F1458.6 X139.462 Y137.996 E3066.88242
G1 F1800 X143.025 Y137.997 E3067.06492
G1 F1469.4 X143.744 Y137.897 E3067.11046
G1 F1241.4 X168.244 Y137.897 E3068.93008
G1 F1469.4 X168.535 Y138.063 E3068.9511
G1 F1800 X168.766 Y138.25 E3068.96632
G1 X168.905 Y138.585 E3068.9849
G1 X168.903 Y161.391 E3070.15303
G1 X168.854 Y161.599 E3070.16398
G1 X168.766 Y161.75 E3070.17293
G1 F1609.8 X168.401 Y162.103 E3070.20201
G1 F1447.9 X166.49 Y162.103 E3070.3237
G1 F1427 X164.579 Y162.104 E3070.44716
G1 F1406.7 X162.668 Y162.104 E3070.57241
G1 F1387 X160.757 Y162.104 E3070.69943
G1 F1367.9 X158.846 Y162.105 E3070.82824
G1 F1349.2 X156.935 Y162.105 E3070.95882
G1 F1333.3 X155.024 Y162.105 E3071.09097
G1 F1315.6 X153.113 Y162.105 E3071.22489
G1 F1298.4 X151.202 Y162.106 E3071.36059
G1 F1281.6 X149.291 Y162.106 E3071.49807
G1 F1265.2 X147.38 Y162.106 E3071.63733
G1 F1249.2 X145.469 Y162.107 E3071.77837
G1 F1233.6 X143.558 Y162.107 E3071.92119
G1 F1458.6 X143.026 Y162.004 E3071.95544
G1 F1800 X139.463 Y162.003 E3072.13794
G1 F1469.4 X138.744 Y162.103 E3072.18349
G1 F1233.6 X137.557 Y162.107 E3072.2722
G1 F1458.6 X137.026 Y162.004 E3072.30639
G1 F1800 X130.404 Y162.004 E3072.64557
G1 X130.404 Y163.205 E3072.70709
G1 X130.472 Y163.25 E3072.71126
G1 X130.52 Y163.5 E3072.7243
G1 X130.521 Y182.311 E3073.68781
G1 F1461.3 X130.623 Y183.218 E3073.7454
G1 F1247.2 X130.613 Y183.5 E3073.76626
G1 F1257.1 X130.617 Y183.685 E3073.77983
G1 F1296.2 X130.496 Y184.299 E3073.82434
G1 F1289.9 X130.902 Y184.802 E3073.87055
G1 F1241.4 X131.095 Y185.176 E3073.9018
G1 F1472.1 X131.202 Y185.593 E3073.92877
G1 F1619.6 X131.271 Y185.724 E3073.93719
G1 F1346.9 X131.923 Y186.037 E3073.9867
G1 F1243.3 X132.237 Y186.256 E3074.01509
G1 F1192.8 X132.615 Y186.483 E3074.04917
G1 F1196.4 X133.579 Y186.629 E3074.12431
G1 F1239.4 X133.765 Y186.647 E3074.13821
G1 F1461.3 X134.238 Y186.804 E3074.16965
G1 F1800 X150 Y186.805 E3074.97699
G1 F1500 E3072.97699
G0 F9000 X150 Y180.188
G1 F1500 E3074.97699
G1 F1800 X143.65 Y180.188 E3075.30224
G1 X143.478 Y180.133 E3075.31149
G1 X143.293 Y180.011 E3075.32284
G1 X143.122 Y179.751 E3075.33878
G1 X143.086 Y179.586 E3075.34743
G1 X143.084 Y163.5 E3076.17137
G1 X143.134 Y163.245 E3076.18468
G1 X143.348 Y162.971 E3076.20248
G1 F1458.6 X143.62 Y162.741 E3076.225
G1 F1226 X168.431 Y162.737 E3078.09082
G1 F1384.6 X168.744 Y162.812 E3078.11225
G1 F1692.3 X169.034 Y162.906 E3078.12886
G1 F1800 X169.289 Y163.126 E3078.14611
G1 X169.369 Y163.285 E3078.15522
G1 X169.404 Y163.5 E3078.16638
G1 X169.402 Y179.586 E3078.99032
G1 X169.366 Y179.751 E3078.99897
G1 X169.195 Y180.011 E3079.0149
G1 X169.01 Y180.133 E3079.02626
G1 X168.829 Y180.188 E3079.03595
G1 X150 Y180.188 E3080.00038
G1 F1500 E3078.00038
G0 F9000 X138.813 Y180.185
G1 F1500 E3080.00038
G1 F1800 X137.618 Y180.188 E3080.06159
G1 X137.389 Y180.085 E3080.07445
G1 X137.18 Y179.872 E3080.08973
G1 X137.084 Y179.647 E3080.10226
G1 X137.084 Y163.5 E3080.92932
G1 X137.134 Y163.245 E3080.94263
G1 X137.348 Y162.971 E3080.96044
G1 F1464 X137.62 Y162.741 E3080.98287
G1 F1237.5 X138.744 Y162.741 E3081.06661
G1 F1469.4 X139.14 Y162.972 E3081.09538
G1 F1800 X139.354 Y163.246 E3081.11319
G1 X139.404 Y163.5 E3081.12645
G1 X139.402 Y179.586 E3081.95038
G1 X139.281 Y179.912 E3081.96819
G1 X139.123 Y180.069 E3081.9796
G1 X138.813 Y180.185 E3081.99656
G1 F1500 E3079.99656
G0 F9000 X134.666 Y182.967
G0 X133.745 Y184.563
G0 X133.756 Y186.023
G1 F1500 E3081.99656
G1 F1168.1 X132.828 Y185.818 E3082.07156
G1 F1192.8 X132.551 Y185.705 E3082.09469
G1 F1243.3 X132.33 Y185.551 E3082.11466
G1 F1472.1 X131.96 Y185.039 E3082.15423
G1 X131.627 Y184.835 E3082.17868
G1 F1241.4 X131.494 Y184.571 E3082.20064
G1 F1466.7 X131.457 Y184.052 E3082.23335
G1 F1474.9 X131.246 Y183.631 E3082.26278
G1 F1239.4 X131.256 Y183.301 E3082.28734
G1 F1461.3 X131.59 Y182.452 E3082.34491
G1 F1800 X131.761 Y182.157 E3082.36237
G1 X132.401 Y181.517 E3082.40873
G1 X132.696 Y181.346 E3082.4262
G1 X133.572 Y181.11 E3082.47267
G1 X133.81 Y181.081 E3082.48495
G1 X134.895 Y181.374 E3082.54251
G1 X135.087 Y181.517 E3082.55477
G1 X135.727 Y182.157 E3082.60113
G1 X135.869 Y182.346 E3082.61324
G1 X136.14 Y183.369 E3082.66745
G1 X136.13 Y183.67 E3082.68287
G1 X135.898 Y184.542 E3082.72909
G1 X135.729 Y184.838 E3082.74655
G1 X135.089 Y185.482 E3082.79305
G1 X134.789 Y185.654 E3082.81077
G1 X134.17 Y185.819 E3082.84358
G1 F1432.2 X133.756 Y186.023 E3082.87329
G0 F9000 X133.734 Y185.474
;TYPE:WALL-OUTER
G1 F1800 X132.759 Y185.215 E3082.92496
G1 X132.029 Y184.483 E3082.97791
G1 X131.764 Y183.497 E3083.03021
G1 X132.03 Y182.51 E3083.08257
G1 X132.712 Y181.828 E3083.13197
G1 X132.81 Y181.771 E3083.13778
G1 X133.686 Y181.535 E3083.18425
G1 X133.802 Y181.535 E3083.19019
G1 X134.743 Y181.795 E3083.24019
G1 X135.449 Y182.501 E3083.29133
G1 X135.719 Y183.505 E3083.34459
G1 X135.457 Y184.487 E3083.39664
G1 X134.777 Y185.172 E3083.44608
G1 X134.677 Y185.229 E3083.45198
G1 X133.734 Y185.474 E3083.50188
G1 F1500 E3081.50188
G0 F9000 X133.745 Y184.563
G0 X134.666 Y182.967
G0 X138.786 Y179.745
G1 F1500 E3083.50188
G1 F1800 X137.701 Y179.748 E3083.55746
G1 X137.617 Y179.709 E3083.5622
G1 X137.524 Y179.567 E3083.5709
G1 X137.524 Y163.435 E3084.39719
G1 X137.612 Y163.323 E3084.40448
G1 X137.706 Y163.283 E3084.40971
G1 X138.744 Y163.28 E3084.46288
G1 X138.876 Y163.324 E3084.47001
G1 X138.964 Y163.435 E3084.47726
G1 X138.964 Y179.548 E3085.30258
G1 X138.923 Y179.656 E3085.3085
G1 X138.786 Y179.745 E3085.31687
G1 F1500 E3083.31687
G0 F9000 X150 Y179.744
G1 F1500 E3085.31687
G1 F1800 X143.698 Y179.744 E3085.63966
G1 X143.593 Y179.689 E3085.64573
G1 X143.524 Y179.585 E3085.65212
G1 X143.524 Y163.435 E3086.47934
G1 X143.612 Y163.323 E3086.48663
G1 X143.706 Y163.283 E3086.49186
G1 X168.744 Y163.28 E3087.77433
G1 X168.89 Y163.334 E3087.7823
G1 X168.964 Y163.444 E3087.78909
G1 X168.964 Y179.548 E3088.61395
G1 X168.923 Y179.656 E3088.61986
G1 X168.79 Y179.744 E3088.62803
G1 X150 Y179.744 E3089.59047
G1 F1500 E3087.59047
G0 F9000 X150 Y187.248
G1 F1500 E3089.59047
G1 F1800 X178.687 Y187.248 E3091.05983
G1 X180.387 Y186.605 E3091.15293
G1 X181.587 Y185.254 E3091.24548
G1 X182.024 Y183.473 E3091.33941
G1 X182.024 Y116.523 E3094.76863
G1 X181.587 Y114.742 E3094.86256
G1 X180.387 Y113.395 E3094.95496
G1 X178.687 Y112.748 E3095.04813
G1 X134.242 Y112.748 E3097.32463
G1 X132.409 Y112.972 E3097.41922
G1 X130.918 Y113.999 E3097.51195
G1 X130.081 Y115.599 E3097.60444
G1 X130.08 Y136.573 E3098.67874
G1 X129.964 Y136.651 E3098.6859
G1 X129.964 Y138.436 E3098.77733
G1 X168.314 Y138.436 E3100.74164
G1 X168.418 Y138.52 E3100.74849
G1 X168.465 Y138.656 E3100.75586
G1 X168.465 Y161.344 E3101.91795
G1 X168.418 Y161.48 E3101.92532
G1 X168.282 Y161.561 E3101.93343
G1 X129.964 Y161.564 E3103.8961
G1 X129.964 Y163.349 E3103.98753
G1 X130.08 Y163.427 E3103.99469
G1 X130.08 Y184.401 E3105.06899
G1 X130.918 Y185.997 E3105.16132
G1 X132.409 Y187.027 E3105.25414
G1 X134.242 Y187.248 E3105.34871
G1 X150 Y187.248 E3106.15584
G1 F1500 E3104.15584
G0 F9000 X173.707 Y179.749
G1 F1500 E3106.15584
G1 F1800 X173.565 Y179.656 E3106.16454
G1 X173.524 Y179.548 E3106.17046
G1 X173.524 Y163.446 E3106.99521
G1 X173.582 Y163.35 E3107.00096
G1 X173.708 Y163.282 E3107.00829
G1 X174.388 Y163.281 E3107.04312
G1 X174.496 Y163.326 E3107.04911
G1 X174.576 Y163.457 E3107.05697
G1 X174.58 Y179.542 E3107.88086
G1 X174.544 Y179.65 E3107.88669
G1 X174.411 Y179.743 E3107.895
G1 X173.707 Y179.749 E3107.93106
G1 F1500 E3105.93106
G0 F9000 X177.324 Y182.967
G0 X178.245 Y184.563
G0 X178.242 Y185.476
G1 F1500 E3107.93106
G1 F1800 X177.311 Y185.229 E3107.9804
G1 X177.211 Y185.172 E3107.98629
G1 X176.531 Y184.487 E3108.03573
G1 X176.264 Y183.503 E3108.08796
G1 X176.539 Y182.501 E3108.14118
G1 X177.245 Y181.795 E3108.19232
G1 X178.243 Y181.519 E3108.24535
G1 X179.234 Y181.786 E3108.29792
G1 X179.916 Y182.468 E3108.34733
G1 X179.973 Y182.567 E3108.35318
G1 X180.219 Y183.504 E3108.4028
G1 X179.954 Y184.491 E3108.45514
G1 X179.222 Y185.217 E3108.50795
G1 X178.242 Y185.476 E3108.55987
G1 F1500 E3106.55987
G0 F9000 X173.708 Y136.718
G1 F1500 E3108.55987
G1 F1800 X173.562 Y136.625 E3108.56874
G1 X173.524 Y136.52 E3108.57445
G1 X173.524 Y120.409 E3109.39967
G1 X173.617 Y120.287 E3109.40753
G1 X173.694 Y120.253 E3109.41184
G1 X174.395 Y120.247 E3109.44775
G1 X174.544 Y120.346 E3109.45691
G1 X174.58 Y120.455 E3109.46279
G1 X174.576 Y136.543 E3110.28683
G1 X174.449 Y136.719 E3110.29794
G1 X173.708 Y136.718 E3110.3359
G1 F1500 E3108.3359
G0 F9000 X178.243 Y118.476
G1 F1500 E3110.3359
G1 F1800 X177.243 Y118.205 E3110.38897
G1 X176.539 Y117.496 E3110.44014
G1 X176.264 Y116.497 E3110.49321
G1 X176.53 Y115.51 E3110.54557
G1 X177.212 Y114.828 E3110.59498
G1 X177.31 Y114.771 E3110.60078
G1 X178.247 Y114.52 E3110.65047
G1 X179.235 Y114.788 E3110.7029
G1 X179.954 Y115.507 E3110.75498
G1 X180.218 Y116.506 E3110.80791
G1 X179.958 Y117.487 E3110.85989
G1 X179.276 Y118.172 E3110.9094
G1 X179.177 Y118.229 E3110.91526
G1 X178.243 Y118.476 E3110.96474
G1 F1500 E3108.96474
G0 F9000 X150 Y136.72
G1 F1500 E3110.96474
G1 F1800 X143.744 Y136.72 E3111.28518
G1 X143.612 Y136.676 E3111.2923
G1 X143.524 Y136.565 E3111.29956
G1 X143.524 Y120.409 E3112.12708
G1 X143.617 Y120.287 E3112.13494
G1 X143.698 Y120.252 E3112.13946
G1 X168.79 Y120.252 E3113.42468
G1 X168.895 Y120.307 E3113.43075
G1 X168.964 Y120.411 E3113.43715
G1 X168.964 Y136.52 E3114.26226
G1 X168.926 Y136.625 E3114.26798
G1 X168.815 Y136.72 E3114.27546
G1 X150 Y136.72 E3115.23918
G1 F1500 E3113.23918
G0 F9000 X150 Y135.835
G0 X144.398 Y135.847
G0 X138.782 Y136.717
G1 F1500 E3115.23918
G1 F1800 X137.744 Y136.72 E3115.29235
G1 X137.612 Y136.676 E3115.29947
G1 X137.524 Y136.565 E3115.30673
G1 X137.53 Y120.413 E3116.13404
G1 X137.625 Y120.282 E3116.14233
G1 X137.734 Y120.248 E3116.14818
G1 X138.786 Y120.251 E3116.20206
G1 X138.895 Y120.307 E3116.20834
G1 X138.964 Y120.411 E3116.21473
G1 X138.964 Y136.565 E3117.04215
G1 X138.876 Y136.677 E3117.04945
G1 X138.782 Y136.717 E3117.05468
G1 F1500 E3115.05468
G0 F9000 X133.744 Y118.476
G1 F1500 E3117.05468
G1 F1800 X132.811 Y118.229 E3117.10412
G1 X132.711 Y118.172 E3117.11001
G1 X132.03 Y117.487 E3117.15949
G1 X131.764 Y116.497 E3117.21199
G1 X132.039 Y115.501 E3117.26492
G1 X132.761 Y114.784 E3117.31704
G1 X133.749 Y114.521 E3117.3694
G1 X134.734 Y114.786 E3117.42165
G1 X135.416 Y115.468 E3117.47105
G1 X135.473 Y115.567 E3117.4769
G1 X135.72 Y116.5 E3117.52634
G1 X135.449 Y117.495 E3117.57916
G1 X134.739 Y118.205 E3117.63059
G1 X133.744 Y118.476 E3117.68341
G1 F1500 E3115.68341
G0 F9000 X178.744 Y186.269
;TYPE:SKIN
G1 F1500 E3117.68341
G1 F1434.8 X178.355 Y186.36 E3117.70908
G1 F1406.7 X177.983 Y186.341 E3117.73349
G1 F1500 E3115.73349
G0 F9000 X178.245 Y184.563
G0 X177.324 Y182.967
G0 X173.63 Y180.578
G1 F1500 E3117.73349
G1 F1800 X174.534 Y180.585 E3117.7798
G1 X174.899 Y180.433 E3117.80005
G1 X175.24 Y180.11 E3117.82411
G1 X175.365 Y179.85 E3117.83889
G1 X175.409 Y179.622 E3117.85078
G1 X175.416 Y163.344 E3118.68455
G1 X175.246 Y162.926 E3118.70766
G1 X175.008 Y162.666 E3118.72572
G1 X174.742 Y162.515 E3118.74138
G1 X174.492 Y162.449 E3118.75463
G1 X173.616 Y162.446 E3118.7995
G1 X173.171 Y162.605 E3118.8237
G1 X172.871 Y162.902 E3118.84532
G1 X172.743 Y163.157 E3118.85994
G1 X172.69 Y163.464 E3118.87589
G1 X172.688 Y179.62 E3119.70342
G1 X172.749 Y179.885 E3119.71734
G1 X172.889 Y180.146 E3119.73251
G1 X173.126 Y180.384 E3119.74972
G1 X173.406 Y180.528 E3119.76584
G1 X173.63 Y180.578 E3119.7776
G1 F1500 E3117.7776
G0 F9000 X150 Y186.409
G1 F1500 E3119.7776
G1 F1800 X134.306 Y186.408 E3120.58146
G1 X134.126 Y186.315 E3120.59183
G1 X134.303 Y186.191 E3120.6029
G1 X134.913 Y186.03 E3120.63522
G1 X135.355 Y185.774 E3120.66138
G1 X136.025 Y185.098 E3120.71013
G1 X136.273 Y184.671 E3120.73542
G1 X136.509 Y183.772 E3120.78303
G1 X136.526 Y183.293 E3120.80758
G1 X136.232 Y182.183 E3120.8664
G1 X136.025 Y181.896 E3120.88452
G1 X135.368 Y181.236 E3120.93222
G1 X135.059 Y181.011 E3120.9518
G1 X133.846 Y180.677 E3121.01624
G1 X133.494 Y180.721 E3121.03441
G1 X132.571 Y180.966 E3121.08333
G1 X132.132 Y181.22 E3121.10931
G1 X131.464 Y181.888 E3121.15769
G1 X131.217 Y182.308 E3121.18265
G1 X131.01 Y182.711 E3121.20586
G1 X130.916 Y182.291 E3121.2279
G1 X130.913 Y163.457 E3122.19259
G1 X130.84 Y163.107 E3122.2109
G1 X130.8 Y163.06 E3122.21406
G1 X130.8 Y162.4 E3122.24787
G1 X136.99 Y162.4 E3122.56493
G1 X137.247 Y162.5 E3122.57905
G1 X137.073 Y162.685 E3122.59206
G1 X136.765 Y163.083 E3122.61784
G1 X136.692 Y163.461 E3122.63755
G1 X136.689 Y179.566 E3123.46246
G1 X136.729 Y179.819 E3123.47558
G1 X136.84 Y180.076 E3123.48992
G1 X137.169 Y180.413 E3123.51404
G1 X137.424 Y180.533 E3123.52848
G1 X137.671 Y180.582 E3123.54138
G1 X138.852 Y180.579 E3123.60187
G1 X139.274 Y180.471 E3123.62418
G1 X139.599 Y180.147 E3123.64769
G1 X139.735 Y179.885 E3123.66281
G1 X139.796 Y179.62 E3123.67674
G1 X139.8 Y163.504 E3124.50221
G1 X139.718 Y163.081 E3124.52428
G1 X139.396 Y162.667 E3124.55114
G1 X139.147 Y162.49 E3124.56679
G1 X139.486 Y162.397 E3124.58479
G1 X142.99 Y162.4 E3124.76427
G1 X143.247 Y162.5 E3124.7784
G1 X143.073 Y162.685 E3124.79141
G1 X142.764 Y163.085 E3124.81729
G1 X142.692 Y163.461 E3124.8369
G1 X142.688 Y179.623 E3125.66473
G1 X142.745 Y179.881 E3125.67826
G1 X143.014 Y180.296 E3125.7036
G1 X143.287 Y180.477 E3125.72037
G1 X143.585 Y180.584 E3125.73659
G1 X168.882 Y180.581 E3127.03232
G1 X169.28 Y180.461 E3127.05361
G1 X169.604 Y180.145 E3127.07679
G1 X169.735 Y179.885 E3127.09171
G1 X169.796 Y179.62 E3127.10563
G1 X169.798 Y163.464 E3127.93315
G1 X169.741 Y163.154 E3127.9493
G1 X169.614 Y162.899 E3127.96389
G1 X169.446 Y162.706 E3127.977
G1 X169.224 Y162.559 E3127.99063
G1 X168.727 Y162.358 E3128.01809
G1 X169.092 Y161.972 E3128.0453
G1 X169.226 Y161.72 E3128.05992
G1 X169.296 Y161.419 E3128.07575
G1 X169.3 Y138.635 E3129.24276
G1 X169.217 Y138.249 E3129.26299
G1 X169.075 Y137.998 E3129.27776
G1 X168.61 Y137.621 E3129.30842
G1 X168.795 Y137.547 E3129.31862
G1 X169.199 Y137.453 E3129.33987
G1 X169.443 Y137.289 E3129.35493
G1 X169.632 Y137.082 E3129.36929
G1 X169.796 Y136.592 E3129.39575
G1 X169.8 Y120.468 E3130.22163
G1 X169.74 Y120.114 E3130.24002
G1 X169.472 Y119.697 E3130.26541
G1 X169.198 Y119.516 E3130.28223
G1 X168.898 Y119.412 E3130.2985
G1 X143.602 Y119.415 E3131.59417
G1 X143.204 Y119.531 E3131.61541
G1 X142.888 Y119.846 E3131.63826
G1 X142.748 Y120.111 E3131.65361
G1 X142.692 Y120.421 E3131.66975
G1 X142.688 Y136.492 E3132.49291
G1 X142.766 Y136.915 E3132.51495
G1 X143.092 Y137.328 E3132.5419
G1 X143.339 Y137.505 E3132.55746
G1 X143.001 Y137.6 E3132.57544
G1 X139.497 Y137.6 E3132.75492
G1 X139.258 Y137.507 E3132.76806
G1 X139.718 Y136.914 E3132.8065
G1 X139.796 Y136.537 E3132.82622
G1 X139.797 Y120.427 E3133.65138
G1 X139.74 Y120.114 E3133.66768
G1 X139.474 Y119.701 E3133.69284
G1 X139.165 Y119.492 E3133.71195
G1 X138.851 Y119.417 E3133.72848
G1 X137.679 Y119.413 E3133.78851
G1 X137.435 Y119.459 E3133.80123
G1 X137.173 Y119.574 E3133.81589
G1 X136.839 Y119.918 E3133.84045
G1 X136.692 Y120.277 E3133.86032
G1 X136.688 Y136.492 E3134.69086
G1 X136.766 Y136.915 E3134.71289
G1 X137.092 Y137.328 E3134.73984
G1 X137.339 Y137.505 E3134.7554
G1 X137.001 Y137.6 E3134.77339
G1 X130.8 Y137.6 E3135.09101
G1 X130.8 Y136.938 E3135.12491
G1 X130.84 Y136.889 E3135.12815
G1 X130.912 Y136.539 E3135.14646
G1 X130.916 Y117.703 E3136.11125
G1 X131 Y117.203 E3136.13722
G1 X131.211 Y117.668 E3136.16337
G1 X131.46 Y118.1 E3136.18891
G1 X132.129 Y118.774 E3136.23755
G1 X132.571 Y119.029 E3136.26369
G1 X133.494 Y119.271 E3136.31257
G1 X133.837 Y119.317 E3136.33029
G1 X135.056 Y118.989 E3136.39495
G1 X135.36 Y118.761 E3136.41441
G1 X136.007 Y118.116 E3136.46121
G1 X136.234 Y117.819 E3136.48036
G1 X136.556 Y116.595 E3136.54518
G1 X136.519 Y116.26 E3136.56245
G1 X136.274 Y115.328 E3136.61181
G1 X136.024 Y114.892 E3136.63755
G1 X135.351 Y114.219 E3136.6863
G1 X134.914 Y113.967 E3136.71214
G1 X134.047 Y113.724 E3136.75826
G1 X133.963 Y113.678 E3136.76316
G1 X134.067 Y113.616 E3136.76936
G1 X134.292 Y113.584 E3136.781
G1 X177.045 Y113.584 E3138.97084
G1 F1577.7 X178.048 Y113.646 E3139.02956
G1 X177.042 Y113.984 E3139.09158
G1 F1800 X176.632 Y114.22 E3139.11581
G1 X175.964 Y114.888 E3139.1642
G1 X175.711 Y115.326 E3139.19011
G1 X175.471 Y116.214 E3139.23723
G1 X175.428 Y116.603 E3139.25727
G1 X175.75 Y117.814 E3139.32146
G1 X175.975 Y118.116 E3139.34074
G1 X176.615 Y118.76 E3139.38725
G1 X176.929 Y118.989 E3139.40716
G1 X177.994 Y119.271 E3139.46359
G1 X178.337 Y119.317 E3139.48131
G1 X179.419 Y119.029 E3139.53866
G1 X179.851 Y118.777 E3139.56428
G1 X180.524 Y118.101 E3139.61314
G1 X180.759 Y117.695 E3139.63717
G1 F1529 X181.11 Y116.695 E3139.70107
G1 X181.188 Y117.693 E3139.76144
G1 F1800 X181.188 Y183.323 E3143.12304
G1 X181.095 Y183.434 E3143.13046
G1 X181.025 Y183.281 E3143.13908
G1 X180.773 Y182.327 E3143.18962
G1 X180.52 Y181.888 E3143.21557
G1 X179.852 Y181.22 E3143.26396
G1 X179.412 Y180.966 E3143.28998
G1 X178.345 Y180.677 E3143.34661
G1 X177.994 Y180.721 E3143.36472
G1 X176.929 Y181.011 E3143.42126
G1 X176.642 Y181.213 E3143.43924
G1 X175.98 Y181.872 E3143.48708
G1 X175.756 Y182.179 E3143.50655
G1 X175.428 Y183.394 E3143.57101
G1 X175.465 Y183.746 E3143.58914
G1 X175.71 Y184.67 E3143.6381
G1 X175.959 Y185.098 E3143.66346
G1 X176.632 Y185.776 E3143.71239
G1 X177.046 Y186.015 E3143.73688
G1 F1549.9 X177.983 Y186.341 E3143.79589
G1 X177.052 Y186.411 E3143.85143
G1 F1800 X150 Y186.409 E3145.23705
G1 F1500 E3143.23705
G0 F9000 X178.048 Y113.646
G1 F1500 E3145.23705
G1 F1394.4 X178.443 Y113.629 E3145.26319
G1 F1399.3 X178.756 Y113.73 E3145.28486
G0 F9000 X179.893 Y114.185
G1 F1505.7 X180.633 Y114.97 E3145.35092
G1 F1526 X180.788 Y115.2 E3145.36768
G1 F1500 X181.087 Y116.368 E3145.44178
G1 F1432.2 X181.113 Y116.628 E3145.45861
G1 F1335.6 X181.11 Y116.695 E3145.46324
G1 F1500 E3143.46324
G0 F9000 X173.616 Y137.554
G1 F1500 E3145.46324
G1 F1800 X174.492 Y137.547 E3145.50811
G1 X174.74 Y137.486 E3145.52119
G1 X175.008 Y137.334 E3145.53697
G1 X175.255 Y137.071 E3145.55545
G1 X175.413 Y136.642 E3145.57887
G1 X175.41 Y120.384 E3146.41161
G1 X175.364 Y120.145 E3146.42408
G1 X175.232 Y119.865 E3146.43993
G1 X174.881 Y119.548 E3146.46416
G1 X174.525 Y119.411 E3146.4837
G1 X173.63 Y119.418 E3146.52954
G1 X173.408 Y119.464 E3146.54115
G1 X173.122 Y119.611 E3146.55762
G1 X172.888 Y119.846 E3146.57461
G1 X172.748 Y120.111 E3146.58996
G1 X172.692 Y120.421 E3146.6061
G1 X172.688 Y136.592 E3147.43438
G1 X172.753 Y136.868 E3147.44891
G1 X172.871 Y137.095 E3147.46201
G1 X173.17 Y137.39 E3147.48353
G1 X173.616 Y137.554 E3147.50787
G1 F1500 E3145.50787
G0 F9000 X135.483 Y114.041
G1 F1500 E3147.50787
G1 F1800 X135.72 Y113.804 E3147.52503
G0 F9000 X135.795 Y114.351
G1 F1800 X136.342 Y113.804 E3147.56466
G0 F9000 X136.964 Y113.804
G1 F1800 X136.106 Y114.662 E3147.62681
G0 F9000 X136.358 Y115.032
G1 F1800 X137.587 Y113.804 E3147.7158
G0 F9000 X138.209 Y113.804
G1 F1800 X136.539 Y115.473 E3147.83673
G0 F9000 X136.668 Y115.967
G1 F1800 X138.831 Y113.804 E3147.99341
G0 F9000 X139.453 Y113.804
G1 F1800 X136.769 Y116.488 E3148.18783
G0 F9000 X136.602 Y117.277
G1 F1800 X140.076 Y113.804 E3148.43944
G0 F9000 X140.698 Y113.804
G1 F1800 X131.136 Y123.365 E3149.13205
G0 F9000 X131.136 Y122.743
G1 F1800 X134.516 Y119.363 E3149.37688
G0 F9000 X133.737 Y119.521
G1 F1800 X131.136 Y122.121 E3149.56525
G0 F9000 X131.136 Y121.499
G1 F1800 X133.213 Y119.423 E3149.71567
G0 F9000 X132.718 Y119.295
G1 F1800 X131.136 Y120.876 E3149.83023
G0 F9000 X131.136 Y120.254
G1 F1800 X132.277 Y119.114 E3149.91284
G0 F9000 X131.906 Y118.863
G1 F1800 X131.136 Y119.632 E3149.96858
G0 F9000 X131.136 Y119.01
G1 F1800 X131.596 Y118.55 E3150.0019
G0 F9000 X131.294 Y118.23
G1 F1800 X131.136 Y118.387 E3150.01331
G1 F1500 E3148.01331
G0 F9000 X129.196 Y118.387
G0 X129.196 Y123.988
G0 X131.136 Y123.988
G1 F1500 E3150.01331
G1 F1800 X141.32 Y113.804 E3150.75101
G0 F9000 X141.942 Y113.804
G1 F1800 X131.136 Y124.61 E3151.53376
G0 F9000 X131.136 Y125.232
G1 F1800 X142.565 Y113.804 E3152.36161
G0 F9000 X143.187 Y113.804
G1 F1800 X137.795 Y119.196 E3152.75219
G0 F9000 X138.415 Y119.198
G1 F1800 X143.809 Y113.804 E3153.14291
G0 F9000 X144.432 Y113.804
G1 F1800 X139.007 Y119.229 E3153.53588
G0 F9000 X139.442 Y119.415
G1 F1800 X145.054 Y113.804 E3153.94236
G0 F9000 X145.676 Y113.804
G1 F1800 X139.753 Y119.727 E3154.37141
G0 F9000 X139.965 Y120.137
G1 F1800 X146.298 Y113.804 E3154.83015
G0 F9000 X146.921 Y113.804
G1 F1800 X140.015 Y120.709 E3155.33036
G0 F9000 X140.015 Y121.332
G1 F1800 X147.543 Y113.804 E3155.87567
G0 F9000 X148.165 Y113.804
G1 F1800 X140.015 Y121.954 E3156.46603
G0 F9000 X140.016 Y122.576
G1 F1800 X142.536 Y120.055 E3156.6486
G0 F9000 X142.469 Y120.745
G1 F1800 X140.016 Y123.198 E3156.82629
G0 F9000 X140.016 Y123.82
G1 F1800 X142.469 Y121.367 E3157.00398
G0 F9000 X142.469 Y121.989
G1 F1800 X140.016 Y124.442 E3157.18167
G0 F9000 X140.016 Y125.064
G1 F1800 X142.469 Y122.612 E3157.35932
G0 F9000 X142.469 Y123.234
G1 F1800 X140.016 Y125.686 E3157.53697
G0 F9000 X140.016 Y126.308
G1 F1800 X142.469 Y123.856 E3157.71462
G0 F9000 X142.469 Y124.478
G1 F1800 X140.017 Y126.93 E3157.89224
G0 F9000 X140.017 Y127.552
G1 F1800 X142.469 Y125.101 E3158.06982
G0 F9000 X142.469 Y125.723
G1 F1800 X140.017 Y128.174 E3158.24739
G0 F9000 X140.018 Y128.796
G1 F1800 X142.469 Y126.345 E3158.42494
G0 F9000 X142.469 Y126.967
G1 F1800 X140.018 Y129.418 E3158.60248
G0 F9000 X140.018 Y130.04
G1 F1800 X142.469 Y127.59 E3158.77999
G0 F9000 X142.469 Y128.212
G1 F1800 X140.018 Y130.662 E3158.95749
G0 F9000 X140.018 Y131.284
G1 F1800 X142.469 Y128.834 E3159.135
G0 F9000 X142.469 Y129.456
G1 F1800 X140.018 Y131.907 E3159.31254
G0 F9000 X140.019 Y132.528
G1 F1800 X142.469 Y130.079 E3159.48998
G0 F9000 X142.469 Y130.701
G1 F1800 X140.019 Y133.15 E3159.66741
G0 F9000 X140.019 Y133.773
G1 F1800 X142.469 Y131.323 E3159.84488
G0 F9000 X142.469 Y131.945
G1 F1800 X140.019 Y134.395 E3160.02235
G0 F9000 X140.02 Y135.016
G1 F1800 X142.469 Y132.568 E3160.19971
G0 F9000 X142.469 Y133.19
G1 F1800 X140.02 Y135.639 E3160.37711
G0 F9000 X140.02 Y136.261
G1 F1800 X142.469 Y133.812 E3160.55451
G0 F9000 X142.469 Y134.434
G1 F1800 X139.901 Y137.002 E3160.74053
G0 F9000 X140.145 Y137.38
G1 F1800 X142.469 Y135.057 E3160.90883
G0 F9000 X142.469 Y135.679
G1 F1800 X140.767 Y137.38 E3161.03209
G0 F9000 X141.39 Y137.38
G1 F1800 X142.469 Y136.301 E3161.11024
G0 F9000 X142.531 Y136.861
G1 F1800 X142.012 Y137.38 E3161.14784
G0 F9000 X142.634 Y137.38
G1 F1800 X142.756 Y137.259 E3161.15664
G1 F1500 E3159.15664
G0 F9000 X136.596 Y137.196
G1 F1500 E3161.15664
G1 F1800 X136.412 Y137.38 E3161.16997
G0 F9000 X135.79 Y137.38
G1 F1800 X136.495 Y136.675 E3161.22104
G0 F9000 X136.467 Y136.08
G1 F1800 X135.168 Y137.38 E3161.31517
G0 F9000 X134.545 Y137.38
G1 F1800 X136.467 Y135.458 E3161.45439
G0 F9000 X136.467 Y134.835
G1 F1800 X133.923 Y137.38 E3161.63871
G0 F9000 X133.301 Y137.38
G1 F1800 X136.467 Y134.213 E3161.86808
G0 F9000 X136.467 Y133.591
G1 F1800 X132.679 Y137.38 E3162.14251
G0 F9000 X132.056 Y137.38
G1 F1800 X136.467 Y132.969 E3162.46203
G0 F9000 X136.467 Y132.346
G1 F1800 X131.434 Y137.38 E3162.82664
G0 F9000 X131.02 Y137.172
G1 F1800 X136.467 Y131.724 E3163.22124
G0 F9000 X136.467 Y131.102
G1 F1800 X131.136 Y136.433 E3163.6074
G0 F9000 X131.136 Y135.81
G1 F1800 X136.467 Y130.48 E3163.99352
G0 F9000 X136.467 Y129.857
G1 F1800 X131.136 Y135.188 E3164.37968
G0 F9000 X131.136 Y134.566
G1 F1800 X136.467 Y129.235 E3164.76584
G0 F9000 X136.467 Y128.613
G1 F1800 X131.136 Y133.944 E3165.15201
G0 F9000 X131.136 Y133.321
G1 F1800 X136.467 Y127.991 E3165.53813
G0 F9000 X136.467 Y127.368
G1 F1800 X131.136 Y132.699 E3165.92429
G0 F9000 X131.136 Y132.077
G1 F1800 X136.467 Y126.746 E3166.31045
G0 F9000 X136.467 Y126.124
G1 F1800 X131.136 Y131.455 E3166.69661
G0 F9000 X131.136 Y130.832
G1 F1800 X136.467 Y125.502 E3167.08274
G0 F9000 X136.467 Y124.879
G1 F1800 X131.136 Y130.21 E3167.4689
G0 F9000 X131.136 Y129.588
G1 F1800 X136.467 Y124.257 E3167.85506
G0 F9000 X136.467 Y123.635
G1 F1800 X131.136 Y128.966 E3168.24122
G0 F9000 X131.136 Y128.343
G1 F1800 X136.467 Y123.013 E3168.62735
G0 F9000 X136.467 Y122.39
G1 F1800 X131.136 Y127.721 E3169.01351
G0 F9000 X131.136 Y127.099
G1 F1800 X136.467 Y121.768 E3169.39967
G0 F9000 X136.467 Y121.146
G1 F1800 X131.136 Y126.477 E3169.78583
G0 F9000 X131.136 Y125.854
G1 F1800 X136.467 Y120.524 E3170.17195
G1 F1500 E3168.17195
G0 F9000 X143.323 Y119.268
G1 F1500 E3170.17195
G1 F1800 X148.787 Y113.804 E3170.56775
G0 F9000 X149.41 Y113.804
G1 F1800 X144.015 Y119.198 E3170.95851
G0 F9000 X144.637 Y119.198
G1 F1800 X150.032 Y113.804 E3171.34927
G0 F9000 X150.654 Y113.804
G1 F1800 X145.26 Y119.198 E3171.73999
G0 F9000 X145.882 Y119.198
G1 F1800 X151.276 Y113.804 E3172.13072
G0 F9000 X151.899 Y113.804
G1 F1800 X146.505 Y119.198 E3172.52144
G0 F9000 X147.127 Y119.198
G1 F1800 X152.521 Y113.804 E3172.91217
G0 F9000 X153.143 Y113.804
G1 F1800 X147.749 Y119.198 E3173.30289
G0 F9000 X148.372 Y119.198
G1 F1800 X153.765 Y113.804 E3173.69358
G0 F9000 X154.388 Y113.804
G1 F1800 X148.994 Y119.198 E3174.08431
G0 F9000 X149.617 Y119.197
G1 F1800 X155.01 Y113.804 E3174.47496
G0 F9000 X155.632 Y113.804
G1 F1800 X150.239 Y119.197 E3174.86561
G0 F9000 X150.861 Y119.197
G1 F1800 X156.254 Y113.805 E3175.25623
G0 F9000 X156.876 Y113.805
G1 F1800 X151.483 Y119.197 E3175.64684
G0 F9000 X152.106 Y119.196
G1 F1800 X157.498 Y113.805 E3176.03738
G0 F9000 X158.12 Y113.805
G1 F1800 X152.729 Y119.196 E3176.42789
G0 F9000 X153.351 Y119.196
G1 F1800 X158.743 Y113.805 E3176.81844
G0 F9000 X159.365 Y113.805
G1 F1800 X153.973 Y119.196 E3177.20898
G0 F9000 X154.595 Y119.196
G1 F1800 X159.987 Y113.805 E3177.59952
G0 F9000 X160.609 Y113.805
G1 F1800 X155.218 Y119.196 E3177.99003
G0 F9000 X155.841 Y119.196
G1 F1800 X161.232 Y113.805 E3178.38054
G0 F9000 X161.854 Y113.805
G1 F1800 X156.463 Y119.196 E3178.77104
G0 F9000 X157.085 Y119.196
G1 F1800 X162.476 Y113.805 E3179.16155
G0 F9000 X163.098 Y113.805
G1 F1800 X157.708 Y119.195 E3179.55199
G0 F9000 X158.33 Y119.195
G1 F1800 X163.721 Y113.805 E3179.94246
G0 F9000 X164.343 Y113.805
G1 F1800 X158.953 Y119.195 E3180.33289
G0 F9000 X159.575 Y119.195
G1 F1800 X164.965 Y113.805 E3180.72333
G0 F9000 X165.587 Y113.805
G1 F1800 X160.197 Y119.195 E3181.11376
G0 F9000 X160.82 Y119.194
G1 F1800 X166.209 Y113.805 E3181.50412
G0 F9000 X166.831 Y113.805
G1 F1800 X161.442 Y119.194 E3181.89449
G0 F9000 X162.065 Y119.194
G1 F1800 X167.453 Y113.805 E3182.28481
G0 F9000 X168.076 Y113.805
G1 F1800 X162.687 Y119.194 E3182.67517
G0 F9000 X163.31 Y119.193
G1 F1800 X168.698 Y113.805 E3183.06546
G0 F9000 X169.32 Y113.805
G1 F1800 X163.932 Y119.193 E3183.45575
G0 F9000 X164.554 Y119.193
G1 F1800 X169.943 Y113.805 E3183.84608
G0 F9000 X170.565 Y113.805
G1 F1800 X165.177 Y119.193 E3184.23637
G0 F9000 X165.799 Y119.193
G1 F1800 X171.187 Y113.805 E3184.62666
G0 F9000 X171.809 Y113.805
G1 F1800 X166.422 Y119.193 E3185.01691
G0 F9000 X167.044 Y119.193
G1 F1800 X172.432 Y113.805 E3185.4072
G0 F9000 X173.054 Y113.805
G1 F1800 X167.666 Y119.193 E3185.79749
G0 F9000 X168.289 Y119.193
G1 F1800 X173.676 Y113.805 E3186.18775
G0 F9000 X174.298 Y113.805
G1 F1800 X168.911 Y119.193 E3186.578
G0 F9000 X169.363 Y119.363
G1 F1800 X174.921 Y113.805 E3186.98061
G0 F9000 X175.543 Y113.805
G1 F1800 X169.701 Y119.647 E3187.40378
G0 F9000 X169.944 Y120.026
G1 F1800 X176.166 Y113.805 E3187.85445
G0 F9000 X176.619 Y113.974
G1 F1800 X176.788 Y113.805 E3187.86669
G1 F1500 E3185.86669
G0 F9000 X175.716 Y114.877
G1 F1500 E3187.86669
G1 F1800 X170.015 Y120.578 E3188.27965
G0 F9000 X170.015 Y121.2
G1 F1800 X175.333 Y115.882 E3188.66487
G0 F9000 X175.206 Y116.631
G1 F1800 X170.015 Y121.822 E3189.04089
G0 F9000 X170.015 Y122.445
G1 F1800 X172.674 Y119.785 E3189.23354
G0 F9000 X173.081 Y119.379
G1 F1800 X175.338 Y117.122 E3189.39703
G0 F9000 X175.469 Y117.613
G1 F1800 X173.885 Y119.197 E3189.51177
G0 F9000 X174.517 Y119.187
G1 F1800 X175.652 Y118.051 E3189.59402
G0 F9000 X175.937 Y118.389
G1 F1800 X174.974 Y119.352 E3189.66378
G0 F9000 X175.309 Y119.639
G1 F1800 X176.246 Y118.702 E3189.73165
G0 F9000 X176.571 Y119
G1 F1800 X175.549 Y120.021 E3189.80564
G0 F9000 X175.628 Y120.565
G1 F1800 X176.969 Y119.224 E3189.90278
G0 F9000 X177.46 Y119.355
G1 F1800 X175.628 Y121.187 E3190.03549
G0 F9000 X175.628 Y121.809
G1 F1800 X177.953 Y119.485 E3190.20387
G0 F9000 X178.581 Y119.479
G1 F1800 X175.629 Y122.431 E3190.4177
G0 F9000 X175.629 Y123.053
G1 F1800 X179.428 Y119.254 E3190.69289
G1 F1500 E3188.69289
G0 F9000 X180.968 Y118.959
G1 F1500 E3190.69289
G1 F1800 X175.63 Y124.297 E3191.07955
G0 F9000 X175.63 Y124.918
G1 F1800 X180.968 Y119.581 E3191.46619
G0 F9000 X180.968 Y120.203
G1 F1800 X175.63 Y125.54 E3191.85282
G0 F9000 X175.63 Y126.163
G1 F1800 X180.968 Y120.825 E3192.23949
G0 F9000 X180.968 Y121.448
G1 F1800 X175.631 Y126.784 E3192.62605
G0 F9000 X175.631 Y127.406
G1 F1800 X180.968 Y122.07 E3193.01261
G0 F9000 X180.968 Y122.692
G1 F1800 X175.632 Y128.028 E3193.39913
G0 F9000 X175.632 Y128.65
G1 F1800 X180.968 Y123.314 E3193.78565
G0 F9000 X180.968 Y123.937
G1 F1800 X175.633 Y129.272 E3194.1721
G0 F9000 X175.633 Y129.894
G1 F1800 X180.968 Y124.559 E3194.55855
G0 F9000 X180.968 Y125.181
G1 F1800 X175.633 Y130.516 E3194.945
G0 F9000 X175.633 Y131.138
G1 F1800 X180.968 Y125.803 E3195.33145
G0 F9000 X180.968 Y126.426
G1 F1800 X175.633 Y131.76 E3195.71787
G0 F9000 X175.634 Y132.382
G1 F1800 X180.968 Y127.048 E3196.10425
G0 F9000 X180.968 Y127.67
G1 F1800 X175.634 Y133.004 E3196.49063
G0 F9000 X175.634 Y133.626
G1 F1800 X180.968 Y128.293 E3196.87697
G0 F9000 X180.968 Y128.915
G1 F1800 X175.635 Y134.248 E3197.26327
G0 F9000 X175.635 Y134.87
G1 F1800 X180.968 Y129.537 E3197.64958
G0 F9000 X180.968 Y130.159
G1 F1800 X175.635 Y135.492 E3198.03589
G0 F9000 X175.635 Y136.114
G1 F1800 X180.968 Y130.782 E3198.42215
G0 F9000 X180.968 Y131.404
G1 F1800 X175.606 Y136.765 E3198.81053
G0 F9000 X174.635 Y137.737
G1 F1800 X169.518 Y142.853 E3199.18115
G0 F9000 X169.518 Y143.476
G1 F1800 X180.968 Y132.026 E3200.01055
G0 F9000 X180.968 Y132.648
G1 F1800 X169.518 Y144.098 E3200.83995
G0 F9000 X169.518 Y144.72
G1 F1800 X180.968 Y133.271 E3201.66932
G0 F9000 X180.968 Y133.893
G1 F1800 X169.518 Y145.342 E3202.49869
G0 F9000 X169.518 Y145.965
G1 F1800 X180.968 Y134.515 E3203.32809
G0 F9000 X180.968 Y135.137
G1 F1800 X169.518 Y146.587 E3204.15749
G0 F9000 X169.518 Y147.21
G1 F1800 X180.968 Y135.76 E3204.98689
G0 F9000 X180.968 Y136.382
G1 F1800 X169.518 Y147.832 E3205.81629
G0 F9000 X169.518 Y148.454
G1 F1800 X180.968 Y137.004 E3206.6457
G0 F9000 X180.968 Y137.626
G1 F1800 X169.518 Y149.076 E3207.4751
G0 F9000 X169.518 Y149.699
G1 F1800 X180.968 Y138.249 E3208.3045
G0 F9000 X180.968 Y138.871
G1 F1800 X169.517 Y150.322 E3209.13398
G0 F9000 X169.517 Y150.944
G1 F1800 X180.968 Y139.493 E3209.96345
G0 F9000 X180.968 Y140.115
G1 F1800 X169.517 Y151.566 E3210.79293
G0 F9000 X169.517 Y152.188
G1 F1800 X180.968 Y140.738 E3211.62236
G0 F9000 X180.968 Y141.36
G1 F1800 X169.517 Y152.811 E3212.45184
G0 F9000 X169.517 Y153.433
G1 F1800 X180.968 Y141.982 E3213.28131
G0 F9000 X180.968 Y142.604
G1 F1800 X169.516 Y154.056 E3214.11086
G0 F9000 X169.516 Y154.678
G1 F1800 X180.968 Y143.227 E3214.94037
G0 F9000 X180.968 Y143.849
G1 F1800 X169.516 Y155.3 E3215.76988
G0 F9000 X169.516 Y155.923
G1 F1800 X180.968 Y144.471 E3216.59943
G0 F9000 X180.968 Y145.093
G1 F1800 X169.516 Y156.545 E3217.42898
G0 F9000 X169.516 Y157.167
G1 F1800 X180.968 Y145.716 E3218.25849
G0 F9000 X180.968 Y146.338
G1 F1800 X169.515 Y157.79 E3219.08807
G0 F9000 X169.515 Y158.412
G1 F1800 X180.968 Y146.96 E3219.91765
G0 F9000 X180.968 Y147.582
G1 F1800 X169.515 Y159.035 E3220.74727
G0 F9000 X169.515 Y159.657
G1 F1800 X180.968 Y148.205 E3221.57686
G0 F9000 X180.968 Y148.827
G1 F1800 X169.515 Y160.279 E3222.40644
G0 F9000 X169.515 Y160.901
G1 F1800 X180.968 Y149.449 E3223.23602
G0 F9000 X180.968 Y150.071
G1 F1800 X169.49 Y161.549 E3224.06745
G0 F9000 X169.304 Y162.357
G1 F1800 X180.968 Y150.694 E3224.91232
G0 F9000 X180.968 Y151.316
G1 F1800 X169.664 Y162.62 E3225.73115
G0 F9000 X169.909 Y162.997
G1 F1800 X180.968 Y151.938 E3226.53223
G0 F9000 X180.968 Y152.56
G1 F1800 X170.015 Y163.513 E3227.32563
G0 F9000 X170.015 Y164.135
G1 F1800 X180.968 Y153.183 E3228.11899
G0 F9000 X180.968 Y153.805
G1 F1800 X170.015 Y164.757 E3228.91236
G0 F9000 X170.015 Y165.38
G1 F1800 X180.968 Y154.427 E3229.70576
G0 F9000 X180.968 Y155.049
G1 F1800 X173.787 Y162.23 E3230.22593
G0 F9000 X174.409 Y162.231
G1 F1800 X180.968 Y155.672 E3230.70104
G0 F9000 X180.968 Y156.294
G1 F1800 X174.904 Y162.357 E3231.14026
G0 F9000 X175.265 Y162.619
G1 F1800 X180.968 Y156.916 E3231.55337
G0 F9000 X180.968 Y157.538
G1 F1800 X175.514 Y162.992 E3231.94844
G0 F9000 X175.635 Y163.493
G1 F1800 X180.968 Y158.161 E3232.33471
G0 F9000 X180.968 Y158.783
G1 F1800 X175.635 Y164.115 E3232.72098
G0 F9000 X175.635 Y164.737
G1 F1800 X180.968 Y159.405 E3233.10725
G0 F9000 X180.968 Y160.027
G1 F1800 X175.635 Y165.36 E3233.49356
G0 F9000 X175.635 Y165.983
G1 F1800 X180.968 Y160.65 E3233.87986
G0 F9000 X180.968 Y161.272
G1 F1800 X175.634 Y166.606 E3234.26624
G0 F9000 X175.634 Y167.228
G1 F1800 X180.968 Y161.894 E3234.65262
G0 F9000 X180.968 Y162.516
G1 F1800 X175.633 Y167.851 E3235.03907
G0 F9000 X175.633 Y168.473
G1 F1800 X180.968 Y163.139 E3235.42548
G0 F9000 X180.968 Y163.761
G1 F1800 X175.633 Y169.095 E3235.8119
G0 F9000 X175.633 Y169.718
G1 F1800 X180.968 Y164.383 E3236.19835
G0 F9000 X180.968 Y165.005
G1 F1800 X175.633 Y170.341 E3236.58484
G0 F9000 X175.632 Y170.964
G1 F1800 X180.968 Y165.628 E3236.97136
G0 F9000 X180.968 Y166.25
G1 F1800 X175.632 Y171.586 E3237.35788
G0 F9000 X175.632 Y172.208
G1 F1800 X180.968 Y166.872 E3237.74441
G0 F9000 X180.968 Y167.495
G1 F1800 X175.631 Y172.831 E3238.13097
G0 F9000 X175.631 Y173.453
G1 F1800 X180.968 Y168.117 E3238.51752
G0 F9000 X180.968 Y168.739
G1 F1800 X175.63 Y174.076 E3238.90416
G0 F9000 X175.63 Y174.699
G1 F1800 X180.968 Y169.361 E3239.29082
G0 F9000 X180.968 Y169.984
G1 F1800 X175.63 Y175.321 E3239.67746
G0 F9000 X175.63 Y175.944
G1 F1800 X180.968 Y170.606 E3240.06412
G0 F9000 X180.968 Y171.228
G1 F1800 X175.63 Y176.566 E3240.45079
G0 F9000 X175.629 Y177.189
G1 F1800 X180.968 Y171.85 E3240.83753
G0 F9000 X180.968 Y172.473
G1 F1800 X175.629 Y177.811 E3241.22424
G0 F9000 X175.628 Y178.434
G1 F1800 X180.968 Y173.095 E3241.61101
G0 F9000 X180.968 Y173.717
G1 F1800 X175.628 Y179.056 E3241.99779
G0 F9000 X175.621 Y179.686
G1 F1800 X180.968 Y174.339 E3242.38511
G0 F9000 X180.968 Y174.962
G1 F1800 X169.739 Y186.19 E3243.19847
G0 F9000 X170.361 Y186.19
G1 F1800 X180.968 Y175.584 E3243.96677
G0 F9000 X180.968 Y176.206
G1 F1800 X170.983 Y186.19 E3244.69002
G0 F9000 X171.606 Y186.19
G1 F1800 X175.498 Y182.298 E3244.97194
G0 F9000 X175.261 Y183.158
G1 F1800 X172.228 Y186.19 E3245.19161
G0 F9000 X172.85 Y186.19
G1 F1800 X175.251 Y183.79 E3245.36549
G0 F9000 X175.381 Y184.282
G1 F1800 X173.472 Y186.19 E3245.50374
G0 F9000 X174.095 Y186.19
G1 F1800 X175.515 Y184.77 E3245.6066
G0 F9000 X175.744 Y185.164
G1 F1800 X174.717 Y186.19 E3245.68095
G0 F9000 X175.339 Y186.19
G1 F1800 X176.038 Y185.491 E3245.73159
G0 F9000 X176.348 Y185.804
G1 F1800 X175.961 Y186.19 E3245.75958
G0 F9000 X176.583 Y186.191
G1 F1800 X176.703 Y186.071 E3245.76828
G1 F1500 E3243.76828
G0 F9000 X177.712 Y184.421
G0 X177.712 Y182.579
G0 X177.04 Y180.756
G1 F1500 E3245.76828
G1 F1800 X180.968 Y176.828 E3246.05281
G0 F9000 X180.968 Y177.451
G1 F1800 X177.896 Y180.522 E3246.2753
G0 F9000 X178.538 Y180.502
G1 F1800 X180.968 Y178.073 E3246.45128
G0 F9000 X180.968 Y178.695
G1 F1800 X179.027 Y180.635 E3246.59185
G0 F9000 X179.514 Y180.771
G1 F1800 X180.968 Y179.317 E3246.69717
G0 F9000 X180.968 Y179.94
G1 F1800 X179.908 Y180.999 E3246.77392
G0 F9000 X180.237 Y181.293
G1 F1800 X180.968 Y180.562 E3246.82687
G0 F9000 X180.968 Y181.184
G1 F1800 X180.548 Y181.604 E3246.85729
G0 F9000 X180.816 Y181.958
G1 F1800 X180.968 Y181.806 E3246.8683
G1 F1500 E3244.8683
G0 F9000 X179.166 Y182.967
G0 X177.324 Y182.967
G0 X174.503 Y180.804
G1 F1500 E3246.8683
G1 F1800 X169.117 Y186.19 E3247.25845
G0 F9000 X168.494 Y186.19
G1 F1800 X173.883 Y180.802 E3247.64877
G0 F9000 X173.33 Y180.733
G1 F1800 X167.872 Y186.19 E3248.0441
G0 F9000 X167.25 Y186.19
G1 F1800 X172.934 Y180.506 E3248.45583
G0 F9000 X172.652 Y180.166
G1 F1800 X166.628 Y186.19 E3248.89219
G0 F9000 X166.005 Y186.19
G1 F1800 X172.485 Y179.71 E3249.36158
G0 F9000 X172.469 Y179.104
G1 F1800 X165.383 Y186.19 E3249.87487
G0 F9000 X164.761 Y186.19
G1 F1800 X172.469 Y178.482 E3250.43321
G0 F9000 X172.469 Y177.86
G1 F1800 X164.139 Y186.19 E3251.03661
G0 F9000 X163.516 Y186.19
G1 F1800 X168.909 Y180.798 E3251.42723
G0 F9000 X168.286 Y180.798
G1 F1800 X162.895 Y186.19 E3251.81777
G0 F9000 X162.273 Y186.19
G1 F1800 X167.664 Y180.798 E3252.20831
G0 F9000 X167.042 Y180.798
G1 F1800 X161.65 Y186.19 E3252.59889
G0 F9000 X161.028 Y186.19
G1 F1800 X166.42 Y180.798 E3252.98947
G0 F9000 X165.797 Y180.798
G1 F1800 X160.406 Y186.19 E3253.38001
G0 F9000 X159.784 Y186.19
G1 F1800 X165.174 Y180.799 E3253.77049
G0 F9000 X164.552 Y180.799
G1 F1800 X159.161 Y186.19 E3254.16099
G0 F9000 X158.539 Y186.19
G1 F1800 X163.93 Y180.799 E3254.5515
G0 F9000 X163.308 Y180.799
G1 F1800 X157.917 Y186.19 E3254.94201
G0 F9000 X157.294 Y186.19
G1 F1800 X162.685 Y180.799 E3255.33251
G0 F9000 X162.063 Y180.799
G1 F1800 X156.672 Y186.19 E3255.72302
G0 F9000 X156.05 Y186.19
G1 F1800 X161.44 Y180.799 E3256.11349
G0 F9000 X160.818 Y180.799
G1 F1800 X155.428 Y186.19 E3256.50396
G0 F9000 X154.805 Y186.19
G1 F1800 X160.196 Y180.799 E3256.89447
G0 F9000 X159.573 Y180.799
G1 F1800 X154.183 Y186.19 E3257.28494
G0 F9000 X153.561 Y186.19
G1 F1800 X158.951 Y180.8 E3257.67538
G0 F9000 X158.328 Y180.8
G1 F1800 X152.939 Y186.19 E3258.06578
G0 F9000 X152.316 Y186.19
G1 F1800 X157.706 Y180.8 E3258.45621
G0 F9000 X157.084 Y180.8
G1 F1800 X151.694 Y186.19 E3258.84664
G0 F9000 X151.072 Y186.19
G1 F1800 X156.462 Y180.8 E3259.23708
G0 F9000 X155.839 Y180.801
G1 F1800 X150.45 Y186.19 E3259.62744
G0 F9000 X149.828 Y186.189
G1 F1800 X155.216 Y180.801 E3260.01773
G0 F9000 X154.594 Y180.801
G1 F1800 X149.206 Y186.189 E3260.40802
G0 F9000 X148.584 Y186.189
G1 F1800 X153.972 Y180.801 E3260.79831
G0 F9000 X153.35 Y180.801
G1 F1800 X147.961 Y186.189 E3261.18864
G0 F9000 X147.339 Y186.189
G1 F1800 X152.727 Y180.802 E3261.57889
G0 F9000 X152.104 Y180.802
G1 F1800 X146.717 Y186.189 E3261.96911
G0 F9000 X146.095 Y186.189
G1 F1800 X151.482 Y180.802 E3262.35933
G0 F9000 X150.86 Y180.802
G1 F1800 X145.472 Y186.189 E3262.74958
G0 F9000 X144.85 Y186.189
G1 F1800 X150.238 Y180.802 E3263.13983
G0 F9000 X149.615 Y180.802
G1 F1800 X144.228 Y186.189 E3263.53005
G0 F9000 X143.606 Y186.189
G1 F1800 X148.992 Y180.802 E3263.92023
G0 F9000 X148.37 Y180.802
G1 F1800 X142.983 Y186.189 E3264.31045
G0 F9000 X142.361 Y186.189
G1 F1800 X147.748 Y180.802 E3264.70067
G0 F9000 X147.126 Y180.802
G1 F1800 X141.739 Y186.189 E3265.09088
G0 F9000 X141.117 Y186.189
G1 F1800 X146.503 Y180.803 E3265.48103
G0 F9000 X145.88 Y180.803
G1 F1800 X140.494 Y186.189 E3265.87117
G0 F9000 X139.872 Y186.189
G1 F1800 X145.258 Y180.803 E3266.26132
G0 F9000 X144.636 Y180.803
G1 F1800 X139.25 Y186.189 E3266.65147
G0 F9000 X138.628 Y186.189
G1 F1800 X144.014 Y180.803 E3267.04161
G0 F9000 X143.432 Y180.762
G1 F1800 X138.005 Y186.189 E3267.43472
G0 F9000 X137.384 Y186.188
G1 F1800 X143.012 Y180.56 E3267.8424
G0 F9000 X142.714 Y180.236
G1 F1800 X136.762 Y186.188 E3268.27354
G0 F9000 X136.139 Y186.188
G1 F1800 X142.506 Y179.821 E3268.73475
G0 F9000 X142.469 Y179.237
G1 F1800 X135.517 Y186.188 E3269.23829
G1 F1500 E3267.23829
G0 F9000 X136.532 Y184.551
G1 F1500 E3269.23829
G1 F1800 X142.469 Y178.614 E3269.66835
G0 F9000 X142.469 Y177.992
G1 F1800 X136.736 Y183.725 E3270.08363
G0 F9000 X136.709 Y183.129
G1 F1800 X139.096 Y180.743 E3270.2565
G0 F9000 X138.418 Y180.798
G1 F1800 X136.578 Y182.638 E3270.38979
G0 F9000 X136.447 Y182.147
G1 F1800 X137.795 Y180.799 E3270.48743
G0 F9000 X137.27 Y180.702
G1 F1800 X136.204 Y181.767 E3270.56461
G0 F9000 X135.893 Y181.456
G1 F1800 X136.899 Y180.451 E3270.63745
G0 F9000 X136.617 Y180.111
G1 F1800 X135.582 Y181.145 E3270.71239
G0 F9000 X135.24 Y180.865
G1 F1800 X136.477 Y179.628 E3270.80199
G0 F9000 X136.47 Y179.013
G1 F1800 X134.775 Y180.708 E3270.92477
G0 F9000 X134.288 Y180.572
G1 F1800 X136.47 Y178.39 E3271.08283
G0 F9000 X136.47 Y177.768
G1 F1800 X133.772 Y180.466 E3271.27826
G0 F9000 X132.987 Y180.629
G1 F1800 X136.47 Y177.146 E3271.53056
G0 F9000 X136.47 Y176.524
G1 F1800 X131.137 Y181.857 E3271.91687
G0 F9000 X131.137 Y181.234
G1 F1800 X136.47 Y175.901 E3272.30317
G0 F9000 X136.469 Y175.28
G1 F1800 X131.137 Y180.612 E3272.6894
G0 F9000 X131.137 Y179.99
G1 F1800 X136.469 Y174.657 E3273.07567
G0 F9000 X136.469 Y174.035
G1 F1800 X131.137 Y179.368 E3273.46194
G0 F9000 X131.137 Y178.745
G1 F1800 X136.469 Y173.413 E3273.84818
G0 F9000 X136.469 Y172.791
G1 F1800 X131.137 Y178.123 E3274.23441
G0 F9000 X131.137 Y177.501
G1 F1800 X136.469 Y172.168 E3274.62068
G0 F9000 X136.469 Y171.546
G1 F1800 X131.137 Y176.879 E3275.00695
G0 F9000 X131.137 Y176.256
G1 F1800 X136.469 Y170.925 E3275.39315
G0 F9000 X136.469 Y170.302
G1 F1800 X131.137 Y175.634 E3275.77938
G0 F9000 X131.137 Y175.012
G1 F1800 X136.469 Y169.68 E3276.16561
G0 F9000 X136.469 Y169.058
G1 F1800 X131.137 Y174.39 E3276.55185
G0 F9000 X131.137 Y173.767
G1 F1800 X136.469 Y168.436 E3276.93805
G0 F9000 X136.469 Y167.813
G1 F1800 X131.137 Y173.145 E3277.32428
G0 F9000 X131.137 Y172.523
G1 F1800 X136.468 Y167.192 E3277.71044
G0 F9000 X136.468 Y166.57
G1 F1800 X131.137 Y171.9 E3278.09656
G0 F9000 X131.137 Y171.278
G1 F1800 X136.468 Y165.947 E3278.48273
G0 F9000 X136.468 Y165.325
G1 F1800 X131.137 Y170.656 E3278.86889
G0 F9000 X131.137 Y170.034
G1 F1800 X136.468 Y164.703 E3279.25505
G0 F9000 X136.468 Y164.081
G1 F1800 X131.137 Y169.411 E3279.64117
G0 F9000 X131.137 Y168.789
G1 F1800 X136.468 Y163.458 E3280.02733
G0 F9000 X136.684 Y162.62
G1 F1800 X131.137 Y168.167 E3280.42914
G0 F9000 X131.137 Y167.545
G1 F1800 X136.061 Y162.62 E3280.78586
G0 F9000 X135.439 Y162.62
G1 F1800 X131.137 Y166.922 E3281.09748
G0 F9000 X131.137 Y166.3
G1 F1800 X134.817 Y162.62 E3281.36405
G0 F9000 X134.195 Y162.62
G1 F1800 X131.137 Y165.678 E3281.58556
G0 F9000 X131.137 Y165.056
G1 F1800 X133.572 Y162.62 E3281.76198
G0 F9000 X132.95 Y162.62
G1 F1800 X131.137 Y164.433 E3281.89331
G0 F9000 X131.137 Y163.811
G1 F1800 X132.328 Y162.62 E3281.97958
G0 F9000 X131.706 Y162.62
G1 F1800 X131.093 Y163.233 E3282.02398
G0 F9000 X131.021 Y162.683
G1 F1800 X131.083 Y162.62 E3282.02851
G1 F1500 E3280.02851
G0 F9000 X139.708 Y162.707
G1 F1500 E3282.02851
G1 F1800 X139.798 Y162.618 E3282.03499
G0 F9000 X139.945 Y163.093
G1 F1800 X140.42 Y162.618 E3282.0694
G0 F9000 X141.042 Y162.618
G1 F1800 X140.021 Y163.639 E3282.14336
G0 F9000 X140.021 Y164.262
G1 F1800 X141.664 Y162.618 E3282.26241
G0 F9000 X142.285 Y162.619
G1 F1800 X140.021 Y164.884 E3282.42644
G0 F9000 X140.021 Y165.506
G1 F1800 X142.563 Y162.964 E3282.61058
G1 X142.564 Y162.963
G1 X142.633 Y162.893 E3282.61561
G0 F9000 X142.468 Y163.681
G1 F1800 X140.02 Y166.129 E3282.79294
G0 F9000 X140.02 Y166.751
G1 F1800 X142.468 Y164.303 E3282.97026
G0 F9000 X142.468 Y164.926
G1 F1800 X140.02 Y167.374 E3283.14759
G0 F9000 X140.02 Y167.996
G1 F1800 X142.468 Y165.548 E3283.32491
G0 F9000 X142.468 Y166.17
G1 F1800 X140.019 Y168.619 E3283.50231
G0 F9000 X140.019 Y169.241
G1 F1800 X142.468 Y166.792 E3283.67971
G0 F9000 X142.468 Y167.415
G1 F1800 X140.019 Y169.863 E3283.85707
G0 F9000 X140.018 Y170.486
G1 F1800 X142.468 Y168.037 E3284.03451
G0 F9000 X142.468 Y168.659
G1 F1800 X140.018 Y171.109 E3284.21198
G0 F9000 X140.018 Y171.731
G1 F1800 X142.468 Y169.281 E3284.38945
G0 F9000 X142.468 Y169.904
G1 F1800 X140.018 Y172.353 E3284.56688
G0 F9000 X140.018 Y172.976
G1 F1800 X142.468 Y170.526 E3284.74435
G0 F9000 X142.468 Y171.148
G1 F1800 X140.018 Y173.598 E3284.92182
G0 F9000 X140.018 Y174.221
G1 F1800 X142.469 Y171.77 E3285.09936
G0 F9000 X142.469 Y172.392
G1 F1800 X140.018 Y174.843 E3285.27691
G0 F9000 X140.017 Y175.466
G1 F1800 X142.469 Y173.014 E3285.45452
G0 F9000 X142.469 Y173.636
G1 F1800 X140.017 Y176.088 E3285.63214
G0 F9000 X140.017 Y176.71
G1 F1800 X142.469 Y174.259 E3285.80972
G0 F9000 X142.469 Y174.881
G1 F1800 X140.016 Y177.333 E3285.98737
G0 F9000 X140.016 Y177.955
G1 F1800 X142.469 Y175.503 E3286.16502
G0 F9000 X142.469 Y176.125
G1 F1800 X140.016 Y178.578 E3286.34271
G0 F9000 X140.016 Y179.2
G1 F1800 X142.469 Y176.748 E3286.52036
G0 F9000 X142.469 Y177.37
G1 F1800 X139.96 Y179.878 E3286.70207
G1 F1500 E3284.70207
G0 F9000 X144.398 Y178.876
G0 X168.092 Y178.876
G0 X170 Y179.707
G1 F1500 E3286.70207
G1 F1800 X172.469 Y177.238 E3286.88091
G0 F9000 X172.47 Y176.615
G1 F1800 X170.015 Y179.069 E3287.05871
G0 F9000 X170.015 Y178.447
G1 F1800 X172.47 Y175.993 E3287.23651
G0 F9000 X172.47 Y175.37
G1 F1800 X170.015 Y177.825 E3287.41434
G0 F9000 X170.015 Y177.202
G1 F1800 X172.47 Y174.748 E3287.59213
G0 F9000 X172.47 Y174.125
G1 F1800 X170.015 Y176.58 E3287.76997
G0 F9000 X170.015 Y175.958
G1 F1800 X172.47 Y173.503 E3287.9478
G0 F9000 X172.47 Y172.881
G1 F1800 X170.015 Y175.336 E3288.12563
G0 F9000 X170.015 Y174.713
G1 F1800 X172.47 Y172.258 E3288.30346
G0 F9000 X172.47 Y171.636
G1 F1800 X170.015 Y174.091 E3288.4813
G0 F9000 X170.015 Y173.469
G1 F1800 X172.471 Y171.013 E3288.6592
G0 F9000 X172.471 Y170.391
G1 F1800 X170.015 Y172.847 E3288.83711
G0 F9000 X170.015 Y172.224
G1 F1800 X172.471 Y169.769 E3289.01498
G0 F9000 X172.471 Y169.146
G1 F1800 X170.015 Y171.602 E3289.19288
G0 F9000 X170.015 Y170.98
G1 F1800 X172.472 Y168.523 E3289.37086
G0 F9000 X172.472 Y167.901
G1 F1800 X170.015 Y170.358 E3289.54884
G0 F9000 X170.015 Y169.735
G1 F1800 X172.472 Y167.279 E3289.72678
G0 F9000 X172.472 Y166.657
G1 F1800 X170.015 Y169.113 E3289.90472
G0 F9000 X170.015 Y168.491
G1 F1800 X172.473 Y166.034 E3290.08273
G0 F9000 X172.473 Y165.411
G1 F1800 X170.015 Y167.869 E3290.26078
G0 F9000 X170.015 Y167.246
G1 F1800 X172.473 Y164.789 E3290.43879
G0 F9000 X172.473 Y164.167
G1 F1800 X170.015 Y166.624 E3290.61681
G0 F9000 X170.015 Y166.002
G1 F1800 X172.473 Y163.545 E3290.79482
G1 F1500 E3288.79482
G0 F9000 X169.519 Y142.23
G1 F1500 E3290.79482
G1 F1800 X173.982 Y137.768 E3291.11807
G0 F9000 X173.412 Y137.715
G1 F1800 X169.519 Y141.608 E3291.40007
G0 F9000 X169.519 Y140.986
G1 F1800 X172.987 Y137.518 E3291.65128
G0 F9000 X172.68 Y137.202
G1 F1800 X169.519 Y140.364 E3291.88029
G0 F9000 X169.519 Y139.741
G1 F1800 X172.499 Y136.761 E3292.09615
G0 F9000 X172.468 Y136.17
G1 F1800 X169.519 Y139.119 E3292.30977
G0 F9000 X169.498 Y138.517
G1 F1800 X172.468 Y135.547 E3292.5249
G0 F9000 X172.468 Y134.925
G1 F1800 X169.351 Y138.042 E3292.75069
G0 F9000 X169.959 Y136.812
G1 F1800 X172.468 Y134.303 E3292.93243
G0 F9000 X172.468 Y133.681
G1 F1800 X170.015 Y136.134 E3293.11012
G0 F9000 X170.015 Y135.511
G1 F1800 X172.468 Y133.058 E3293.28781
G0 F9000 X172.468 Y132.436
G1 F1800 X170.015 Y134.889 E3293.4655
G0 F9000 X170.015 Y134.267
G1 F1800 X172.468 Y131.814 E3293.64318
G0 F9000 X172.468 Y131.192
G1 F1800 X170.015 Y133.645 E3293.82087
G0 F9000 X170.015 Y133.022
G1 F1800 X172.468 Y130.569 E3293.99856
G0 F9000 X172.468 Y129.947
G1 F1800 X170.015 Y132.4 E3294.17625
G0 F9000 X170.015 Y131.778
G1 F1800 X172.468 Y129.325 E3294.35394
G0 F9000 X172.468 Y128.703
G1 F1800 X170.015 Y131.156 E3294.53162
G0 F9000 X170.015 Y130.533
G1 F1800 X172.468 Y128.08 E3294.70931
G0 F9000 X172.468 Y127.458
G1 F1800 X170.015 Y129.911 E3294.887
G0 F9000 X170.015 Y129.289
G1 F1800 X172.468 Y126.836 E3295.06469
G0 F9000 X172.468 Y126.214
G1 F1800 X170.015 Y128.667 E3295.24237
G0 F9000 X170.015 Y128.045
G1 F1800 X172.468 Y125.591 E3295.4201
G0 F9000 X172.468 Y124.969
G1 F1800 X170.015 Y127.423 E3295.59782
G0 F9000 X170.015 Y126.801
G1 F1800 X172.468 Y124.347 E3295.77555
G0 F9000 X172.468 Y123.725
G1 F1800 X170.015 Y126.178 E3295.95323
G0 F9000 X170.015 Y125.556
G1 F1800 X172.468 Y123.102 E3296.13096
G0 F9000 X172.468 Y122.48
G1 F1800 X170.015 Y124.934 E3296.30868
G0 F9000 X170.015 Y124.311
G1 F1800 X172.468 Y121.858 E3296.48637
G0 F9000 X172.468 Y121.236
G1 F1800 X170.015 Y123.689 E3296.66406
G0 F9000 X170.015 Y123.067
G1 F1800 X172.468 Y120.613 E3296.84178
G1 F1500 E3294.84178
G0 F9000 X175.63 Y123.674
G1 F1500 E3296.84178
G1 F1800 X180.968 Y118.336 E3297.22845
G1 F1500 E3295.22845
G0 F9000 X131.065 Y184.174
G1 F1500 E3297.22845
G1 F1404.3 X131.03 Y184.235 E3297.23307
G1 X130.96 Y184.235 E3297.23766
G1 X130.925 Y184.174 E3297.24228
G1 X130.96 Y184.113 E3297.2469
G1 X131.03 Y184.113 E3297.25149
G1 X131.065 Y184.174 E3297.25611
G0 F9000 X131.7 Y185.379
G1 F1414.3 X131.665 Y185.44 E3297.26069
G1 X131.595 Y185.44 E3297.26526
G1 X131.56 Y185.379 E3297.26984
G1 X131.595 Y185.318 E3297.27443
G1 X131.665 Y185.318 E3297.27899
G1 X131.7 Y185.379 E3297.28357
G1 F1500 E3295.28357
G0 F9000 X150 Y160.256
;TYPE:WALL-INNER
G1 F1500 E3297.28357
G1 F1800 X167.084 Y160.256 E3298.15863
G1 X167.084 Y158.16 E3298.26599
G1 X143.744 Y158.16 E3299.46148
G1 X143.433 Y158.083 E3299.47789
G1 X143.216 Y157.896 E3299.49256
G1 X143.084 Y157.633 E3299.50763
G1 X143.084 Y142.366 E3300.28962
G1 X143.216 Y142.103 E3300.30469
G1 X143.433 Y141.917 E3300.31933
G1 X143.656 Y141.84 E3300.33141
G1 X167.084 Y141.84 E3301.53141
G1 X167.084 Y139.74 E3301.63897
G1 X130.404 Y139.74 E3303.51774
G1 X130.404 Y160.256 E3304.56858
G1 X150 Y160.256 E3305.5723
G0 F9000 X150 Y160.696
;TYPE:WALL-OUTER
G1 F1800 X167.524 Y160.696 E3306.46989
G1 X167.524 Y157.72 E3306.62233
G1 X143.659 Y157.72 E3307.84471
G1 X143.524 Y157.546 E3307.85599
G1 X143.524 Y142.454 E3308.62901
G1 X143.568 Y142.367 E3308.634
G1 X143.706 Y142.283 E3308.64228
G1 X167.524 Y142.28 E3309.86225
G1 X167.524 Y139.3 E3310.01489
G1 X129.964 Y139.3 E3311.93873
G1 X129.964 Y160.696 E3313.03465
G1 X150 Y160.696 E3314.0609
G1 F1500 E3312.0609
G0 F9000 X137.851 Y156.606
G0 X137.942 Y156.753
;TYPE:FILL
G1 F1500 E3314.0609
G1 F3600 X137.996 Y156.548 E3314.07176
G0 F9000 X137.15 Y156.752
G1 F3600 X136.626 Y156.229 E3314.10968
G0 F9000 X136.628 Y155.631
G1 F3600 X137.996 Y155.264 E3314.18223
G0 F9000 X137.765 Y155.264
G0 X137.765 Y153.866
G0 X137.997 Y153.866
G1 F3600 X136.626 Y152.495 E3314.28154
G0 F9000 X136.627 Y152.898
G1 F3600 X137.996 Y152.531 E3314.35414
G0 F9000 X137.765 Y152.531
G0 X136.859 Y151.458
G0 X136.628 Y151.457
G1 F3600 X137.997 Y146.348 E3314.62506
G1 X137.997 Y146.399
G1 X136.627 Y145.029 E3314.7243
G0 F9000 X136.628 Y144.698
G1 F3600 X137.997 Y144.332 E3314.79688
G0 F9000 X137.765 Y144.332
G0 X137.765 Y147.065
G0 X137.996 Y147.065
G1 F3600 X136.628 Y147.432 E3314.86943
G0 F9000 X136.859 Y147.433
G0 X136.859 Y148.764
G0 X136.627 Y148.763
G1 F3600 X137.997 Y150.132 E3314.96863
G0 F9000 X137.997 Y149.798
G1 F3600 X136.628 Y150.165 E3315.04123
G1 F1500 E3313.04123
G0 F9000 X136.859 Y150.166
G0 X137.851 Y143.394
G0 X144.41 Y143.394
G0 X149.794 Y143.165
G0 X149.794 Y141.01
;TYPE:SKIN
G1 F1500 E3315.04123
G1 F1820.7 X144.171 Y141.01 E3315.32597
G1 F1816.5 X144.103 Y140.574 E3315.34836
G1 F1820.7 X166.251 Y140.573 E3316.46991
G1 F1824.9 X166.251 Y141.007 E3316.49183
G1 X149.794 Y141.01 E3317.32328
G1 F1500 E3315.32328
G0 F9000 X149.794 Y143.165
G0 X150 Y156.835
G0 X150 Y159.86
G1 F1500 E3317.32328
G1 F1800 X130.801 Y159.859 E3318.30666
G1 X130.8 Y140.136 E3319.31688
G1 X166.688 Y140.136 E3321.15509
G1 X166.688 Y141.444 E3321.22209
G1 X143.598 Y141.447 E3322.40477
G1 X143.242 Y141.564 E3322.42396
G1 X142.894 Y141.857 E3322.44727
G1 X142.742 Y142.166 E3322.4649
G1 X142.689 Y142.474 E3322.48091
G1 X142.689 Y157.521 E3323.25163
G1 X142.743 Y157.836 E3323.268
G1 X142.895 Y158.135 E3323.28518
G1 X143.244 Y158.437 E3323.30882
G1 X143.694 Y158.55 E3323.33258
G1 X166.688 Y158.556 E3324.51035
G1 X166.688 Y159.86 E3324.57714
G1 X150 Y159.86 E3325.43191
G0 F9000 X150 Y159.422
G1 F1841.9 X144.2 Y159.421 E3325.72224
G1 X144.254 Y158.991 E3325.74393
G1 F1837.6 X166.252 Y158.992 E3326.84764
G1 F1833.3 X166.252 Y159.424 E3326.86936
G1 X150 Y159.422 E3327.68666
G1 F1500 E3325.68666
G0 F9000 X150 Y156.835
G0 X144.41 Y156.606
G0 X137.851 Y156.606
G0 X137.858 Y156.793
G1 F1500 E3327.68666
G1 F1800 X137.99 Y156.717 E3327.69446
G1 X138.037 Y156.614 E3327.70026
G1 X138.04 Y143.37 E3328.37863
G1 X137.899 Y143.204 E3328.38978
G1 X136.766 Y143.207 E3328.44782
G1 X136.641 Y143.275 E3328.45511
G1 X136.585 Y143.396 E3328.46194
G1 X136.581 Y156.603 E3329.13841
G1 X136.637 Y156.725 E3329.14528
G1 X136.735 Y156.796 E3329.15148
G1 X137.858 Y156.793 E3329.209
G1 F1500 E3327.209
G0 F9000 X137.765 Y156.52
G0 X136.774 Y143.394
G0 X131.021 Y140.904
G1 F1500 E3329.209
G1 F1800 X131.569 Y140.356 E3329.2487
G0 F9000 X132.191 Y140.356
G1 F1800 X131.021 Y141.527 E3329.33348
G0 F9000 X131.021 Y142.149
G1 F1800 X132.813 Y140.356 E3329.46333
G0 F9000 X133.435 Y140.356
G1 F1800 X131.021 Y142.771 E3329.63823
G0 F9000 X131.021 Y143.393
G1 F1800 X134.058 Y140.356 E3329.85822
G0 F9000 X134.68 Y140.356
G1 F1800 X131.021 Y144.016 E3330.1233
G0 F9000 X131.021 Y144.638
G1 F1800 X135.302 Y140.356 E3330.43344
G0 F9000 X135.924 Y140.356
G1 F1800 X131.021 Y145.26 E3330.78863
G0 F9000 X131.021 Y145.882
G1 F1800 X136.547 Y140.356 E3331.18892
G0 F9000 X137.169 Y140.356
G1 F1800 X131.021 Y146.505 E3331.6343
G0 F9000 X131.021 Y147.127
G1 F1800 X137.791 Y140.356 E3332.12473
G0 F9000 X138.413 Y140.356
G1 F1800 X131.021 Y147.749 E3332.66022
G0 F9000 X131.021 Y148.372
G1 F1800 X139.036 Y140.356 E3333.24084
G0 F9000 X139.658 Y140.356
G1 F1800 X137.026 Y142.988 E3333.43149
G0 F9000 X137.652 Y142.985
G1 F1800 X140.28 Y140.356 E3333.62189
G0 F9000 X140.902 Y140.356
G1 F1800 X138.135 Y143.124 E3333.82236
G0 F9000 X138.26 Y143.621
G1 F1800 X141.525 Y140.356 E3334.05887
G0 F9000 X142.147 Y140.356
G1 F1800 X138.26 Y144.243 E3334.34043
G0 F9000 X138.26 Y144.866
G1 F1800 X142.769 Y140.356 E3334.66708
G0 F9000 X143.391 Y140.356
G1 F1800 X138.259 Y145.489 E3335.03887
G0 F9000 X138.259 Y146.111
G1 F1800 X143.87 Y140.5 E3335.44531
G0 F9000 X143.956 Y141.037
G1 F1800 X143.859 Y141.134 E3335.45234
G1 F1500 E3333.45234
G0 F9000 X142.471 Y142.522
G1 F1500 E3335.45234
G1 F1800 X138.258 Y146.734 E3335.75748
G0 F9000 X138.258 Y147.356
G1 F1800 X142.471 Y143.144 E3336.06262
G0 F9000 X142.471 Y143.766
G1 F1800 X138.258 Y147.978 E3336.36776
G0 F9000 X138.258 Y148.601
G1 F1800 X142.471 Y144.388 E3336.67293
G0 F9000 X142.471 Y145.011
G1 F1800 X138.258 Y149.224 E3336.97811
G0 F9000 X138.258 Y149.846
G1 F1800 X142.471 Y145.633 E3337.28329
G0 F9000 X142.471 Y146.255
G1 F1800 X138.257 Y150.469 E3337.58854
G0 F9000 X138.257 Y151.091
G1 F1800 X142.471 Y146.877 E3337.89379
G0 F9000 X142.471 Y147.5
G1 F1800 X138.256 Y151.714 E3338.19907
G0 F9000 X138.256 Y152.336
G1 F1800 X142.471 Y148.122 E3338.50436
G0 F9000 X142.471 Y148.744
G1 F1800 X138.256 Y152.959 E3338.80968
G0 F9000 X138.256 Y153.581
G1 F1800 X142.471 Y149.366 E3339.115
G0 F9000 X142.471 Y149.989
G1 F1800 X138.256 Y154.204 E3339.42032
G0 F9000 X138.256 Y154.826
G1 F1800 X142.471 Y150.611 E3339.72564
G0 F9000 X142.471 Y151.233
G1 F1800 X138.255 Y155.449 E3340.03104
G0 F9000 X138.255 Y156.071
G1 F1800 X142.471 Y151.855 E3340.33643
G0 F9000 X142.471 Y152.478
G1 F1800 X138.219 Y156.73 E3340.64443
G0 F9000 X137.959 Y156.989
G1 F1800 X135.309 Y159.639 E3340.83639
G0 F9000 X135.931 Y159.639
G1 F1800 X142.471 Y153.1 E3341.31009
G0 F9000 X142.471 Y153.722
G1 F1800 X136.554 Y159.639 E3341.7387
G0 F9000 X137.176 Y159.639
G1 F1800 X142.471 Y154.344 E3342.12225
G0 F9000 X142.471 Y154.967
G1 F1800 X137.798 Y159.639 E3342.46071
G0 F9000 X138.42 Y159.639
G1 F1800 X142.471 Y155.589 E3342.75412
G0 F9000 X142.471 Y156.211
G1 F1800 X139.043 Y159.639 E3343.00243
G0 F9000 X139.665 Y159.639
G1 F1800 X142.471 Y156.833 E3343.20569
G0 F9000 X142.471 Y157.456
G1 F1800 X140.287 Y159.639 E3343.36386
G0 F9000 X140.909 Y159.639
G1 F1800 X142.569 Y157.98 E3343.48407
G0 F9000 X142.815 Y158.356
G1 F1800 X141.532 Y159.639 E3343.577
G0 F9000 X142.154 Y159.639
G1 F1800 X143.169 Y158.625 E3343.65049
G0 F9000 X143.65 Y158.765
G1 F1800 X142.776 Y159.639 E3343.7138
G0 F9000 X143.398 Y159.639
G1 F1800 X144.035 Y159.003 E3343.7599
G1 F1500 E3341.7599
G0 F9000 X137.851 Y156.606
G0 X137.313 Y156.52
G0 X137.313 Y157.013
G1 F1500 E3343.7599
G1 F1800 X134.687 Y159.639 E3343.95012
G0 F9000 X134.065 Y159.639
G1 F1800 X136.708 Y156.995 E3344.14161
G0 F9000 X136.39 Y156.691
G1 F1800 X133.442 Y159.639 E3344.35515
G0 F9000 X132.82 Y159.639
G1 F1800 X136.363 Y156.097 E3344.61176
G0 F9000 X136.363 Y155.474
G1 F1800 X132.198 Y159.639 E3344.91346
G0 F9000 X131.576 Y159.639
G1 F1800 X136.363 Y154.852 E3345.26022
G0 F9000 X136.363 Y154.229
G1 F1800 X131.021 Y159.571 E3345.64718
G0 F9000 X131.021 Y158.949
G1 F1800 X136.363 Y153.607 E3346.03413
G0 F9000 X136.363 Y152.985
G1 F1800 X131.021 Y158.327 E3346.42109
G0 F9000 X131.021 Y157.705
G1 F1800 X136.363 Y152.362 E3346.80808
G0 F9000 X136.364 Y151.739
G1 F1800 X131.021 Y157.082 E3347.19512
G0 F9000 X131.021 Y156.46
G1 F1800 X136.364 Y151.117 E3347.58215
G0 F9000 X136.364 Y150.495
G1 F1800 X131.021 Y155.838 E3347.96918
G0 F9000 X131.021 Y155.216
G1 F1800 X136.365 Y149.872 E3348.35628
G0 F9000 X136.365 Y149.25
G1 F1800 X131.021 Y154.593 E3348.74334
G0 F9000 X131.021 Y153.971
G1 F1800 X136.365 Y148.627 E3349.13045
G0 F9000 X136.365 Y148.005
G1 F1800 X131.021 Y153.349 E3349.51755
G0 F9000 X131.021 Y152.727
G1 F1800 X136.366 Y147.382 E3349.90473
G0 F9000 X136.366 Y146.76
G1 F1800 X131.021 Y152.104 E3350.29186
G0 F9000 X131.021 Y151.482
G1 F1800 X136.366 Y146.138 E3350.679
G0 F9000 X136.366 Y145.515
G1 F1800 X131.021 Y150.86 E3351.06618
G0 F9000 X131.021 Y150.238
G1 F1800 X136.366 Y144.893 E3351.45335
G0 F9000 X136.366 Y144.27
G1 F1800 X131.021 Y149.616 E3351.84056
G0 F9000 X131.021 Y148.994
G1 F1800 X136.366 Y143.648 E3352.22778
G0 F9000 X137.199 Y143.82
G1 F1500 E3350.22778
;MESH:NONMESH
G0 F300 Z3.08
G0 F9000 X136.774 Y143.394
G0 X133.809 Y118.914
;TIME_ELAPSED:3208.938776
;LAYER:10
;TYPE:WALL-INNER
;MESH:din-rail-clip-mount.stl
G1 F1500 E3352.22778
G1 F1800 X133.574 Y118.887 E3352.23989
G1 X132.699 Y118.654 E3352.28627
G1 X132.399 Y118.482 E3352.30398
G1 X131.759 Y117.838 E3352.35049
G1 X131.591 Y117.545 E3352.36779
G1 F1537.9 X131.282 Y116.692 E3352.42218
G1 F1294.1 X131.246 Y116.631 E3352.42723
G1 F1239.4 X131.256 Y116.301 E3352.45178
G1 F1182.1 X131.333 Y115.914 E3352.48256
G1 F1166.4 X131.528 Y115.323 E3352.53175
G1 F1205.5 X131.686 Y115.082 E3352.55379
G1 F1175.1 X131.868 Y114.868 E3352.57583
G1 F1166.4 X132.399 Y114.384 E3352.63262
G1 F1183.9 X132.736 Y114.203 E3352.66241
G1 F1211 X133.651 Y113.997 E3352.73382
G1 F1466.7 X133.918 Y114.106 E3352.75195
G1 F1783.8 X134.792 Y114.346 E3352.79879
G1 F1800 X135.087 Y114.517 E3352.81626
G1 X135.727 Y115.157 E3352.86262
G1 X135.899 Y115.455 E3352.88024
G1 X136.131 Y116.33 E3352.92661
G1 X136.14 Y116.63 E3352.94198
G1 X135.872 Y117.644 E3352.9957
G1 X135.729 Y117.838 E3353.00805
G1 X135.088 Y118.481 E3353.05455
G1 X134.896 Y118.627 E3353.06691
G1 X133.809 Y118.914 E3353.12449
G1 F1500 E3351.12449
G0 F9000 X138.834 Y137.16
G1 F1500 E3353.12449
G1 F1800 X137.744 Y137.16 E3353.18032
G1 X137.348 Y137.028 E3353.2017
G1 X137.134 Y136.754 E3353.21951
G1 X137.084 Y136.5 E3353.23277
G1 X137.084 Y120.35 E3354.05998
G1 X137.181 Y120.123 E3354.07263
G1 X137.391 Y119.91 E3354.08795
G1 X137.619 Y119.808 E3354.10074
G1 X138.813 Y119.811 E3354.1619
G1 X139.004 Y119.861 E3354.17201
G1 X139.195 Y119.985 E3354.18368
G1 X139.366 Y120.245 E3354.19962
G1 X139.404 Y120.468 E3354.2112
G1 X139.404 Y136.524 E3355.0336
G1 X139.345 Y136.775 E3355.04681
G1 X139.129 Y137.037 E3355.0642
G1 X138.834 Y137.16 E3355.08057
G1 F1500 E3353.08057
G0 F9000 X144.398 Y135.847
G0 X150 Y135.835
G0 X150 Y137.16
G1 F1500 E3355.08057
G1 F1800 X143.744 Y137.16 E3355.40101
G1 X143.359 Y137.037 E3355.42171
G1 X143.143 Y136.774 E3355.43914
G1 X143.084 Y136.524 E3355.4523
G1 X143.084 Y120.468 E3356.2747
G1 X143.122 Y120.245 E3356.28628
G1 X143.293 Y119.985 E3356.30222
G1 X143.478 Y119.863 E3356.31357
G1 X143.659 Y119.808 E3356.32326
G1 X168.838 Y119.808 E3357.61295
G1 X169.01 Y119.863 E3357.6222
G1 X169.195 Y119.985 E3357.63355
G1 X169.366 Y120.245 E3357.64949
G1 X169.404 Y120.468 E3357.66107
G1 X169.402 Y136.558 E3358.48521
G1 X169.277 Y136.89 E3358.50338
G1 X169.004 Y137.107 E3358.52125
G1 X168.744 Y137.16 E3358.53484
G1 X150 Y137.16 E3359.49492
G1 F1500 E3357.49492
G0 F9000 X150 Y135.835
G0 X168.092 Y135.847
G0 X173.651 Y137.154
G1 F1500 E3359.49492
G1 F1800 X173.436 Y137.084 E3359.5065
G1 X173.211 Y136.89 E3359.52171
G1 X173.086 Y136.558 E3359.53988
G1 X173.084 Y120.468 E3360.36402
G1 X173.122 Y120.245 E3360.37561
G1 X173.207 Y120.084 E3360.38494
G1 X173.365 Y119.927 E3360.39635
G1 X173.681 Y119.811 E3360.41359
G1 X174.463 Y119.806 E3360.45364
G1 X174.687 Y119.893 E3360.46595
G1 X174.902 Y120.09 E3360.48089
G1 X175.019 Y120.431 E3360.49935
G1 X175.02 Y136.584 E3361.32672
G1 X174.916 Y136.857 E3361.34168
G1 X174.766 Y137.022 E3361.3531
G1 X174.444 Y137.155 E3361.37095
G1 X173.651 Y137.154 E3361.41157
G1 F1500 E3359.41157
G0 F9000 X178.31 Y118.914
G1 F1500 E3361.41157
G1 F1800 X178.074 Y118.887 E3361.42373
G1 X177.091 Y118.625 E3361.47584
G1 X176.899 Y118.482 E3361.4881
G1 X176.259 Y117.838 E3361.53461
G1 X176.117 Y117.646 E3361.54684
G1 X175.826 Y116.57 E3361.60393
G1 X175.854 Y116.328 E3361.61641
G1 X176.09 Y115.452 E3361.66288
G1 X176.261 Y115.157 E3361.68035
G1 X176.901 Y114.517 E3361.72671
G1 X177.196 Y114.346 E3361.74417
G1 X178.13 Y114.098 E3361.79367
G1 X178.407 Y114.107 E3361.80786
G1 X178.692 Y114.183 E3361.82297
G1 F1455.9 X179.143 Y114.196 E3361.85154
G1 F1231.7 X179.39 Y114.274 E3361.87093
G1 F1469.4 X179.561 Y114.493 E3361.88837
G1 F1800 X180.307 Y115.24 E3361.94244
G1 X180.398 Y115.455 E3361.9544
G1 X180.652 Y116.41 E3362.00502
G1 X180.647 Y116.609 E3362.01521
G1 X180.399 Y117.542 E3362.06466
G1 X180.229 Y117.838 E3362.08214
G1 X179.588 Y118.482 E3362.12868
G1 X179.29 Y118.654 E3362.14631
G1 X178.31 Y118.914 E3362.19824
G1 F1500 E3360.19824
G0 F9000 X173.679 Y180.185
G1 F1500 E3362.19824
G1 F1800 X173.365 Y180.069 E3362.21539
G1 X173.207 Y179.912 E3362.2268
G1 X173.086 Y179.586 E3362.24461
G1 X173.084 Y163.5 E3363.06854
G1 X173.124 Y163.273 E3363.08035
G1 X173.211 Y163.11 E3363.08981
G1 X173.436 Y162.915 E3363.10506
G1 X173.651 Y162.846 E3363.11663
G1 X174.444 Y162.845 E3363.15725
G1 X174.766 Y162.978 E3363.17509
G1 X174.916 Y163.143 E3363.18651
G1 X175.02 Y163.401 E3363.20076
G1 X175.019 Y179.569 E3364.02889
G1 X174.911 Y179.892 E3364.04634
G1 X174.689 Y180.101 E3364.06196
G1 X174.468 Y180.188 E3364.07412
G1 X173.679 Y180.185 E3364.11453
G1 F1500 E3362.11453
G0 F9000 X177.324 Y182.967
G0 X178.245 Y184.563
G0 X178.24 Y185.93
G1 F1500 E3364.11453
G1 F1800 X177.199 Y185.654 E3364.1697
G1 X176.899 Y185.482 E3364.18741
G1 X176.259 Y184.838 E3364.23392
G1 X176.09 Y184.545 E3364.25124
G1 X175.854 Y183.673 E3364.29751
G1 X175.826 Y183.431 E3364.30999
G1 X176.118 Y182.349 E3364.36739
G1 X176.261 Y182.157 E3364.37966
G1 X176.901 Y181.517 E3364.42601
G1 X177.091 Y181.374 E3364.4382
G1 X178.072 Y181.11 E3364.49023
G1 X178.309 Y181.081 E3364.50246
G1 X179.292 Y181.346 E3364.55461
G1 X179.587 Y181.517 E3364.57207
G1 X180.227 Y182.157 E3364.61843
G1 X180.399 Y182.455 E3364.63606
G1 X180.631 Y183.331 E3364.68247
G1 F1447.9 X180.737 Y183.683 E3364.70588
G1 F1192.8 X180.451 Y184.755 E3364.79164
G1 F1175.1 X179.64 Y185.595 E3364.88325
G1 F1207.3 X179.389 Y185.726 E3364.90487
G1 F1229.8 X179.134 Y185.803 E3364.92484
G1 F1450.5 X178.683 Y185.813 E3364.95352
G1 F1800 X178.24 Y185.93 E3364.97698
G1 F1500 E3362.97698
G0 F9000 X150 Y186.805
G1 F1500 E3364.97698
G1 F1800 X178.607 Y186.808 E3366.44225
G1 X178.958 Y186.676 E3366.46146
G1 F1450.5 X179.332 Y186.422 E3366.4902
G1 F1229.8 X179.614 Y186.322 E3366.51263
G1 F1207.3 X180.062 Y186.132 E3366.54979
G1 F1200 X180.814 Y185.307 E3366.63555
G1 F1203.6 X181.08 Y184.988 E3366.66737
G1 F1196.4 X181.371 Y183.838 E3366.75879
G1 F1315.6 X181.584 Y183.429 E3366.7911
G1 F1440 X181.584 Y181.67 E3366.90372
G1 F1447.9 X181.584 Y179.911 E3367.01573
G1 F1455.9 X181.584 Y178.152 E3367.12712
G1 F1464 X181.584 Y176.393 E3367.2379
G1 F1472.1 X181.584 Y174.634 E3367.34807
G1 F1480.4 X181.584 Y172.875 E3367.45762
G1 F1488.7 X181.584 Y171.116 E3367.56655
G1 F1497.2 X181.584 Y169.357 E3367.67487
G1 F1505.7 X181.584 Y167.598 E3367.78258
G1 F1514.3 X181.584 Y165.839 E3367.88967
G1 F1523.1 X181.584 Y164.08 E3367.99615
G1 F1531.9 X181.584 Y162.321 E3368.10201
G1 F1540.9 X181.584 Y160.562 E3368.20726
G1 F1546.9 X181.584 Y158.803 E3368.3121
G1 F1556 X181.584 Y157.044 E3368.41633
G1 F1565.2 X181.584 Y155.285 E3368.51994
G1 F1574.6 X181.584 Y153.526 E3368.62294
G1 F1584 X181.584 Y151.767 E3368.72532
G1 F1593.6 X181.584 Y150.008 E3368.82709
G1 F1603.2 X181.584 Y148.249 E3368.92825
G1 F1613 X181.584 Y146.49 E3369.02879
G1 F1623 X181.584 Y144.731 E3369.12871
G1 F1633 X181.584 Y142.972 E3369.22802
G1 F1643.2 X181.584 Y141.213 E3369.32672
G1 F1653.4 X181.584 Y139.454 E3369.4248
G1 F1660.4 X181.584 Y137.695 E3369.52248
G1 F1670.9 X181.584 Y135.936 E3369.61954
G1 F1681.5 X181.584 Y134.177 E3369.71598
G1 F1692.3 X181.584 Y132.418 E3369.81181
G1 F1703.2 X181.584 Y130.659 E3369.90703
G1 F1714.3 X181.584 Y128.9 E3370.00163
G1 F1725.5 X181.584 Y127.141 E3370.09562
G1 F1736.8 X181.584 Y125.382 E3370.18899
G1 F1748.3 X181.584 Y123.623 E3370.28175
G1 F1760 X181.584 Y121.864 E3370.37389
G1 F1771.8 X181.584 Y120.105 E3370.46542
G1 F1783.8 X181.584 Y118.346 E3370.55634
G1 F1795.9 X181.584 Y116.587 E3370.64664
G1 F1800 X181.186 Y114.953 E3370.73278
G1 F1616.3 X180.105 Y113.738 E3370.82555
G1 F1346.9 X179.616 Y113.679 E3370.85926
G1 F1231.7 X179.342 Y113.581 E3370.88104
G1 F1455.9 X178.969 Y113.327 E3370.90962
G1 F1800 X178.606 Y113.188 E3370.92953
G1 X134.269 Y113.188 E3373.2005
G1 F1783.8 X133.98 Y113.228 E3373.21558
G1 F1466.7 X133.575 Y113.369 E3373.24254
G1 F1196.4 X132.614 Y113.516 E3373.31746
G1 F1200 X132.083 Y113.845 E3373.36545
G1 F1196.4 X131.355 Y114.386 E3373.43535
G1 X131.003 Y114.983 E3373.48876
G1 X130.649 Y115.739 E3373.55309
G1 F1231.7 X130.595 Y116.783 E3373.63134
G1 F1537.9 X130.52 Y117.687 E3373.68572
G1 F1800 X130.52 Y136.5 E3374.64933
G1 X130.481 Y136.726 E3374.66108
G1 X130.404 Y136.779 E3374.66587
G1 X130.404 Y138.432 E3374.75054
G1 X168.244 Y138.432 E3376.68872
G1 X168.49 Y138.479 E3376.70155
G1 X168.711 Y138.624 E3376.71509
G1 X168.817 Y138.762 E3376.724
G1 X168.9 Y139.013 E3376.73754
G1 X168.9 Y160.984 E3377.86291
G1 X168.816 Y161.234 E3377.87642
G1 X168.71 Y161.372 E3377.88533
G1 X168.49 Y161.517 E3377.89883
G1 X168.327 Y161.564 E3377.90752
G1 X130.404 Y161.564 E3379.84996
G1 X130.404 Y163.221 E3379.93483
G1 X130.481 Y163.275 E3379.93965
G1 X130.52 Y163.5 E3379.95134
G1 X130.521 Y182.311 E3380.91485
G1 F1461.3 X130.623 Y183.218 E3380.97244
G1 F1247.2 X130.613 Y183.5 E3380.9933
G1 F1257.1 X130.617 Y183.685 E3381.00687
G1 F1296.2 X130.496 Y184.299 E3381.05138
G1 F1289.9 X130.902 Y184.802 E3381.09759
G1 F1241.4 X131.095 Y185.176 E3381.12884
G1 F1472.1 X131.202 Y185.593 E3381.15581
G1 F1619.6 X131.271 Y185.724 E3381.16423
G1 F1346.9 X131.923 Y186.037 E3381.21374
G1 F1243.3 X132.237 Y186.256 E3381.24213
G1 F1192.8 X132.615 Y186.483 E3381.27621
G1 F1196.4 X133.579 Y186.629 E3381.35135
G1 F1239.4 X133.765 Y186.647 E3381.36525
G1 F1461.3 X134.238 Y186.804 E3381.39669
G1 F1800 X150 Y186.805 E3382.20403
G1 F1500 E3380.20403
G0 F9000 X150 Y180.188
G1 F1500 E3382.20403
G1 F1800 X143.65 Y180.188 E3382.52928
G1 X143.478 Y180.133 E3382.53853
G1 X143.293 Y180.011 E3382.54988
G1 X143.122 Y179.751 E3382.56582
G1 X143.086 Y179.586 E3382.57447
G1 X143.084 Y163.475 E3383.39969
G1 X143.144 Y163.224 E3383.4129
G1 X143.36 Y162.963 E3383.43026
G1 X143.651 Y162.84 E3383.44644
G1 X168.744 Y162.84 E3384.73172
G1 X169.003 Y162.892 E3384.74525
G1 X169.277 Y163.11 E3384.76318
G1 X169.364 Y163.273 E3384.77265
G1 X169.404 Y163.5 E3384.78445
G1 X169.402 Y179.586 E3385.60839
G1 X169.366 Y179.751 E3385.61704
G1 X169.195 Y180.011 E3385.63298
G1 X169.01 Y180.133 E3385.64433
G1 X168.829 Y180.188 E3385.65402
G1 X150 Y180.188 E3386.61845
G1 F1500 E3384.61845
G0 F9000 X138.813 Y180.185
G1 F1500 E3386.61845
G1 F1800 X137.618 Y180.188 E3386.67966
G1 X137.389 Y180.085 E3386.69252
G1 X137.18 Y179.872 E3386.70781
G1 X137.084 Y179.647 E3386.72034
G1 X137.084 Y163.5 E3387.5474
G1 X137.135 Y163.245 E3387.56072
G1 X137.348 Y162.971 E3387.57849
G1 X137.651 Y162.84 E3387.5954
G1 X138.744 Y162.84 E3387.65138
G1 X139.129 Y162.963 E3387.67209
G1 X139.345 Y163.225 E3387.68948
G1 X139.404 Y163.475 E3387.70263
G1 X139.402 Y179.586 E3388.52785
G1 X139.281 Y179.912 E3388.54566
G1 X139.123 Y180.069 E3388.55707
G1 X138.813 Y180.185 E3388.57402
G1 F1500 E3386.57402
G0 F9000 X134.666 Y182.967
G0 X133.745 Y184.563
G0 X133.756 Y186.023
G1 F1500 E3388.57402
G1 F1168.1 X132.828 Y185.818 E3388.64903
G1 F1192.8 X132.551 Y185.705 E3388.67216
G1 F1243.3 X132.33 Y185.551 E3388.69213
G1 F1472.1 X131.96 Y185.039 E3388.73169
G1 X131.627 Y184.835 E3388.75615
G1 F1241.4 X131.494 Y184.571 E3388.77811
G1 F1466.7 X131.457 Y184.052 E3388.81081
G1 F1474.9 X131.246 Y183.631 E3388.84025
G1 F1239.4 X131.256 Y183.301 E3388.86481
G1 F1461.3 X131.59 Y182.452 E3388.92238
G1 F1800 X131.761 Y182.157 E3388.93984
G1 X132.401 Y181.517 E3388.9862
G1 X132.696 Y181.346 E3389.00366
G1 X133.572 Y181.11 E3389.05013
G1 X133.81 Y181.081 E3389.06241
G1 X134.895 Y181.374 E3389.11998
G1 X135.087 Y181.517 E3389.13224
G1 X135.727 Y182.157 E3389.1786
G1 X135.869 Y182.346 E3389.19071
G1 X136.14 Y183.369 E3389.24492
G1 X136.13 Y183.67 E3389.26034
G1 X135.898 Y184.542 E3389.30656
G1 X135.729 Y184.838 E3389.32402
G1 X135.089 Y185.482 E3389.37052
G1 X134.789 Y185.654 E3389.38824
G1 X134.17 Y185.819 E3389.42105
G1 F1432.2 X133.756 Y186.023 E3389.45076
G0 F9000 X133.734 Y185.474
;TYPE:WALL-OUTER
G1 F1800 X132.759 Y185.215 E3389.50243
G1 X132.029 Y184.483 E3389.55538
G1 X131.764 Y183.497 E3389.60768
G1 X132.015 Y182.566 E3389.65707
G1 X132.072 Y182.468 E3389.66287
G1 X132.754 Y181.786 E3389.71228
G1 X133.686 Y181.535 E3389.76172
G1 X133.802 Y181.535 E3389.76766
G1 X134.743 Y181.795 E3389.81766
G1 X135.449 Y182.501 E3389.8688
G1 X135.719 Y183.505 E3389.92205
G1 X135.457 Y184.487 E3389.97411
G1 X134.777 Y185.172 E3390.02355
G1 X134.677 Y185.229 E3390.02945
G1 X133.734 Y185.474 E3390.07935
G1 F1500 E3388.07935
G0 F9000 X133.745 Y184.563
G0 X134.666 Y182.967
G0 X138.786 Y179.745
G1 F1500 E3390.07935
G1 F1800 X137.701 Y179.748 E3390.13493
G1 X137.617 Y179.709 E3390.13967
G1 X137.524 Y179.567 E3390.14836
G1 X137.524 Y163.437 E3390.97455
G1 X137.612 Y163.323 E3390.98193
G1 X137.706 Y163.283 E3390.98716
G1 X138.744 Y163.28 E3391.04033
G1 X138.873 Y163.321 E3391.04726
G1 X138.964 Y163.431 E3391.05457
G1 X138.964 Y179.548 E3391.8801
G1 X138.923 Y179.656 E3391.88601
G1 X138.786 Y179.745 E3391.89438
G1 F1500 E3389.89438
G0 F9000 X150 Y179.744
G1 F1500 E3391.89438
G1 F1800 X143.698 Y179.744 E3392.21717
G1 X143.593 Y179.689 E3392.22325
G1 X143.524 Y179.585 E3392.22964
G1 X143.524 Y163.432 E3393.057
G1 X143.616 Y163.321 E3393.06439
G1 X143.706 Y163.283 E3393.06939
G1 X168.81 Y163.28 E3394.35523
G1 X168.922 Y163.37 E3394.36259
G1 X168.964 Y163.5 E3394.36959
G1 X168.964 Y179.548 E3395.19158
G1 X168.923 Y179.656 E3395.1975
G1 X168.79 Y179.744 E3395.20567
G1 X150 Y179.744 E3396.1681
G1 F1500 E3394.1681
G0 F9000 X150 Y187.248
G1 F1500 E3396.1681
G1 F1800 X178.687 Y187.248 E3397.63747
G1 X180.387 Y186.605 E3397.73056
G1 X181.587 Y185.254 E3397.82312
G1 X182.024 Y183.473 E3397.91705
G1 X182.024 Y116.523 E3401.34627
G1 X181.587 Y114.742 E3401.4402
G1 X180.387 Y113.395 E3401.5326
G1 X178.687 Y112.748 E3401.62577
G1 X134.242 Y112.748 E3403.90227
G1 X132.409 Y112.972 E3403.99685
G1 X130.918 Y113.999 E3404.08959
G1 X130.081 Y115.599 E3404.18207
G1 X130.08 Y136.567 E3405.25607
G1 X129.964 Y136.648 E3405.26332
G1 X129.964 Y138.872 E3405.37723
G1 X168.303 Y138.872 E3407.34098
G1 X168.4 Y138.936 E3407.34693
G1 X168.463 Y139.065 E3407.35428
G1 X168.465 Y160.961 E3408.47581
G1 X168.4 Y161.06 E3408.48188
G1 X168.282 Y161.121 E3408.48868
G1 X129.964 Y161.124 E3410.45135
G1 X129.964 Y163.352 E3410.56547
G1 X130.08 Y163.434 E3410.57275
G1 X130.08 Y184.401 E3411.64669
G1 X130.918 Y185.997 E3411.73902
G1 X132.409 Y187.027 E3411.83184
G1 X134.242 Y187.248 E3411.92641
G1 X150 Y187.248 E3412.73354
G1 F1500 E3410.73354
G0 F9000 X173.707 Y179.749
G1 F1500 E3412.73354
G1 F1800 X173.565 Y179.656 E3412.74224
G1 X173.524 Y179.548 E3412.74815
G1 X173.524 Y163.442 E3413.57311
G1 X173.691 Y163.282 E3413.58496
G1 X174.388 Y163.281 E3413.62066
G1 X174.496 Y163.326 E3413.62665
G1 X174.576 Y163.457 E3413.63452
G1 X174.58 Y179.542 E3414.4584
G1 X174.544 Y179.65 E3414.46423
G1 X174.411 Y179.743 E3414.47254
G1 X173.707 Y179.749 E3414.5086
G1 F1500 E3412.5086
G0 F9000 X177.324 Y182.967
G0 X178.245 Y184.563
G0 X178.242 Y185.476
G1 F1500 E3414.5086
G1 F1800 X177.311 Y185.229 E3414.55794
G1 X177.211 Y185.172 E3414.56383
G1 X176.531 Y184.487 E3414.61327
G1 X176.264 Y183.503 E3414.6655
G1 X176.539 Y182.501 E3414.71872
G1 X177.245 Y181.795 E3414.76986
G1 X178.243 Y181.519 E3414.82289
G1 X179.234 Y181.786 E3414.87546
G1 X179.916 Y182.468 E3414.92487
G1 X179.973 Y182.567 E3414.93072
G1 X180.219 Y183.504 E3414.98034
G1 X179.954 Y184.491 E3415.03268
G1 X179.222 Y185.217 E3415.08549
G1 X178.242 Y185.476 E3415.13741
G1 F1500 E3413.13741
G0 F9000 X173.713 Y136.718
G1 F1500 E3415.13741
G1 F1800 X173.566 Y136.63 E3415.14619
G1 X173.524 Y136.52 E3415.15222
G1 X173.524 Y120.409 E3415.97743
G1 X173.617 Y120.287 E3415.98529
G1 X173.694 Y120.253 E3415.9896
G1 X174.395 Y120.247 E3416.02551
G1 X174.544 Y120.346 E3416.03467
G1 X174.58 Y120.455 E3416.04055
G1 X174.576 Y136.543 E3416.86459
G1 X174.522 Y136.65 E3416.87073
G1 X174.388 Y136.719 E3416.87845
G1 X173.713 Y136.718 E3416.91302
G1 F1500 E3414.91302
G0 F9000 X178.243 Y118.476
G1 F1500 E3416.91302
G1 F1800 X177.243 Y118.205 E3416.96609
G1 X176.539 Y117.496 E3417.01727
G1 X176.264 Y116.497 E3417.07034
G1 X176.53 Y115.51 E3417.1227
G1 X177.212 Y114.828 E3417.1721
G1 X177.31 Y114.771 E3417.17791
G1 X178.247 Y114.52 E3417.22759
G1 X179.235 Y114.788 E3417.28003
G1 X179.954 Y115.507 E3417.33211
G1 X180.218 Y116.506 E3417.38503
G1 X179.958 Y117.487 E3417.43702
G1 X179.276 Y118.172 E3417.48653
G1 X179.177 Y118.229 E3417.49238
G1 X178.243 Y118.476 E3417.54186
G1 F1500 E3415.54186
G0 F9000 X150 Y136.72
G1 F1500 E3417.54186
G1 F1800 X143.744 Y136.72 E3417.8623
G1 X143.615 Y136.679 E3417.86923
G1 X143.524 Y136.569 E3417.87654
G1 X143.524 Y120.409 E3418.70427
G1 X143.617 Y120.287 E3418.71213
G1 X143.698 Y120.252 E3418.71665
G1 X168.79 Y120.252 E3420.00187
G1 X168.895 Y120.307 E3420.00795
G1 X168.964 Y120.411 E3420.01434
G1 X168.964 Y136.52 E3420.83945
G1 X168.922 Y136.63 E3420.84548
G1 X168.81 Y136.72 E3420.85284
G1 X150 Y136.72 E3421.8163
G1 F1500 E3419.8163
G0 F9000 X150 Y135.835
G0 X144.398 Y135.847
G0 X138.782 Y136.717
G1 F1500 E3421.8163
G1 F1800 X137.744 Y136.72 E3421.86947
G1 X137.612 Y136.676 E3421.87659
G1 X137.524 Y136.565 E3421.88385
G1 X137.524 Y120.427 E3422.71045
G1 X137.626 Y120.282 E3422.71953
G1 X137.734 Y120.248 E3422.72533
G1 X138.786 Y120.251 E3422.77921
G1 X138.895 Y120.307 E3422.78549
G1 X138.964 Y120.411 E3422.79188
G1 X138.964 Y136.569 E3423.6195
G1 X138.873 Y136.679 E3423.62682
G1 X138.782 Y136.717 E3423.63187
G1 F1500 E3421.63187
G0 F9000 X133.744 Y118.476
G1 F1500 E3423.63187
G1 F1800 X132.811 Y118.229 E3423.6813
G1 X132.711 Y118.172 E3423.6872
G1 X132.03 Y117.487 E3423.73667
G1 X131.764 Y116.497 E3423.78918
G1 X132.039 Y115.501 E3423.84211
G1 X132.761 Y114.784 E3423.89422
G1 X133.749 Y114.521 E3423.94659
G1 X134.734 Y114.786 E3423.99884
G1 X135.416 Y115.468 E3424.04824
G1 X135.473 Y115.567 E3424.05409
G1 X135.72 Y116.5 E3424.10353
G1 X135.449 Y117.496 E3424.1564
G1 X134.742 Y118.205 E3424.20768
G1 X133.744 Y118.476 E3424.26065
G1 F1500 E3422.26065
G0 F9000 X178.744 Y186.269
;TYPE:SKIN
G1 F1500 E3424.26065
G1 F1434.8 X178.355 Y186.36 E3424.28632
G1 F1406.7 X177.983 Y186.341 E3424.31074
G1 F1500 E3422.31074
G0 F9000 X178.245 Y184.563
G0 X177.324 Y182.967
G0 X173.63 Y180.578
G1 F1500 E3424.31074
G1 F1800 X174.534 Y180.585 E3424.35704
G1 X174.899 Y180.433 E3424.37729
G1 X175.24 Y180.11 E3424.40135
G1 X175.365 Y179.85 E3424.41613
G1 X175.409 Y179.622 E3424.42802
G1 X175.412 Y163.332 E3425.2624
G1 X175.25 Y162.928 E3425.2847
G1 X175.009 Y162.667 E3425.3029
G1 X174.742 Y162.515 E3425.31863
G1 X174.492 Y162.449 E3425.33188
G1 X173.629 Y162.44 E3425.37608
G1 X173.241 Y162.564 E3425.39695
G1 X172.89 Y162.874 E3425.42093
G1 X172.748 Y163.137 E3425.43624
G1 X172.692 Y163.446 E3425.45233
G1 X172.688 Y179.62 E3426.28077
G1 X172.749 Y179.885 E3426.2947
G1 X172.889 Y180.146 E3426.30987
G1 X173.126 Y180.384 E3426.32707
G1 X173.406 Y180.528 E3426.3432
G1 X173.63 Y180.578 E3426.35495
G1 F1500 E3424.35495
G0 F9000 X138.852 Y180.579
G1 F1500 E3426.35495
G1 F1800 X139.274 Y180.471 E3426.37727
G1 X139.599 Y180.147 E3426.40077
G1 X139.735 Y179.885 E3426.41589
G1 X139.796 Y179.62 E3426.42982
G1 X139.795 Y163.421 E3427.25954
G1 X139.707 Y163.051 E3427.27902
G1 F1767.9 X139.36 Y162.633 E3427.30735
G1 F1706.9 X138.808 Y162.438 E3427.33898
G1 F1685.1 X137.588 Y162.434 E3427.40573
G1 F1721.7 X137.104 Y162.648 E3427.43406
G1 F1775.8 X136.766 Y163.081 E3427.46258
G1 F1800 X136.692 Y163.461 E3427.48241
G1 X136.689 Y179.566 E3428.30732
G1 X136.729 Y179.819 E3428.32044
G1 X136.84 Y180.076 E3428.33478
G1 X137.169 Y180.413 E3428.3589
G1 X137.424 Y180.533 E3428.37334
G1 X137.671 Y180.582 E3428.38624
G1 X138.852 Y180.579 E3428.44673
G1 F1500 E3426.44673
G0 F9000 X150 Y180.583
G1 F1500 E3428.44673
G1 F1800 X168.882 Y180.581 E3429.41388
G1 X169.28 Y180.461 E3429.43517
G1 X169.604 Y180.145 E3429.45835
G1 X169.735 Y179.885 E3429.47326
G1 X169.796 Y179.62 E3429.48719
G1 X169.798 Y163.463 E3430.31476
G1 X169.736 Y163.134 E3430.33191
G1 X169.598 Y162.877 E3430.34685
G1 X169.397 Y162.67 E3430.36163
G1 X169.117 Y162.516 E3430.378
G1 F1787.8 X168.74 Y162.441 E3430.39782
G1 F1736.8 X168.428 Y162.431 E3430.41439
G1 F1699.6 X143.588 Y162.434 E3431.76189
G1 F1721.7 X143.117 Y162.641 E3431.78944
G1 F1775.8 X142.781 Y163.051 E3431.81697
G1 F1800 X142.693 Y163.421 E3431.83645
G1 X142.688 Y179.623 E3432.66632
G1 X142.745 Y179.881 E3432.67986
G1 X143.014 Y180.296 E3432.70519
G1 X143.287 Y180.477 E3432.72196
G1 X143.585 Y180.584 E3432.73818
G1 X150 Y180.583 E3433.06676
G1 F1500 E3431.06676
G0 F9000 X150 Y186.409
G1 F1500 E3433.06676
G1 F1800 X134.306 Y186.408 E3433.87062
G1 X134.126 Y186.315 E3433.881
G1 X134.303 Y186.191 E3433.89207
G1 X134.913 Y186.03 E3433.92438
G1 X135.355 Y185.774 E3433.95054
G1 X136.025 Y185.098 E3433.99929
G1 X136.273 Y184.671 E3434.02459
G1 X136.509 Y183.772 E3434.07219
G1 X136.526 Y183.293 E3434.09674
G1 X136.232 Y182.183 E3434.15556
G1 X136.025 Y181.896 E3434.17368
G1 X135.368 Y181.236 E3434.22138
G1 X135.059 Y181.011 E3434.24096
G1 X133.846 Y180.677 E3434.3054
G1 X133.494 Y180.721 E3434.32357
G1 X132.571 Y180.966 E3434.37249
G1 X132.132 Y181.22 E3434.39847
G1 X131.464 Y181.888 E3434.44685
G1 X131.217 Y182.308 E3434.47181
G1 X131.01 Y182.711 E3434.49502
G1 X130.916 Y182.291 E3434.51706
G1 X130.913 Y163.462 E3435.4815
G1 X130.855 Y163.148 E3435.49785
G1 X130.8 Y163.077 E3435.50245
G1 X130.8 Y161.96 E3435.55966
G1 X137.021 Y161.96 E3435.87831
G1 F1748.3 X137.548 Y161.973 E3435.90611
G1 F1685.1 X138.879 Y161.976 E3435.97893
G1 F1736.8 X139.395 Y161.96 E3436.00633
G1 F1800 X143.039 Y161.96 E3436.19298
G1 F1748.3 X143.548 Y161.973 E3436.21983
G1 F1699.6 X168.388 Y161.97 E3437.56733
G1 F1736.8 X168.632 Y161.887 E3437.58102
G1 F1783.8 X168.986 Y161.659 E3437.60278
G1 F1791.9 X169.161 Y161.423 E3437.6179
G1 F1800 X169.266 Y161.163 E3437.63226
G1 X169.3 Y160.899 E3437.64589
G1 X169.289 Y138.953 E3438.76998
G1 X169.167 Y138.586 E3438.78979
G1 X168.989 Y138.34 E3438.80534
G1 F1791.9 X168.635 Y138.102 E3438.82729
G1 F1748.3 X168.281 Y138.028 E3438.84636
G1 F1703.2 X155.942 Y138.024 E3439.51428
G1 F1685.1 X143.603 Y138.02 E3440.18939
G1 F1736.8 X143.082 Y138.036 E3440.21706
G1 F1800 X139.448 Y138.036 E3440.40319
G1 F1752.2 X138.932 Y138.024 E3440.43035
G1 F1692.3 X137.6 Y138.02 E3440.50292
G1 F1736.8 X137.064 Y138.036 E3440.53138
G1 F1800 X130.8 Y138.036 E3440.85223
G1 X130.8 Y136.919 E3440.90944
G1 X130.855 Y136.848 E3440.91404
G1 X130.913 Y136.539 E3440.93015
G1 X130.916 Y117.703 E3441.89494
G1 X131 Y117.203 E3441.92091
G1 X131.211 Y117.668 E3441.94706
G1 X131.46 Y118.1 E3441.9726
G1 X132.129 Y118.774 E3442.02124
G1 X132.571 Y119.029 E3442.04738
G1 X133.494 Y119.271 E3442.09625
G1 X133.837 Y119.317 E3442.11398
G1 X135.059 Y118.989 E3442.17879
G1 X135.368 Y118.76 E3442.19849
G1 X136.012 Y118.116 E3442.24514
G1 X136.234 Y117.819 E3442.26413
G1 X136.556 Y116.595 E3442.32896
G1 X136.519 Y116.26 E3442.34622
G1 X136.274 Y115.328 E3442.39558
G1 X136.024 Y114.892 E3442.42132
G1 X135.351 Y114.219 E3442.47007
G1 X134.914 Y113.967 E3442.49591
G1 X134.047 Y113.724 E3442.54203
G1 X133.963 Y113.678 E3442.54693
G1 X134.067 Y113.616 E3442.55314
G1 X134.292 Y113.584 E3442.56478
G1 X177.045 Y113.584 E3444.75461
G1 F1577.7 X178.048 Y113.646 E3444.81334
G1 X177.042 Y113.984 E3444.87535
G1 F1800 X176.632 Y114.22 E3444.89959
G1 X175.964 Y114.888 E3444.94797
G1 X175.711 Y115.326 E3444.97388
G1 X175.471 Y116.214 E3445.021
G1 X175.428 Y116.603 E3445.04104
G1 X175.75 Y117.814 E3445.10523
G1 X175.975 Y118.116 E3445.12452
G1 X176.615 Y118.76 E3445.17102
G1 X176.929 Y118.989 E3445.19093
G1 X177.994 Y119.271 E3445.24736
G1 X178.337 Y119.317 E3445.26508
G1 X179.419 Y119.029 E3445.32243
G1 X179.851 Y118.777 E3445.34805
G1 X180.524 Y118.101 E3445.39691
G1 X180.759 Y117.695 E3445.42094
G1 F1529 X181.11 Y116.695 E3445.48485
G1 X181.188 Y117.693 E3445.54521
G1 F1800 X181.188 Y183.323 E3448.90682
G1 X181.095 Y183.434 E3448.91423
G1 X181.025 Y183.281 E3448.92285
G1 X180.773 Y182.327 E3448.97339
G1 X180.52 Y181.888 E3448.99935
G1 X179.852 Y181.22 E3449.04773
G1 X179.412 Y180.966 E3449.07376
G1 X178.345 Y180.677 E3449.13038
G1 X177.994 Y180.721 E3449.1485
G1 X176.929 Y181.011 E3449.20503
G1 X176.642 Y181.213 E3449.22301
G1 X175.98 Y181.872 E3449.27085
G1 X175.756 Y182.179 E3449.29032
G1 X175.428 Y183.394 E3449.35478
G1 X175.465 Y183.746 E3449.37291
G1 X175.71 Y184.67 E3449.42187
G1 X175.959 Y185.098 E3449.44724
G1 X176.632 Y185.776 E3449.49617
G1 X177.046 Y186.015 E3449.52065
G1 F1549.9 X177.983 Y186.341 E3449.57967
G1 X177.052 Y186.411 E3449.6352
G1 F1800 X150 Y186.409 E3451.02082
G1 F1500 E3449.02082
G0 F9000 X178.048 Y113.646
G1 F1500 E3451.02082
G1 F1394.4 X178.443 Y113.629 E3451.04697
G1 F1399.3 X178.756 Y113.73 E3451.06864
G0 F9000 X179.893 Y114.185
G1 F1505.7 X180.633 Y114.97 E3451.13469
G1 F1526 X180.788 Y115.2 E3451.15145
G1 F1500 X181.087 Y116.368 E3451.22556
G1 F1432.2 X181.113 Y116.628 E3451.24238
G1 F1335.6 X181.11 Y116.695 E3451.24701
G1 F1500 E3449.24701
G0 F9000 X173.634 Y137.554
G1 F1500 E3451.24701
G1 F1800 X174.492 Y137.547 E3451.29096
G1 X174.74 Y137.486 E3451.30404
G1 X175.008 Y137.334 E3451.31982
G1 X175.255 Y137.071 E3451.3383
G1 X175.413 Y136.642 E3451.36172
G1 X175.41 Y120.384 E3452.19446
G1 X175.364 Y120.145 E3452.20693
G1 X175.232 Y119.865 E3452.22278
G1 X174.881 Y119.548 E3452.24701
G1 X174.525 Y119.411 E3452.26655
G1 X173.63 Y119.418 E3452.31239
G1 X173.408 Y119.464 E3452.324
G1 X173.122 Y119.611 E3452.34047
G1 X172.888 Y119.846 E3452.35746
G1 X172.748 Y120.111 E3452.37281
G1 X172.692 Y120.421 E3452.38895
G1 X172.688 Y136.588 E3453.21703
G1 X172.761 Y136.887 E3453.23279
G1 X172.89 Y137.123 E3453.24657
G1 X173.247 Y137.438 E3453.27096
G1 X173.634 Y137.554 E3453.29165
G1 F1500 E3451.29165
G0 F9000 X168.092 Y135.847
G0 X150.43 Y135.835
G0 X150.43 Y137.563
G1 F1500 E3453.29165
G1 F1706.9 X168.322 Y137.568 E3454.25808
G1 F1752.2 X168.785 Y137.552 E3454.28245
G1 F1800 X169.154 Y137.477 E3454.30174
G1 X169.4 Y137.323 E3454.31661
G1 X169.594 Y137.127 E3454.33073
G1 X169.734 Y136.862 E3454.34608
G1 X169.796 Y136.588 E3454.36047
G1 X169.8 Y120.468 E3455.18615
G1 X169.74 Y120.114 E3455.20454
G1 X169.472 Y119.697 E3455.22993
G1 X169.198 Y119.516 E3455.24675
G1 X168.898 Y119.412 E3455.26301
G1 X143.602 Y119.415 E3456.55869
G1 X143.204 Y119.531 E3456.57992
G1 X142.888 Y119.846 E3456.60278
G1 X142.748 Y120.111 E3456.61813
G1 X142.692 Y120.421 E3456.63426
G1 X142.688 Y136.533 E3457.45953
G1 X142.78 Y136.943 E3457.48105
G1 F1767.9 X143.118 Y137.363 E3457.50917
G1 F1706.9 X143.675 Y137.561 E3457.5411
G1 F1692.3 X150.43 Y137.563 E3457.90911
G1 F1500 E3455.90911
G0 F9000 X150.43 Y135.835
G0 X144.398 Y135.847
G0 X138.892 Y137.565
G1 F1500 E3457.90911
G1 F1729.3 X139.365 Y137.356 E3457.93668
G1 F1775.8 X139.707 Y136.945 E3457.96444
G1 F1800 X139.795 Y136.575 E3457.98392
G1 X139.797 Y120.427 E3458.81103
G1 X139.74 Y120.114 E3458.82733
G1 X139.474 Y119.701 E3458.85249
G1 X139.165 Y119.492 E3458.8716
G1 X138.851 Y119.417 E3458.88813
G1 X137.671 Y119.414 E3458.94858
G1 X137.437 Y119.458 E3458.96077
G1 X137.178 Y119.574 E3458.97531
G1 X136.847 Y119.909 E3458.99943
G1 X136.729 Y120.175 E3459.01433
G1 X136.69 Y120.43 E3459.02755
G1 X136.688 Y136.492 E3459.85025
G1 X136.765 Y136.915 E3459.87227
G1 X137.071 Y137.301 E3459.8975
G1 X137.173 Y137.373 E3459.9039
G1 F1736.8 X137.676 Y137.56 E3459.93239
G1 F1692.3 X138.892 Y137.565 E3459.99863
G1 F1500 E3457.99863
G0 F9000 X176.747 Y113.899
G1 F1500 E3459.99863
G1 F1800 X176.653 Y113.805 E3460.00544
G0 F9000 X176.383 Y114.157
G1 F1800 X176.031 Y113.805 E3460.03094
G0 F9000 X175.408 Y113.805
G1 F1800 X176.072 Y114.469 E3460.07904
G0 F9000 X175.768 Y114.787
G1 F1800 X174.786 Y113.805 E3460.15017
G0 F9000 X174.164 Y113.805
G1 F1800 X175.541 Y115.182 E3460.24992
G0 F9000 X175.394 Y115.658
G1 F1800 X173.542 Y113.805 E3460.38411
G0 F9000 X172.919 Y113.805
G1 F1800 X175.261 Y116.147 E3460.55375
G0 F9000 X175.239 Y116.747
G1 F1800 X172.297 Y113.805 E3460.76686
G0 F9000 X171.675 Y113.805
G1 F1800 X175.464 Y117.595 E3461.04136
G1 F1500 E3459.04136
G0 F9000 X174.566 Y119.186
G1 F1500 E3461.04136
G1 F1800 X169.186 Y113.805 E3461.43111
G0 F9000 X168.564 Y113.805
G1 F1800 X173.953 Y119.195 E3461.82151
G0 F9000 X173.383 Y119.246
G1 F1800 X167.941 Y113.805 E3462.21567
G0 F9000 X167.319 Y113.805
G1 F1800 X172.969 Y119.455 E3462.62494
G0 F9000 X172.675 Y119.784
G1 F1800 X166.697 Y113.805 E3463.05801
G0 F9000 X166.075 Y113.805
G1 F1800 X172.504 Y120.234 E3463.5237
G0 F9000 X172.469 Y120.822
G1 F1800 X165.452 Y113.805 E3464.03199
G0 F9000 X164.83 Y113.805
G1 F1800 X172.469 Y121.444 E3464.58534
G0 F9000 X172.469 Y122.066
G1 F1800 X164.208 Y113.805 E3465.18374
G0 F9000 X163.586 Y113.805
G1 F1800 X168.991 Y119.211 E3465.5753
G0 F9000 X168.35 Y119.192
G1 F1800 X162.963 Y113.805 E3465.96551
G0 F9000 X162.341 Y113.805
G1 F1800 X167.728 Y119.192 E3466.35573
G0 F9000 X167.106 Y119.192
G1 F1800 X161.719 Y113.805 E3466.74595
G0 F9000 X161.097 Y113.805
G1 F1800 X166.483 Y119.192 E3467.13613
G0 F9000 X165.862 Y119.193
G1 F1800 X160.474 Y113.805 E3467.52642
G0 F9000 X159.852 Y113.805
G1 F1800 X165.24 Y119.193 E3467.91671
G0 F9000 X164.617 Y119.193
G1 F1800 X159.23 Y113.805 E3468.30696
G0 F9000 X158.608 Y113.805
G1 F1800 X163.995 Y119.193 E3468.69722
G0 F9000 X163.373 Y119.193
G1 F1800 X157.985 Y113.805 E3469.08751
G0 F9000 X157.363 Y113.805
G1 F1800 X162.751 Y119.193 E3469.4778
G0 F9000 X162.129 Y119.193
G1 F1800 X156.741 Y113.805 E3469.86809
G0 F9000 X156.119 Y113.805
G1 F1800 X161.507 Y119.193 E3470.25838
G0 F9000 X160.884 Y119.193
G1 F1800 X155.496 Y113.805 E3470.64867
G0 F9000 X154.873 Y113.805
G1 F1800 X160.263 Y119.194 E3471.03906
G0 F9000 X159.641 Y119.194
G1 F1800 X154.251 Y113.805 E3471.42946
G0 F9000 X153.629 Y113.805
G1 F1800 X159.018 Y119.194 E3471.81983
G0 F9000 X158.396 Y119.194
G1 F1800 X153.007 Y113.805 E3472.21019
G0 F9000 X152.384 Y113.805
G1 F1800 X157.774 Y119.194 E3472.60059
G0 F9000 X157.152 Y119.195
G1 F1800 X151.762 Y113.805 E3472.99102
G0 F9000 X151.14 Y113.805
G1 F1800 X156.53 Y119.195 E3473.38146
G0 F9000 X155.908 Y119.195
G1 F1800 X150.518 Y113.805 E3473.77189
G0 F9000 X149.895 Y113.805
G1 F1800 X155.286 Y119.195 E3474.16236
G0 F9000 X154.664 Y119.196
G1 F1800 X149.273 Y113.805 E3474.55287
G0 F9000 X148.651 Y113.805
G1 F1800 X154.042 Y119.196 E3474.94338
G0 F9000 X153.42 Y119.196
G1 F1800 X148.029 Y113.805 E3475.33388
G0 F9000 X147.406 Y113.805
G1 F1800 X152.797 Y119.196 E3475.72439
G0 F9000 X152.175 Y119.196
G1 F1800 X146.784 Y113.805 E3476.1149
G0 F9000 X146.162 Y113.805
G1 F1800 X151.553 Y119.196 E3476.50541
G0 F9000 X150.931 Y119.196
G1 F1800 X145.54 Y113.805 E3476.89591
G0 F9000 X144.917 Y113.805
G1 F1800 X150.309 Y119.196 E3477.28646
G0 F9000 X149.687 Y119.196
G1 F1800 X144.295 Y113.805 E3477.677
G0 F9000 X143.673 Y113.805
G1 F1800 X149.065 Y119.197 E3478.06758
G0 F9000 X148.443 Y119.197
G1 F1800 X143.051 Y113.805 E3478.45816
G0 F9000 X142.428 Y113.805
G1 F1800 X147.821 Y119.197 E3478.84877
G0 F9000 X147.198 Y119.197
G1 F1800 X141.806 Y113.805 E3479.23935
G0 F9000 X141.184 Y113.805
G1 F1800 X146.576 Y119.197 E3479.62993
G0 F9000 X145.955 Y119.198
G1 F1800 X140.562 Y113.805 E3480.02059
G0 F9000 X139.939 Y113.805
G1 F1800 X145.332 Y119.198 E3480.41124
G0 F9000 X144.71 Y119.198
G1 F1800 X139.317 Y113.805 E3480.80189
G0 F9000 X138.695 Y113.805
G1 F1800 X144.088 Y119.198 E3481.19254
G0 F9000 X143.488 Y119.22
G1 F1800 X138.072 Y113.805 E3481.58482
G0 F9000 X137.45 Y113.805
G1 F1800 X143.036 Y119.39 E3481.98942
G0 F9000 X142.725 Y119.701
G1 F1800 X136.828 Y113.805 E3482.41654
G0 F9000 X136.206 Y113.805
G1 F1800 X142.524 Y120.123 E3482.8742
G0 F9000 X142.469 Y120.69
G1 F1800 X135.583 Y113.805 E3483.37296
G1 F1500 E3481.37296
G0 F9000 X136.507 Y115.35
G1 F1500 E3483.37296
G1 F1800 X142.469 Y121.312 E3483.80483
G0 F9000 X142.469 Y121.934
G1 F1800 X136.727 Y116.192 E3484.22077
G0 F9000 X136.727 Y116.815
G1 F1800 X139.181 Y119.268 E3484.39849
G0 F9000 X138.488 Y119.198
G1 F1800 X136.594 Y117.304 E3484.53569
G0 F9000 X136.462 Y117.794
G1 F1800 X137.865 Y119.197 E3484.63731
G0 F9000 X137.317 Y119.271
G1 F1800 X136.232 Y118.187 E3484.71587
G0 F9000 X135.931 Y118.508
G1 F1800 X136.929 Y119.506 E3484.78816
G0 F9000 X136.638 Y119.838
G1 F1800 X135.618 Y118.817 E3484.86209
G0 F9000 X135.282 Y119.103
G1 F1800 X136.488 Y120.309 E3484.94944
G0 F9000 X136.47 Y120.914
G1 F1800 X134.832 Y119.275 E3485.06813
G0 F9000 X134.343 Y119.408
G1 F1800 X136.47 Y121.536 E3485.22224
G0 F9000 X136.47 Y122.158
G1 F1800 X133.847 Y119.535 E3485.41224
G0 F9000 X133.078 Y119.389
G1 F1800 X136.47 Y122.781 E3485.65795
G0 F9000 X136.47 Y123.403
G1 F1800 X132.052 Y118.985 E3485.97798
G0 F9000 X131.135 Y118.69
G1 F1800 X136.47 Y124.025 E3486.36443
G0 F9000 X136.47 Y124.647
G1 F1800 X131.135 Y119.312 E3486.75088
G0 F9000 X131.135 Y119.935
G1 F1800 X136.47 Y125.27 E3487.13733
G0 F9000 X136.469 Y125.891
G1 F1800 X131.134 Y120.556 E3487.52378
G0 F9000 X131.134 Y121.178
G1 F1800 X136.469 Y126.513 E3487.91023
G0 F9000 X136.469 Y127.136
G1 F1800 X131.134 Y121.801 E3488.29668
G0 F9000 X131.134 Y122.422
G1 F1800 X136.469 Y127.758 E3488.68317
G0 F9000 X136.469 Y128.38
G1 F1800 X131.134 Y123.044 E3489.06965
G0 F9000 X131.134 Y123.667
G1 F1800 X136.469 Y129.002 E3489.45611
G0 F9000 X136.469 Y129.625
G1 F1800 X131.133 Y124.288 E3489.84266
G0 F9000 X131.133 Y124.91
G1 F1800 X136.469 Y130.247 E3490.22922
G0 F9000 X136.469 Y130.869
G1 F1800 X131.133 Y125.533 E3490.61575
G0 F9000 X131.133 Y126.155
G1 F1800 X136.469 Y131.491 E3491.00227
G0 F9000 X136.469 Y132.113
G1 F1800 X131.132 Y126.776 E3491.38887
G0 F9000 X131.132 Y127.399
G1 F1800 X136.469 Y132.735 E3491.77543
G0 F9000 X136.469 Y133.358
G1 F1800 X131.132 Y128.021 E3492.16202
G0 F9000 X131.132 Y128.643
G1 F1800 X136.469 Y133.98 E3492.54862
G0 F9000 X136.469 Y134.602
G1 F1800 X131.132 Y129.265 E3492.93521
G0 F9000 X131.132 Y129.887
G1 F1800 X136.469 Y135.224 E3493.32181
G0 F9000 X136.469 Y135.847
G1 F1800 X131.131 Y130.509 E3493.70848
G0 F9000 X131.131 Y131.131
G1 F1800 X136.469 Y136.469 E3494.09514
G0 F9000 X136.571 Y137.816
G1 F1800 X131.131 Y132.375 E3494.48924
G0 F9000 X131.131 Y131.753
G1 F1800 X137.186 Y137.809 E3494.92788
G0 F9000 X135.949 Y137.816
G1 F1800 X131.13 Y132.997 E3495.27695
G0 F9000 X131.13 Y133.619
G1 F1800 X135.327 Y137.816 E3495.58097
G0 F9000 X134.705 Y137.816
G1 F1800 X131.13 Y134.241 E3495.83993
G0 F9000 X131.129 Y134.863
G1 F1800 X134.082 Y137.816 E3496.05384
G0 F9000 X133.46 Y137.816
G1 F1800 X131.129 Y135.485 E3496.22269
G0 F9000 X131.129 Y136.107
G1 F1800 X132.838 Y137.816 E3496.34648
G0 F9000 X132.216 Y137.816
G1 F1800 X131.104 Y136.704 E3496.42703
G0 F9000 X131.02 Y137.242
G1 F1800 X131.593 Y137.816 E3496.46857
G1 F1500 E3494.46857
G0 F9000 X139.428 Y137.561
G1 F1500 E3496.46857
G1 F1800 X139.683 Y137.816 E3496.48705
G0 F9000 X139.739 Y137.25
G1 F1800 X140.305 Y137.816 E3496.52805
G0 F9000 X140.927 Y137.816
G1 F1800 X139.956 Y136.845 E3496.59838
G0 F9000 X140.019 Y136.286
G1 F1800 X141.549 Y137.816 E3496.70921
G0 F9000 X142.172 Y137.816
G1 F1800 X140.019 Y135.663 E3496.86517
G0 F9000 X140.019 Y135.041
G1 F1800 X142.794 Y137.816 E3497.06618
G0 F9000 X143.246 Y137.646
G1 F1800 X143.397 Y137.797 E3497.07712
G0 F9000 X142.563 Y136.963
G1 F1800 X140.018 Y134.418 E3497.26147
G0 F9000 X140.018 Y133.796
G1 F1800 X142.469 Y136.246 E3497.43898
G0 F9000 X142.469 Y135.624
G1 F1800 X140.018 Y133.174 E3497.61648
G0 F9000 X140.018 Y132.551
G1 F1800 X142.469 Y135.002 E3497.79402
G0 F9000 X142.469 Y134.379
G1 F1800 X140.018 Y131.928 E3497.97157
G0 F9000 X140.018 Y131.306
G1 F1800 X142.469 Y133.757 E3498.14911
G0 F9000 X142.469 Y133.135
G1 F1800 X140.018 Y130.684 E3498.32665
G0 F9000 X140.017 Y130.061
G1 F1800 X142.469 Y132.513 E3498.50427
G0 F9000 X142.469 Y131.89
G1 F1800 X140.017 Y129.439 E3498.68185
G0 F9000 X140.017 Y128.816
G1 F1800 X142.469 Y131.268 E3498.85946
G0 F9000 X142.469 Y130.646
G1 F1800 X140.016 Y128.194 E3499.03711
G0 F9000 X140.016 Y127.571
G1 F1800 X142.469 Y130.024 E3499.2148
G0 F9000 X142.469 Y129.401
G1 F1800 X140.016 Y126.949 E3499.39245
G0 F9000 X140.016 Y126.326
G1 F1800 X142.469 Y128.779 E3499.57014
G0 F9000 X142.469 Y128.157
G1 F1800 X140.016 Y125.704 E3499.74783
G0 F9000 X140.016 Y125.082
G1 F1800 X142.469 Y127.534 E3499.92548
G0 F9000 X142.469 Y126.912
G1 F1800 X140.016 Y124.459 E3500.10317
G0 F9000 X140.015 Y123.836
G1 F1800 X142.469 Y126.29 E3500.28093
G0 F9000 X142.469 Y125.668
G1 F1800 X140.015 Y123.214 E3500.45869
G0 F9000 X140.015 Y122.592
G1 F1800 X142.469 Y125.045 E3500.63641
G0 F9000 X142.469 Y124.423
G1 F1800 X140.014 Y121.969 E3500.81421
G0 F9000 X140.014 Y121.347
G1 F1800 X142.469 Y123.801 E3500.992
G0 F9000 X142.469 Y123.179
G1 F1800 X140.014 Y120.724 E3501.16984
G0 F9000 X139.945 Y120.033
G1 F1800 X142.469 Y122.556 E3501.35263
G1 F1500 E3499.35263
G0 F9000 X131.293 Y118.225
G1 F1500 E3501.35263
G1 F1800 X131.135 Y118.068 E3501.36404
G1 F1500 E3499.36404
G0 F9000 X169.976 Y120.196
G1 F1500 E3501.36404
G1 F1800 X172.469 Y122.689 E3501.54463
G0 F9000 X172.469 Y123.311
G1 F1800 X170.014 Y120.856 E3501.72246
G0 F9000 X170.014 Y121.478
G1 F1800 X172.469 Y123.933 E3501.90029
G0 F9000 X172.469 Y124.555
G1 F1800 X170.014 Y122.1 E3502.07812
G0 F9000 X170.014 Y122.723
G1 F1800 X172.469 Y125.178 E3502.25596
G0 F9000 X172.469 Y125.8
G1 F1800 X170.014 Y123.345 E3502.43379
G0 F9000 X170.014 Y123.967
G1 F1800 X172.469 Y126.422 E3502.61162
G0 F9000 X172.469 Y127.044
G1 F1800 X170.014 Y124.589 E3502.78945
G0 F9000 X170.014 Y125.212
G1 F1800 X172.469 Y127.667 E3502.96729
G0 F9000 X172.469 Y128.289
G1 F1800 X170.014 Y125.834 E3503.14512
G0 F9000 X170.014 Y126.456
G1 F1800 X172.469 Y128.911 E3503.32295
G0 F9000 X172.469 Y129.533
G1 F1800 X170.014 Y127.078 E3503.50078
G0 F9000 X170.014 Y127.701
G1 F1800 X172.469 Y130.156 E3503.67862
G0 F9000 X172.469 Y130.778
G1 F1800 X170.014 Y128.323 E3503.85645
G0 F9000 X170.014 Y128.945
G1 F1800 X172.469 Y131.4 E3504.03428
G0 F9000 X172.469 Y132.022
G1 F1800 X170.014 Y129.567 E3504.21211
G0 F9000 X170.014 Y130.19
G1 F1800 X172.469 Y132.645 E3504.38995
G0 F9000 X172.469 Y133.267
G1 F1800 X170.014 Y130.812 E3504.56778
G0 F9000 X170.014 Y131.434
G1 F1800 X172.469 Y133.889 E3504.74561
G0 F9000 X172.469 Y134.512
G1 F1800 X170.014 Y132.056 E3504.92348
G0 F9000 X170.014 Y132.679
G1 F1800 X172.469 Y135.134 E3505.10131
G0 F9000 X172.469 Y135.756
G1 F1800 X170.014 Y133.301 E3505.27914
G0 F9000 X170.014 Y133.923
G1 F1800 X172.469 Y136.378 E3505.45698
G0 F9000 X172.702 Y137.234
G1 F1800 X170.014 Y134.545 E3505.65172
G0 F9000 X170.014 Y135.168
G1 F1800 X180.968 Y146.122 E3506.4452
G0 F9000 X180.968 Y146.744
G1 F1800 X170.014 Y135.79 E3507.23867
G0 F9000 X170.014 Y136.412
G1 F1800 X180.968 Y147.367 E3508.03218
G0 F9000 X180.968 Y147.989
G1 F1800 X169.932 Y136.952 E3508.83163
G0 F9000 X169.693 Y137.336
G1 F1800 X180.968 Y148.611 E3509.64836
G0 F9000 X180.968 Y149.233
G1 F1800 X169.349 Y137.614 E3510.49
G0 F9000 X168.871 Y137.759
G1 F1800 X180.968 Y149.856 E3511.36627
G0 F9000 X180.968 Y150.478
G1 F1800 X169.513 Y139.022 E3512.19607
G0 F9000 X169.513 Y139.644
G1 F1800 X180.968 Y151.1 E3513.02587
G0 F9000 X180.968 Y151.722
G1 F1800 X169.513 Y140.267 E3513.85563
G0 F9000 X169.513 Y140.889
G1 F1800 X180.968 Y152.345 E3514.68544
G0 F9000 X180.968 Y152.967
G1 F1800 X169.513 Y141.511 E3515.51524
G0 F9000 X169.513 Y142.134
G1 F1800 X180.968 Y153.589 E3516.345
G0 F9000 X180.968 Y154.212
G1 F1800 X169.513 Y142.756 E3517.1748
G0 F9000 X169.513 Y143.379
G1 F1800 X180.968 Y154.834 E3518.00457
G0 F9000 X180.968 Y155.456
G1 F1800 X169.513 Y144.001 E3518.83433
G0 F9000 X169.513 Y144.623
G1 F1800 X180.968 Y156.078 E3519.66409
G0 F9000 X180.968 Y156.701
G1 F1800 X169.514 Y145.246 E3520.49382
G0 F9000 X169.514 Y145.868
G1 F1800 X180.968 Y157.323 E3521.32355
G0 F9000 X180.968 Y157.945
G1 F1800 X169.514 Y146.491 E3522.15324
G0 F9000 X169.514 Y147.113
G1 F1800 X180.968 Y158.567 E3522.98294
G0 F9000 X180.968 Y159.19
G1 F1800 X169.514 Y147.735 E3523.81266
G0 F9000 X169.514 Y148.357
G1 F1800 X180.968 Y159.812 E3524.64239
G0 F9000 X180.968 Y160.434
G1 F1800 X169.515 Y148.98 E3525.47205
G0 F9000 X169.515 Y149.603
G1 F1800 X180.968 Y161.056 E3526.30167
G0 F9000 X180.968 Y161.679
G1 F1800 X169.515 Y150.225 E3527.13132
G0 F9000 X169.515 Y150.847
G1 F1800 X180.968 Y162.301 E3527.96098
G0 F9000 X180.968 Y162.923
G1 F1800 X169.515 Y151.469 E3528.79063
G0 F9000 X169.515 Y152.092
G1 F1800 X180.968 Y163.545 E3529.62025
G0 F9000 X180.968 Y164.168
G1 F1800 X169.515 Y152.715 E3530.44987
G0 F9000 X169.515 Y153.337
G1 F1800 X180.968 Y164.79 E3531.27949
G0 F9000 X180.968 Y165.412
G1 F1800 X169.515 Y153.959 E3532.10911
G0 F9000 X169.515 Y154.581
G1 F1800 X180.968 Y166.034 E3532.93873
G0 F9000 X180.968 Y166.657
G1 F1800 X169.516 Y155.204 E3533.76832
G0 F9000 X169.516 Y155.827
G1 F1800 X180.968 Y167.279 E3534.59786
G0 F9000 X180.968 Y167.901
G1 F1800 X169.516 Y156.449 E3535.42741
G0 F9000 X169.516 Y157.071
G1 F1800 X174.731 Y162.286 E3535.80517
G0 F9000 X174.05 Y162.227
G1 F1800 X169.516 Y157.693 E3536.1336
G0 F9000 X169.517 Y158.316
G1 F1800 X173.465 Y162.265 E3536.41961
G0 F9000 X173.032 Y162.454
G1 F1800 X169.517 Y158.939 E3536.67423
G0 F9000 X169.517 Y159.561
G1 F1800 X172.708 Y162.752 E3536.90538
G0 F9000 X172.518 Y163.185
G1 F1800 X169.517 Y160.183 E3537.12279
G0 F9000 X169.517 Y160.805
G1 F1800 X172.469 Y163.757 E3537.33663
G0 F9000 X172.469 Y164.38
G1 F1800 X169.431 Y161.341 E3537.55673
G0 F9000 X169.202 Y161.735
G1 F1800 X172.469 Y165.002 E3537.79338
G0 F9000 X172.469 Y165.624
G1 F1800 X169.952 Y163.108 E3537.97567
G0 F9000 X170.015 Y163.792
G1 F1800 X172.469 Y166.246 E3538.15343
G0 F9000 X172.469 Y166.869
G1 F1800 X170.015 Y164.414 E3538.33122
G0 F9000 X170.015 Y165.037
G1 F1800 X172.469 Y167.491 E3538.50898
G0 F9000 X172.469 Y168.113
G1 F1800 X170.015 Y165.659 E3538.68674
G0 F9000 X170.015 Y166.281
G1 F1800 X172.469 Y168.735 E3538.8645
G0 F9000 X172.469 Y169.358
G1 F1800 X170.015 Y166.903 E3539.0423
G0 F9000 X170.015 Y167.526
G1 F1800 X172.469 Y169.98 E3539.22006
G0 F9000 X172.469 Y170.602
G1 F1800 X170.015 Y168.148 E3539.39782
G0 F9000 X170.015 Y168.77
G1 F1800 X172.469 Y171.224 E3539.57558
G0 F9000 X172.469 Y171.847
G1 F1800 X170.015 Y169.392 E3539.75338
G0 F9000 X170.015 Y170.015
G1 F1800 X172.469 Y172.469 E3539.93114
G0 F9000 X172.469 Y173.091
G1 F1800 X170.015 Y170.637 E3540.1089
G0 F9000 X170.015 Y171.259
G1 F1800 X172.469 Y173.714 E3540.28669
G0 F9000 X172.469 Y174.336
G1 F1800 X170.015 Y171.881 E3540.46449
G0 F9000 X170.015 Y172.504
G1 F1800 X172.469 Y174.958 E3540.64225
G0 F9000 X172.469 Y175.58
G1 F1800 X170.015 Y173.126 E3540.82001
G0 F9000 X170.015 Y173.748
G1 F1800 X172.469 Y176.203 E3540.99781
G0 F9000 X172.469 Y176.825
G1 F1800 X170.015 Y174.37 E3541.1756
G0 F9000 X170.015 Y174.993
G1 F1800 X172.469 Y177.447 E3541.35336
G0 F9000 X172.469 Y178.069
G1 F1800 X170.015 Y175.615 E3541.53112
G0 F9000 X170.015 Y176.237
G1 F1800 X172.469 Y178.692 E3541.70892
G0 F9000 X172.469 Y179.314
G1 F1800 X170.015 Y176.859 E3541.88671
G0 F9000 X170.015 Y177.482
G1 F1800 X172.601 Y180.068 E3542.07404
G0 F9000 X173.206 Y180.673
G1 F1800 X175.355 Y182.822 E3542.2297
G0 F9000 X175.489 Y182.334
G1 F1800 X173.958 Y180.803 E3542.3406
G0 F9000 X174.581 Y180.804
G1 F1800 X175.682 Y181.905 E3542.42036
G0 F9000 X175.97 Y181.57
G1 F1800 X175.019 Y180.619 E3542.48924
G0 F9000 X175.344 Y180.322
G1 F1800 X176.281 Y181.259 E3542.55712
G0 F9000 X176.611 Y180.967
G1 F1800 X175.57 Y179.926 E3542.63252
G0 F9000 X175.628 Y179.361
G1 F1800 X177.026 Y180.759 E3542.73379
G0 F9000 X177.514 Y180.625
G1 F1800 X175.628 Y178.739 E3542.87041
G0 F9000 X175.628 Y178.117
G1 F1800 X178.008 Y180.497 E3543.04281
G0 F9000 X178.671 Y180.538
G1 F1800 X175.628 Y177.495 E3543.26323
G0 F9000 X175.628 Y176.873
G1 F1800 X179.543 Y180.787 E3543.54679
G0 F9000 X180.968 Y180.968
G1 F1800 X175.629 Y175.629 E3543.93353
G0 F9000 X175.63 Y175.008
G1 F1800 X180.968 Y180.346 E3544.3202
G0 F9000 X180.968 Y179.724
G1 F1800 X175.63 Y174.385 E3544.7069
G0 F9000 X175.63 Y173.763
G1 F1800 X180.968 Y179.102 E3545.0936
G0 F9000 X180.968 Y178.479
G1 F1800 X175.63 Y173.141 E3545.48027
G0 F9000 X175.63 Y172.519
G1 F1800 X180.968 Y177.857 E3545.86694
G0 F9000 X180.968 Y177.235
G1 F1800 X175.631 Y171.898 E3546.25354
G0 F9000 X175.631 Y171.275
G1 F1800 X180.968 Y176.613 E3546.64017
G0 F9000 X180.968 Y175.99
G1 F1800 X175.632 Y170.654 E3547.02669
G0 F9000 X175.632 Y170.032
G1 F1800 X180.968 Y175.368 E3547.41321
G0 F9000 X180.968 Y174.746
G1 F1800 X175.632 Y169.409 E3547.79977
G0 F9000 X175.633 Y168.788
G1 F1800 X180.968 Y174.124 E3548.18626
G0 F9000 X180.968 Y173.501
G1 F1800 X175.633 Y168.166 E3548.57271
G0 F9000 X175.633 Y167.544
G1 F1800 X180.968 Y172.879 E3548.95916
G0 F9000 X180.968 Y172.257
G1 F1800 X175.633 Y166.922 E3549.34561
G0 F9000 X175.633 Y166.299
G1 F1800 X180.968 Y171.635 E3549.7321
G0 F9000 X180.968 Y171.012
G1 F1800 X175.634 Y165.678 E3550.11848
G0 F9000 X175.634 Y165.056
G1 F1800 X180.968 Y170.39 E3550.50486
G0 F9000 X180.968 Y169.768
G1 F1800 X175.635 Y164.434 E3550.8912
G0 F9000 X175.635 Y163.812
G1 F1800 X180.968 Y169.146 E3551.27754
G0 F9000 X180.968 Y168.523
G1 F1800 X175.566 Y163.121 E3551.66884
G1 F1500 E3549.66884
G0 F9000 X169.142 Y162.297
G1 F1500 E3551.66884
G1 F1800 X168.852 Y162.007 E3551.68985
G1 F1500 E3549.68985
G0 F9000 X175.629 Y176.251
G1 F1500 E3551.68985
G1 F1800 X180.968 Y181.591 E3552.07663
G1 F1500 E3550.07663
G0 F9000 X179.166 Y182.967
G0 X177.182 Y183.5
G0 X175.22 Y183.31
G1 F1500 E3552.07663
G1 F1800 X170.015 Y178.104 E3552.4537
G0 F9000 X170.015 Y178.726
G1 F1800 X175.314 Y184.025 E3552.83754
G0 F9000 X175.625 Y184.959
G1 F1800 X170.015 Y179.348 E3553.24395
G0 F9000 X169.952 Y179.908
G1 F1800 X176.234 Y186.19 E3553.699
G0 F9000 X176.784 Y186.118
G1 F1800 X176.857 Y186.19 E3553.70425
G0 F9000 X175.612 Y186.19
G1 F1800 X169.738 Y180.316 E3554.12974
G0 F9000 X169.424 Y180.625
G1 F1800 X174.99 Y186.19 E3554.53289
G0 F9000 X174.368 Y186.19
G1 F1800 X168.963 Y180.786 E3554.92438
G0 F9000 X168.354 Y180.799
G1 F1800 X173.745 Y186.19 E3555.31488
G0 F9000 X173.123 Y186.19
G1 F1800 X167.731 Y180.799 E3555.70543
G0 F9000 X167.109 Y180.799
G1 F1800 X172.501 Y186.19 E3556.09597
G0 F9000 X171.879 Y186.19
G1 F1800 X166.487 Y180.799 E3556.48651
G0 F9000 X165.865 Y180.799
G1 F1800 X171.256 Y186.19 E3556.87702
G0 F9000 X170.634 Y186.19
G1 F1800 X165.243 Y180.799 E3557.26753
G0 F9000 X164.621 Y180.799
G1 F1800 X170.012 Y186.19 E3557.65803
G0 F9000 X169.39 Y186.19
G1 F1800 X163.999 Y180.799 E3558.04854
G0 F9000 X163.376 Y180.799
G1 F1800 X168.767 Y186.19 E3558.43905
G0 F9000 X168.145 Y186.19
G1 F1800 X162.754 Y180.799 E3558.82956
G0 F9000 X162.133 Y180.8
G1 F1800 X167.523 Y186.19 E3559.21999
G0 F9000 X166.901 Y186.19
G1 F1800 X161.51 Y180.8 E3559.61046
G0 F9000 X160.888 Y180.8
G1 F1800 X166.278 Y186.19 E3560.0009
G0 F9000 X165.655 Y186.19
G1 F1800 X160.266 Y180.8 E3560.3913
G0 F9000 X159.643 Y180.8
G1 F1800 X165.033 Y186.19 E3560.78173
G0 F9000 X164.411 Y186.19
G1 F1800 X159.022 Y180.801 E3561.17209
G0 F9000 X158.4 Y180.801
G1 F1800 X163.789 Y186.19 E3561.56245
G0 F9000 X163.166 Y186.19
G1 F1800 X157.777 Y180.801 E3561.95282
G0 F9000 X157.155 Y180.801
G1 F1800 X162.544 Y186.19 E3562.34318
G0 F9000 X161.922 Y186.19
G1 F1800 X156.533 Y180.801 E3562.73354
G0 F9000 X155.911 Y180.802
G1 F1800 X161.3 Y186.19 E3563.12387
G0 F9000 X160.677 Y186.19
G1 F1800 X155.289 Y180.802 E3563.51416
G0 F9000 X154.667 Y180.802
G1 F1800 X160.055 Y186.19 E3563.90445
G0 F9000 X159.433 Y186.19
G1 F1800 X154.045 Y180.802 E3564.29474
G0 F9000 X153.422 Y180.802
G1 F1800 X158.811 Y186.19 E3564.68506
G0 F9000 X158.188 Y186.19
G1 F1800 X152.801 Y180.802 E3565.07532
G0 F9000 X152.179 Y180.802
G1 F1800 X157.566 Y186.19 E3565.46557
G0 F9000 X156.944 Y186.19
G1 F1800 X151.556 Y180.802 E3565.85586
G0 F9000 X150.934 Y180.802
G1 F1800 X156.322 Y186.19 E3566.24615
G0 F9000 X155.699 Y186.189
G1 F1800 X150.312 Y180.802 E3566.63637
G0 F9000 X149.69 Y180.803
G1 F1800 X155.076 Y186.189 E3567.02651
G0 F9000 X154.454 Y186.189
G1 F1800 X149.068 Y180.803 E3567.41666
G0 F9000 X148.446 Y180.803
G1 F1800 X153.832 Y186.189 E3567.8068
G0 F9000 X153.21 Y186.189
G1 F1800 X147.824 Y180.803 E3568.19695
G0 F9000 X147.201 Y180.803
G1 F1800 X152.587 Y186.189 E3568.58709
G0 F9000 X151.965 Y186.189
G1 F1800 X146.58 Y180.804 E3568.97717
G0 F9000 X145.957 Y180.804
G1 F1800 X151.343 Y186.189 E3569.36727
G0 F9000 X150.721 Y186.189
G1 F1800 X145.335 Y180.804 E3569.75738
G0 F9000 X144.713 Y180.804
G1 F1800 X150.098 Y186.189 E3570.14746
G0 F9000 X149.476 Y186.189
G1 F1800 X144.091 Y180.804 E3570.53753
G0 F9000 X143.424 Y180.759
G1 F1800 X148.854 Y186.189 E3570.93086
G0 F9000 X148.232 Y186.189
G1 F1800 X140.016 Y177.973 E3571.526
G0 F9000 X140.016 Y178.595
G1 F1800 X147.609 Y186.189 E3572.07605
G0 F9000 X146.987 Y186.189
G1 F1800 X140.016 Y179.218 E3572.58101
G0 F9000 X139.977 Y179.802
G1 F1800 X146.365 Y186.189 E3573.0437
G0 F9000 X145.742 Y186.189
G1 F1800 X139.8 Y180.246 E3573.47416
G0 F9000 X139.493 Y180.562
G1 F1800 X145.12 Y186.188 E3573.88172
G0 F9000 X144.497 Y186.188
G1 F1800 X139.061 Y180.752 E3574.27549
G0 F9000 X138.485 Y180.799
G1 F1800 X143.875 Y186.188 E3574.66589
G0 F9000 X143.253 Y186.188
G1 F1800 X137.864 Y180.799 E3575.05625
G1 F1500 E3573.05625
G0 F9000 X136.471 Y179.406
G1 F1500 E3575.05625
G1 F1800 X131.134 Y174.069 E3575.44285
G0 F9000 X131.134 Y173.447
G1 F1800 X136.471 Y178.784 E3575.82944
G0 F9000 X136.471 Y178.162
G1 F1800 X131.134 Y172.825 E3576.21604
G0 F9000 X131.133 Y172.202
G1 F1800 X136.471 Y177.54 E3576.6027
G0 F9000 X136.471 Y176.917
G1 F1800 X131.133 Y171.579 E3576.98937
G0 F9000 X131.133 Y170.957
G1 F1800 X136.471 Y176.295 E3577.37604
G0 F9000 X136.471 Y175.673
G1 F1800 X131.132 Y170.334 E3577.76278
G0 F9000 X131.132 Y169.712
G1 F1800 X136.47 Y175.05 E3578.14945
G0 F9000 X136.47 Y174.428
G1 F1800 X131.132 Y169.09 E3578.53612
G0 F9000 X131.132 Y168.467
G1 F1800 X136.47 Y173.805 E3578.92279
G0 F9000 X136.47 Y173.183
G1 F1800 X131.132 Y167.845 E3579.30945
G0 F9000 X131.132 Y167.222
G1 F1800 X136.47 Y172.561 E3579.69616
G0 F9000 X136.47 Y171.939
G1 F1800 X131.131 Y166.599 E3580.08293
G0 F9000 X131.131 Y165.977
G1 F1800 X136.469 Y171.316 E3580.46964
G0 F9000 X136.469 Y170.693
G1 F1800 X131.131 Y165.355 E3580.85631
G0 F9000 X131.13 Y164.732
G1 F1800 X136.469 Y170.071 E3581.24305
G0 F9000 X136.469 Y169.449
G1 F1800 X131.13 Y164.11 E3581.62979
G0 F9000 X131.13 Y163.487
G1 F1800 X136.469 Y168.827 E3582.01656
G0 F9000 X136.469 Y168.204
G1 F1800 X131.02 Y162.755 E3582.41127
G0 F9000 X131.067 Y162.18
G1 F1800 X136.469 Y167.582 E3582.80258
G0 F9000 X136.469 Y166.959
G1 F1800 X131.689 Y162.18 E3583.14879
G0 F9000 X132.312 Y162.18
G1 F1800 X136.469 Y166.337 E3583.44991
G0 F9000 X136.469 Y165.715
G1 F1800 X132.934 Y162.18 E3583.70597
G0 F9000 X133.556 Y162.18
G1 F1800 X136.469 Y165.092 E3583.91695
G0 F9000 X136.469 Y164.47
G1 F1800 X134.178 Y162.18 E3584.08286
G0 F9000 X134.801 Y162.18
G1 F1800 X136.469 Y163.848 E3584.20369
G0 F9000 X136.507 Y163.264
G1 F1800 X135.423 Y162.18 E3584.28221
G0 F9000 X136.045 Y162.18
G1 F1800 X136.689 Y162.823 E3584.32882
G0 F9000 X136.98 Y162.492
G1 F1800 X136.667 Y162.18 E3584.35146
G0 F9000 X137.304 Y162.194
G1 F1800 X137.382 Y162.273 E3584.35715
G1 F1500 E3582.35715
G0 F9000 X139.171 Y162.194
G1 F1500 E3584.35715
G1 F1800 X139.408 Y162.431 E3584.37431
G0 F9000 X139.779 Y162.18
G1 F1800 X142.469 Y164.87 E3584.56917
G0 F9000 X142.469 Y164.248
G1 F1800 X140.401 Y162.18 E3584.71897
G0 F9000 X141.023 Y162.18
G1 F1800 X142.469 Y163.626 E3584.82371
G0 F9000 X142.548 Y163.082
G1 F1800 X141.646 Y162.18 E3584.88905
G0 F9000 X142.268 Y162.18
G1 F1800 X142.786 Y162.698 E3584.92657
G0 F9000 X143.111 Y162.401
G1 F1800 X142.89 Y162.18 E3584.94258
G1 F1500 E3582.94258
G0 F9000 X139.821 Y162.845
G1 F1500 E3584.94258
G1 F1800 X142.469 Y165.493 E3585.13439
G0 F9000 X142.469 Y166.115
G1 F1800 X140.02 Y163.666 E3585.31179
G0 F9000 X140.02 Y164.288
G1 F1800 X142.469 Y166.737 E3585.48919
G0 F9000 X142.469 Y167.359
G1 F1800 X140.02 Y164.91 E3585.66659
G0 F9000 X140.02 Y165.532
G1 F1800 X142.469 Y167.982 E3585.84402
G0 F9000 X142.469 Y168.604
G1 F1800 X140.019 Y166.154 E3586.02149
G0 F9000 X140.019 Y166.776
G1 F1800 X142.469 Y169.226 E3586.19896
G0 F9000 X142.469 Y169.848
G1 F1800 X140.019 Y167.398 E3586.37643
G0 F9000 X140.019 Y168.021
G1 F1800 X142.469 Y170.471 E3586.5539
G0 F9000 X142.469 Y171.093
G1 F1800 X140.018 Y168.642 E3586.73144
G0 F9000 X140.018 Y169.264
G1 F1800 X142.469 Y171.715 E3586.90899
G0 F9000 X142.469 Y172.337
G1 F1800 X140.018 Y169.887 E3587.08649
G0 F9000 X140.018 Y170.508
G1 F1800 X142.469 Y172.96 E3587.26407
G0 F9000 X142.469 Y173.582
G1 F1800 X140.018 Y171.13 E3587.44165
G0 F9000 X140.018 Y171.753
G1 F1800 X142.469 Y174.204 E3587.6192
G0 F9000 X142.469 Y174.826
G1 F1800 X140.018 Y172.375 E3587.79674
G0 F9000 X140.017 Y172.997
G1 F1800 X142.469 Y175.449 E3587.97435
G0 F9000 X142.469 Y176.071
G1 F1800 X140.017 Y173.619 E3588.15197
G0 F9000 X140.017 Y174.241
G1 F1800 X142.469 Y176.693 E3588.32958
G0 F9000 X142.469 Y177.316
G1 F1800 X140.017 Y174.863 E3588.50724
G0 F9000 X140.016 Y175.485
G1 F1800 X142.469 Y177.938 E3588.68492
G0 F9000 X142.469 Y178.56
G1 F1800 X140.016 Y176.107 E3588.86261
G0 F9000 X140.016 Y176.729
G1 F1800 X142.469 Y179.182 E3589.0403
G0 F9000 X142.512 Y179.847
G1 F1800 X140.016 Y177.351 E3589.2211
G1 F1500 E3587.2211
G0 F9000 X136.573 Y182.62
G1 F1500 E3589.2211
G1 F1800 X140.141 Y186.188 E3589.47956
G0 F9000 X139.519 Y186.188
G1 F1800 X136.74 Y183.409 E3589.68086
G0 F9000 X136.682 Y183.974
G1 F1800 X138.897 Y186.188 E3589.84127
G0 F9000 X138.275 Y186.188
G1 F1800 X136.553 Y184.466 E3589.96601
G0 F9000 X136.383 Y184.918
G1 F1800 X137.652 Y186.188 E3590.05796
G0 F9000 X137.03 Y186.188
G1 F1800 X136.139 Y185.297 E3590.1225
G0 F9000 X135.828 Y185.608
G1 F1800 X136.408 Y186.188 E3590.16452
G0 F9000 X135.786 Y186.188
G1 F1800 X135.518 Y185.92 E3590.18393
G1 F1500 E3588.18393
G0 F9000 X140.764 Y186.188
G1 F1500 E3590.18393
G1 F1800 X131.135 Y176.56 E3590.88139
G0 F9000 X131.135 Y177.182
G1 F1800 X134.615 Y180.662 E3591.13347
G0 F9000 X133.794 Y180.463
G1 F1800 X131.135 Y177.804 E3591.32608
G0 F9000 X131.136 Y178.427
G1 F1800 X133.264 Y180.555 E3591.48023
G0 F9000 X132.771 Y180.685
G1 F1800 X131.136 Y179.049 E3591.5987
G0 F9000 X131.136 Y179.672
G1 F1800 X132.32 Y180.856 E3591.68446
G0 F9000 X131.941 Y181.099
G1 F1800 X131.136 Y180.295 E3591.74274
G0 F9000 X131.136 Y180.917
G1 F1800 X131.63 Y181.41 E3591.77848
G0 F9000 X131.321 Y181.724
G1 F1800 X131.136 Y181.539 E3591.79189
G1 F1500 E3589.79189
G0 F9000 X129.196 Y181.539
G0 X129.196 Y175.937
G0 X131.134 Y175.937
G1 F1500 E3591.79189
G1 F1800 X141.386 Y186.188 E3592.53447
G0 F9000 X142.008 Y186.188
G1 F1800 X131.134 Y175.314 E3593.32215
G0 F9000 X131.134 Y174.692
G1 F1800 X142.631 Y186.188 E3594.15492
G1 F1500 E3592.15492
G0 F9000 X142.631 Y188.136
G0 X178.849 Y188.135
G0 X180.905 Y187.354
G0 X182.392 Y185.676
G0 X182.909 Y183.58
G0 X182.91 Y145.5
G0 X180.968 Y145.5
G1 F1500 E3594.15492
G1 F1800 X172.868 Y137.399 E3594.7417
G0 F9000 X173.861 Y137.771
G1 F1800 X180.968 Y144.878 E3595.25651
G0 F9000 X180.968 Y144.255
G1 F1800 X174.479 Y137.766 E3595.72655
G0 F9000 X174.952 Y137.617
G1 F1800 X180.968 Y143.633 E3596.16233
G0 F9000 X180.968 Y143.011
G1 F1800 X175.3 Y137.343 E3596.5729
G0 F9000 X175.534 Y136.954
G1 F1800 X180.968 Y142.389 E3596.96656
G0 F9000 X180.968 Y141.766
G1 F1800 X175.635 Y136.433 E3597.35286
G0 F9000 X175.635 Y135.81
G1 F1800 X180.968 Y141.144 E3597.73921
G0 F9000 X180.968 Y140.522
G1 F1800 X175.634 Y135.188 E3598.12558
G0 F9000 X175.634 Y134.565
G1 F1800 X180.968 Y139.9 E3598.512
G0 F9000 X180.968 Y139.277
G1 F1800 X175.634 Y133.943 E3598.89838
G0 F9000 X175.633 Y133.32
G1 F1800 X180.968 Y138.655 E3599.28483
G0 F9000 X180.968 Y138.033
G1 F1800 X175.633 Y132.698 E3599.67128
G0 F9000 X175.633 Y132.075
G1 F1800 X180.968 Y137.411 E3600.05777
G0 F9000 X180.968 Y136.788
G1 F1800 X175.633 Y131.453 E3600.44422
G0 F9000 X175.633 Y130.83
G1 F1800 X180.968 Y136.166 E3600.8307
G0 F9000 X180.968 Y135.544
G1 F1800 X175.632 Y130.207 E3601.21726
G0 F9000 X175.632 Y129.585
G1 F1800 X180.968 Y134.922 E3601.60382
G0 F9000 X180.968 Y134.299
G1 F1800 X175.631 Y128.962 E3601.99042
G0 F9000 X175.631 Y128.34
G1 F1800 X180.968 Y133.677 E3602.37701
G0 F9000 X180.968 Y133.055
G1 F1800 X175.63 Y127.717 E3602.76368
G0 F9000 X175.63 Y127.095
G1 F1800 X180.968 Y132.433 E3603.15035
G0 F9000 X180.968 Y131.81
G1 F1800 X175.63 Y126.472 E3603.53702
G0 F9000 X175.63 Y125.849
G1 F1800 X180.968 Y131.188 E3603.92372
G0 F9000 X180.968 Y130.566
G1 F1800 X175.63 Y125.227 E3604.31043
G0 F9000 X175.629 Y124.604
G1 F1800 X180.968 Y129.944 E3604.6972
G0 F9000 X180.968 Y129.321
G1 F1800 X175.629 Y123.982 E3605.08394
G0 F9000 X175.629 Y123.36
G1 F1800 X180.968 Y128.699 E3605.47068
G0 F9000 X180.968 Y128.077
G1 F1800 X175.628 Y122.737 E3605.8575
G0 F9000 X175.628 Y122.115
G1 F1800 X180.968 Y127.455 E3606.24431
G0 F9000 X180.968 Y126.832
G1 F1800 X175.628 Y121.492 E3606.63112
G0 F9000 X175.628 Y120.869
G1 F1800 X180.968 Y126.21 E3607.01797
G0 F9000 X180.968 Y125.588
G1 F1800 X175.6 Y120.219 E3607.40685
G1 F1500 E3605.40685
G0 F9000 X177.139 Y119.27
G1 F1500 E3607.40685
G1 F1800 X180.968 Y123.099 E3607.68421
G0 F9000 X180.968 Y123.721
G1 F1800 X171.053 Y113.805 E3608.40246
G0 F9000 X170.43 Y113.805
G1 F1800 X180.968 Y124.343 E3609.1658
G0 F9000 X180.968 Y124.966
G1 F1800 X169.808 Y113.805 E3609.97423
G1 F1500 E3607.97423
G0 F9000 X177.984 Y119.492
G1 F1500 E3609.97423
G1 F1800 X180.968 Y122.477 E3610.19042
G0 F9000 X180.968 Y121.854
G1 F1800 X178.591 Y119.477 E3610.3626
G0 F9000 X179.083 Y119.346
G1 F1800 X180.968 Y121.232 E3610.49918
G0 F9000 X180.968 Y120.61
G1 F1800 X179.56 Y119.201 E3610.60121
G0 F9000 X179.954 Y118.973
G1 F1800 X180.968 Y119.988 E3610.67469
G0 F9000 X180.968 Y119.365
G1 F1800 X180.271 Y118.667 E3610.72522
G0 F9000 X180.58 Y118.355
G1 F1800 X180.968 Y118.743 E3610.75332
G0 F9000 X180.968 Y118.121
G1 F1800 X180.84 Y117.993 E3610.7626
G1 F1500 E3608.7626
G0 F9000 X131.065 Y184.174
G1 F1500 E3610.7626
G1 F1404.3 X131.03 Y184.235 E3610.76721
G1 X130.96 Y184.235 E3610.77181
G1 X130.925 Y184.174 E3610.77643
G1 X130.96 Y184.113 E3610.78104
G1 X131.03 Y184.113 E3610.78564
G1 X131.065 Y184.174 E3610.79026
G0 F9000 X131.7 Y185.379
G1 F1414.3 X131.665 Y185.44 E3610.79484
G1 X131.595 Y185.44 E3610.79941
G1 X131.56 Y185.379 E3610.80399
G1 X131.595 Y185.318 E3610.80858
G1 X131.665 Y185.318 E3610.81314
G1 X131.7 Y185.379 E3610.81772
G1 F1500 E3608.81772
G0 F9000 X150 Y159.868
;TYPE:WALL-INNER
G1 F1500 E3610.81772
G1 F1800 X167.084 Y159.868 E3611.69278
G1 X167.084 Y158.16 E3611.78026
G1 X143.744 Y158.16 E3612.97575
G1 X143.433 Y158.083 E3612.99216
G1 X143.216 Y157.897 E3613.0068
G1 X143.084 Y157.633 E3613.02192
G1 X143.084 Y142.367 E3613.80385
G1 X143.216 Y142.104 E3613.81892
G1 X143.433 Y141.917 E3613.8336
G1 X143.656 Y141.84 E3613.84568
G1 X167.084 Y141.84 E3615.04568
G1 X167.084 Y140.128 E3615.13337
G1 X130.404 Y140.128 E3617.01214
G1 X130.404 Y159.868 E3618.02323
G1 X150 Y159.868 E3619.02695
G0 F9000 X150 Y160.308
;TYPE:WALL-OUTER
G1 F1800 X167.524 Y160.308 E3619.92454
G1 X167.524 Y157.72 E3620.0571
G1 X143.659 Y157.72 E3621.27948
G1 X143.524 Y157.546 E3621.29076
G1 X143.524 Y142.454 E3622.06378
G1 X143.568 Y142.368 E3622.06873
G1 X143.706 Y142.283 E3622.07703
G1 X167.524 Y142.28 E3623.29701
G1 X167.524 Y139.688 E3623.42977
G1 X129.964 Y139.688 E3625.35362
G1 X129.964 Y160.308 E3626.40978
G1 X150 Y160.308 E3627.43604
G1 F1500 E3625.43604
G0 F9000 X150 Y156.835
G0 X144.41 Y156.606
G0 X137.851 Y156.606
G0 X137.737 Y156.753
;TYPE:FILL
G1 F1500 E3627.43604
G1 F3600 X137.996 Y155.783 E3627.48746
G0 F9000 X137.997 Y155.469
G1 F3600 X136.676 Y155.823 E3627.55751
G1 X136.676 Y155.998
G1 X137.43 Y156.752 E3627.61213
G0 F9000 X137.43 Y156.52
G0 X137.765 Y153.586
G0 X137.997 Y153.586
G1 F3600 X136.676 Y152.265 E3627.70782
G0 F9000 X136.677 Y153.09
G1 F3600 X137.996 Y152.736 E3627.77777
G0 F9000 X137.765 Y152.736
G0 X136.908 Y150.51
G0 X136.677 Y150.509
G1 F3600 X137.997 Y145.583 E3628.03899
G0 F9000 X137.997 Y146.119
G1 F3600 X136.677 Y144.798 E3628.13464
G1 X136.678 Y144.89
G1 X137.997 Y144.537 E3628.20458
G0 F9000 X137.765 Y144.537
G0 X137.765 Y147.27
G0 X137.996 Y147.27
G1 F3600 X136.677 Y147.624 E3628.27453
G0 F9000 X136.677 Y148.532
G1 F3600 X137.997 Y149.852 E3628.37014
G1 X137.997 Y150.003
G1 X136.677 Y150.357 E3628.44014
G1 F1500 E3626.44014
G0 F9000 X136.908 Y150.358
G0 X137.851 Y156.606
G0 X144.41 Y156.606
G0 X150 Y156.835
G0 X150 Y159.472
;TYPE:SKIN
G1 F1500 E3628.44014
G1 F1800 X130.8 Y159.472 E3629.42358
G1 X130.8 Y140.524 E3630.39411
G1 X166.688 Y140.524 E3632.23231
G1 X166.688 Y141.444 E3632.27944
G1 X143.598 Y141.447 E3633.46212
G1 X143.242 Y141.564 E3633.48131
G1 X142.896 Y141.86 E3633.50464
G1 X142.726 Y142.2 E3633.52411
G1 X142.689 Y142.474 E3633.53827
G1 X142.689 Y157.521 E3634.30899
G1 X142.726 Y157.8 E3634.3234
G1 X142.895 Y158.139 E3634.3428
G1 X143.244 Y158.438 E3634.36634
G1 X143.694 Y158.55 E3634.3901
G1 X166.688 Y158.556 E3635.56786
G1 X166.688 Y159.472 E3635.61478
G1 X150 Y159.472 E3636.46955
G1 F1500 E3634.46955
G0 F9000 X150 Y156.835
G0 X144.41 Y156.606
G0 X137.851 Y156.606
G0 X137.912 Y156.793
G1 F1500 E3636.46955
G1 F1800 X138.036 Y156.623 E3636.48033
G1 X138.036 Y143.377 E3637.1588
G1 X137.931 Y143.233 E3637.16792
G1 X137.82 Y143.204 E3637.1738
G1 X136.814 Y143.207 E3637.22533
G1 X136.676 Y143.292 E3637.23363
G1 X136.632 Y143.378 E3637.23858
G1 X136.632 Y156.622 E3637.91694
G1 X136.768 Y156.796 E3637.92826
G1 X137.912 Y156.793 E3637.98685
G1 F1500 E3635.98685
G0 F9000 X137.765 Y156.52
G0 X136.822 Y156.606
G0 X131.25 Y159.252
G1 F1500 E3637.98685
G1 F1800 X131.02 Y159.021 E3638.00355
G0 F9000 X131.02 Y158.399
G1 F1800 X131.873 Y159.252 E3638.06534
G0 F9000 X132.495 Y159.252
G1 F1800 X131.02 Y157.777 E3638.17218
G0 F9000 X131.02 Y157.154
G1 F1800 X133.117 Y159.252 E3638.32412
G0 F9000 X133.739 Y159.252
G1 F1800 X131.02 Y156.532 E3638.52111
G0 F9000 X131.02 Y155.91
G1 F1800 X134.362 Y159.252 E3638.76319
G0 F9000 X134.984 Y159.252
G1 F1800 X131.02 Y155.288 E3639.05033
G0 F9000 X131.02 Y154.665
G1 F1800 X135.606 Y159.252 E3639.38257
G0 F9000 X136.228 Y159.252
G1 F1800 X131.02 Y154.043 E3639.75985
G0 F9000 X131.02 Y153.421
G1 F1800 X136.851 Y159.252 E3640.18223
G0 F9000 X137.473 Y159.252
G1 F1800 X131.02 Y152.799 E3640.64967
G0 F9000 X131.02 Y152.176
G1 F1800 X138.095 Y159.252 E3641.1622
G0 F9000 X138.717 Y159.252
G1 F1800 X131.02 Y151.554 E3641.71978
G0 F9000 X131.02 Y150.932
G1 F1800 X136.412 Y156.324 E3642.11036
G0 F9000 X136.412 Y155.701
G1 F1800 X131.02 Y150.31 E3642.5009
G0 F9000 X131.02 Y149.687
G1 F1800 X136.412 Y155.079 E3642.89148
G0 F9000 X136.412 Y154.457
G1 F1800 X131.02 Y149.065 E3643.28206
G0 F9000 X131.02 Y148.443
G1 F1800 X136.412 Y153.835 E3643.67264
G0 F9000 X136.412 Y153.212
G1 F1800 X131.02 Y147.821 E3644.06318
G0 F9000 X131.02 Y147.198
G1 F1800 X136.412 Y152.59 E3644.45376
G0 F9000 X136.412 Y151.968
G1 F1800 X131.02 Y146.576 E3644.84434
G0 F9000 X131.02 Y145.954
G1 F1800 X136.412 Y151.346 E3645.23492
G0 F9000 X136.412 Y150.723
G1 F1800 X131.02 Y145.332 E3645.62547
G0 F9000 X131.02 Y144.709
G1 F1800 X136.412 Y150.101 E3646.01605
G0 F9000 X136.412 Y149.479
G1 F1800 X131.02 Y144.087 E3646.40663
G0 F9000 X131.02 Y143.465
G1 F1800 X136.412 Y148.857 E3646.79721
G0 F9000 X136.412 Y148.234
G1 F1800 X131.02 Y142.843 E3647.18775
G0 F9000 X131.02 Y142.22
G1 F1800 X136.412 Y147.612 E3647.57833
G0 F9000 X136.412 Y146.99
G1 F1800 X131.02 Y141.598 E3647.96891
G0 F9000 X131.02 Y140.976
G1 F1800 X136.412 Y146.368 E3648.35949
G0 F9000 X136.412 Y145.745
G1 F1800 X131.41 Y140.744 E3648.72178
G0 F9000 X132.032 Y140.744
G1 F1800 X136.412 Y145.123 E3649.03902
G0 F9000 X136.412 Y144.501
G1 F1800 X132.655 Y140.744 E3649.31116
G0 F9000 X133.277 Y140.744
G1 F1800 X136.412 Y143.879 E3649.53825
G0 F9000 X136.438 Y143.282
G1 F1800 X133.899 Y140.744 E3649.72213
G0 F9000 X134.521 Y140.744
G1 F1800 X136.769 Y142.992 E3649.88497
G0 F9000 X137.385 Y142.985
G1 F1800 X135.144 Y140.744 E3650.0473
G0 F9000 X135.766 Y140.744
G1 F1800 X142.471 Y147.449 E3650.53299
G0 F9000 X142.471 Y146.827
G1 F1800 X136.388 Y140.744 E3650.97363
G0 F9000 X137.01 Y140.744
G1 F1800 X142.471 Y146.205 E3651.3692
G0 F9000 X142.471 Y145.583
G1 F1800 X137.633 Y140.744 E3651.71969
G0 F9000 X138.255 Y140.744
G1 F1800 X142.471 Y144.96 E3652.02508
G0 F9000 X142.471 Y144.338
G1 F1800 X138.877 Y140.744 E3652.28542
G0 F9000 X139.499 Y140.744
G1 F1800 X142.471 Y143.716 E3652.5007
G0 F9000 X142.471 Y143.094
G1 F1800 X140.122 Y140.744 E3652.67089
G0 F9000 X140.744 Y140.744
G1 F1800 X142.471 Y142.471 E3652.79599
G0 F9000 X142.594 Y141.972
G1 F1800 X141.366 Y140.744 E3652.88495
G0 F9000 X141.988 Y140.744
G1 F1800 X142.852 Y141.607 E3652.94749
G0 F9000 X143.21 Y141.343
G1 F1800 X142.611 Y140.744 E3652.99088
G0 F9000 X143.233 Y140.744
G1 F1800 X143.718 Y141.229 E3653.02602
G0 F9000 X143.855 Y140.744
G1 F1800 X144.34 Y141.229 E3653.06115
G0 F9000 X144.477 Y140.744
G1 F1800 X144.963 Y141.229 E3653.09632
G0 F9000 X145.1 Y140.744
G1 F1800 X145.585 Y141.229 E3653.13145
G0 F9000 X145.722 Y140.744
G1 F1800 X146.207 Y141.229 E3653.16658
G0 F9000 X146.344 Y140.744
G1 F1800 X146.829 Y141.228 E3653.20168
G0 F9000 X146.966 Y140.744
G1 F1800 X147.451 Y141.228 E3653.23677
G0 F9000 X147.589 Y140.744
G1 F1800 X148.073 Y141.228 E3653.27183
G0 F9000 X148.211 Y140.744
G1 F1800 X148.695 Y141.228 E3653.30689
G0 F9000 X148.833 Y140.744
G1 F1800 X149.317 Y141.228 E3653.34195
G0 F9000 X149.456 Y140.744
G1 F1800 X149.939 Y141.228 E3653.37697
G0 F9000 X150.078 Y140.744
G1 F1800 X150.561 Y141.228 E3653.412
G0 F9000 X150.7 Y140.744
G1 F1800 X151.184 Y141.228 E3653.44706
G0 F9000 X151.322 Y140.744
G1 F1800 X151.806 Y141.228 E3653.48211
G0 F9000 X151.945 Y140.744
G1 F1800 X152.427 Y141.227 E3653.51707
G0 F9000 X152.567 Y140.744
G1 F1800 X153.05 Y141.227 E3653.55205
G0 F9000 X153.189 Y140.744
G1 F1800 X153.672 Y141.227 E3653.58704
G0 F9000 X153.811 Y140.744
G1 F1800 X154.294 Y141.227 E3653.62203
G0 F9000 X154.434 Y140.744
G1 F1800 X154.916 Y141.227 E3653.65698
G0 F9000 X155.056 Y140.744
G1 F1800 X155.538 Y141.226 E3653.69189
G0 F9000 X155.678 Y140.744
G1 F1800 X156.16 Y141.226 E3653.72681
G0 F9000 X156.3 Y140.744
G1 F1800 X156.783 Y141.226 E3653.76176
G0 F9000 X156.923 Y140.744
G1 F1800 X157.405 Y141.226 E3653.79667
G0 F9000 X157.545 Y140.744
G1 F1800 X158.026 Y141.225 E3653.83151
G0 F9000 X158.167 Y140.744
G1 F1800 X158.649 Y141.225 E3653.86639
G0 F9000 X158.789 Y140.744
G1 F1800 X159.271 Y141.225 E3653.90127
G0 F9000 X159.412 Y140.744
G1 F1800 X159.893 Y141.225 E3653.93611
G0 F9000 X160.034 Y140.744
G1 F1800 X160.515 Y141.225 E3653.97096
G0 F9000 X160.656 Y140.744
G1 F1800 X161.137 Y141.225 E3654.0058
G0 F9000 X161.278 Y140.744
G1 F1800 X161.759 Y141.225 E3654.04064
G0 F9000 X161.901 Y140.744
G1 F1800 X162.381 Y141.225 E3654.07545
G0 F9000 X162.523 Y140.744
G1 F1800 X163.004 Y141.225 E3654.11029
G0 F9000 X163.145 Y140.744
G1 F1800 X163.625 Y141.224 E3654.14506
G0 F9000 X163.767 Y140.744
G1 F1800 X164.247 Y141.224 E3654.17983
G0 F9000 X164.39 Y140.744
G1 F1800 X164.87 Y141.224 E3654.2146
G0 F9000 X165.012 Y140.744
G1 F1800 X165.492 Y141.224 E3654.24937
G0 F9000 X165.634 Y140.744
G1 F1800 X166.114 Y141.224 E3654.28414
G0 F9000 X166.468 Y140.956
G1 F1800 X166.256 Y140.744 E3654.29949
G1 F1500 E3652.29949
G0 F9000 X166.256 Y143.165
G0 X166.243 Y156.835
G0 X166.243 Y158.776
G1 F1500 E3654.29949
G1 F1800 X166.468 Y159.001 E3654.31579
G0 F9000 X166.097 Y159.252
G1 F1800 X165.621 Y158.776 E3654.35027
G0 F9000 X165.474 Y159.252
G1 F1800 X164.998 Y158.776 E3654.38475
G0 F9000 X164.852 Y159.252
G1 F1800 X164.376 Y158.776 E3654.41923
G0 F9000 X164.23 Y159.252
G1 F1800 X163.754 Y158.776 E3654.45371
G0 F9000 X163.608 Y159.252
G1 F1800 X163.132 Y158.776 E3654.48819
G0 F9000 X162.985 Y159.252
G1 F1800 X162.509 Y158.776 E3654.52267
G0 F9000 X162.363 Y159.252
G1 F1800 X161.887 Y158.776 E3654.55715
G0 F9000 X161.741 Y159.252
G1 F1800 X161.265 Y158.776 E3654.59163
G0 F9000 X161.119 Y159.252
G1 F1800 X160.643 Y158.776 E3654.62611
G0 F9000 X160.496 Y159.252
G1 F1800 X160.02 Y158.776 E3654.66059
G0 F9000 X159.874 Y159.252
G1 F1800 X159.398 Y158.776 E3654.69507
G0 F9000 X159.252 Y159.252
G1 F1800 X158.776 Y158.776 E3654.72955
G0 F9000 X158.63 Y159.252
G1 F1800 X158.154 Y158.776 E3654.76403
G0 F9000 X158.007 Y159.252
G1 F1800 X157.531 Y158.776 E3654.79851
G0 F9000 X157.385 Y159.252
G1 F1800 X156.909 Y158.776 E3654.83299
G0 F9000 X156.763 Y159.252
G1 F1800 X156.287 Y158.776 E3654.86747
G0 F9000 X156.14 Y159.252
G1 F1800 X155.665 Y158.776 E3654.90191
G0 F9000 X155.518 Y159.252
G1 F1800 X155.042 Y158.776 E3654.93639
G0 F9000 X154.896 Y159.252
G1 F1800 X154.42 Y158.776 E3654.97087
G0 F9000 X154.274 Y159.252
G1 F1800 X153.798 Y158.776 E3655.00535
G0 F9000 X153.651 Y159.252
G1 F1800 X153.176 Y158.776 E3655.0398
G0 F9000 X153.029 Y159.252
G1 F1800 X152.553 Y158.776 E3655.07428
G0 F9000 X152.407 Y159.252
G1 F1800 X151.931 Y158.776 E3655.10876
G0 F9000 X151.785 Y159.252
G1 F1800 X151.309 Y158.776 E3655.14324
G0 F9000 X151.162 Y159.252
G1 F1800 X150.687 Y158.776 E3655.17768
G0 F9000 X150.54 Y159.252
G1 F1800 X150.064 Y158.776 E3655.21216
G0 F9000 X149.918 Y159.252
G1 F1800 X149.442 Y158.776 E3655.24664
G0 F9000 X149.296 Y159.252
G1 F1800 X148.82 Y158.776 E3655.28112
G0 F9000 X148.673 Y159.252
G1 F1800 X148.198 Y158.776 E3655.31556
G0 F9000 X148.051 Y159.252
G1 F1800 X147.575 Y158.776 E3655.35004
G0 F9000 X147.429 Y159.252
G1 F1800 X146.953 Y158.776 E3655.38452
G0 F9000 X146.807 Y159.252
G1 F1800 X146.331 Y158.776 E3655.419
G0 F9000 X146.184 Y159.252
G1 F1800 X145.709 Y158.776 E3655.45345
G0 F9000 X145.562 Y159.252
G1 F1800 X145.086 Y158.776 E3655.48793
G0 F9000 X144.94 Y159.252
G1 F1800 X144.464 Y158.776 E3655.52241
G0 F9000 X144.318 Y159.252
G1 F1800 X143.842 Y158.776 E3655.55689
G0 F9000 X143.695 Y159.252
G1 F1800 X142.738 Y158.294 E3655.62625
G1 X142.715 Y158.272
G1 X138.26 Y153.816 E3655.94899
G0 F9000 X138.26 Y154.438
G1 F1800 X143.073 Y159.252 E3656.29766
G0 F9000 X142.451 Y159.252
G1 F1800 X138.26 Y155.061 E3656.60125
G0 F9000 X138.26 Y155.683
G1 F1800 X141.829 Y159.252 E3656.85977
G0 F9000 X141.206 Y159.252
G1 F1800 X138.26 Y156.305 E3657.07321
G0 F9000 X138.169 Y156.837
G1 F1800 X140.584 Y159.252 E3657.24814
G0 F9000 X139.962 Y159.252
G1 F1800 X137.722 Y157.012 E3657.4104
G0 F9000 X137.103 Y157.015
G1 F1800 X139.34 Y159.252 E3657.57244
G1 F1500 E3655.57244
G0 F9000 X142.471 Y157.406
G1 F1500 E3657.57244
G1 F1800 X138.26 Y153.194 E3657.87751
G0 F9000 X138.26 Y152.572
G1 F1800 X142.471 Y156.783 E3658.18254
G0 F9000 X142.471 Y156.161
G1 F1800 X138.26 Y151.949 E3658.48761
G0 F9000 X138.26 Y151.327
G1 F1800 X142.471 Y155.539 E3658.79268
G0 F9000 X142.471 Y154.916
G1 F1800 X138.26 Y150.705 E3659.09771
G0 F9000 X138.26 Y150.083
G1 F1800 X142.471 Y154.294 E3659.40274
G0 F9000 X142.471 Y153.672
G1 F1800 X138.26 Y149.46 E3659.70781
G0 F9000 X138.26 Y148.838
G1 F1800 X142.471 Y153.05 E3660.01288
G0 F9000 X142.471 Y152.427
G1 F1800 X138.26 Y148.216 E3660.31791
G0 F9000 X138.26 Y147.594
G1 F1800 X142.471 Y151.805 E3660.62294
G0 F9000 X142.471 Y151.183
G1 F1800 X138.26 Y146.971 E3660.92801
G0 F9000 X138.26 Y146.349
G1 F1800 X142.471 Y150.561 E3661.23308
G0 F9000 X142.471 Y149.938
G1 F1800 X138.26 Y145.727 E3661.53811
G0 F9000 X138.26 Y145.105
G1 F1800 X142.471 Y149.316 E3661.84314
G0 F9000 X142.471 Y148.694
G1 F1800 X138.26 Y144.482 E3662.14821
G0 F9000 X138.26 Y143.86
G1 F1800 X142.471 Y148.072 E3662.45328
G1 F1500 E3660.45328
;MESH:NONMESH
G0 F300 Z3.36
G0 F9000 X137.845 Y148.072
G0 X137.765 Y156.52
G0 X138.084 Y156.84
;TIME_ELAPSED:3502.162996
;LAYER:11
;note -- min layer time used
;TYPE:WALL-INNER
;MESH:din-rail-clip-mount.stl
G1 F1500 E3662.45328
G1 F1190.4 X138.084 Y143.16 E3663.15398
G1 X136.444 Y143.16 E3663.23798
G1 X136.44 Y156.84 E3663.93868
G1 X138.084 Y156.84 E3664.02288
G0 F9000 X138.524 Y157.28
;TYPE:WALL-OUTER
G1 F1190.4 X138.524 Y142.72 E3664.76865
G1 X136.004 Y142.72 E3664.89773
G1 X136 Y157.28 E3665.6435
G1 X138.524 Y157.28 E3665.77278
G0 F9000 X137.709 Y156.751
;TYPE:FILL
G1 F1190.4 X136.527 Y155.57 E3665.85837
G0 F9000 X136.529 Y156.067
G1 F1190.4 X137.996 Y155.675 E3665.93614
G0 F9000 X137.996 Y155.021
G1 F1190.4 X137.532 Y156.753 E3666.02799
G0 F9000 X137.532 Y156.52
G0 X137.764 Y153.305
G0 X137.996 Y153.305
G1 F1190.4 X136.529 Y151.838 E3666.13425
G0 F9000 X136.761 Y151.839
G0 X136.761 Y150.602
G0 X136.531 Y150.601
G1 F1190.4 X137.996 Y150.208 E3666.21194
G0 F9000 X137.996 Y149.571
G1 F1190.4 X136.53 Y148.105 E3666.31814
G0 F9000 X136.531 Y147.868
G1 F1190.4 X137.995 Y147.475 E3666.39578
G0 F9000 X137.764 Y147.475
G0 X137.764 Y145.838
G0 X137.996 Y145.838
G1 F1190.4 X136.531 Y144.373 E3666.5019
G0 F9000 X136.532 Y145.134
G1 F1190.4 X137.996 Y144.742 E3666.57953
G1 X137.996 Y144.822
G1 X136.53 Y150.292 E3666.86959
G0 F9000 X136.761 Y150.293
G0 X137.764 Y152.942
G0 X137.995 Y152.942
G1 F1190.4 X136.53 Y153.334 E3666.94727
G0 F9000 X137.1 Y153.335
G1 F1500 E3664.94727
G0 F9000 X137.85 Y156.606
G0 X139.41 Y156.606
G0 X172.58 Y161.808
G0 X173.936 Y161.808
;TYPE:WALL-INNER
G1 F1500 E3666.94727
G1 F1039.2 X174.44 Y161.808 E3666.97684
G1 X174.44 Y138.192 E3668.36241
G1 X173.936 Y138.192 E3668.39198
G1 X173.936 Y161.808 E3669.77755
G0 F9000 X173.464 Y162.28
;TYPE:WALL-OUTER
G1 F1190.4 X174.912 Y162.28 E3669.85172
G1 X174.912 Y137.72 E3671.1097
G1 X173.464 Y137.72 E3671.18386
G1 X173.464 Y162.28 E3672.44184
G1 F1500 E3670.44184
;MESH:NONMESH
G0 F300 Z3.64
G0 F9000 X172.58 Y162.28
G0 X139.41 Y156.606
G0 X137.85 Y156.606
G0 X138.084 Y156.84
;TIME_ELAPSED:3515.351791
;LAYER:12
;note -- min layer time used
;TYPE:WALL-INNER
;MESH:din-rail-clip-mount.stl
G1 F1500 E3672.44184
G1 F1215.8 X138.084 Y143.16 E3673.14254
G1 X136.492 Y143.16 E3673.22408
G1 X136.488 Y156.84 E3673.92478
G1 X138.084 Y156.84 E3674.00653
G0 F9000 X138.524 Y157.28
;TYPE:WALL-OUTER
G1 F1215.8 X138.524 Y142.72 E3674.7523
G1 X136.052 Y142.72 E3674.87892
G1 X136.048 Y157.28 E3675.62469
G1 X138.524 Y157.28 E3675.75151
G0 F9000 X137.989 Y156.751
;TYPE:FILL
G1 F1215.8 X136.576 Y155.338 E3675.85387
G0 F9000 X136.577 Y156.26
G1 F1215.8 X137.995 Y155.88 E3675.92906
G0 F9000 X137.764 Y155.88
G0 X137.327 Y156.52
G0 X137.327 Y156.752
G1 F1215.8 X137.995 Y154.257 E3676.06136
G0 F9000 X137.764 Y154.257
G0 X137.764 Y153.147
G0 X137.995 Y153.147
G1 F1215.8 X136.577 Y153.526 E3676.13654
G0 F9000 X136.808 Y153.527
G0 X137.764 Y153.025
G0 X137.996 Y153.025
G1 F1215.8 X136.577 Y151.606 E3676.23932
G0 F9000 X136.578 Y150.793
G1 F1215.8 X137.996 Y150.413 E3676.31452
G0 F9000 X137.764 Y150.413
G0 X137.764 Y149.291
G0 X137.996 Y149.291
G1 F1215.8 X136.578 Y147.873 E3676.41723
G1 X136.579 Y148.06
G1 X137.996 Y147.68 E3676.49238
G0 F9000 X137.764 Y147.68
G0 X137.764 Y145.558
G0 X137.996 Y145.558
G1 F1215.8 X136.579 Y144.141 E3676.59502
G0 F9000 X136.811 Y144.142
G0 X136.811 Y145.327
G0 X136.58 Y145.326
G1 F1215.8 X137.996 Y144.947 E3676.6701
G0 F9000 X137.996 Y144.056
G1 F1215.8 X136.578 Y149.346 E3676.95063
G0 F9000 X137.15 Y149.347
G1 F1500 E3674.95063
G0 F9000 X137.85 Y156.606
G0 X139.41 Y156.606
G0 X172.58 Y161.843
G0 X173.901 Y161.843
;TYPE:WALL-INNER
G1 F1500 E3676.95063
G1 F1232.6 X174.335 Y161.843 E3676.97255
G1 X174.335 Y138.157 E3678.16922
G1 X173.901 Y138.157 E3678.19115
G1 X173.901 Y161.843 E3679.38781
G0 F9000 X173.464 Y162.28
;TYPE:WALL-OUTER
G1 F1215.8 X174.772 Y162.28 E3679.45481
G1 X174.772 Y137.72 E3680.71279
G1 X173.464 Y137.72 E3680.77978
G1 X173.464 Y162.28 E3682.03776
G1 F1500 E3680.03776
;MESH:NONMESH
G0 F300 Z3.92
G0 F9000 X172.58 Y162.28
G0 X139.41 Y156.606
G0 X137.85 Y156.606
G0 X138.084 Y156.84
;TIME_ELAPSED:3528.130940
;LAYER:13
;note -- min layer time used
;TYPE:WALL-INNER
;MESH:din-rail-clip-mount.stl
G1 F1500 E3682.03776
G1 F1215.7 X138.084 Y143.16 E3682.73846
G1 X136.54 Y143.16 E3682.81755
G1 X136.536 Y156.84 E3683.51824
G1 X138.084 Y156.84 E3683.59753
G0 F9000 X138.524 Y157.28
;TYPE:WALL-OUTER
G1 F1215.7 X138.524 Y142.72 E3684.3433
G1 X136.1 Y142.72 E3684.46746
G1 X136.096 Y157.28 E3685.21324
G1 X138.524 Y157.28 E3685.3376
G0 F9000 X137.996 Y156.478
;TYPE:FILL
G1 F1215.7 X136.624 Y155.106 E3685.43698
G0 F9000 X136.856 Y155.107
G0 X136.856 Y156.453
G0 X136.624 Y156.452
G1 F1215.7 X137.995 Y156.085 E3685.50968
G0 F9000 X137.764 Y156.085
G0 X137.122 Y156.52
G0 X137.122 Y156.753
G1 F1215.7 X137.995 Y153.492 E3685.68259
G1 X137.995 Y153.351
G1 X136.626 Y153.719 E3685.7552
G0 F9000 X136.856 Y153.72
G0 X137.764 Y152.745
G0 X137.996 Y152.745
G1 F1215.7 X136.625 Y151.374 E3685.85451
G0 F9000 X136.626 Y150.985
G1 F1215.7 X137.995 Y150.618 E3685.92711
G0 F9000 X137.764 Y150.618
G0 X137.764 Y149.011
G0 X137.996 Y149.011
G1 F1215.7 X136.626 Y147.642 E3686.02631
G0 F9000 X136.627 Y148.252
G1 F1215.7 X137.996 Y147.885 E3686.09891
G0 F9000 X137.764 Y147.885
G0 X136.858 Y148.401
G0 X136.627 Y148.4
G1 F1215.7 X137.996 Y143.291 E3686.36983
G0 F9000 X137.794 Y143.45
G0 X136.859 Y143.91
G0 X136.627 Y143.909
G1 F1215.7 X137.996 Y145.278 E3686.46899
G1 X137.996 Y145.152
G1 X136.627 Y145.519 E3686.54159
G0 F9000 X137.199 Y145.52
G1 F1500 E3684.54159
G0 F9000 X137.85 Y156.606
G0 X139.41 Y156.606
G0 X172.58 Y161.878
G0 X173.866 Y161.878
;TYPE:WALL-INNER
G1 F1500 E3686.54159
G1 F1469.5 X174.23 Y161.878 E3686.55701
G1 X174.23 Y138.122 E3687.56364
G1 X173.866 Y138.122 E3687.57906
G1 X173.866 Y161.878 E3688.58568
G0 F9000 X173.464 Y162.28
;TYPE:WALL-OUTER
G1 F1215.7 X174.632 Y162.28 E3688.64551
G1 X174.632 Y137.72 E3689.90349
G1 X173.464 Y137.72 E3689.96331
G1 X173.464 Y162.28 E3691.22129
G1 F1500 E3689.22129
;MESH:NONMESH
G0 F300 Z4.2
G0 F9000 X172.58 Y162.28
G0 X139.41 Y156.606
G0 X137.85 Y156.606
G0 X138.144 Y156.84
;TIME_ELAPSED:3540.434799
;LAYER:14
;note -- min layer time used
;TYPE:WALL-INNER
;MESH:din-rail-clip-mount.stl
G1 F1500 E3691.22129
G1 F1079.1 X138.144 Y143.16 E3691.92199
G1 X136.588 Y143.16 E3692.00169
G1 X136.588 Y156.84 E3692.70239
G1 X138.144 Y156.84 E3692.78208
G0 F9000 X138.584 Y157.28
;TYPE:WALL-OUTER
G1 F1079.1 X138.584 Y142.72 E3693.52786
G1 X136.148 Y142.72 E3693.65263
G1 X136.148 Y157.28 E3694.3984
G1 X138.584 Y157.28 E3694.52318
G0 F9000 X137.91 Y156.606
G0 X137.824 Y156.274
G0 X138.055 Y156.274
;TYPE:FILL
G1 F1079.1 X136.676 Y156.643 E3694.59629
G0 F9000 X136.917 Y156.752
G1 F1079.1 X138.056 Y152.502 E3694.82166
G1 X138.056 Y152.525
G1 X136.676 Y151.145 E3694.92163
G1 X136.677 Y151.177
G1 X138.055 Y150.807 E3694.99471
G0 F9000 X137.824 Y150.807
G0 X137.824 Y148.792
G0 X138.056 Y148.792
G1 F1079.1 X136.676 Y147.411 E3695.09471
G1 X136.676 Y147.452
G1 X137.802 Y143.247 E3695.31768
G0 F9000 X137.802 Y143.48
G0 X136.908 Y143.678
G0 X136.676 Y143.678
G1 F1079.1 X138.056 Y145.058 E3695.41764
G0 F9000 X138.056 Y145.341
G1 F1079.1 X136.677 Y145.71 E3695.49076
G0 F9000 X136.908 Y145.71
G0 X136.908 Y148.444
G0 X136.676 Y148.444
G1 F1079.1 X138.056 Y148.074 E3695.56394
G0 F9000 X137.824 Y148.074
G0 X137.824 Y153.54
G0 X138.055 Y153.54
G1 F1079.1 X136.676 Y153.91 E3695.63707
G0 F9000 X136.676 Y154.878
G1 F1079.1 X138.056 Y156.259 E3695.73707
G0 F9000 X137.484 Y156.18
G1 F1500 E3693.73707
G0 F9000 X137.91 Y156.606
G0 X139.47 Y156.605
G0 X172.52 Y161.736
G0 X173.948 Y161.736
;TYPE:WALL-INNER
G1 F1500 E3695.73707
G1 F732.7 X173.948 Y138.264 E3697.50766
G1 F1500 E3695.50766
G0 F9000 X172.52 Y138.264
G0 X172.52 Y162.28
G0 X173.404 Y162.28
;TYPE:WALL-OUTER
G1 F1500 E3697.50766
G1 F1079.1 X174.492 Y162.28 E3697.56339
G1 X174.492 Y137.72 E3698.82136
G1 X173.404 Y137.72 E3698.87709
G1 X173.404 Y162.28 E3700.13507
G1 F1500 E3698.13507
;MESH:NONMESH
G0 F300 Z4.48
G0 F9000 X172.52 Y162.28
G0 X139.47 Y156.605
G0 X137.91 Y156.606
G0 X138.424 Y156.84
;TIME_ELAPSED:3553.994980
;LAYER:15
;note -- min layer time used
;TYPE:WALL-INNER
;MESH:din-rail-clip-mount.stl
G1 F1500 E3700.13507
G1 F1257.1 X138.424 Y143.16 E3700.83577
G1 X136.636 Y143.16 E3700.92735
G1 X136.636 Y156.84 E3701.62805
G1 X138.424 Y156.84 E3701.71963
G1 F1500 E3699.71963
G0 F9000 X138.104 Y156.52
G0 X136.87 Y156.606
G0 X136.196 Y157.28
;TYPE:WALL-OUTER
G1 F1500 E3701.71963
G1 F1257.1 X138.864 Y157.28 E3701.85629
G1 X138.864 Y142.72 E3702.60206
G1 X136.196 Y142.72 E3702.73872
G1 X136.196 Y157.28 E3703.48449
G0 F9000 X136.724 Y156.705
;TYPE:FILL
G1 F1257.1 X138.336 Y150.691 E3703.8034
G0 F9000 X138.336 Y150.937
G1 F1257.1 X136.725 Y151.369 E3703.88883
G0 F9000 X136.724 Y150.913
G1 F1257.1 X138.336 Y152.525 E3704.0056
G0 F9000 X138.104 Y152.525
G0 X138.104 Y153.67
G0 X138.335 Y153.67
G1 F1257.1 X136.724 Y154.102 E3704.09103
G0 F9000 X136.724 Y154.646
G1 F1257.1 X138.336 Y156.259 E3704.20784
G1 X138.336 Y156.403
G1 X137.033 Y156.753 E3704.27694
G0 F9000 X137.033 Y156.52
G0 X138.104 Y148.792
G0 X138.336 Y148.792
G1 F1257.1 X136.724 Y147.179 E3704.39375
G0 F9000 X136.725 Y146.505
G1 F1257.1 X137.597 Y143.248 E3704.56645
G0 F9000 X136.724 Y143.446
G1 F1257.1 X138.336 Y145.058 E3704.68322
G0 F9000 X138.335 Y145.471
G1 F1257.1 X136.725 Y145.902 E3704.76859
G0 F9000 X136.956 Y145.902
G0 X136.956 Y148.636
G0 X136.725 Y148.636
G1 F1257.1 X138.336 Y148.204 E3704.85402
G0 F9000 X137.764 Y148.204
G1 F1500 E3702.85402
G0 F9000 X138.19 Y156.606
G0 X139.75 Y156.605
G0 X172.24 Y161.863
G0 X173.541 Y161.863
;TYPE:WALL-INNER
G1 F1500 E3704.85402
G1 F1403.9 X173.935 Y161.863 E3704.87209
G1 X173.935 Y138.137 E3705.9603
G1 X173.541 Y138.137 E3705.97837
G1 X173.541 Y161.863 E3707.06658
G0 F9000 X174.352 Y162.28
;TYPE:WALL-OUTER
G1 F1257.1 X174.352 Y137.72 E3708.32456
G1 X173.124 Y137.72 E3708.38746
G1 X173.124 Y162.28 E3709.64544
G1 X174.352 Y162.28 E3709.70834
G1 F1500 E3707.70834
;MESH:NONMESH
G0 F300 Z4.76
G0 F9000 X174.352 Y163.165
G0 X172.252 Y163.153
G0 X139.75 Y156.605
G0 X138.19 Y156.606
G0 X138.704 Y156.84
;TIME_ELAPSED:3566.830388
;LAYER:16
;note -- min layer time used
;TYPE:WALL-INNER
;MESH:din-rail-clip-mount.stl
G1 F1500 E3709.70834
G1 F1282.1 X138.704 Y143.16 E3710.40903
G1 X136.684 Y143.16 E3710.5125
G1 X136.684 Y156.84 E3711.2132
G1 X138.704 Y156.84 E3711.31666
G1 F1500 E3709.31666
G0 F9000 X138.384 Y156.52
G0 X136.918 Y156.606
G0 X136.244 Y157.28
;TYPE:WALL-OUTER
G1 F1500 E3711.31666
G1 F1282.1 X139.144 Y157.28 E3711.4652
G1 X139.144 Y142.72 E3712.21097
G1 X136.244 Y142.72 E3712.35951
G1 X136.244 Y157.28 E3713.10529
G1 F1500 E3711.10529
G0 F9000 X136.918 Y156.606
G0 X137.004 Y155.763
G0 X136.772 Y155.763
;TYPE:FILL
G1 F1500 E3713.10529
G1 F1282.1 X138.616 Y148.881 E3713.47022
G1 X138.616 Y148.792
G1 X136.772 Y146.947 E3713.60383
G0 F9000 X136.773 Y146.095
G1 F1282.1 X138.615 Y145.601 E3713.70151
G0 F9000 X138.616 Y145.058
G1 F1282.1 X136.806 Y143.248 E3713.83262
G1 X136.772 Y143.362
G1 X137.197 Y143.248 E3713.85516
G1 X137.392 Y143.248
G1 X136.772 Y145.562 E3713.97787
G0 F9000 X137.004 Y145.562
G0 X137.004 Y148.828
G0 X136.772 Y148.828
G1 F1282.1 X138.615 Y148.334 E3714.0756
G0 F9000 X138.384 Y148.334
G0 X138.384 Y151.067
G0 X138.615 Y151.067
G1 F1282.1 X136.772 Y151.561 E3714.17333
G0 F9000 X136.772 Y150.681
G1 F1282.1 X138.616 Y152.525 E3714.30691
G0 F9000 X138.384 Y152.525
G0 X138.384 Y153.801
G0 X138.615 Y153.801
G1 F1282.1 X136.773 Y154.294 E3714.40457
G1 X136.772 Y154.414
G1 X138.616 Y156.259 E3714.53818
G0 F9000 X138.615 Y156.534
G1 F1282.1 X137.8 Y156.752 E3714.5814
G0 F9000 X137.8 Y156.18
G1 F1500 E3712.5814
G0 F9000 X138.47 Y156.606
G0 X140.03 Y156.605
G0 X171.96 Y161.828
G0 X173.296 Y161.828
;TYPE:WALL-INNER
G1 F1500 E3714.5814
G1 F1215.8 X173.76 Y161.828 E3714.60646
G1 X173.76 Y138.172 E3715.88423
G1 X173.296 Y138.172 E3715.90929
G1 X173.296 Y161.828 E3717.18705
G0 F9000 X174.212 Y162.28
;TYPE:WALL-OUTER
G1 F1282.1 X174.212 Y137.72 E3718.44503
G1 X172.844 Y137.72 E3718.5151
G1 X172.844 Y162.28 E3719.77308
G1 X174.212 Y162.28 E3719.84315
G1 F1500 E3717.84315
;MESH:NONMESH
G0 F300 Z5.04
G0 F9000 X174.212 Y163.165
G0 X171.972 Y163.153
G0 X140.03 Y156.605
G0 X138.47 Y156.606
G0 X138.884 Y156.84
;TIME_ELAPSED:3579.990069
;LAYER:17
;note -- min layer time used
;TYPE:WALL-INNER
;MESH:din-rail-clip-mount.stl
G1 F1500 E3719.84315
G1 F1278.7 X138.884 Y143.16 E3720.54385
G1 X136.732 Y143.16 E3720.65407
G1 X136.732 Y156.84 E3721.35477
G1 X138.884 Y156.84 E3721.465
G0 F9000 X139.324 Y157.28
;TYPE:WALL-OUTER
G1 F1278.7 X139.324 Y142.72 E3722.21077
G1 X136.292 Y142.72 E3722.36607
G1 X136.292 Y157.28 E3723.11184
G1 X139.324 Y157.28 E3723.26715
G0 F9000 X138.796 Y156.69
;TYPE:FILL
G1 F1278.7 X138.564 Y156.752 E3723.27945
G0 F9000 X138.796 Y156.158
G1 F1278.7 X136.82 Y154.183 E3723.42254
G0 F9000 X136.821 Y154.486
G1 F1278.7 X138.795 Y153.957 E3723.52722
G0 F9000 X138.564 Y153.957
G0 X138.564 Y152.425
G0 X138.796 Y152.425
G1 F1278.7 X136.82 Y150.449 E3723.67036
G0 F9000 X137.052 Y150.449
G0 X137.052 Y151.753
G0 X136.821 Y151.753
G1 F1278.7 X138.795 Y151.224 E3723.77503
G0 F9000 X138.564 Y151.224
G0 X138.564 Y148.691
G0 X138.796 Y148.691
G1 F1278.7 X136.82 Y146.715 E3723.91817
G0 F9000 X136.821 Y146.287
G1 F1278.7 X138.795 Y145.758 E3724.02285
G0 F9000 X138.796 Y144.958
G1 F1278.7 X137.086 Y143.248 E3724.14671
G1 X137.188 Y143.247
G1 X136.82 Y144.618 E3724.21942
G0 F9000 X137.052 Y144.618
G0 X137.052 Y143.554
G0 X136.82 Y143.554
G1 F1278.7 X137.961 Y143.248 E3724.27993
G0 F9000 X137.961 Y143.48
G0 X138.564 Y147.445
G0 X138.796 Y147.445
G1 F1278.7 X136.82 Y154.819 E3724.67096
G0 F9000 X137.052 Y154.819
G0 X137.052 Y149.02
G0 X136.821 Y149.02
G1 F1278.7 X138.796 Y148.491 E3724.77568
G0 F9000 X138.224 Y148.491
G1 F1500 E3722.77568
G0 F9000 X138.65 Y156.606
G0 X140.21 Y156.606
G0 X171.68 Y161.793
G0 X173.051 Y161.793
;TYPE:WALL-INNER
G1 F1500 E3724.77568
G1 F1053.6 X173.585 Y161.793 E3724.80888
G1 X173.585 Y138.207 E3726.27506
G1 X173.051 Y138.207 E3726.30826
G1 X173.051 Y161.793 E3727.77444
G0 F9000 X174.072 Y162.28
;TYPE:WALL-OUTER
G1 F1278.7 X174.072 Y137.72 E3729.03241
G1 X172.564 Y137.72 E3729.10965
G1 X172.564 Y162.28 E3730.36763
G1 X174.072 Y162.28 E3730.44487
G1 F1500 E3728.44487
;MESH:NONMESH
G0 F300 Z5.32
G0 F9000 X174.072 Y163.165
G0 X171.692 Y163.153
G0 X140.21 Y156.606
G0 X138.65 Y156.606
G0 X138.884 Y156.84
;TIME_ELAPSED:3593.625197
;LAYER:18
;note -- min layer time used
;TYPE:WALL-INNER
;MESH:din-rail-clip-mount.stl
G1 F1500 E3730.44487
G1 F1271.3 X138.884 Y143.16 E3731.14557
G1 X136.78 Y143.16 E3731.25334
G1 X136.78 Y156.84 E3731.95404
G1 X138.884 Y156.84 E3732.06181
G0 F9000 X139.324 Y157.28
;TYPE:WALL-OUTER
G1 F1271.3 X139.324 Y142.72 E3732.80758
G1 X136.34 Y142.72 E3732.96042
G1 X136.34 Y157.28 E3733.70619
G1 X139.324 Y157.28 E3733.85903
G0 F9000 X138.65 Y156.606
G0 X138.564 Y155.878
G0 X138.796 Y155.878
;TYPE:FILL
G1 F1271.3 X136.868 Y153.951 E3733.99866
G1 X136.868 Y153.873
G1 X138.796 Y146.68 E3734.38009
G0 F9000 X138.795 Y145.963
G1 F1271.3 X136.868 Y146.479 E3734.48227
G1 X136.868 Y146.484
G1 X138.796 Y148.411 E3734.62189
G0 F9000 X138.796 Y148.696
G1 F1271.3 X136.869 Y149.212 E3734.72407
G0 F9000 X137.1 Y149.212
G0 X137.1 Y150.217
G0 X136.868 Y150.217
G1 F1271.3 X138.796 Y152.145 E3734.86373
G0 F9000 X138.795 Y151.429
G1 F1271.3 X136.869 Y151.945 E3734.96586
G0 F9000 X137.1 Y151.945
G0 X137.1 Y154.678
G0 X136.868 Y154.678
G1 F1271.3 X138.795 Y154.162 E3735.06804
G0 F9000 X138.564 Y154.162
G0 X138.564 Y144.678
G0 X138.796 Y144.678
G1 F1271.3 X137.366 Y143.248 E3735.17163
G0 F9000 X136.982 Y143.248
G1 F1271.3 X136.868 Y143.673 E3735.19416
G1 X136.869 Y143.746
G1 X138.726 Y143.248 E3735.29264
G0 F9000 X138.224 Y143.691
G1 F1500 E3733.29264
G0 F9000 X138.65 Y156.606
G0 X140.21 Y156.606
G0 X171.4 Y161.758
G0 X172.806 Y161.758
;TYPE:WALL-INNER
G1 F1500 E3735.29264
G1 F926.1 X173.41 Y161.758 E3735.33511
G1 X173.41 Y138.242 E3736.98856
G1 X172.806 Y138.242 E3737.03103
G1 X172.806 Y161.758 E3738.68449
G0 F9000 X173.932 Y162.28
;TYPE:WALL-OUTER
G1 F1271.3 X173.932 Y137.72 E3739.94247
G1 X172.284 Y137.72 E3740.02688
G1 X172.284 Y162.28 E3741.28486
G1 X173.932 Y162.28 E3741.36927
G1 F1500 E3739.36927
;MESH:NONMESH
G0 F300 Z5.6
G0 F9000 X173.932 Y163.165
G0 X171.412 Y163.153
G0 X140.21 Y156.606
G0 X138.65 Y156.606
G0 X138.884 Y156.84
;TIME_ELAPSED:3607.285854
;LAYER:19
;note -- min layer time used
;TYPE:WALL-INNER
;MESH:din-rail-clip-mount.stl
G1 F1500 E3741.36927
G1 F1460.9 X138.884 Y143.16 E3742.06997
G1 X136.828 Y143.16 E3742.17528
G1 X136.828 Y156.84 E3742.87597
G1 X138.884 Y156.84 E3742.98128
G0 F9000 X139.324 Y157.28
;TYPE:WALL-OUTER
G1 F1460.9 X139.324 Y142.72 E3743.72705
G1 X136.388 Y142.72 E3743.87744
G1 X136.388 Y157.28 E3744.62321
G1 X139.324 Y157.28 E3744.77359
G0 F9000 X138.625 Y156.753
;TYPE:FILL
G1 F1460.9 X138.796 Y156.115 E3744.80743
G0 F9000 X138.796 Y155.598
G1 F1460.9 X136.916 Y153.719 E3744.94357
G0 F9000 X136.916 Y152.929
G1 F1460.9 X138.796 Y145.915 E3745.31551
G0 F9000 X138.795 Y146.168
G1 F1460.9 X136.916 Y146.671 E3745.41515
G0 F9000 X136.916 Y146.252
G1 F1460.9 X138.796 Y148.131 E3745.55129
G0 F9000 X138.796 Y148.901
G1 F1460.9 X136.916 Y149.404 E3745.65097
G0 F9000 X136.916 Y149.985
G1 F1460.9 X138.796 Y151.865 E3745.78715
G0 F9000 X138.795 Y151.634
G1 F1460.9 X136.916 Y152.137 E3745.88679
G0 F9000 X137.148 Y152.137
G0 X137.148 Y154.871
G0 X136.916 Y154.871
G1 F1460.9 X138.795 Y154.367 E3745.98643
G0 F9000 X138.564 Y154.367
G0 X138.564 Y144.398
G0 X138.796 Y144.398
G1 F1460.9 X137.646 Y143.248 E3746.06974
G0 F9000 X137.646 Y143.48
G0 X137.148 Y143.938
G0 X136.916 Y143.938
G1 F1460.9 X138.795 Y143.435 E3746.16937
G0 F9000 X138.224 Y143.82
G1 F1500 E3744.16937
G0 F9000 X138.65 Y156.606
G0 X140.21 Y156.606
G0 X171.12 Y161.84
G0 X172.444 Y161.84
;TYPE:WALL-INNER
G1 F1500 E3746.16937
G1 F1460.9 X173.352 Y161.84 E3746.21588
G1 X173.352 Y138.16 E3747.42878
G1 X172.444 Y138.16 E3747.47529
G1 X172.444 Y161.84 E3748.68819
G0 F9000 X173.792 Y162.28
;TYPE:WALL-OUTER
G1 F1460.9 X173.792 Y137.72 E3749.94617
G1 X172.004 Y137.72 E3750.03775
G1 X172.004 Y162.28 E3751.29573
G1 X173.792 Y162.28 E3751.38731
G1 F1500 E3749.38731
G0 F9000 X174.679 Y162.279
G0 X174.679 Y138.613
G0 X172.898 Y138.614
;TYPE:SKIN
G1 F1500 E3751.38731
G1 F1156.1 X172.898 Y161.386 E3752.86121
G1 F1500 E3750.86121
;MESH:NONMESH
G0 F300 Z5.88
G0 F9000 X171.12 Y161.386
G0 X140.21 Y156.606
G0 X138.65 Y156.606
G0 X138.884 Y156.84
;TIME_ELAPSED:3621.084194
;LAYER:20
;note -- min layer time used
;TYPE:WALL-INNER
;MESH:din-rail-clip-mount.stl
G1 F1500 E3752.86121
G1 F1595.4 X138.884 Y143.16 E3753.56191
G1 X136.876 Y143.16 E3753.66476
G1 X136.876 Y156.84 E3754.36546
G1 X138.884 Y156.84 E3754.46831
G0 F9000 X139.324 Y157.28
;TYPE:WALL-OUTER
G1 F1595.4 X139.324 Y142.72 E3755.21408
G1 X136.436 Y142.72 E3755.36201
G1 X136.436 Y157.28 E3756.10778
G1 X139.324 Y157.28 E3756.25571
G0 F9000 X138.65 Y156.606
G0 X138.42 Y156.753
;TYPE:FILL
G1 F1595.4 X138.796 Y155.35 E3756.3301
G1 X138.796 Y155.318
G1 X136.964 Y153.487 E3756.46277
G0 F9000 X137.196 Y153.487
G0 X137.196 Y152.329
G0 X136.965 Y152.329
G1 F1595.4 X138.795 Y151.839 E3756.55981
G0 F9000 X138.796 Y151.585
G1 F1595.4 X136.964 Y149.753 E3756.69251
G1 X136.964 Y149.596
G1 X138.795 Y149.106 E3756.7896
G0 F9000 X138.564 Y149.106
G0 X138.564 Y147.851
G0 X138.796 Y147.851
G1 F1595.4 X136.964 Y146.02 E3756.92227
G0 F9000 X136.965 Y146.863
G1 F1595.4 X138.795 Y146.373 E3757.0193
G0 F9000 X138.564 Y146.373
G0 X138.564 Y145.15
G0 X138.796 Y145.15
G1 F1595.4 X136.964 Y151.988 E3757.3819
G0 F9000 X137.196 Y151.988
G0 X137.196 Y155.062
G0 X136.965 Y155.062
G1 F1595.4 X138.796 Y154.572 E3757.47898
G0 F9000 X138.564 Y154.572
G0 X138.564 Y144.118
G0 X138.796 Y144.118
G1 F1595.4 X137.926 Y143.248 E3757.54201
G0 F9000 X138.795 Y143.64
G1 F1595.4 X136.965 Y144.13 E3757.63904
G0 F9000 X137.536 Y144.13
G1 F1500 E3755.63904
G0 F9000 X138.65 Y156.606
G0 X140.21 Y156.606
G0 X170.84 Y161.84
G0 X172.164 Y161.84
;TYPE:WALL-INNER
G1 F1500 E3757.63904
G1 F1595.4 X173.212 Y161.84 E3757.69272
G1 X173.212 Y138.16 E3758.90562
G1 X172.164 Y138.16 E3758.9593
G1 X172.164 Y161.84 E3760.17221
G1 F1500 E3758.17221
G0 F9000 X173.652 Y162.28
;TYPE:WALL-OUTER
G1 F1500 E3760.17221
G1 F1595.4 X173.652 Y137.72 E3761.43019
G1 X171.724 Y137.72 E3761.52894
G1 X171.724 Y162.28 E3762.78692
G1 X173.652 Y162.28 E3762.88567
G0 F9000 X172.514 Y161.49
;TYPE:SKIN
G1 F2017.2 X172.514 Y138.51 E3763.81661
G1 X172.862 Y138.51 E3763.83071
G1 X172.862 Y161.49 E3764.76165
G1 X172.514 Y161.49 E3764.77574
G1 F1500 E3762.77574
;MESH:NONMESH
G0 F300 Z6.16
G0 F9000 X170.84 Y161.49
G0 X140.21 Y156.606
G0 X138.65 Y156.606
G0 X138.752 Y156.84
;TIME_ELAPSED:3634.305033
;LAYER:21
;note -- min layer time used
;TYPE:WALL-INNER
;MESH:din-rail-clip-mount.stl
G1 F1500 E3764.77574
G1 F1580.5 X138.752 Y143.16 E3765.47644
G1 X136.924 Y143.16 E3765.57007
G1 X136.924 Y156.84 E3766.27077
G1 X138.752 Y156.84 E3766.3644
G0 F9000 X139.192 Y157.28
;TYPE:WALL-OUTER
G1 F1580.5 X139.192 Y142.72 E3767.11017
G1 X136.484 Y142.72 E3767.24888
G1 X136.484 Y157.28 E3767.99465
G1 X139.192 Y157.28 E3768.13336
G0 F9000 X138.518 Y156.606
G0 X138.215 Y156.52
G0 X138.215 Y156.753
;TYPE:FILL
G1 F1580.5 X138.664 Y155.076 E3768.22228
G1 X138.664 Y154.907
G1 X137.012 Y153.254 E3768.34198
G0 F9000 X137.012 Y152.522
G1 F1580.5 X138.664 Y152.079 E3768.42959
G0 F9000 X138.664 Y151.173
G1 F1580.5 X137.012 Y149.521 E3768.54925
G0 F9000 X137.013 Y149.788
G1 F1580.5 X138.663 Y149.346 E3768.63675
G0 F9000 X138.432 Y149.346
G0 X138.432 Y147.44
G0 X138.664 Y147.44
G1 F1580.5 X137.012 Y145.787 E3768.75645
G0 F9000 X137.244 Y145.787
G0 X137.244 Y147.055
G0 X137.012 Y147.055
G1 F1580.5 X138.664 Y146.613 E3768.84404
G0 F9000 X138.432 Y146.613
G0 X138.432 Y144.878
G0 X138.664 Y144.878
G1 F1580.5 X137.012 Y151.041 E3769.17086
G0 F9000 X137.244 Y151.041
G0 X138.432 Y154.812
G0 X138.664 Y154.812
G1 F1580.5 X137.012 Y155.255 E3769.25846
G0 F9000 X137.244 Y155.255
G0 X137.244 Y144.322
G0 X137.012 Y144.322
G1 F1580.5 X138.664 Y143.88 E3769.34606
G1 X138.664 Y143.706
G1 X138.207 Y143.249 E3769.37916
G0 F9000 X138.092 Y143.82
G1 F1500 E3767.37916
G0 F9000 X138.518 Y156.606
G0 X140.077 Y156.606
G0 X170.58 Y161.84
G0 X171.904 Y161.84
;TYPE:WALL-INNER
G1 F1500 E3769.37916
G1 F1580.5 X173.072 Y161.84 E3769.43899
G1 X173.072 Y138.16 E3770.65189
G1 X171.904 Y138.16 E3770.71172
G1 X171.904 Y161.84 E3771.92462
G1 F1500 E3769.92462
G0 F9000 X173.512 Y162.28
;TYPE:WALL-OUTER
G1 F1500 E3771.92462
G1 F1580.5 X173.512 Y137.72 E3773.1826
G1 X171.464 Y137.72 E3773.2875
G1 X171.464 Y162.28 E3774.54548
G1 X173.512 Y162.28 E3774.65038
G0 F9000 X172.284 Y161.46
;TYPE:SKIN
G1 F1704.5 X172.284 Y138.54 E3775.73897
G1 X172.692 Y138.54 E3775.75835
G1 X172.692 Y161.46 E3776.84695
G1 X172.284 Y161.46 E3776.86632
G1 F1500 E3774.86632
;MESH:NONMESH
G0 F300 Z6.44
G0 F9000 X170.58 Y161.46
G0 X140.077 Y156.606
G0 X138.518 Y156.606
G0 X138.584 Y156.84
;TIME_ELAPSED:3647.786254
;LAYER:22
;note -- min layer time used
;TYPE:WALL-INNER
;MESH:din-rail-clip-mount.stl
G1 F1500 E3776.86632
G1 F1395.2 X138.584 Y143.16 E3777.56702
G1 X136.972 Y143.16 E3777.64959
G1 X136.972 Y156.84 E3778.35029
G1 X138.584 Y156.84 E3778.43286
G0 F9000 X139.024 Y157.28
;TYPE:WALL-OUTER
G1 F1395.2 X139.024 Y142.72 E3779.17863
G1 X136.532 Y142.72 E3779.30627
G1 X136.532 Y157.28 E3780.05204
G1 X139.024 Y157.28 E3780.17968
G0 F9000 X138.35 Y156.606
G0 X138.01 Y156.52
G0 X138.01 Y156.752
;TYPE:FILL
G1 F1395.2 X138.496 Y154.94 E3780.27578
G1 X138.495 Y155.062
G1 X137.06 Y155.447 E3780.35188
G0 F9000 X137.292 Y155.447
G0 X138.264 Y154.458
G0 X138.496 Y154.458
G1 F1395.2 X137.06 Y153.022 E3780.4559
G0 F9000 X137.06 Y152.714
G1 F1395.2 X138.495 Y152.329 E3780.532
G0 F9000 X138.264 Y152.329
G0 X138.264 Y150.725
G0 X138.496 Y150.725
G1 F1395.2 X137.06 Y149.289 E3780.63602
G0 F9000 X137.06 Y149.981
G1 F1395.2 X138.495 Y149.596 E3780.71212
G0 F9000 X138.264 Y149.596
G0 X137.292 Y150.098
G0 X137.06 Y150.098
G1 F1395.2 X138.496 Y144.74 E3780.99624
G0 F9000 X138.496 Y144.13
G1 F1395.2 X137.06 Y144.514 E3781.07238
G0 F9000 X137.292 Y144.514
G0 X137.292 Y145.555
G0 X137.06 Y145.555
G1 F1395.2 X138.496 Y146.991 E3781.1764
G1 X138.496 Y146.863
G1 X137.06 Y147.248 E3781.25255
G0 F9000 X137.632 Y147.248
G1 F1500 E3779.25255
G0 F9000 X138.35 Y156.606
G0 X139.909 Y156.606
G0 X170.58 Y161.84
G0 X171.904 Y161.84
;TYPE:WALL-INNER
G1 F1500 E3781.25255
G1 F1395.2 X172.932 Y161.84 E3781.3052
G1 X172.932 Y138.16 E3782.51811
G1 X171.904 Y138.16 E3782.57076
G1 X171.904 Y161.84 E3783.78367
G0 F9000 X171.464 Y162.28
;TYPE:WALL-OUTER
G1 F1395.2 X173.372 Y162.28 E3783.8814
G1 X173.372 Y137.72 E3785.13937
G1 X171.464 Y137.72 E3785.2371
G1 X171.464 Y162.28 E3786.49508
G1 F1500 E3784.49508
G0 F9000 X170.58 Y162.28
G0 X170.58 Y138.674
G0 X172.418 Y138.674
;TYPE:SKIN
G1 F1500 E3786.49508
G1 F908.1 X172.418 Y161.326 E3788.27765
G1 F1500 E3786.27765
;MESH:NONMESH
G0 F300 Z6.72
G0 F9000 X170.58 Y161.326
G0 X139.909 Y156.606
G0 X138.35 Y156.606
G0 X138.416 Y156.84
;TIME_ELAPSED:3661.566414
;LAYER:23
;note -- min layer time used
;TYPE:WALL-INNER
;MESH:din-rail-clip-mount.stl
G1 F1500 E3788.27765
G1 F1371.2 X138.416 Y143.16 E3788.97834
G1 X137.02 Y143.16 E3789.04985
G1 X137.02 Y156.84 E3789.75055
G1 X138.416 Y156.84 E3789.82205
G0 F9000 X138.856 Y157.28
;TYPE:WALL-OUTER
G1 F1371.2 X138.856 Y142.72 E3790.56782
G1 X136.58 Y142.72 E3790.6844
G1 X136.58 Y157.28 E3791.43017
G1 X138.856 Y157.28 E3791.54675
G0 F9000 X138.182 Y156.606
G0 X137.805 Y156.52
G0 X137.805 Y156.753
;TYPE:FILL
G1 F1371.2 X138.328 Y154.802 E3791.65021
G0 F9000 X138.327 Y155.312
G1 F1371.2 X137.109 Y155.639 E3791.71481
G0 F9000 X137.108 Y156.524
G1 F1371.2 X137.336 Y156.751 E3791.73129
G0 F9000 X137.336 Y156.52
G0 X138.096 Y154.01
G0 X138.328 Y154.01
G1 F1371.2 X137.108 Y152.79 E3791.81966
G1 X137.109 Y152.906
G1 X138.328 Y152.579 E3791.8843
G0 F9000 X138.096 Y152.579
G0 X138.096 Y150.276
G0 X138.328 Y150.276
G1 F1371.2 X137.108 Y149.057 E3791.97264
G1 X137.108 Y149.153
G1 X138.328 Y144.601 E3792.21403
G0 F9000 X138.328 Y144.38
G1 F1371.2 X137.109 Y144.706 E3792.27866
G0 F9000 X137.108 Y145.323
G1 F1371.2 X138.328 Y146.543 E3792.36703
G0 F9000 X138.327 Y147.113
G1 F1371.2 X137.109 Y147.439 E3792.43161
G0 F9000 X137.34 Y147.439
G0 X138.096 Y149.846
G0 X138.327 Y149.846
G1 F1371.2 X137.108 Y150.173 E3792.49626
G0 F9000 X137.68 Y150.173
G1 F1500 E3790.49626
G0 F9000 X138.182 Y156.606
G0 X139.741 Y156.606
G0 X170.58 Y161.84
G0 X171.904 Y161.84
;TYPE:WALL-INNER
G1 F1500 E3792.49626
G1 F1371.2 X172.792 Y161.84 E3792.54174
G1 X172.792 Y138.16 E3793.75465
G1 X171.904 Y138.16 E3793.80013
G1 X171.904 Y161.84 E3795.01303
G0 F9000 X171.464 Y162.28
;TYPE:WALL-OUTER
G1 F1371.2 X173.232 Y162.28 E3795.10359
G1 X173.232 Y137.72 E3796.36157
G1 X171.464 Y137.72 E3796.45213
G1 X171.464 Y162.28 E3797.71011
G1 F1500 E3795.71011
G0 F9000 X170.58 Y162.28
G0 X170.58 Y138.604
G0 X172.348 Y138.604
;TYPE:SKIN
G1 F1500 E3797.71011
G1 F1125.6 X172.348 Y161.396 E3799.13224
G1 F1500 E3797.13224
;MESH:NONMESH
G0 F300 Z7
G0 F9000 X170.58 Y161.396
G0 X139.741 Y156.606
G0 X138.182 Y156.606
G0 X138.248 Y156.84
;TIME_ELAPSED:3675.109484
;LAYER:24
;note -- min layer time used
;TYPE:WALL-INNER
;MESH:din-rail-clip-mount.stl
G1 F1500 E3799.13224
G1 F1161.1 X138.248 Y143.16 E3799.83293
G1 X137.068 Y143.16 E3799.89338
G1 X137.068 Y156.84 E3800.59407
G1 X138.248 Y156.84 E3800.65451
G0 F9000 X138.688 Y157.28
;TYPE:WALL-OUTER
G1 F1161.1 X138.688 Y142.72 E3801.40029
G1 X136.628 Y142.72 E3801.5058
G1 X136.628 Y157.28 E3802.25157
G1 X138.688 Y157.28 E3802.35709
G0 F9000 X138.014 Y156.606
G0 X137.616 Y156.52
G0 X137.616 Y156.751
;TYPE:FILL
G1 F1161.1 X137.156 Y156.292 E3802.39037
G0 F9000 X137.157 Y155.831
G1 F1161.1 X138.159 Y155.562 E3802.44351
G0 F9000 X138.16 Y154.662
G1 F1161.1 X137.6 Y156.753 E3802.55439
G0 F9000 X137.6 Y156.52
G0 X137.928 Y153.562
G0 X138.16 Y153.562
G1 F1161.1 X137.156 Y152.558 E3802.62711
G0 F9000 X137.156 Y153.098
G1 F1161.1 X138.16 Y152.829 E3802.68035
G0 F9000 X137.928 Y152.829
G0 X137.388 Y150.365
G0 X137.157 Y150.365
G1 F1161.1 X138.159 Y150.096 E3802.73349
G0 F9000 X138.16 Y149.829
G1 F1161.1 X137.156 Y148.825 E3802.80622
G0 F9000 X137.156 Y148.209
G1 F1161.1 X138.16 Y144.462 E3803.00491
G1 X138.16 Y144.63
G1 X137.156 Y144.899 E3803.05815
G1 X137.156 Y145.091
G1 X138.16 Y146.095 E3803.13088
G0 F9000 X137.928 Y146.095
G0 X137.928 Y147.363
G0 X138.159 Y147.363
G1 F1161.1 X137.156 Y147.632 E3803.18407
G0 F9000 X137.588 Y147.632
G1 F1500 E3801.18407
G0 F9000 X138.014 Y156.606
G0 X139.573 Y156.606
G0 X170.58 Y161.763
G0 X171.981 Y161.763
;TYPE:WALL-INNER
G1 F1500 E3803.18407
G1 F860 X172.575 Y161.763 E3803.22514
G1 X172.575 Y138.237 E3804.85192
G1 X171.981 Y138.237 E3804.89299
G1 X171.981 Y161.763 E3806.51976
G0 F9000 X171.464 Y162.28
;TYPE:WALL-OUTER
G1 F1161.1 X173.092 Y162.28 E3806.60315
G1 X173.092 Y137.72 E3807.86113
G1 X171.464 Y137.72 E3807.94451
G1 X171.464 Y162.28 E3809.20249
G1 F1500 E3807.20249
;MESH:NONMESH
G0 F300 Z7.28
G0 F9000 X170.58 Y162.28
G0 X139.573 Y156.606
G0 X138.014 Y156.606
G0 X138.08 Y156.84
;TIME_ELAPSED:3688.555031
;LAYER:25
;note -- min layer time used
;TYPE:WALL-INNER
;MESH:din-rail-clip-mount.stl
G1 F1500 E3809.20249
G1 F600 X138.08 Y143.16 E3809.90319
G1 X137.12 Y143.16 E3809.95236
G1 X137.116 Y156.84 E3810.65306
G1 X138.08 Y156.84 E3810.70244
G0 F9000 X138.52 Y157.28
;TYPE:WALL-OUTER
G1 F600 X138.52 Y142.72 E3811.44821
G1 X136.68 Y142.72 E3811.54245
G1 X136.676 Y157.28 E3812.28823
G1 X138.52 Y157.28 E3812.38268
G0 F9000 X137.896 Y156.751
;TYPE:FILL
G1 F600 X137.203 Y156.059 E3812.43284
G1 X137.204 Y156.023
G1 X137.992 Y155.812 E3812.47462
G0 F9000 X137.76 Y155.812
G0 X137.395 Y156.52
G0 X137.395 Y156.753
G1 F600 X137.991 Y154.527 E3812.59266
G0 F9000 X137.76 Y154.527
G0 X137.76 Y153.114
G0 X137.992 Y153.114
G1 F600 X137.204 Y152.326 E3812.64974
G0 F9000 X137.205 Y153.29
G1 F600 X137.992 Y153.079 E3812.69147
G0 F9000 X137.76 Y153.079
G0 X137.437 Y150.558
G0 X137.206 Y150.557
G1 F600 X137.992 Y150.346 E3812.73316
G0 F9000 X137.992 Y149.381
G1 F600 X137.206 Y148.594 E3812.79013
G0 F9000 X137.207 Y147.823
G1 F600 X137.992 Y147.613 E3812.83175
G0 F9000 X137.207 Y147.255
G1 F600 X137.991 Y144.327 E3812.98701
G0 F9000 X137.992 Y144.88
G1 F600 X137.207 Y145.09 E3813.02863
G0 F9000 X137.207 Y144.862
G1 F600 X137.992 Y145.647 E3813.08549
G0 F9000 X137.779 Y145.647
;MESH:NONMESH
G0 F300 Z7.56
G0 F9000 X137.76 Y145.647
G0 X137.835 Y156.52
G0 X137.835 Y156.763
;TIME_ELAPSED:3697.639938
;LAYER:26
;note -- min layer time used
;TYPE:WALL-INNER
;MESH:din-rail-clip-mount.stl
G1 F445.2 X137.836 Y143.236 E3814.01928
G1 F445.9 X137.244 Y143.236 E3814.06008
G1 F445.2 X137.241 Y156.763 E3814.99387
G1 F444.4 X137.835 Y156.763 E3815.03494
G0 F9000 X138.352 Y157.28
;TYPE:WALL-OUTER
G1 F600 X138.352 Y142.72 E3815.78071
G1 X136.728 Y142.72 E3815.86389
G1 X136.724 Y157.28 E3816.60967
G1 X138.352 Y157.28 E3816.69305
;MESH:NONMESH
G0 F300 Z7.84
G0 F9000 X137.721 Y156.817
;TIME_ELAPSED:3704.917815
;LAYER:27
;note -- min layer time used
;TYPE:WALL-INNER
;MESH:din-rail-clip-mount.stl
G1 F544.3 X137.722 Y143.182 E3817.46287
G1 F545.5 X137.238 Y143.182 E3817.49014
G1 F544.3 X137.235 Y156.817 E3818.25996
G1 F543.2 X137.721 Y156.817 E3818.28746
G0 F9000 X138.184 Y157.28
;TYPE:WALL-OUTER
G1 F600 X138.184 Y142.72 E3819.03323
G1 X136.776 Y142.72 E3819.10535
G1 X136.772 Y157.28 E3819.85112
G1 X138.184 Y157.28 E3819.92344
;MESH:NONMESH
G0 F300 Z8.12
G0 F9000 X137.607 Y156.871
;TIME_ELAPSED:3711.453268
;LAYER:28
;note -- min layer time used
;TYPE:WALL-INNER
;MESH:din-rail-clip-mount.stl
G1 F700.3 X137.608 Y143.128 E3820.52658
G1 F702.1 X137.232 Y143.128 E3820.54304
G1 F700.3 X137.229 Y156.871 E3821.14617
G1 F698.4 X137.607 Y156.871 E3821.16281
G0 F9000 X138.016 Y157.28
;TYPE:WALL-OUTER
G1 F600 X138.016 Y142.72 E3821.90858
G1 X136.824 Y142.72 E3821.96963
G1 X136.82 Y157.28 E3822.7154
G1 X138.016 Y157.28 E3822.77666
G1 F1500 E3820.77666
;MESH:NONMESH
G0 F300 Z8.4
G0 F9000 X138.901 Y157.28
G0 X138.889 Y158.153
G0 X135.95 Y158.153
G0 X135.938 Y143.208
G0 X137.36 Y143.208
;TIME_ELAPSED:3717.968496
;LAYER:29
;note -- min layer time used
;TYPE:WALL-INNER
;MESH:din-rail-clip-mount.stl
G1 F1500 E3822.77666
G1 F492.5 X137.36 Y156.792 E3823.62425
G0 F9000 X137.848 Y157.28
;TYPE:WALL-OUTER
G1 F600 X137.848 Y142.72 E3824.37002
G1 X136.872 Y142.72 E3824.42002
G1 X136.872 Y157.28 E3825.16579
G1 X137.848 Y157.28 E3825.21578
;MESH:NONMESH
G0 F300 Z8.68
G0 F9000 X137.6 Y157.2
;TIME_ELAPSED:3723.055851
;LAYER:30
;note -- min layer time used
;TYPE:WALL-OUTER
;MESH:din-rail-clip-mount.stl
G1 F440 X137 Y157.2 E3825.25769
G1 X137 Y142.8 E3826.26347
G1 X137.6 Y142.8 E3826.30538
G1 X137.6 Y157.2 E3827.31117
;TIME_ELAPSED:3727.154793
G1 F1500 E3825.31117
M140 S0
M107
G91; relative positioning
 G1 Z1.0 F3000 ; move z up little to prevent scratching of print
 G90; absolute positioning
 G1 X0 Y200 F1000 ; prepare for part removal
 M104 S0; turn off extruder
 M140 S0 ; turn off bed
 G1 X0 Y300 F1000 ; prepare for part removal
 M84 ; disable motors
 M106 S0 ; turn off fan
M82 ;absolute extrusion mode
M104 S0
;End of Gcode
;SETTING_3 {"global_quality": "[general]\\nversion = 4\\nname = Low Quality #2\\
;SETTING_3 ndefinition = artillery_sidewinder_x1\\n\\n[metadata]\\ntype = qualit
;SETTING_3 y_changes\\nquality_type = low\\nsetting_version = 27\\n\\n[values]\\
;SETTING_3 nadhesion_type = brim\\n\\n", "extruder_quality": ["[general]\\nversi
;SETTING_3 on = 4\\nname = Low Quality #2\\ndefinition = artillery_sidewinder_x1
;SETTING_3 \\n\\n[metadata]\\ntype = quality_changes\\nquality_type = low\\nsett
;SETTING_3 ing_version = 27\\nposition = 0\\n\\n[values]\\ninfill_sparse_density
;SETTING_3  = 50.0\\n\\n"]}
