;FLAVOR:Marlin
;TIME:3843
;Filament used: 4.34933m
;Layer height: 0.28
;MINX:114.36
;MINY:115.86
;MINZ:0.28
;MAXX:185.64
;MAXY:184.14
;MAXZ:8.12
;TARGET_MACHINE.NAME:Artillery Sidewinder X1
;Generated with Cura_SteamEngine 5.13.0
M140 S60
M105
M190 S60
M104 S200
M105
M109 S200
G28 ; home all axes
 M117 Purge extruder
 G92 E0 ; reset extruder
 G1 Z1.0 F3000 ; move z up little to prevent scratching of surface
 G1 X2 Y20 Z0.3 F5000.0 ; move to start-line position
 G1 X2 Y200.0 Z0.3 F1500.0 E15 ; draw 1st line
 G1 X2 Y200.0 Z0.4 F5000.0 ; move to side a little
 G1 X2 Y20 Z0.4 F1500.0 E30 ; draw 2nd line
 G92 E0 ; reset extruder
 G1 Z1.0 F3000 ; move z up little to prevent scratching of surface
M82 ;absolute extrusion mode
G92 E0
G92 E0
G1 F1500 E-2
;LAYER_COUNT:29
;LAYER:0
M107
G0 F6000 X117.365 Y117.616 Z0.28
;TYPE:SKIRT
G1 F1500 E0
G1 F1200 X119.137 Y116.551 E0.10589
G1 X121.237 Y115.86 E0.21913
G1 X178.4 Y115.86 E3.14705
G1 X180.216 Y116.319 E3.243
G1 X181.285 Y116.726 E3.30159
G1 X182.933 Y117.959 E3.40701
G1 X183.884 Y118.865 E3.47429
G1 X184.949 Y120.637 E3.58018
G1 X185.64 Y122.737 E3.69342
G1 X185.64 Y176.856 E6.46542
G1 X185.181 Y178.793 E6.56739
G1 X184.145 Y180.864 E6.686
G1 X182.304 Y182.653 E6.81748
G1 X180.21 Y183.763 E6.93888
G1 X178.247 Y184.14 E7.04126
G1 X121.6 Y184.14 E9.94275
G1 X119.784 Y183.681 E10.0387
G1 X118.715 Y183.274 E10.09728
G1 X117.067 Y182.041 E10.20271
G1 X116.116 Y181.135 E10.26998
G1 X115.051 Y179.363 E10.37588
G1 X114.36 Y177.263 E10.48911
G1 X114.36 Y123.1 E13.26338
G1 X114.819 Y121.284 E13.35932
G1 X115.226 Y120.215 E13.41791
G1 X116.459 Y118.567 E13.52333
G1 X117.365 Y117.616 E13.59061
G0 F6000 X117.645 Y117.961
G1 F1200 X119.322 Y116.953 E13.69083
G1 X121.307 Y116.3 E13.79786
G1 X178.343 Y116.3 E16.71928
G1 X180.108 Y116.746 E16.81252
G1 X181.071 Y117.116 E16.86537
G1 X182.629 Y118.278 E16.96492
G1 X183.539 Y119.145 E17.0293
G1 X184.547 Y120.822 E17.12952
G1 X185.2 Y122.807 E17.23655
G1 X185.2 Y176.806 E20.00241
G1 X184.766 Y178.639 E20.09889
G1 X183.785 Y180.6 E20.21121
G1 X182.041 Y182.294 E20.33574
G1 X180.061 Y183.344 E20.45053
G1 X178.206 Y183.7 E20.54728
G1 X121.657 Y183.7 E23.44375
G1 X119.892 Y183.254 E23.537
G1 X118.929 Y182.884 E23.58984
G1 X117.371 Y181.722 E23.68939
G1 X116.461 Y180.855 E23.75377
G1 X115.453 Y179.178 E23.85399
G1 X114.8 Y177.193 E23.96103
G1 X114.8 Y123.157 E26.72878
G1 X115.246 Y121.392 E26.82203
G1 X115.616 Y120.429 E26.87487
G1 X116.778 Y118.871 E26.97442
G1 X117.645 Y117.961 E27.0388
G0 F6000 X117.922 Y118.308
G1 F1200 X119.506 Y117.356 E27.13346
G1 X121.378 Y116.74 E27.2344
G1 X178.286 Y116.74 E30.14927
G1 X180 Y117.173 E30.23982
G1 X180.857 Y117.505 E30.28689
G1 X182.326 Y118.597 E30.38065
G1 X183.192 Y119.422 E30.44191
G1 X184.144 Y121.006 E30.53657
G1 X184.76 Y122.878 E30.63751
G1 X184.76 Y176.756 E33.39718
G1 X184.351 Y178.485 E33.48818
G1 X183.424 Y180.338 E33.59431
G1 X181.78 Y181.934 E33.71167
G1 X179.912 Y182.925 E33.81998
G1 X178.165 Y183.26 E33.91109
G1 X121.714 Y183.26 E36.80254
G1 X120 Y182.827 E36.8931
G1 X119.143 Y182.495 E36.94017
G1 X117.674 Y181.403 E37.03392
G1 X116.808 Y180.578 E37.09519
G1 X115.856 Y178.994 E37.18985
G1 X115.24 Y177.122 E37.29079
G1 X115.24 Y123.214 E40.05199
G1 X115.673 Y121.5 E40.14254
G1 X116.005 Y120.643 E40.18962
G1 X117.097 Y119.174 E40.28337
G1 X117.922 Y118.308 E40.34463
G0 F6000 X118.202 Y118.653
G1 F1200 X119.691 Y117.758 E40.43362
G1 X121.448 Y117.18 E40.52836
G1 X178.229 Y117.18 E43.43672
G1 X179.892 Y117.6 E43.52457
G1 X180.641 Y117.893 E43.56577
G1 X182.022 Y118.916 E43.65379
G1 X182.847 Y119.702 E43.71216
G1 X183.742 Y121.191 E43.80114
G1 X184.32 Y122.948 E43.89588
G1 X184.32 Y176.706 E46.6494
G1 X183.936 Y178.331 E46.73493
G1 X183.063 Y180.076 E46.83487
G1 X181.519 Y181.574 E46.94506
G1 X179.763 Y182.506 E47.04688
G1 X178.124 Y182.82 E47.13236
G1 X121.771 Y182.82 E50.0188
G1 X120.108 Y182.4 E50.10665
G1 X119.359 Y182.107 E50.14785
G1 X117.978 Y181.084 E50.23587
G1 X117.153 Y180.298 E50.29424
G1 X116.258 Y178.809 E50.38322
G1 X115.68 Y177.052 E50.47796
G1 X115.68 Y123.271 E53.23266
G1 X116.1 Y121.608 E53.32051
G1 X116.393 Y120.859 E53.36171
G1 X117.416 Y119.478 E53.44974
G1 X118.202 Y118.653 E53.5081
G0 F6000 X118.479 Y119
G1 F1200 X119.875 Y118.161 E53.59153
G1 X121.519 Y117.62 E53.68018
G1 X178.173 Y117.62 E56.58203
G1 X179.732 Y118.01 E56.66434
G1 X180.427 Y118.282 E56.70257
G1 X181.719 Y119.235 E56.7848
G1 X182.5 Y119.979 E56.84005
G1 X183.339 Y121.375 E56.92348
G1 X183.88 Y123.019 E57.01212
G1 X183.88 Y176.656 E59.75944
G1 X183.52 Y178.181 E59.8397
G1 X182.704 Y179.812 E59.93312
G1 X181.258 Y181.214 E60.03628
G1 X179.614 Y182.087 E60.13162
G1 X178.083 Y182.38 E60.21146
G1 X121.827 Y182.38 E63.09293
G1 X120.268 Y181.99 E63.17524
G1 X119.573 Y181.718 E63.21347
G1 X118.281 Y180.765 E63.2957
G1 X117.5 Y180.021 E63.35095
G1 X116.661 Y178.625 E63.43438
G1 X116.12 Y176.981 E63.52302
G1 X116.12 Y123.327 E66.27122
G1 X116.51 Y121.768 E66.35353
G1 X116.782 Y121.073 E66.39176
G1 X117.735 Y119.781 E66.47399
G1 X118.479 Y119 E66.52924
G0 F6000 X118.759 Y119.345
G1 F1200 X120.06 Y118.563 E66.60699
G1 X121.589 Y118.06 E66.68943
G1 X178.119 Y118.06 E69.58493
G1 X179.572 Y118.42 E69.66161
G1 X180.214 Y118.671 E69.69691
G1 X181.415 Y119.554 E69.77327
G1 X182.155 Y120.259 E69.82562
G1 X182.937 Y121.56 E69.90337
G1 X183.44 Y123.089 E69.98581
G1 X183.44 Y176.606 E72.72699
G1 X183.104 Y178.031 E72.80198
G1 X182.345 Y179.548 E72.88886
G1 X180.997 Y180.854 E72.985
G1 X179.465 Y181.668 E73.07386
G1 X178.042 Y181.94 E73.14806
G1 X121.881 Y181.94 E76.02466
G1 X120.428 Y181.58 E76.10134
G1 X119.786 Y181.329 E76.13665
G1 X118.585 Y180.446 E76.213
G1 X117.845 Y179.741 E76.26535
G1 X117.063 Y178.44 E76.3431
G1 X116.56 Y176.911 E76.42554
G1 X116.56 Y123.381 E79.16738
G1 X116.92 Y121.928 E79.24406
G1 X117.171 Y121.286 E79.27936
G1 X118.054 Y120.085 E79.35572
G1 X118.759 Y119.345 E79.40807
G0 F6000 X119.039 Y119.69
G1 F1200 X120.245 Y118.965 E79.48014
G1 X121.659 Y118.5 E79.55639
G1 X178.066 Y118.5 E82.44559
G1 X179.412 Y118.83 E82.51657
G1 X180 Y119.06 E82.54891
G1 X181.111 Y119.873 E82.61943
G1 X181.81 Y120.539 E82.66888
G1 X182.535 Y121.745 E82.74095
G1 X183 Y123.159 E82.81719
G1 X183 Y176.556 E85.55222
G1 X182.688 Y177.881 E85.62195
G1 X181.986 Y179.284 E85.7023
G1 X180.735 Y180.495 E85.79148
G1 X179.317 Y181.249 E85.87374
G1 X178.002 Y181.5 E85.94231
G1 X121.934 Y181.5 E88.81415
G1 X120.588 Y181.17 E88.88514
G1 X120 Y180.94 E88.91748
G1 X118.889 Y180.127 E88.98799
G1 X118.19 Y179.461 E89.03744
G1 X117.465 Y178.255 E89.10952
G1 X117 Y176.841 E89.18576
G1 X117 Y123.434 E91.9213
G1 X117.33 Y122.088 E91.99228
G1 X117.56 Y121.5 E92.02462
G1 X118.373 Y120.389 E92.09514
G1 X119.039 Y119.69 E92.14459
G0 F6000 X119.319 Y120.035
G1 F1200 X120.429 Y119.368 E92.21092
G1 X121.73 Y118.94 E92.28107
G1 X178.012 Y118.94 E95.16387
G1 X179.252 Y119.24 E95.22922
G1 X179.786 Y119.449 E95.25859
G1 X180.807 Y120.192 E95.32327
G1 X181.465 Y120.819 E95.36982
G1 X182.132 Y121.929 E95.43615
G1 X182.56 Y123.23 E95.5063
G1 X182.56 Y176.506 E98.23513
G1 X182.272 Y177.731 E98.29959
G1 X181.627 Y179.02 E98.37342
G1 X180.473 Y180.136 E98.45564
G1 X179.17 Y180.829 E98.53124
G1 X177.961 Y181.06 E98.59428
G1 X121.988 Y181.06 E101.46125
G1 X120.748 Y180.76 E101.5266
G1 X120.214 Y180.551 E101.55597
G1 X119.193 Y179.808 E101.62065
G1 X118.535 Y179.181 E101.6672
G1 X117.868 Y178.071 E101.73353
G1 X117.44 Y176.77 E101.80368
G1 X117.44 Y123.488 E104.53282
G1 X117.74 Y122.248 E104.59817
G1 X117.949 Y121.714 E104.62754
G1 X118.692 Y120.693 E104.69222
G1 X119.319 Y120.035 E104.73877
G0 F6000 X119.596 Y120.382
G1 F1200 X120.614 Y119.77 E104.79961
G1 X121.8 Y119.38 E104.86356
G1 X177.96 Y119.38 E107.74011
G1 X179.091 Y119.65 E107.79967
G1 X179.573 Y119.839 E107.82618
G1 X180.548 Y120.548 E107.88793
G1 X181.118 Y121.096 E107.92843
G1 X181.73 Y122.114 E107.98927
G1 X182.12 Y123.3 E108.05322
G1 X182.12 Y176.456 E110.7759
G1 X181.856 Y177.577 E110.83489
G1 X181.266 Y178.757 E110.90247
G1 X180.211 Y179.777 E110.97763
G1 X179.022 Y180.41 E111.04662
G1 X177.921 Y180.62 E111.10403
G1 X122.04 Y180.62 E113.96629
G1 X120.909 Y180.35 E114.02585
G1 X120.427 Y180.161 E114.05237
G1 X119.452 Y179.452 E114.11412
G1 X118.882 Y178.904 E114.15462
G1 X118.27 Y177.886 E114.21546
G1 X117.88 Y176.7 E114.27941
G1 X117.88 Y123.54 E117.00229
G1 X118.15 Y122.409 E117.06185
G1 X118.339 Y121.927 E117.08837
G1 X119.048 Y120.952 E117.15012
G1 X119.596 Y120.382 E117.19062
G0 F6000 X119.872 Y120.73
G1 F1200 X120.798 Y120.173 E117.24597
G1 X121.871 Y119.82 E117.30383
G1 X177.909 Y119.82 E120.17413
G1 X178.93 Y120.06 E120.22785
G1 X179.36 Y120.229 E120.25151
G1 X180.289 Y120.904 E120.31033
G1 X180.77 Y121.372 E120.34471
G1 X181.327 Y122.298 E120.40006
G1 X181.68 Y123.371 E120.45791
G1 X181.68 Y176.406 E123.1744
G1 X181.44 Y177.427 E123.22812
G1 X180.907 Y178.492 E123.28912
G1 X179.949 Y179.418 E123.35736
G1 X178.875 Y179.99 E123.41969
G1 X177.88 Y180.18 E123.47158
G1 X122.091 Y180.18 E126.32912
G1 X121.07 Y179.94 E126.38284
G1 X120.64 Y179.771 E126.40651
G1 X119.711 Y179.096 E126.46533
G1 X119.23 Y178.628 E126.4997
G1 X118.673 Y177.702 E126.55505
G1 X118.32 Y176.629 E126.61291
G1 X118.32 Y123.591 E129.32955
G1 X118.56 Y122.57 E129.38327
G1 X118.729 Y122.14 E129.40693
G1 X119.404 Y121.211 E129.46575
G1 X119.872 Y120.73 E129.50013
G0 F6000 X120.147 Y121.078
G1 F1200 X120.983 Y120.575 E129.5501
G1 X121.941 Y120.26 E129.60175
G1 X177.857 Y120.26 E132.46581
G1 X178.769 Y120.47 E132.51374
G1 X179.149 Y120.619 E132.53465
G1 X179.982 Y121.219 E132.58723
G1 X180.422 Y121.647 E132.61867
G1 X180.925 Y122.483 E132.66865
G1 X181.24 Y123.441 E132.7203
G1 X181.24 Y176.356 E135.43064
G1 X181.024 Y177.273 E135.47889
G1 X180.546 Y178.229 E135.53364
G1 X179.687 Y179.059 E135.59482
G1 X178.727 Y179.571 E135.65055
G1 X177.84 Y179.74 E135.6968
G1 X122.143 Y179.74 E138.54963
G1 X121.231 Y179.53 E138.59757
G1 X120.851 Y179.381 E138.61848
G1 X120.018 Y178.781 E138.67106
G1 X119.578 Y178.353 E138.7025
G1 X119.075 Y177.517 E138.75247
G1 X118.76 Y176.559 E138.80413
G1 X118.76 Y123.643 E141.51452
G1 X118.97 Y122.731 E141.56245
G1 X119.119 Y122.351 E141.58336
G1 X119.719 Y121.518 E141.63594
G1 X120.147 Y121.078 E141.66738
G0 F6000 X120.422 Y121.426
G1 F1200 X121.167 Y120.978 E141.71191
G1 X122.012 Y120.7 E141.75747
G1 X177.806 Y120.7 E144.61528
G1 X178.67 Y120.899 E144.66069
G1 X178.938 Y121.009 E144.67553
G1 X179.675 Y121.534 E144.72188
G1 X180.074 Y121.922 E144.75038
G1 X180.522 Y122.667 E144.79491
G1 X180.8 Y123.512 E144.84047
G1 X180.8 Y176.306 E147.54461
G1 X180.608 Y177.123 E147.5876
G1 X180.187 Y177.964 E147.63577
G1 X179.425 Y178.7 E147.69004
G1 X178.579 Y179.151 E147.73914
G1 X177.799 Y179.3 E147.77982
G1 X122.194 Y179.3 E150.62794
G1 X121.33 Y179.101 E150.67335
G1 X121.062 Y178.991 E150.68819
G1 X120.325 Y178.466 E150.73454
G1 X119.926 Y178.078 E150.76305
G1 X119.478 Y177.333 E150.80757
G1 X119.2 Y176.488 E150.85314
G1 X119.2 Y123.694 E153.55728
G1 X119.399 Y122.83 E153.60269
G1 X119.509 Y122.562 E153.61753
G1 X120.034 Y121.825 E153.66388
G1 X120.422 Y121.426 E153.69238
G0 F6000 X120.697 Y121.774
G1 F1200 X121.352 Y121.38 E153.73153
G1 X122.082 Y121.14 E153.77089
G1 X177.755 Y121.14 E156.6225
G1 X178.571 Y121.328 E156.66539
G1 X178.725 Y121.397 E156.67403
G1 X179.419 Y121.892 E156.7177
G1 X179.726 Y122.197 E156.73986
G1 X180.12 Y122.852 E156.77901
G1 X180.36 Y123.582 E156.81837
G1 X180.36 Y176.256 E159.51637
G1 X180.192 Y176.969 E159.55389
G1 X179.827 Y177.699 E159.59569
G1 X179.161 Y178.342 E159.64311
G1 X178.431 Y178.732 E159.6855
G1 X177.759 Y178.86 E159.72054
G1 X122.245 Y178.86 E162.564
G1 X121.429 Y178.672 E162.60689
G1 X121.275 Y178.603 E162.61554
G1 X120.581 Y178.108 E162.6592
G1 X120.274 Y177.803 E162.68137
G1 X119.88 Y177.148 E162.72052
G1 X119.64 Y176.418 E162.75988
G1 X119.64 Y123.745 E165.45782
G1 X119.828 Y122.929 E165.50071
G1 X119.897 Y122.775 E165.50936
G1 X120.392 Y122.081 E165.55302
G1 X120.697 Y121.774 E165.57518
G0 F6000 X120.97 Y122.123
G1 F1200 X121.537 Y121.782 E165.60907
G1 X122.152 Y121.58 E165.64223
G1 X177.704 Y121.58 E168.48764
G1 X178.472 Y121.757 E168.52801
G1 X179.109 Y122.204 E168.56786
G1 X179.377 Y122.47 E168.58721
G1 X179.718 Y123.037 E168.6211
G1 X179.92 Y123.652 E168.65425
G1 X179.92 Y176.206 E171.3461
G1 X179.776 Y176.819 E171.37835
G1 X179.469 Y177.432 E171.41347
G1 X178.898 Y177.983 E171.45411
G1 X178.281 Y178.313 E171.48995
G1 X177.719 Y178.42 E171.51925
G1 X122.296 Y178.42 E174.35805
G1 X121.528 Y178.243 E174.39842
G1 X120.891 Y177.796 E174.43828
G1 X120.623 Y177.53 E174.45762
G1 X120.282 Y176.963 E174.49151
G1 X120.08 Y176.348 E174.52467
G1 X120.08 Y123.796 E177.21641
G1 X120.257 Y123.028 E177.25678
G1 X120.704 Y122.391 E177.29664
G1 X120.97 Y122.123 E177.31598
G0 F6000 X121.243 Y122.472
G1 F1200 X121.722 Y122.184 E177.34461
G1 X122.222 Y122.02 E177.37156
G1 X177.653 Y122.02 E180.21077
G1 X178.292 Y122.167 E180.24436
G1 X178.799 Y122.516 E180.27588
G1 X179.028 Y122.743 E180.2924
G1 X179.316 Y123.222 E180.32103
G1 X179.48 Y123.722 E180.34798
G1 X179.48 Y176.156 E183.03368
G1 X179.36 Y176.665 E183.06047
G1 X179.108 Y177.169 E183.08933
G1 X178.637 Y177.623 E183.12284
G1 X178.131 Y177.894 E183.15224
G1 X177.679 Y177.98 E183.17581
G1 X122.347 Y177.98 E186.00994
G1 X121.708 Y177.833 E186.04353
G1 X121.201 Y177.484 E186.07506
G1 X120.972 Y177.257 E186.09157
G1 X120.684 Y176.778 E186.1202
G1 X120.52 Y176.278 E186.14715
G1 X120.52 Y123.847 E188.8327
G1 X120.667 Y123.208 E188.86629
G1 X121.016 Y122.701 E188.89781
G1 X121.243 Y122.472 E188.91433
G0 F6000 X121.513 Y122.823
G1 F1200 X121.907 Y122.586 E188.93788
G1 X122.292 Y122.46 E188.95863
G1 X177.602 Y122.46 E191.79164
G1 X178.114 Y122.578 E191.81855
G1 X178.55 Y122.878 E191.84566
G1 X178.677 Y123.013 E191.85515
G1 X178.914 Y123.407 E191.8787
G1 X179.04 Y123.792 E191.89945
G1 X179.04 Y176.106 E194.57901
G1 X178.944 Y176.515 E194.60053
G1 X178.749 Y176.904 E194.62281
G1 X178.376 Y177.263 E194.64933
G1 X177.981 Y177.475 E194.67229
G1 X177.639 Y177.54 E194.69012
G1 X122.398 Y177.54 E197.5196
G1 X121.886 Y177.422 E197.54651
G1 X121.45 Y177.122 E197.57362
G1 X121.323 Y176.987 E197.58312
G1 X121.086 Y176.593 E197.60667
G1 X120.96 Y176.208 E197.62742
G1 X120.96 Y123.898 E200.30677
G1 X121.078 Y123.386 E200.33368
G1 X121.378 Y122.95 E200.36079
G1 X121.513 Y122.823 E200.37028
G0 F6000 X121.74 Y123.2
G1 F1200 X122.134 Y122.963 E200.39383
G1 X122.361 Y122.9 E200.4059
G1 X177.551 Y122.9 E203.23276
G1 X177.934 Y122.988 E203.25289
G1 X178.3 Y123.24 E203.27565
G1 X178.537 Y123.634 E203.2992
G1 X178.6 Y123.861 E203.31127
G1 X178.6 Y176.053 E205.98458
G1 X178.527 Y176.366 E206.00104
G1 X178.389 Y176.64 E206.01675
G1 X178.114 Y176.904 E206.03628
G1 X177.832 Y177.056 E206.05269
G1 X177.639 Y177.1 E206.06283
G1 X122.449 Y177.1 E208.88969
G1 X122.066 Y177.012 E208.90982
G1 X121.7 Y176.76 E208.93258
G1 X121.463 Y176.366 E208.95613
G1 X121.4 Y176.139 E208.9682
G1 X121.4 Y123.949 E211.6414
G1 X121.488 Y123.566 E211.66153
G1 X121.74 Y123.2 E211.68429
G0 F6000 X122.319 Y123.875
G1 F1200 X122.44 Y123.78 E211.69217
G1 X177.5 Y123.78 E214.51238
G1 X177.625 Y123.819 E214.51908
G1 X177.72 Y123.94 E214.52696
G1 X177.72 Y176 E217.19351
G1 X177.681 Y176.125 E217.20021
G1 X177.56 Y176.22 E217.20809
G1 X122.5 Y176.22 E220.0283
G1 X122.375 Y176.181 E220.03501
G1 X122.28 Y176.06 E220.04289
G1 X122.28 Y124 E222.70943
G1 X122.319 Y123.875 E222.71614
G0 F6000 X121.899 Y123.744
G1 F1200 X122.047 Y123.529 E222.72951
G1 X122.361 Y123.34 E222.74828
G1 X177.5 Y123.34 E225.57253
G1 X177.756 Y123.399 E225.58599
G1 X177.971 Y123.547 E225.59936
G1 X178.16 Y123.861 E225.61813
G1 X178.16 Y176 E228.28872
G1 X178.098 Y176.266 E228.30271
G1 X178.009 Y176.418 E228.31173
G1 X177.832 Y176.566 E228.32355
G1 X177.639 Y176.66 E228.33455
G1 X122.5 Y176.66 E231.1588
G1 X122.244 Y176.601 E231.17226
G1 X122.029 Y176.453 E231.18563
G1 X121.84 Y176.139 E231.2044
G1 X121.84 Y124 E233.87499
G1 X121.899 Y123.744 E233.88845
G1 F1500 E231.88845
;MESH:custom_clip.stl
G0 F6000 X121.835 Y123.744
G0 X121.835 Y126.666
G0 X123.255 Y126.666
;TYPE:WALL-INNER
G1 F1500 E233.88845
G1 F830.2 X123.352 Y126.22 E233.92224
G1 F823.7 X123.469 Y125.892 E233.94822
G1 X123.635 Y125.57 E233.97526
G1 X123.834 Y125.275 E234.00181
G1 X124.121 Y124.975 E234.03279
G1 X124.386 Y124.761 E234.05821
G1 X123.26 Y124.76 E234.14223
G1 F830.2 X123.255 Y126.666 E234.28334
G1 F850.2 X123.246 Y126.828 E234.29507
G1 F847.5 X123.256 Y127.262 E234.32656
G1 F792.8 X123.287 Y127.668 E234.35812
G1 F1500 E232.35812
G0 F6000 X121.835 Y127.668
G0 X121.835 Y172.666
G0 X123.255 Y172.666
G1 F1500 E234.35812
G1 F850.2 X123.246 Y172.828 E234.36985
G1 F840.8 X123.261 Y173.351 E234.4081
G1 F1500 E232.4081
G0 F6000 X124.341 Y175.237
G1 F1500 E234.4081
G1 F846.2 X123.835 Y174.733 E234.45998
G1 F974.2 X123.624 Y174.249 E234.49329
G1 F1251.2 X123.477 Y173.739 E234.51937
G1 F1291 X123.407 Y173.647 E234.52487
G1 F961.7 X123.261 Y173.351 E234.54597
G1 F1047.6 X123.124 Y173.799 E234.57345
G1 F1310.2 X123.161 Y174.212 E234.5929
G1 F970.6 X123.263 Y174.914 E234.63783
G1 F818.6 X123.263 Y175.237 E234.66208
G1 X124.341 Y175.237 E234.74302
G1 F1500 E232.74302
G0 F6000 X150 Y175.34
G1 F1500 E234.74302
G1 F1200 X176.84 Y175.34 E236.11778
G1 X176.84 Y124.66 E238.71364
G1 X127.263 Y124.66 E241.25301
G1 X127.482 Y124.793 E241.26613
G1 X127.824 Y125.049 E241.28801
G1 X128.222 Y125.507 E241.31909
G1 X128.435 Y125.932 E241.34344
G1 X128.594 Y126.367 E241.36716
G1 X128.652 Y126.833 E241.39122
G1 X128.652 Y127.171 E241.40853
G1 X128.611 Y127.497 E241.42536
G1 X128.523 Y127.837 E241.44335
G1 X128.38 Y128.192 E241.46295
G1 X128.142 Y128.571 E241.48587
G1 X127.912 Y128.854 E241.50455
G1 X127.539 Y129.175 E241.52976
G1 X127.08 Y129.438 E241.55685
G1 X126.628 Y129.585 E241.5812
G1 X126.376 Y129.633 E241.59434
G1 X125.917 Y129.668 E241.61792
G1 X125.418 Y129.603 E241.64369
G1 X124.931 Y129.443 E241.66995
G1 X124.403 Y129.152 E241.70083
G1 X124.022 Y128.776 E241.72825
G1 X123.802 Y128.499 E241.74637
G1 X123.641 Y128.238 E241.76207
G1 X123.588 Y128.132 E241.76814
G1 F1047.6 X123.279 Y127.656 E241.80144
G1 X123.16 Y128.212 E241.8348
G1 F1200 X123.16 Y172.205 E244.08815
G1 F986.9 X123.255 Y172.666 E244.11746
G1 X123.447 Y172.252 E244.14588
G1 F1200 X123.559 Y171.936 E244.16305
G1 X123.675 Y171.7 E244.17652
G1 X123.918 Y171.324 E244.19946
G1 X124.258 Y170.986 E244.22401
G1 X124.555 Y170.755 E244.24328
G1 X125.092 Y170.476 E244.27428
G1 X125.615 Y170.366 E244.30165
G1 X125.962 Y170.34 E244.31948
G1 X126.337 Y170.354 E244.3387
G1 X126.703 Y170.435 E244.3579
G1 X127.146 Y170.59 E244.38194
G1 X127.482 Y170.793 E244.40205
G1 X127.831 Y171.06 E244.42455
G1 X128.225 Y171.513 E244.4553
G1 X128.435 Y171.932 E244.47931
G1 X128.594 Y172.367 E244.50303
G1 X128.652 Y172.833 E244.52709
G1 X128.656 Y173.085 E244.54
G1 X128.625 Y173.419 E244.55718
G1 X128.551 Y173.749 E244.5745
G1 X128.387 Y174.186 E244.59841
G1 X128.189 Y174.505 E244.61764
G1 X127.906 Y174.865 E244.64109
G1 X127.567 Y175.152 E244.66384
G1 X127.256 Y175.34 E244.68246
G1 X150 Y175.34 E245.84742
G0 F6000 X150 Y175.78
;TYPE:WALL-OUTER
G1 F1200 X177.28 Y175.78 E247.24472
G1 X177.28 Y124.22 E249.88565
G1 F1194.6 X160.435 Y124.222 E250.75238
G1 F1189.2 X143.59 Y124.223 E251.62304
G1 F1178.6 X126.745 Y124.225 E252.50154
G1 F1100 X126.362 Y124.256 E252.52301
G1 F1043.5 X125.89 Y124.25 E252.55081
G1 F1035.3 X125.564 Y124.259 E252.57018
G1 F1102.3 X125.046 Y124.22 E252.59914
G1 F1200 X122.72 Y124.22 E252.71828
G1 X122.721 Y175.779 E255.35916
G1 X125.013 Y175.78 E255.47656
G1 F1095.4 X125.497 Y175.738 E255.50382
G1 F1031.2 X125.967 Y175.751 E255.53184
G1 F1043.5 X126.348 Y175.744 E255.55429
G1 F1086.4 X126.675 Y175.771 E255.57285
G1 F1175.9 X126.995 Y175.78 E255.58959
G1 F1200 X150 Y175.78 E256.76792
G1 F1500 E254.76792
G0 F6000 X125.936 Y175.253
G1 F1500 E256.76792
G1 F1033.3 X125.53 Y175.216 E256.79217
G1 F1095.4 X125.094 Y175.029 E256.81879
G1 F1200 X124.666 Y174.794 E256.8438
G1 X124.378 Y174.514 E256.86437
G1 X124.176 Y174.268 E256.88067
G1 X123.998 Y173.972 E256.89837
G1 X123.856 Y173.606 E256.91847
G1 X123.792 Y173.236 E256.93771
G1 X123.772 Y172.828 E256.95863
G1 X123.863 Y172.393 E256.98139
G1 X123.954 Y172.13 E256.99565
G1 X124.084 Y171.87 E257.01054
G1 X124.252 Y171.617 E257.02609
G1 X124.528 Y171.334 E257.04634
G1 X124.814 Y171.116 E257.06476
G1 X125.238 Y170.896 E257.08923
G1 X125.655 Y170.804 E257.1111
G1 X125.915 Y170.78 E257.12447
G1 X126.3 Y170.797 E257.14421
G1 X126.633 Y170.872 E257.1617
G1 X126.953 Y170.986 E257.1791
G1 X127.252 Y171.168 E257.19703
G1 X127.525 Y171.377 E257.21464
G1 X127.855 Y171.758 E257.24045
G1 X128.052 Y172.155 E257.26315
G1 X128.156 Y172.451 E257.27922
G1 X128.212 Y172.84 E257.29935
G1 X128.216 Y173.242 E257.31995
G1 X128.123 Y173.647 E257.34123
G1 X127.979 Y174.009 E257.36118
G1 X127.8 Y174.295 E257.37847
G1 X127.571 Y174.572 E257.39688
G1 X127.249 Y174.84 E257.41833
G1 X126.917 Y175.028 E257.43788
G1 F1160.4 X126.548 Y175.167 E257.45876
G1 F1073.2 X126.296 Y175.237 E257.47374
G1 F1043.5 X125.936 Y175.253 E257.49497
G1 F1500 E255.49497
G0 F6000 X125.907 Y129.223
G1 F1500 E257.49497
G1 F1200 X125.535 Y129.175 E257.51418
G1 X125.093 Y129.029 E257.53802
G1 X124.668 Y128.795 E257.56287
G1 X124.378 Y128.514 E257.58356
G1 X124.176 Y128.268 E257.59986
G1 X123.998 Y127.972 E257.61755
G1 X123.858 Y127.612 E257.63734
G1 X123.792 Y127.236 E257.65689
G1 X123.772 Y126.828 E257.67781
G1 X123.863 Y126.393 E257.70058
G1 X123.954 Y126.13 E257.71483
G1 X124.084 Y125.87 E257.72972
G1 X124.261 Y125.605 E257.74604
G1 X124.528 Y125.334 E257.76553
G1 X124.814 Y125.116 E257.78395
G1 F1183.9 X125.266 Y124.883 E257.81035
G1 F1088.7 X125.62 Y124.771 E257.83131
G1 F1035.3 X125.913 Y124.75 E257.84875
G1 F1043.5 X126.307 Y124.762 E257.87197
G1 F1086.4 X126.61 Y124.856 E257.88992
G1 F1173.3 X126.972 Y124.996 E257.91025
G1 F1200 X127.252 Y125.168 E257.92708
G1 X127.538 Y125.391 E257.94566
G1 X127.853 Y125.753 E257.97024
G1 X128.052 Y126.155 E257.99321
G1 X128.156 Y126.451 E258.00928
G1 X128.212 Y126.84 E258.02941
G1 X128.215 Y127.121 E258.04381
G1 X128.183 Y127.395 E258.05794
G1 X128.123 Y127.647 E258.07121
G1 X127.979 Y128.009 E258.09116
G1 X127.8 Y128.295 E258.10844
G1 X127.59 Y128.554 E258.12552
G1 X127.262 Y128.832 E258.14754
G1 X126.899 Y129.037 E258.1689
G1 X126.546 Y129.153 E258.18793
G1 X126.294 Y129.201 E258.20107
G1 X125.907 Y129.223 E258.22092
G1 F1500 E256.22092
G0 F6000 X150 Y174.944
;TYPE:SKIN
G1 F1500 E258.22092
G1 F1200 X128.372 Y174.944 E259.32872
G1 X128.73 Y174.387 E259.36264
G1 X128.914 Y173.915 E259.38859
G1 X129.045 Y173.314 E259.42009
G1 X129.047 Y172.808 E259.44601
G1 X128.983 Y172.292 E259.47264
G1 X128.844 Y171.883 E259.49477
G1 X128.56 Y171.3 E259.52798
G1 X128.101 Y170.765 E259.56409
G1 X127.694 Y170.459 E259.59017
G1 X127.313 Y170.23 E259.61294
G1 X126.915 Y170.085 E259.63464
G1 X126.408 Y169.962 E259.66136
G1 X125.829 Y169.945 E259.69103
G1 X125.461 Y169.989 E259.71001
G1 X124.949 Y170.1 E259.73685
G1 X124.358 Y170.408 E259.77098
G1 X124.009 Y170.673 E259.79343
G1 X123.557 Y171.118 E259.82592
G1 X123.556 Y128.835 E261.99168
G1 X123.776 Y129.095 E262.00912
G1 X124.167 Y129.474 E262.03701
G1 X124.799 Y129.818 E262.07387
G1 X125.303 Y129.982 E262.10102
G1 X125.882 Y130.063 E262.13096
G1 X126.32 Y130.036 E262.15344
G1 X126.772 Y129.957 E262.17694
G1 X127.228 Y129.801 E262.20163
G1 X127.708 Y129.537 E262.22969
G1 X128.173 Y129.155 E262.26051
G1 X128.446 Y128.825 E262.28245
G1 X128.74 Y128.37 E262.3102
G1 X128.89 Y127.988 E262.33122
G1 X128.994 Y127.591 E262.35224
G1 X129.043 Y127.216 E262.37161
G1 X129.047 Y126.808 E262.39251
G1 X128.983 Y126.292 E262.41914
G1 X128.835 Y125.86 E262.44253
G1 X128.557 Y125.284 E262.47529
G1 X128.357 Y125.056 E262.49082
G1 X176.444 Y125.056 E264.95387
G1 X176.444 Y174.944 E267.50916
G1 X150 Y174.944 E268.86364
G1 F1500 E266.86364
G0 F6000 X123.848 Y170.517
G1 F1500 E268.86364
G1 F1200 X123.776 Y170.445 E268.86886
G0 F6000 X124.204 Y170.251
G1 F1200 X123.776 Y169.823 E268.89986
G0 F6000 X123.776 Y169.201
G1 F1200 X124.606 Y170.03 E268.95995
G0 F6000 X125.05 Y169.853
G1 F1200 X123.776 Y168.578 E269.05227
G0 F6000 X123.776 Y167.956
G1 F1200 X125.575 Y169.755 E269.18258
G0 F6000 X126.173 Y169.731
G1 F1200 X123.776 Y167.334 E269.35621
G0 F6000 X123.776 Y166.712
G1 F1200 X126.926 Y169.861 E269.58435
G1 F1500 E267.58435
G0 F6000 X129.149 Y172.084
G1 F1500 E269.58435
G1 F1200 X131.788 Y174.724 E269.77555
G0 F6000 X131.166 Y174.724
G1 F1200 X129.266 Y172.824 E269.91318
G0 F6000 X129.249 Y173.429
G1 F1200 X130.544 Y174.724 E270.00698
G0 F6000 X129.922 Y174.724
G1 F1200 X129.133 Y173.935 E270.06414
G0 F6000 X128.968 Y174.393
G1 F1200 X129.299 Y174.724 E270.08811
G1 F1500 E268.08811
G0 F6000 X132.411 Y174.724
G1 F1500 E270.08811
G1 F1200 X123.776 Y166.089 E270.71361
G0 F6000 X123.776 Y165.467
G1 F1200 X133.033 Y174.724 E271.38415
G0 F6000 X133.655 Y174.724
G1 F1200 X123.776 Y164.845 E272.09976
G0 F6000 X123.776 Y164.223
G1 F1200 X134.277 Y174.724 E272.86042
G0 F6000 X134.9 Y174.724
G1 F1200 X123.776 Y163.6 E273.66621
G0 F6000 X123.776 Y162.978
G1 F1200 X135.522 Y174.724 E274.51705
G0 F6000 X136.144 Y174.724
G1 F1200 X123.776 Y162.356 E275.41295
G0 F6000 X123.776 Y161.734
G1 F1200 X136.766 Y174.724 E276.3539
G0 F6000 X137.389 Y174.724
G1 F1200 X123.776 Y161.111 E277.33999
G0 F6000 X123.776 Y160.489
G1 F1200 X138.011 Y174.724 E278.37113
G0 F6000 X138.633 Y174.724
G1 F1200 X123.776 Y159.867 E279.44732
G0 F6000 X123.776 Y159.245
G1 F1200 X139.255 Y174.724 E280.56857
G0 F6000 X139.878 Y174.724
G1 F1200 X123.776 Y158.622 E281.73495
G0 F6000 X123.776 Y158
G1 F1200 X140.5 Y174.724 E282.94638
G0 F6000 X141.122 Y174.724
G1 F1200 X123.776 Y157.378 E284.20287
G0 F6000 X123.776 Y156.756
G1 F1200 X141.745 Y174.724 E285.50446
G0 F6000 X142.367 Y174.724
G1 F1200 X123.776 Y156.133 E286.85113
G0 F6000 X123.776 Y155.511
G1 F1200 X142.989 Y174.724 E288.24286
G0 F6000 X143.611 Y174.724
G1 F1200 X123.776 Y154.889 E289.67965
G0 F6000 X123.776 Y154.267
G1 F1200 X144.234 Y174.724 E291.16152
G0 F6000 X144.856 Y174.724
G1 F1200 X123.776 Y153.644 E292.68849
G0 F6000 X123.776 Y153.022
G1 F1200 X145.478 Y174.724 E294.26052
G0 F6000 X146.1 Y174.724
G1 F1200 X123.776 Y152.4 E295.8776
G0 F6000 X123.776 Y151.778
G1 F1200 X146.723 Y174.724 E297.53977
G0 F6000 X147.345 Y174.724
G1 F1200 X123.776 Y151.155 E299.24704
G0 F6000 X123.776 Y150.533
G1 F1200 X147.967 Y174.724 E300.99936
G0 F6000 X148.589 Y174.724
G1 F1200 X123.776 Y149.911 E302.79673
G0 F6000 X123.776 Y149.289
G1 F1200 X149.212 Y174.724 E304.6392
G0 F6000 X149.834 Y174.724
G1 F1200 X123.776 Y148.666 E306.52676
G0 F6000 X123.776 Y148.044
G1 F1200 X150.456 Y174.724 E308.45938
G0 F6000 X151.078 Y174.724
G1 F1200 X123.776 Y147.422 E310.43705
G0 F6000 X123.776 Y146.8
G1 F1200 X151.701 Y174.724 E312.45981
G0 F6000 X152.323 Y174.724
G1 F1200 X123.776 Y146.177 E314.52767
G0 F6000 X123.776 Y145.555
G1 F1200 X152.945 Y174.724 E316.64058
G0 F6000 X153.567 Y174.724
G1 F1200 X123.776 Y144.933 E318.79855
G0 F6000 X123.776 Y144.311
G1 F1200 X154.19 Y174.724 E321.00161
G0 F6000 X154.812 Y174.724
G1 F1200 X123.776 Y143.688 E323.24976
G0 F6000 X123.776 Y143.066
G1 F1200 X155.434 Y174.724 E325.54296
G0 F6000 X156.056 Y174.724
G1 F1200 X123.776 Y142.444 E327.88123
G0 F6000 X123.776 Y141.822
G1 F1200 X156.679 Y174.724 E330.26458
G0 F6000 X157.301 Y174.724
G1 F1200 X123.776 Y141.199 E332.69303
G0 F6000 X123.776 Y140.577
G1 F1200 X157.923 Y174.724 E335.16653
G0 F6000 X158.545 Y174.724
G1 F1200 X123.776 Y139.955 E337.68509
G0 F6000 X123.776 Y139.333
G1 F1200 X159.168 Y174.724 E340.24874
G0 F6000 X159.79 Y174.724
G1 F1200 X123.776 Y138.71 E342.85748
G0 F6000 X123.776 Y138.088
G1 F1200 X160.412 Y174.724 E345.51127
G0 F6000 X161.034 Y174.724
G1 F1200 X123.776 Y137.466 E348.21013
G0 F6000 X123.776 Y136.844
G1 F1200 X161.657 Y174.724 E350.95407
G0 F6000 X162.279 Y174.724
G1 F1200 X123.776 Y136.221 E353.74311
G0 F6000 X123.776 Y135.599
G1 F1200 X162.901 Y174.724 E356.5772
G0 F6000 X163.523 Y174.724
G1 F1200 X123.776 Y134.977 E359.45635
G0 F6000 X123.776 Y134.355
G1 F1200 X164.146 Y174.724 E362.38059
G0 F6000 X164.768 Y174.724
G1 F1200 X123.776 Y133.732 E365.34992
G0 F6000 X123.776 Y133.11
G1 F1200 X165.39 Y174.724 E368.36431
G0 F6000 X166.012 Y174.724
G1 F1200 X123.776 Y132.488 E371.42376
G0 F6000 X123.776 Y131.866
G1 F1200 X166.635 Y174.724 E374.52829
G0 F6000 X167.257 Y174.724
G1 F1200 X123.776 Y131.243 E377.67792
G0 F6000 X123.776 Y130.621
G1 F1200 X167.879 Y174.724 E380.8726
G0 F6000 X168.501 Y174.724
G1 F1200 X123.776 Y129.999 E384.11234
G0 F6000 X124.076 Y129.676
G1 F1200 X169.124 Y174.724 E387.37548
G0 F6000 X169.746 Y174.724
G1 F1200 X125.202 Y130.18 E390.60211
G0 F6000 X125.929 Y130.285
G1 F1200 X170.368 Y174.724 E393.82113
G0 F6000 X170.99 Y174.724
G1 F1200 X126.495 Y130.229 E397.04421
G0 F6000 X127.001 Y130.112
G1 F1200 X171.613 Y174.724 E400.27576
G0 F6000 X172.235 Y174.724
G1 F1200 X127.447 Y129.936 E403.52007
G0 F6000 X127.844 Y129.711
G1 F1200 X172.857 Y174.724 E406.78067
G0 F6000 X173.479 Y174.724
G1 F1200 X128.187 Y129.432 E410.06148
G0 F6000 X128.492 Y129.114
G1 F1200 X174.102 Y174.724 E413.36533
G0 F6000 X174.724 Y174.724
G1 F1200 X128.753 Y128.753 E416.69532
G0 F6000 X128.98 Y128.358
G1 F1200 X175.346 Y174.724 E420.05393
G0 F6000 X175.968 Y174.724
G1 F1200 X129.14 Y127.896 E423.446
G0 F6000 X129.242 Y127.375
G1 F1200 X176.224 Y174.358 E426.84927
G0 F6000 X176.224 Y173.735
G1 F1200 X129.263 Y126.774 E430.25098
G0 F6000 X129.121 Y126.01
G1 F1200 X176.224 Y173.113 E433.66297
G0 F6000 X176.224 Y172.491
G1 F1200 X129.01 Y125.276 E437.08304
G0 F6000 X129.632 Y125.276
G1 F1200 X176.224 Y171.869 E440.45806
G0 F6000 X176.224 Y171.246
G1 F1200 X130.254 Y125.276 E443.78798
G0 F6000 X130.876 Y125.276
G1 F1200 X176.224 Y170.624 E447.07285
G0 F6000 X176.224 Y170.002
G1 F1200 X131.499 Y125.276 E450.31262
G0 F6000 X132.121 Y125.276
G1 F1200 X176.224 Y169.38 E453.50734
G0 F6000 X176.224 Y168.757
G1 F1200 X132.743 Y125.276 E456.65697
G0 F6000 X133.365 Y125.276
G1 F1200 X176.224 Y168.135 E459.76154
G0 F6000 X176.224 Y167.513
G1 F1200 X133.988 Y125.276 E462.82102
G0 F6000 X134.61 Y125.276
G1 F1200 X176.224 Y166.891 E465.83545
G0 F6000 X176.224 Y166.268
G1 F1200 X135.232 Y125.276 E468.80478
G0 F6000 X135.854 Y125.276
G1 F1200 X176.224 Y165.646 E471.72906
G0 F6000 X176.224 Y165.024
G1 F1200 X136.477 Y125.276 E474.60824
G0 F6000 X137.099 Y125.276
G1 F1200 X176.224 Y164.402 E477.44237
G0 F6000 X176.224 Y163.779
G1 F1200 X137.721 Y125.276 E480.23141
G0 F6000 X138.343 Y125.276
G1 F1200 X176.224 Y163.157 E482.97539
G0 F6000 X176.224 Y162.535
G1 F1200 X138.966 Y125.276 E485.67428
G0 F6000 X139.588 Y125.276
G1 F1200 X176.224 Y161.913 E488.32811
G0 F6000 X176.224 Y161.29
G1 F1200 X140.21 Y125.276 E490.93686
G0 F6000 X140.832 Y125.276
G1 F1200 X176.224 Y160.668 E493.50054
G0 F6000 X176.224 Y160.046
G1 F1200 X141.455 Y125.276 E496.01914
G0 F6000 X142.077 Y125.276
G1 F1200 X176.224 Y159.424 E498.49267
G0 F6000 X176.224 Y158.801
G1 F1200 X142.699 Y125.276 E500.92112
G0 F6000 X143.321 Y125.276
G1 F1200 X176.224 Y158.179 E503.30451
G0 F6000 X176.224 Y157.557
G1 F1200 X143.944 Y125.276 E505.64281
G0 F6000 X144.566 Y125.276
G1 F1200 X176.224 Y156.935 E507.93605
G0 F6000 X176.224 Y156.312
G1 F1200 X145.188 Y125.276 E510.1842
G0 F6000 X145.81 Y125.276
G1 F1200 X176.224 Y155.69 E512.3873
G0 F6000 X176.224 Y155.068
G1 F1200 X146.433 Y125.276 E514.5453
G0 F6000 X147.055 Y125.276
G1 F1200 X176.224 Y154.446 E516.65825
G0 F6000 X176.224 Y153.823
G1 F1200 X147.677 Y125.276 E518.72611
G0 F6000 X148.299 Y125.276
G1 F1200 X176.224 Y153.201 E520.74891
G0 F6000 X176.224 Y152.579
G1 F1200 X148.922 Y125.276 E522.72661
G0 F6000 X149.544 Y125.276
G1 F1200 X176.224 Y151.957 E524.65927
G0 F6000 X176.224 Y151.334
G1 F1200 X150.166 Y125.276 E526.54683
G0 F6000 X150.788 Y125.276
G1 F1200 X176.224 Y150.712 E528.38933
G0 F6000 X176.224 Y150.09
G1 F1200 X151.411 Y125.276 E530.18674
G0 F6000 X152.033 Y125.276
G1 F1200 X176.224 Y149.468 E531.9391
G0 F6000 X176.224 Y148.845
G1 F1200 X152.655 Y125.276 E533.64636
G0 F6000 X153.277 Y125.276
G1 F1200 X176.224 Y148.223 E535.30857
G0 F6000 X176.224 Y147.601
G1 F1200 X153.9 Y125.276 E536.92569
G0 F6000 X154.522 Y125.276
G1 F1200 X176.224 Y146.979 E538.49775
G0 F6000 X176.224 Y146.356
G1 F1200 X155.144 Y125.276 E540.02472
G0 F6000 X155.766 Y125.276
G1 F1200 X176.224 Y145.734 E541.50663
G0 F6000 X176.224 Y145.112
G1 F1200 X156.389 Y125.276 E542.94346
G0 F6000 X157.011 Y125.276
G1 F1200 X176.224 Y144.489 E544.33519
G0 F6000 X176.224 Y143.867
G1 F1200 X157.633 Y125.276 E545.68186
G0 F6000 X158.255 Y125.276
G1 F1200 X176.224 Y143.245 E546.98348
G0 F6000 X176.224 Y142.623
G1 F1200 X158.878 Y125.276 E548.24
G0 F6000 X159.5 Y125.276
G1 F1200 X176.224 Y142 E549.45144
G0 F6000 X176.224 Y141.378
G1 F1200 X160.122 Y125.276 E550.61782
G0 F6000 X160.744 Y125.276
G1 F1200 X176.224 Y140.756 E551.73914
G0 F6000 X176.224 Y140.134
G1 F1200 X161.367 Y125.276 E552.81537
G0 F6000 X161.989 Y125.276
G1 F1200 X176.224 Y139.511 E553.84651
G0 F6000 X176.224 Y138.889
G1 F1200 X162.611 Y125.276 E554.83259
G0 F6000 X163.233 Y125.276
G1 F1200 X176.224 Y138.267 E555.77362
G0 F6000 X176.224 Y137.645
G1 F1200 X163.856 Y125.276 E556.66956
G0 F6000 X164.478 Y125.276
G1 F1200 X176.224 Y137.022 E557.5204
G0 F6000 X176.224 Y136.4
G1 F1200 X165.1 Y125.276 E558.32619
G0 F6000 X165.722 Y125.276
G1 F1200 X176.224 Y135.778 E559.08692
G0 F6000 X176.224 Y135.156
G1 F1200 X166.345 Y125.276 E559.80256
G0 F6000 X166.967 Y125.276
G1 F1200 X176.224 Y134.533 E560.47311
G0 F6000 X176.224 Y133.911
G1 F1200 X167.589 Y125.276 E561.0986
G0 F6000 X168.212 Y125.276
G1 F1200 X176.224 Y133.289 E561.679
G0 F6000 X176.224 Y132.667
G1 F1200 X168.834 Y125.276 E562.21435
G0 F6000 X169.456 Y125.276
G1 F1200 X176.224 Y132.044 E562.7046
G0 F6000 X176.224 Y131.422
G1 F1200 X170.078 Y125.276 E563.1498
G0 F6000 X170.701 Y125.276
G1 F1200 X176.224 Y130.8 E563.5499
G0 F6000 X176.224 Y130.178
G1 F1200 X171.323 Y125.276 E563.90495
G0 F6000 X171.945 Y125.276
G1 F1200 X176.224 Y129.555 E564.21491
G0 F6000 X176.224 Y128.933
G1 F1200 X172.567 Y125.276 E564.47981
G0 F6000 X173.19 Y125.276
G1 F1200 X176.224 Y128.311 E564.69962
G0 F6000 X176.224 Y127.689
G1 F1200 X173.812 Y125.276 E564.87437
G0 F6000 X174.434 Y125.276
G1 F1200 X176.224 Y127.066 E565.00403
G0 F6000 X176.224 Y126.444
G1 F1200 X175.056 Y125.276 E565.08864
G0 F6000 X175.679 Y125.276
G1 F1200 X176.224 Y125.822 E565.12816
G1 F1500 E563.12816
;MESH:NONMESH
G0 F300 Z0.56
G0 F6000 X123.255 Y126.666
;TIME_ELAPSED:576.611394
;LAYER:1
M106 S85
;TYPE:WALL-INNER
;MESH:custom_clip.stl
G1 F1500 E565.12816
G1 F1037.7 X123.352 Y126.22 E565.16195
G1 F1029.6 X123.472 Y125.888 E565.18829
G1 X123.587 Y125.656 E565.20761
G1 X123.836 Y125.277 E565.24145
G1 X124.154 Y124.943 E565.27586
G1 X124.391 Y124.76 E565.29821
G1 X123.261 Y124.761 E565.38253
G1 F1037.7 X123.255 Y126.666 E565.52357
G1 F1062.8 X123.246 Y126.828 E565.5353
G1 F1059.4 X123.256 Y127.262 E565.56678
G1 F991 X123.287 Y127.668 E565.59835
G1 F1500 E563.59835
G0 F7500 X121.835 Y127.668
G0 X121.835 Y172.666
G0 X123.255 Y172.666
G1 F1500 E565.59835
G1 F1062.8 X123.246 Y172.828 E565.61008
G1 F1051 X123.261 Y173.351 E565.64833
G1 F1500 E563.64833
G0 F7500 X124.344 Y175.238
G1 F1500 E565.64833
G1 F1074.9 X123.835 Y174.734 E565.69953
G1 F1217.7 X123.626 Y174.25 E565.73279
G1 F1560.3 X123.477 Y173.739 E565.759
G1 F1609.8 X123.407 Y173.647 E565.76452
G1 F1202.2 X123.261 Y173.351 E565.78561
G1 F1309.5 X123.122 Y173.799 E565.81313
G1 F1560.3 X123.18 Y174.375 E565.84164
G1 F1172.3 X123.263 Y174.914 E565.87738
G1 F1023.3 X123.263 Y175.237 E565.90163
G1 F1041 X124.344 Y175.238 E565.98141
G1 F1500 E563.98141
G0 F7500 X150 Y175.34
G1 F1500 E565.98141
G1 X176.84 Y175.34 E567.35618
G1 X176.84 Y124.66 E569.95204
G1 X127.267 Y124.661 E572.49119
G1 X127.662 Y124.899 E572.51482
G1 X128.074 Y125.322 E572.54506
G1 X128.319 Y125.7 E572.56813
G1 X128.47 Y126.016 E572.58607
G1 X128.569 Y126.322 E572.60255
G1 X128.668 Y126.772 E572.62615
G1 X128.636 Y127.475 E572.66219
G1 X128.492 Y127.917 E572.686
G1 X128.275 Y128.409 E572.71354
G1 X127.844 Y128.935 E572.74838
G1 X127.454 Y129.229 E572.77339
G1 X127.004 Y129.475 E572.79966
G1 X126.478 Y129.614 E572.82753
G1 X126.226 Y129.65 E572.84057
G1 X125.671 Y129.657 E572.869
G1 X125.089 Y129.506 E572.89979
G1 X124.673 Y129.305 E572.92346
G1 X124.35 Y129.1 E572.94305
G1 X124.027 Y128.781 E572.96631
G1 X123.8 Y128.496 E572.98497
G1 X123.644 Y128.24 E573.00032
G1 X123.594 Y128.14 E573.00605
G1 F1309.5 X123.276 Y127.652 E573.04022
G1 X123.16 Y128.222 E573.07435
G1 F1500 X123.16 Y172.205 E575.32719
G1 F1233.6 X123.255 Y172.666 E575.3565
G1 X123.447 Y172.252 E575.38492
G1 F1500 X123.561 Y171.932 E575.40232
G1 X123.72 Y171.627 E575.41994
G1 X123.929 Y171.317 E575.43909
G1 X124.27 Y170.966 E575.46416
G1 X124.697 Y170.668 E575.49083
G1 X125.039 Y170.516 E575.51
G1 X125.483 Y170.381 E575.53377
G1 X125.98 Y170.328 E575.55937
G1 X126.501 Y170.376 E575.58617
G1 X126.938 Y170.509 E575.60956
G1 X127.17 Y170.609 E575.6225
G1 X127.66 Y170.899 E575.65167
G1 X128.054 Y171.301 E575.6805
G1 X128.319 Y171.7 E575.70503
G1 X128.52 Y172.121 E575.72893
G1 X128.668 Y172.77 E575.76302
G1 X128.636 Y173.475 E575.79917
G1 X128.492 Y173.917 E575.82298
G1 X128.282 Y174.404 E575.85015
G1 X127.844 Y174.937 E575.88548
G1 X127.49 Y175.204 E575.9082
G1 X127.256 Y175.34 E575.92206
G1 X150 Y175.34 E577.08702
G0 F7500 X150 Y175.777
;TYPE:WALL-OUTER
G1 F1493.2 X177.28 Y175.78 E578.49067
G1 F1500 X177.28 Y124.22 E581.1316
G1 F1493.2 X126.834 Y124.221 E583.72722
G1 F1377.9 X126.42 Y124.257 E583.7504
G1 F1304.3 X125.984 Y124.248 E583.77608
G1 F1301.8 X125.557 Y124.259 E583.80129
G1 F1369.3 X125.149 Y124.222 E583.82428
G1 F1493.2 X122.721 Y124.221 E583.94921
G1 F1500 X122.721 Y175.779 E586.59004
G1 X125.178 Y175.78 E586.71589
G1 F1389.5 X125.624 Y175.745 E586.74063
G1 F1299.2 X126.203 Y175.748 E586.77487
G1 F1279.1 X126.517 Y175.735 E586.79375
G1 F1346.9 X126.898 Y175.775 E586.8156
G1 F1473.2 X150 Y175.777 E588.02041
G1 F1500 E586.02041
G0 F7500 X126.168 Y175.246
G1 F1500 E588.02041
G1 F1299.2 X125.688 Y175.243 E588.0488
G1 F1389.5 X125.227 Y175.084 E588.07576
G1 F1500 X124.909 Y174.934 E588.09377
G1 X124.611 Y174.739 E588.11201
G1 X124.366 Y174.501 E588.12951
G1 X124.194 Y174.293 E588.14333
G1 X124.003 Y173.978 E588.1622
G1 X123.856 Y173.605 E588.18274
G1 X123.792 Y173.236 E588.20192
G1 X123.772 Y172.828 E588.22284
G1 X123.89 Y172.262 E588.25246
G1 X124.085 Y171.873 E588.27474
G1 X124.281 Y171.586 E588.29254
G1 X124.573 Y171.291 E588.31381
G1 X124.93 Y171.046 E588.33598
G1 X125.218 Y170.918 E588.35213
G1 X125.55 Y170.82 E588.36986
G1 X126.005 Y170.772 E588.39329
G1 X126.434 Y170.816 E588.41538
G1 X126.764 Y170.913 E588.433
G1 X126.996 Y171.013 E588.44594
G1 X127.375 Y171.239 E588.46854
G1 X127.731 Y171.601 E588.49455
G1 X127.925 Y171.897 E588.51267
G1 X128.103 Y172.26 E588.53338
G1 X128.225 Y172.809 E588.56219
G1 X128.199 Y173.399 E588.59244
G1 X128.074 Y173.781 E588.61302
G1 X127.902 Y174.173 E588.63495
G1 X127.517 Y174.632 E588.66564
G1 X127.199 Y174.869 E588.68595
G1 F1479.8 X126.809 Y175.082 E588.70902
G1 F1346.9 X126.451 Y175.216 E588.73083
G1 F1279.1 X126.168 Y175.246 E588.74792
G1 F1500 E586.74792
G0 F7500 X126.164 Y129.214
G1 F1500 E588.74792
G1 X125.723 Y129.216 E588.77051
G1 X125.227 Y129.084 E588.7968
G1 X124.909 Y128.934 E588.81481
G1 X124.611 Y128.739 E588.83305
G1 X124.366 Y128.501 E588.85054
G1 X124.194 Y128.293 E588.86437
G1 X124.003 Y127.978 E588.88324
G1 X123.847 Y127.57 E588.90561
G1 X123.792 Y127.236 E588.92295
G1 X123.772 Y126.828 E588.94387
G1 X123.89 Y126.262 E588.97349
G1 X124.085 Y125.873 E588.99578
G1 X124.265 Y125.606 E589.01227
G1 X124.573 Y125.291 E589.03483
G1 X124.93 Y125.046 E589.05701
G1 F1493.2 X125.246 Y124.906 E589.0748
G1 F1369.3 X125.584 Y124.774 E589.09516
G1 F1299.2 X126.007 Y124.744 E589.12023
G1 F1304.3 X126.396 Y124.771 E589.1432
G1 F1380.8 X126.764 Y124.913 E589.16515
G1 F1500 X127.022 Y125.027 E589.1796
G1 X127.387 Y125.246 E589.2014
G1 X127.74 Y125.614 E589.22752
G1 X127.925 Y125.897 E589.24484
G1 X128.103 Y126.26 E589.26555
G1 X128.225 Y126.809 E589.29435
G1 X128.199 Y127.399 E589.3246
G1 X128.074 Y127.781 E589.34519
G1 X127.893 Y128.183 E589.36777
G1 X127.546 Y128.606 E589.39579
G1 X127.213 Y128.861 E589.41728
G1 X126.836 Y129.068 E589.43931
G1 X126.416 Y129.178 E589.46154
G1 X126.164 Y129.214 E589.47458
G1 F1500 E587.47458
G0 F7500 X150 Y174.944
;TYPE:SKIN
G1 F1500 E589.47458
G1 X128.347 Y174.944 E590.58366
G1 X128.623 Y174.607 E590.60597
G1 X128.822 Y174.153 E590.63136
G1 X129.026 Y173.551 E590.66392
G1 X129.065 Y172.733 E590.70587
G1 X128.955 Y172.232 E590.73214
G1 X128.836 Y171.87 E590.75166
G1 X128.676 Y171.53 E590.77091
G1 X128.388 Y171.085 E590.79806
G1 X127.92 Y170.596 E590.83272
G1 X127.454 Y170.311 E590.8607
G1 X127.069 Y170.133 E590.88243
G1 X126.557 Y169.98 E590.9098
G1 X126.001 Y169.928 E590.9384
G1 X125.408 Y169.989 E590.96894
G1 X124.87 Y170.154 E590.99776
G1 X124.518 Y170.31 E591.01748
G1 X124.028 Y170.652 E591.04809
G1 X123.556 Y171.129 E591.08246
G1 X123.556 Y128.83 E593.24904
G1 X123.787 Y129.106 E593.26748
G1 X124.125 Y129.426 E593.29132
G1 X124.445 Y129.63 E593.31075
G1 X124.93 Y129.87 E593.33847
G1 X125.62 Y130.052 E593.37502
G1 X126.226 Y130.05 E593.40606
G1 X126.538 Y130.002 E593.42223
G1 X127.118 Y129.857 E593.45285
G1 X127.672 Y129.557 E593.48512
G1 X128.108 Y129.232 E593.51298
G1 X128.611 Y128.619 E593.55359
G1 X128.833 Y128.123 E593.58143
G1 X129.026 Y127.551 E593.61235
G1 X129.065 Y126.732 E593.65434
G1 X128.95 Y126.22 E593.68122
G1 X128.826 Y125.836 E593.70189
G1 X128.673 Y125.525 E593.71964
G1 X128.372 Y125.056 E593.74819
G1 X176.444 Y125.056 E596.21047
G1 X176.444 Y174.944 E598.76576
G1 X150 Y174.944 E600.12024
G1 F1500 E598.12024
G0 F7500 X150 Y176.665
G0 X175.605 Y176.665
G0 X175.605 Y174.724
G1 F1500 E600.12024
G1 X176.224 Y174.105 E600.16508
G0 F7500 X176.224 Y173.482
G1 F1500 X174.983 Y174.724 E600.25501
G0 F7500 X174.361 Y174.724
G1 F1500 X176.224 Y172.86 E600.38999
G0 F7500 X176.224 Y172.238
G1 F1500 X173.738 Y174.724 E600.57007
G0 F7500 X173.116 Y174.724
G1 F1500 X176.224 Y171.616 E600.7952
G0 F7500 X176.224 Y170.993
G1 F1500 X172.494 Y174.724 E601.06543
G0 F7500 X171.871 Y174.724
G1 F1500 X176.224 Y170.371 E601.38075
G0 F7500 X176.224 Y169.749
G1 F1500 X171.249 Y174.724 E601.74112
G0 F7500 X170.627 Y174.724
G1 F1500 X176.224 Y169.127 E602.14655
G0 F7500 X176.224 Y168.504
G1 F1500 X170.005 Y174.724 E602.59707
G0 F7500 X169.382 Y174.724
G1 F1500 X176.224 Y167.882 E603.09268
G0 F7500 X176.224 Y167.26
G1 F1500 X168.76 Y174.724 E603.63335
G0 F7500 X168.138 Y174.724
G1 F1500 X176.224 Y166.637 E604.21911
G0 F7500 X176.224 Y166.015
G1 F1500 X167.516 Y174.724 E604.84993
G0 F7500 X166.893 Y174.724
G1 F1500 X176.224 Y165.393 E605.52584
G0 F7500 X176.224 Y164.771
G1 F1500 X166.271 Y174.724 E606.2468
G0 F7500 X165.649 Y174.724
G1 F1500 X176.224 Y164.148 E607.01286
G0 F7500 X176.224 Y163.526
G1 F1500 X165.027 Y174.724 E607.82397
G0 F7500 X164.404 Y174.724
G1 F1500 X176.224 Y162.904 E608.68018
G0 F7500 X176.224 Y162.282
G1 F1500 X163.782 Y174.724 E609.58144
G0 F7500 X163.16 Y174.724
G1 F1500 X176.224 Y161.659 E610.52779
G0 F7500 X176.224 Y161.037
G1 F1500 X162.538 Y174.724 E611.51919
G0 F7500 X161.915 Y174.724
G1 F1500 X176.224 Y160.415 E612.55569
G0 F7500 X176.224 Y159.793
G1 F1500 X161.293 Y174.724 E613.63725
G0 F7500 X160.671 Y174.724
G1 F1500 X176.224 Y159.17 E614.7639
G0 F7500 X176.224 Y158.548
G1 F1500 X160.049 Y174.724 E615.9356
G0 F7500 X159.426 Y174.724
G1 F1500 X176.224 Y157.926 E617.15239
G0 F7500 X176.224 Y157.304
G1 F1500 X158.804 Y174.724 E618.41424
G0 F7500 X158.182 Y174.724
G1 F1500 X176.224 Y156.681 E619.72119
G0 F7500 X176.224 Y156.059
G1 F1500 X157.56 Y174.724 E621.07318
G0 F7500 X156.937 Y174.724
G1 F1500 X176.224 Y155.437 E622.47027
G0 F7500 X176.224 Y154.815
G1 F1500 X156.315 Y174.724 E623.91242
G0 F7500 X155.693 Y174.724
G1 F1500 X176.224 Y154.192 E625.39966
G0 F7500 X176.224 Y153.57
G1 F1500 X155.071 Y174.724 E626.93195
G0 F7500 X154.448 Y174.724
G1 F1500 X176.224 Y152.948 E628.50934
G0 F7500 X176.224 Y152.326
G1 F1500 X153.826 Y174.724 E630.13178
G0 F7500 X153.204 Y174.724
G1 F1500 X176.224 Y151.703 E631.79931
G0 F7500 X176.224 Y151.081
G1 F1500 X152.582 Y174.724 E633.5119
G0 F7500 X151.959 Y174.724
G1 F1500 X176.224 Y150.459 E635.26958
G0 F7500 X176.224 Y149.837
G1 F1500 X151.337 Y174.724 E637.07232
G0 F7500 X150.715 Y174.724
G1 F1500 X176.224 Y149.214 E638.92015
G0 F7500 X176.224 Y148.592
G1 F1500 X150.093 Y174.724 E640.81303
G0 F7500 X149.47 Y174.724
G1 F1500 X176.224 Y147.97 E642.75101
G0 F7500 X176.224 Y147.348
G1 F1500 X148.848 Y174.724 E644.73404
G0 F7500 X148.226 Y174.724
G1 F1500 X176.224 Y146.725 E646.76216
G0 F7500 X176.224 Y146.103
G1 F1500 X147.604 Y174.724 E648.83534
G0 F7500 X146.981 Y174.724
G1 F1500 X176.224 Y145.481 E650.95361
G0 F7500 X176.224 Y144.859
G1 F1500 X146.359 Y174.724 E653.11694
G0 F7500 X145.737 Y174.724
G1 F1500 X176.224 Y144.236 E655.32536
G0 F7500 X176.224 Y143.614
G1 F1500 X145.115 Y174.724 E657.57884
G0 F7500 X144.492 Y174.724
G1 F1500 X176.224 Y142.992 E659.8774
G0 F7500 X176.224 Y142.37
G1 F1500 X143.87 Y174.724 E662.22103
G0 F7500 X143.248 Y174.724
G1 F1500 X176.224 Y141.747 E664.60974
G0 F7500 X176.224 Y141.125
G1 F1500 X142.626 Y174.724 E667.04351
G0 F7500 X142.003 Y174.724
G1 F1500 X176.224 Y140.503 E669.52237
G0 F7500 X176.224 Y139.881
G1 F1500 X141.381 Y174.724 E672.04629
G0 F7500 X140.759 Y174.724
G1 F1500 X176.224 Y139.258 E674.6153
G0 F7500 X176.224 Y138.636
G1 F1500 X140.137 Y174.724 E677.22937
G0 F7500 X139.514 Y174.724
G1 F1500 X176.224 Y138.014 E679.88852
G0 F7500 X176.224 Y137.392
G1 F1500 X138.892 Y174.724 E682.59274
G0 F7500 X138.27 Y174.724
G1 F1500 X176.224 Y136.769 E685.34204
G0 F7500 X176.224 Y136.147
G1 F1500 X137.648 Y174.724 E688.13641
G0 F7500 X137.025 Y174.724
G1 F1500 X176.224 Y135.525 E690.97586
G0 F7500 X176.224 Y134.903
G1 F1500 X136.403 Y174.724 E693.86037
G0 F7500 X135.781 Y174.724
G1 F1500 X176.224 Y134.28 E696.78997
G0 F7500 X176.224 Y133.658
G1 F1500 X135.159 Y174.724 E699.76462
G0 F7500 X134.536 Y174.724
G1 F1500 X176.224 Y133.036 E702.78437
G0 F7500 X176.224 Y132.414
G1 F1500 X133.914 Y174.724 E705.84918
G0 F7500 X133.292 Y174.724
G1 F1500 X176.224 Y131.791 E708.95907
G0 F7500 X176.224 Y131.169
G1 F1500 X132.669 Y174.724 E712.11406
G0 F7500 X132.047 Y174.724
G1 F1500 X176.224 Y130.547 E715.31411
G0 F7500 X176.224 Y129.925
G1 F1500 X131.425 Y174.724 E718.55921
G0 F7500 X130.803 Y174.724
G1 F1500 X176.224 Y129.302 E721.8494
G0 F7500 X176.224 Y128.68
G1 F1500 X130.18 Y174.724 E725.18468
G0 F7500 X129.558 Y174.724
G1 F1500 X176.224 Y128.058 E728.56502
G0 F7500 X176.224 Y127.435
G1 F1500 X128.936 Y174.724 E731.99045
G0 F7500 X129.14 Y173.897
G1 F1500 X176.224 Y126.813 E735.40107
G0 F7500 X176.224 Y126.191
G1 F1500 X129.267 Y173.149 E738.80252
G0 F7500 X129.25 Y172.543
G1 F1500 X176.224 Y125.569 E742.20517
G0 F7500 X175.896 Y125.275
G1 F1500 X129.125 Y172.046 E745.59312
G0 F7500 X128.952 Y171.597
G1 F1500 X175.273 Y125.275 E748.9485
G0 F7500 X174.651 Y125.275
G1 F1500 X128.725 Y171.202 E752.27528
G0 F7500 X128.461 Y170.843
G1 F1500 X174.029 Y125.275 E755.57608
G0 F7500 X173.407 Y125.275
G1 F1500 X128.157 Y170.524 E758.85381
G0 F7500 X127.797 Y170.263
G1 F1500 X172.784 Y125.275 E762.11257
G0 F7500 X172.162 Y125.275
G1 F1500 X127.397 Y170.04 E765.3552
G0 F7500 X126.947 Y169.868
G1 F1500 X171.54 Y125.275 E768.58538
G0 F7500 X170.918 Y125.275
G1 F1500 X126.446 Y169.747 E771.80679
G0 F7500 X125.852 Y169.719
G1 F1500 X170.295 Y125.275 E775.02614
G0 F7500 X169.673 Y125.275
G1 F1500 X125.095 Y169.853 E778.25523
G0 F7500 X123.776 Y169.928
G1 F1500 X168.429 Y125.275 E781.48976
G0 F7500 X169.051 Y125.275
G1 F1500 X123.776 Y170.55 E784.76934
G0 F7500 X123.776 Y169.305
G1 F1500 X167.807 Y125.275 E787.95877
G0 F7500 X167.185 Y125.275
G1 F1500 X123.776 Y168.683 E791.10315
G0 F7500 X123.776 Y168.061
G1 F1500 X166.563 Y125.275 E794.20247
G0 F7500 X165.94 Y125.275
G1 F1500 X123.776 Y167.439 E797.2567
G0 F7500 X123.776 Y166.816
G1 F1500 X165.318 Y125.275 E800.26583
G0 F7500 X164.696 Y125.275
G1 F1500 X123.776 Y166.194 E803.22991
G0 F7500 X123.776 Y165.572
G1 F1500 X164.074 Y125.275 E806.14894
G0 F7500 X163.451 Y125.275
G1 F1500 X123.776 Y164.95 E809.02287
G0 F7500 X123.776 Y164.327
G1 F1500 X162.829 Y125.275 E811.85171
G0 F7500 X162.207 Y125.275
G1 F1500 X123.776 Y163.705 E814.6355
G0 F7500 X123.776 Y163.083
G1 F1500 X161.585 Y125.275 E817.37423
G0 F7500 X160.962 Y125.275
G1 F1500 X123.776 Y162.461 E820.06786
G0 F7500 X123.776 Y161.838
G1 F1500 X160.341 Y125.274 E822.71648
G0 F7500 X159.718 Y125.274
G1 F1500 X123.776 Y161.216 E825.32001
G0 F7500 X123.776 Y160.594
G1 F1500 X159.096 Y125.274 E827.87848
G0 F7500 X158.474 Y125.274
G1 F1500 X123.776 Y159.972 E830.39189
G0 F7500 X123.776 Y159.349
G1 F1500 X157.852 Y125.274 E832.86022
G0 F7500 X157.229 Y125.274
G1 F1500 X123.776 Y158.727 E835.28345
G0 F7500 X123.776 Y158.105
G1 F1500 X156.607 Y125.274 E837.66162
G0 F7500 X155.985 Y125.274
G1 F1500 X123.776 Y157.483 E839.99474
G0 F7500 X123.776 Y156.86
G1 F1500 X155.363 Y125.274 E842.28277
G0 F7500 X154.74 Y125.274
G1 F1500 X123.776 Y156.238 E844.52571
G0 F7500 X123.776 Y155.616
G1 F1500 X154.118 Y125.274 E846.72359
G0 F7500 X153.496 Y125.274
G1 F1500 X123.776 Y154.994 E848.87641
G0 F7500 X123.776 Y154.371
G1 F1500 X152.874 Y125.274 E850.98414
G0 F7500 X152.252 Y125.273
G1 F1500 X123.776 Y153.749 E853.04685
G0 F7500 X123.776 Y153.127
G1 F1500 X151.63 Y125.273 E855.06451
G0 F7500 X151.008 Y125.273
G1 F1500 X123.776 Y152.505 E857.03711
G0 F7500 X123.776 Y151.882
G1 F1500 X150.385 Y125.273 E858.96459
G0 F7500 X149.763 Y125.273
G1 F1500 X123.776 Y151.26 E860.847
G0 F7500 X123.776 Y150.638
G1 F1500 X149.141 Y125.273 E862.68436
G0 F7500 X148.519 Y125.273
G1 F1500 X123.776 Y150.016 E864.47667
G0 F7500 X123.776 Y149.393
G1 F1500 X147.896 Y125.273 E866.22385
G0 F7500 X147.274 Y125.273
G1 F1500 X123.776 Y148.771 E867.92597
G0 F7500 X123.776 Y148.149
G1 F1500 X146.652 Y125.273 E869.58303
G0 F7500 X146.03 Y125.273
G1 F1500 X123.776 Y147.527 E871.19505
G0 F7500 X123.776 Y146.904
G1 F1500 X145.407 Y125.273 E872.76193
G0 F7500 X144.785 Y125.273
G1 F1500 X123.776 Y146.282 E874.28375
G0 F7500 X123.776 Y145.66
G1 F1500 X144.164 Y125.272 E875.7606
G0 F7500 X143.541 Y125.272
G1 F1500 X123.776 Y145.038 E877.19235
G0 F7500 X123.776 Y144.415
G1 F1500 X142.919 Y125.272 E878.57901
G0 F7500 X142.297 Y125.272
G1 F1500 X123.776 Y143.793 E879.92061
G0 F7500 X123.776 Y143.171
G1 F1500 X141.675 Y125.272 E881.21716
G0 F7500 X141.052 Y125.272
G1 F1500 X123.776 Y142.548 E882.46858
G0 F7500 X123.776 Y141.926
G1 F1500 X140.43 Y125.272 E883.67494
G0 F7500 X139.808 Y125.272
G1 F1500 X123.776 Y141.304 E884.83625
G0 F7500 X123.776 Y140.682
G1 F1500 X139.185 Y125.272 E885.95247
G0 F7500 X138.563 Y125.272
G1 F1500 X123.776 Y140.059 E887.02359
G0 F7500 X123.776 Y139.437
G1 F1500 X137.941 Y125.272 E888.04966
G0 F7500 X137.319 Y125.272
G1 F1500 X123.776 Y138.815 E889.03067
G0 F7500 X123.776 Y138.193
G1 F1500 X136.697 Y125.272 E889.96663
G0 F7500 X136.075 Y125.272
G1 F1500 X123.776 Y137.57 E890.85749
G0 F7500 X123.776 Y136.948
G1 F1500 X135.453 Y125.272 E891.7033
G0 F7500 X134.83 Y125.272
G1 F1500 X123.776 Y136.326 E892.50402
G0 F7500 X123.776 Y135.704
G1 F1500 X134.208 Y125.272 E893.25968
G0 F7500 X133.586 Y125.272
G1 F1500 X123.776 Y135.081 E893.97025
G0 F7500 X123.776 Y134.459
G1 F1500 X132.964 Y125.272 E894.63576
G0 F7500 X132.341 Y125.272
G1 F1500 X128.462 Y129.152 E894.91678
G0 F7500 X128.107 Y129.507
G1 F1500 X123.776 Y133.837 E895.23047
G0 F7500 X123.776 Y133.215
G1 F1500 X126.837 Y130.154 E895.4522
G0 F7500 X126.097 Y130.272
G1 F1500 X123.776 Y132.592 E895.62029
G0 F7500 X123.776 Y131.97
G1 F1500 X125.499 Y130.248 E895.74506
G0 F7500 X125.004 Y130.12
G1 F1500 X123.776 Y131.348 E895.83401
G0 F7500 X123.776 Y130.726
G1 F1500 X124.567 Y129.935 E895.89131
G0 F7500 X124.167 Y129.713
G1 F1500 X123.776 Y130.103 E895.9196
G1 F1500 E893.9196
G0 F7500 X129.164 Y127.827
G1 F1500 E895.9196
G1 X131.719 Y125.272 E896.10468
G0 F7500 X131.097 Y125.272
G1 F1500 X129.269 Y127.1 E896.23709
G0 F7500 X129.241 Y126.506
G1 F1500 X130.475 Y125.272 E896.32648
G0 F7500 X129.852 Y125.272
G1 F1500 X129.113 Y126.011 E896.38001
G0 F7500 X128.937 Y125.564
G1 F1500 X129.23 Y125.272 E896.4012
G1 F1500 E894.4012
;MESH:NONMESH
G0 F300 Z0.84
G0 F7500 X123.267 Y126.55
;TIME_ELAPSED:855.347209
;LAYER:2
M106 S170
;TYPE:WALL-INNER
;MESH:custom_clip.stl
G1 F1500 E896.4012
G1 F1255.2 X123.244 Y127.096 E896.44134
G1 F1289.9 X123.25 Y127.225 E896.45057
G0 F9000 X123.267 Y126.55
G1 F1218.5 X123.347 Y126.222 E896.47611
G1 F1227.9 X123.47 Y125.883 E896.50319
G1 F1229.8 X123.647 Y125.529 E896.53286
G1 X124.017 Y125.044 E896.5786
G1 X124.38 Y124.762 E896.61306
G1 X123.262 Y124.762 E896.69687
G1 F1220.3 X123.267 Y126.55 E896.83195
G1 F1500 E894.83195
G0 F9000 X123.267 Y172.55
G1 F1500 E896.83195
G1 F1255.2 X123.244 Y173.096 E896.8721
G1 F1289.9 X123.25 Y173.225 E896.88133
G1 F1500 E894.88133
G0 F9000 X124.343 Y175.237
G1 F1500 E896.88133
G1 F1227.9 X123.948 Y174.846 E896.92306
G1 X123.715 Y174.552 E896.95123
G1 X123.518 Y174.235 E896.97925
G1 X123.322 Y173.728 E897.02006
G1 F1253.2 X123.25 Y173.225 E897.05745
G1 X123.263 Y173.825 E897.1016
G1 F1227.9 X123.263 Y175.237 E897.20762
G1 X124.343 Y175.237 E897.28871
G1 F1500 E895.28871
G0 F9000 X150 Y175.34
G1 F1500 E897.28871
G1 F1800 X176.84 Y175.34 E898.66347
G1 X176.84 Y124.66 E901.25933
G1 X127.25 Y124.66 E903.79936
G1 X127.525 Y124.819 E903.81563
G1 X127.839 Y125.059 E903.83588
G1 X128.227 Y125.514 E903.8665
G1 X128.47 Y126.016 E903.89507
G1 X128.569 Y126.322 E903.91154
G1 X128.668 Y126.772 E903.93515
G1 X128.636 Y127.478 E903.97134
G1 X128.467 Y127.982 E903.99857
G1 X128.268 Y128.418 E904.02312
G1 X127.951 Y128.807 E904.04882
G1 X127.527 Y129.187 E904.07799
G1 X127.117 Y129.412 E904.10194
G1 X126.797 Y129.536 E904.11952
G1 X126.549 Y129.6 E904.13264
G1 X126.221 Y129.647 E904.14961
G1 X125.899 Y129.656 E904.16611
G1 X125.5 Y129.615 E904.18665
G1 X125.084 Y129.495 E904.20883
G1 X124.757 Y129.351 E904.22713
G1 X124.353 Y129.102 E904.25144
G1 X124.027 Y128.781 E904.27487
G1 X123.802 Y128.499 E904.29335
G1 X123.609 Y128.186 E904.31219
G1 X123.448 Y127.772 E904.33494
G1 X123.414 Y127.646 E904.34162
G1 F1494.3 X123.25 Y127.225 E904.3695
G1 X123.159 Y127.668 E904.3974
G1 F1800 X123.161 Y171.956 E906.66586
G1 F1710.6 X123.184 Y172.209 E906.67955
G1 F1389.5 X123.267 Y172.55 E906.70284
G1 X123.423 Y172.247 E906.72545
G1 F1710.6 X123.561 Y171.928 E906.74419
G1 F1800 X123.732 Y171.586 E906.76377
G1 X124.091 Y171.115 E906.79411
G1 X124.449 Y170.835 E906.81739
G1 X124.838 Y170.594 E906.84082
G1 X125.406 Y170.386 E906.87181
G1 X125.94 Y170.34 E906.89926
G1 X126.315 Y170.359 E906.91849
G1 X126.675 Y170.427 E906.93726
G1 X127.056 Y170.553 E906.95781
G1 X127.487 Y170.792 E906.98306
G1 X127.835 Y171.06 E907.00555
G1 X128.227 Y171.515 E907.03632
G1 X128.435 Y171.932 E907.06018
G1 X128.55 Y172.252 E907.0776
G1 X128.668 Y172.77 E907.10481
G1 X128.636 Y173.478 E907.14111
G1 X128.467 Y173.982 E907.16834
G1 X128.275 Y174.411 E907.19242
G1 X127.913 Y174.845 E907.22136
G1 X127.536 Y175.186 E907.2474
G1 X127.254 Y175.34 E907.26386
G1 X150 Y175.34 E908.42892
G0 F9000 X150 Y175.778
;TYPE:WALL-OUTER
G1 F1791.9 X177.28 Y175.78 E909.83257
G1 F1800 X177.28 Y124.22 E912.47351
G1 X126.738 Y124.22 E915.0623
G1 F1670.9 X126.286 Y124.254 E915.08731
G1 F1568.3 X125.871 Y124.25 E915.11171
G1 F1546.9 X125.462 Y124.261 E915.13609
G1 F1643.2 X124.916 Y124.22 E915.16682
G1 F1800 X122.72 Y124.22 E915.2793
G1 X122.721 Y175.779 E917.92018
G1 X125.107 Y175.78 E918.04239
G1 F1650 X125.564 Y175.74 E918.06803
G1 F1549.9 X125.896 Y175.749 E918.08778
G1 F1546.9 X126.451 Y175.739 E918.12087
G1 F1636.4 X126.848 Y175.777 E918.14334
G1 F1779.8 X150 Y175.778 E919.34267
G1 F1500 E917.34267
G0 F9000 X126.169 Y175.243
G1 F1500 E919.34267
G1 F1565.2 X125.857 Y175.246 E919.36105
G1 F1546.9 X125.596 Y175.222 E919.37667
G1 F1650 X125.175 Y175.06 E919.40188
G1 F1800 X124.918 Y174.939 E919.41643
G1 X124.611 Y174.739 E919.4352
G1 X124.366 Y174.501 E919.45269
G1 X124.176 Y174.268 E919.46809
G1 X123.998 Y173.972 E919.48578
G1 X123.858 Y173.612 E919.50557
G1 X123.766 Y173.106 E919.53191
G1 X123.796 Y172.699 E919.55281
G1 X123.863 Y172.394 E919.56881
G1 X123.955 Y172.125 E919.58337
G1 X124.12 Y171.802 E919.60195
G1 X124.405 Y171.428 E919.62603
G1 X124.742 Y171.167 E919.64786
G1 X125.051 Y170.985 E919.66623
G1 X125.501 Y170.82 E919.69078
G1 X125.927 Y170.78 E919.7127
G1 X126.233 Y170.791 E919.72838
G1 X126.626 Y170.868 E919.74889
G1 X126.894 Y170.967 E919.76353
G1 X127.245 Y171.16 E919.78405
G1 X127.529 Y171.377 E919.80235
G1 X127.845 Y171.744 E919.82716
G1 X128.103 Y172.255 E919.85648
G1 X128.225 Y172.809 E919.88554
G1 X128.199 Y173.399 E919.91579
G1 X128.074 Y173.781 E919.93637
G1 X127.898 Y174.176 E919.95852
G1 X127.617 Y174.519 E919.98123
G1 X127.263 Y174.833 E920.00547
G1 X126.975 Y174.993 E920.02235
G1 F1760 X126.69 Y175.119 E920.03867
G1 F1609.8 X126.418 Y175.219 E920.05527
G1 F1540.9 X126.169 Y175.243 E920.07024
G1 F1500 E918.07024
G0 F9000 X126.165 Y129.211
G1 F1500 E920.07024
G1 F1800 X125.861 Y129.215 E920.08581
G1 X125.566 Y129.176 E920.10105
G1 X125.206 Y129.072 E920.12024
G1 X124.943 Y128.952 E920.13505
G1 X124.611 Y128.739 E920.15525
G1 X124.366 Y128.501 E920.17275
G1 X124.176 Y128.268 E920.18815
G1 X123.998 Y127.972 E920.20584
G1 X123.858 Y127.612 E920.22562
G1 X123.766 Y127.106 E920.25197
G1 X123.796 Y126.699 E920.27287
G1 X123.863 Y126.394 E920.28887
G1 X123.955 Y126.125 E920.30343
G1 X124.12 Y125.802 E920.32201
G1 X124.428 Y125.41 E920.34754
G1 X124.742 Y125.167 E920.36788
G1 X125.014 Y125.003 E920.38415
G1 F1643.2 X125.507 Y124.778 E920.41455
G1 F1546.9 X125.895 Y124.75 E920.43774
G1 F1568.3 X126.239 Y124.758 E920.45797
G1 F1650 X126.594 Y124.854 E920.47852
G1 F1775.8 X126.894 Y124.967 E920.49516
G1 F1800 X127.258 Y125.169 E920.51648
G1 X127.544 Y125.392 E920.53506
G1 X127.865 Y125.777 E920.56073
G1 X128.103 Y126.259 E920.58827
G1 X128.225 Y126.809 E920.61712
G1 X128.199 Y127.399 E920.64737
G1 X128.074 Y127.781 E920.66796
G1 X127.899 Y128.17 E920.68981
G1 X127.629 Y128.507 E920.71193
G1 X127.294 Y128.813 E920.73517
G1 X126.951 Y129.004 E920.75527
G1 X126.687 Y129.11 E920.76985
G1 X126.413 Y129.179 E920.78432
G1 X126.165 Y129.211 E920.79713
G1 F1500 E918.79713
G0 F9000 X150 Y174.944
;TYPE:SKIN
G1 F1500 E920.79713
G1 F1800 X128.35 Y174.944 E921.90605
G1 X128.6 Y174.635 E921.92641
G1 X128.825 Y174.155 E921.95356
G1 X129.027 Y173.549 E921.98628
G1 X129.065 Y172.733 E922.02812
G1 X128.955 Y172.236 E922.0542
G1 X128.817 Y171.808 E922.07723
G1 X128.549 Y171.285 E922.10733
G1 X128.101 Y170.761 E922.14264
G1 X127.702 Y170.456 E922.16837
G1 X127.203 Y170.184 E922.19748
G1 X126.847 Y170.056 E922.21685
G1 X126.325 Y169.955 E922.24409
G1 X125.929 Y169.944 E922.26438
G1 X125.317 Y169.994 E922.29583
G1 X124.688 Y170.225 E922.33015
G1 X124.31 Y170.447 E922.35261
G1 X123.804 Y170.833 E922.3852
G1 X123.557 Y171.161 E922.40623
G1 X123.556 Y128.835 E924.5742
G1 X123.785 Y129.101 E924.59218
G1 X124.094 Y129.402 E924.61427
G1 X124.463 Y129.639 E924.63673
G1 X124.91 Y129.856 E924.66219
G1 X125.394 Y129.996 E924.68799
G1 X125.817 Y130.051 E924.70984
G1 X126.255 Y130.04 E924.73228
G1 X126.651 Y129.981 E924.75279
G1 X127.015 Y129.881 E924.77213
G1 X127.359 Y129.735 E924.79127
G1 X127.79 Y129.488 E924.81671
G1 X128.236 Y129.08 E924.84767
G1 X128.592 Y128.647 E924.87638
G1 X128.825 Y128.148 E924.90459
G1 X129.027 Y127.551 E924.93687
G1 X129.065 Y126.733 E924.97882
G1 X128.95 Y126.215 E925.006
G1 X128.826 Y125.835 E925.02647
G1 X128.565 Y125.309 E925.05655
G1 X128.358 Y125.056 E925.07329
G1 X176.444 Y125.056 E927.53628
G1 X176.444 Y174.944 E930.09158
G1 X150 Y174.944 E931.44606
G1 F1500 E929.44606
G0 F9000 X123.85 Y170.52
G1 F1500 E931.44606
G1 F1800 X123.776 Y170.445 E931.45145
G0 F9000 X124.208 Y170.254
G1 F1800 X123.776 Y169.823 E931.48271
G0 F9000 X123.776 Y169.201
G1 F1800 X124.598 Y170.022 E931.54222
G0 F9000 X125.053 Y169.856
G1 F1800 X123.776 Y168.578 E931.63475
G0 F9000 X123.776 Y167.956
G1 F1800 X125.572 Y169.752 E931.76485
G0 F9000 X126.175 Y169.732
G1 F1800 X123.776 Y167.334 E931.93859
G0 F9000 X123.776 Y166.712
G1 F1800 X126.912 Y169.847 E932.16572
G1 F1500 E930.16572
G0 F9000 X129.132 Y172.067
G1 F1500 E932.16572
G1 F1800 X131.788 Y174.723 E932.35811
G0 F9000 X132.41 Y174.723
G1 F1800 X123.776 Y166.089 E932.98353
G0 F9000 X123.776 Y165.467
G1 F1800 X133.032 Y174.723 E933.654
G0 F9000 X133.654 Y174.723
G1 F1800 X123.776 Y164.845 E934.36954
G0 F9000 X123.776 Y164.223
G1 F1800 X134.277 Y174.723 E935.13016
G0 F9000 X134.899 Y174.723
G1 F1800 X123.776 Y163.6 E935.93587
G0 F9000 X123.776 Y162.978
G1 F1800 X135.521 Y174.723 E936.78665
G0 F9000 X136.144 Y174.723
G1 F1800 X123.776 Y162.356 E937.68251
G0 F9000 X123.776 Y161.734
G1 F1800 X136.766 Y174.723 E938.62343
G0 F9000 X137.388 Y174.723
G1 F1800 X123.776 Y161.111 E939.60944
G0 F9000 X123.776 Y160.489
G1 F1800 X138.01 Y174.723 E940.6405
G0 F9000 X138.633 Y174.723
G1 F1800 X123.776 Y159.867 E941.71666
G0 F9000 X123.776 Y159.245
G1 F1800 X139.255 Y174.723 E942.83788
G0 F9000 X139.877 Y174.723
G1 F1800 X123.776 Y158.622 E944.00418
G0 F9000 X123.776 Y158
G1 F1800 X140.499 Y174.723 E945.21555
G0 F9000 X141.122 Y174.723
G1 F1800 X123.776 Y157.378 E946.472
G0 F9000 X123.776 Y156.756
G1 F1800 X141.744 Y174.723 E947.77351
G0 F9000 X142.366 Y174.723
G1 F1800 X123.776 Y156.133 E949.12011
G0 F9000 X123.776 Y155.511
G1 F1800 X142.988 Y174.723 E950.51177
G0 F9000 X143.611 Y174.723
G1 F1800 X123.776 Y154.889 E951.94852
G0 F9000 X123.776 Y154.267
G1 F1800 X144.233 Y174.723 E953.43032
G0 F9000 X144.855 Y174.723
G1 F1800 X123.776 Y153.644 E954.95722
G0 F9000 X123.776 Y153.022
G1 F1800 X145.477 Y174.723 E956.52917
G0 F9000 X146.1 Y174.723
G1 F1800 X123.776 Y152.4 E958.14622
G0 F9000 X123.776 Y151.778
G1 F1800 X146.722 Y174.723 E959.80832
G0 F9000 X147.344 Y174.723
G1 F1800 X123.776 Y151.155 E961.51551
G0 F9000 X123.776 Y150.533
G1 F1800 X147.966 Y174.723 E963.26776
G0 F9000 X148.589 Y174.723
G1 F1800 X123.776 Y149.911 E965.0651
G0 F9000 X123.776 Y149.289
G1 F1800 X149.211 Y174.723 E966.90749
G0 F9000 X149.833 Y174.723
G1 F1800 X123.776 Y148.666 E968.79498
G0 F9000 X123.776 Y148.044
G1 F1800 X150.455 Y174.723 E970.72752
G0 F9000 X151.078 Y174.723
G1 F1800 X123.776 Y147.422 E972.70516
G0 F9000 X123.776 Y146.8
G1 F1800 X151.7 Y174.723 E974.72785
G0 F9000 X152.322 Y174.723
G1 F1800 X123.776 Y146.177 E976.79563
G0 F9000 X123.776 Y145.555
G1 F1800 X152.944 Y174.723 E978.90847
G0 F9000 X153.567 Y174.723
G1 F1800 X123.776 Y144.933 E981.0664
G0 F9000 X123.776 Y144.311
G1 F1800 X154.189 Y174.723 E983.26939
G0 F9000 X154.811 Y174.723
G1 F1800 X123.776 Y143.688 E985.51747
G0 F9000 X123.776 Y143.066
G1 F1800 X155.433 Y174.723 E987.8106
G0 F9000 X156.056 Y174.723
G1 F1800 X123.776 Y142.444 E990.14883
G0 F9000 X123.776 Y141.822
G1 F1800 X156.678 Y174.723 E992.53211
G0 F9000 X157.3 Y174.723
G1 F1800 X123.776 Y141.199 E994.96049
G0 F9000 X123.776 Y140.577
G1 F1800 X157.922 Y174.723 E997.43391
G0 F9000 X158.545 Y174.723
G1 F1800 X123.776 Y139.955 E999.95244
G0 F9000 X123.776 Y139.333
G1 F1800 X159.167 Y174.723 E1002.51601
G0 F9000 X159.789 Y174.723
G1 F1800 X123.776 Y138.71 E1005.12468
G0 F9000 X123.776 Y138.088
G1 F1800 X160.411 Y174.723 E1007.77841
G0 F9000 X161.034 Y174.723
G1 F1800 X123.776 Y137.466 E1010.47722
G0 F9000 X123.776 Y136.844
G1 F1800 X161.656 Y174.723 E1013.2211
G0 F9000 X162.278 Y174.723
G1 F1800 X123.776 Y136.221 E1016.01006
G0 F9000 X123.776 Y135.599
G1 F1800 X162.9 Y174.723 E1018.84408
G0 F9000 X163.523 Y174.723
G1 F1800 X123.776 Y134.977 E1021.7232
G0 F9000 X123.776 Y134.355
G1 F1800 X164.145 Y174.723 E1024.64736
G0 F9000 X164.767 Y174.723
G1 F1800 X123.776 Y133.732 E1027.61662
G0 F9000 X123.776 Y133.11
G1 F1800 X165.389 Y174.723 E1030.63094
G0 F9000 X166.012 Y174.723
G1 F1800 X123.776 Y132.488 E1033.69035
G0 F9000 X123.776 Y131.866
G1 F1800 X166.634 Y174.723 E1036.79481
G0 F9000 X167.256 Y174.723
G1 F1800 X123.776 Y131.243 E1039.94437
G0 F9000 X123.776 Y130.621
G1 F1800 X167.878 Y174.723 E1043.13898
G0 F9000 X168.501 Y174.723
G1 F1800 X123.776 Y129.999 E1046.37868
G0 F9000 X124.025 Y129.625
G1 F1800 X169.123 Y174.723 E1049.64544
G0 F9000 X169.745 Y174.723
G1 F1800 X125.184 Y130.162 E1052.8733
G0 F9000 X125.911 Y130.267
G1 F1800 X170.367 Y174.723 E1056.09355
G0 F9000 X170.99 Y174.723
G1 F1800 X126.494 Y130.227 E1059.3167
G0 F9000 X127.001 Y130.113
G1 F1800 X171.612 Y174.723 E1062.54815
G0 F9000 X172.234 Y174.723
G1 F1800 X127.448 Y129.937 E1065.79231
G0 F9000 X127.845 Y129.712
G1 F1800 X172.856 Y174.723 E1069.05276
G0 F9000 X173.479 Y174.723
G1 F1800 X128.181 Y129.426 E1072.33397
G0 F9000 X128.492 Y129.114
G1 F1800 X174.101 Y174.723 E1075.63775
G0 F9000 X174.723 Y174.723
G1 F1800 X128.773 Y128.773 E1078.96622
G0 F9000 X128.972 Y128.35
G1 F1800 X175.346 Y174.723 E1082.32537
G0 F9000 X175.968 Y174.723
G1 F1800 X129.142 Y127.897 E1085.7173
G0 F9000 X129.254 Y127.387
G1 F1800 X176.224 Y174.358 E1089.1197
G0 F9000 X176.224 Y173.735
G1 F1800 X129.282 Y126.793 E1092.52003
G0 F9000 X129.111 Y125.999
G1 F1800 X176.224 Y173.113 E1095.93279
G0 F9000 X176.224 Y172.491
G1 F1800 X129.01 Y125.276 E1099.35286
G0 F9000 X129.632 Y125.276
G1 F1800 X176.224 Y171.869 E1102.72787
G0 F9000 X176.224 Y171.246
G1 F1800 X130.254 Y125.276 E1106.05779
G0 F9000 X130.876 Y125.276
G1 F1800 X176.224 Y170.624 E1109.34266
G0 F9000 X176.224 Y170.002
G1 F1800 X131.499 Y125.276 E1112.58244
G0 F9000 X132.121 Y125.276
G1 F1800 X176.224 Y169.38 E1115.77716
G0 F9000 X176.224 Y168.757
G1 F1800 X132.743 Y125.276 E1118.92679
G0 F9000 X133.365 Y125.276
G1 F1800 X176.224 Y168.135 E1122.03136
G0 F9000 X176.224 Y167.513
G1 F1800 X133.988 Y125.276 E1125.09084
G0 F9000 X134.61 Y125.276
G1 F1800 X176.224 Y166.891 E1128.10526
G0 F9000 X176.224 Y166.268
G1 F1800 X135.232 Y125.276 E1131.0746
G0 F9000 X135.854 Y125.276
G1 F1800 X176.224 Y165.646 E1133.99887
G0 F9000 X176.224 Y165.024
G1 F1800 X136.477 Y125.276 E1136.87806
G0 F9000 X137.099 Y125.276
G1 F1800 X176.224 Y164.402 E1139.71219
G0 F9000 X176.224 Y163.779
G1 F1800 X137.721 Y125.276 E1142.50122
G0 F9000 X138.343 Y125.276
G1 F1800 X176.224 Y163.157 E1145.2452
G0 F9000 X176.224 Y162.535
G1 F1800 X138.966 Y125.276 E1147.94409
G0 F9000 X139.588 Y125.276
G1 F1800 X176.224 Y161.913 E1150.59793
G0 F9000 X176.224 Y161.29
G1 F1800 X140.21 Y125.276 E1153.20667
G0 F9000 X140.832 Y125.276
G1 F1800 X176.224 Y160.668 E1155.77036
G0 F9000 X176.224 Y160.046
G1 F1800 X141.455 Y125.276 E1158.28895
G0 F9000 X142.077 Y125.276
G1 F1800 X176.224 Y159.424 E1160.76249
G0 F9000 X176.224 Y158.801
G1 F1800 X142.699 Y125.276 E1163.19093
G0 F9000 X143.321 Y125.276
G1 F1800 X176.224 Y158.179 E1165.57432
G0 F9000 X176.224 Y157.557
G1 F1800 X143.944 Y125.276 E1167.91262
G0 F9000 X144.566 Y125.276
G1 F1800 X176.224 Y156.935 E1170.20587
G0 F9000 X176.224 Y156.312
G1 F1800 X145.188 Y125.276 E1172.45402
G0 F9000 X145.81 Y125.276
G1 F1800 X176.224 Y155.69 E1174.65711
G0 F9000 X176.224 Y155.068
G1 F1800 X146.433 Y125.276 E1176.81512
G0 F9000 X147.055 Y125.276
G1 F1800 X176.224 Y154.446 E1178.92806
G0 F9000 X176.224 Y153.823
G1 F1800 X147.677 Y125.276 E1180.99592
G0 F9000 X148.299 Y125.276
G1 F1800 X176.224 Y153.201 E1183.01872
G0 F9000 X176.224 Y152.579
G1 F1800 X148.922 Y125.276 E1184.99643
G0 F9000 X149.544 Y125.276
G1 F1800 X176.224 Y151.957 E1186.92908
G0 F9000 X176.224 Y151.334
G1 F1800 X150.166 Y125.276 E1188.81664
G0 F9000 X150.788 Y125.276
G1 F1800 X176.224 Y150.712 E1190.65914
G0 F9000 X176.224 Y150.09
G1 F1800 X151.411 Y125.276 E1192.45656
G0 F9000 X152.033 Y125.276
G1 F1800 X176.224 Y149.468 E1194.20891
G0 F9000 X176.224 Y148.845
G1 F1800 X152.655 Y125.276 E1195.91618
G0 F9000 X153.277 Y125.276
G1 F1800 X176.224 Y148.223 E1197.57839
G0 F9000 X176.224 Y147.601
G1 F1800 X153.9 Y125.276 E1199.1955
G0 F9000 X154.522 Y125.276
G1 F1800 X176.224 Y146.979 E1200.76756
G0 F9000 X176.224 Y146.356
G1 F1800 X155.144 Y125.276 E1202.29453
G0 F9000 X155.766 Y125.276
G1 F1800 X176.224 Y145.734 E1203.77645
G0 F9000 X176.224 Y145.112
G1 F1800 X156.389 Y125.276 E1205.21327
G0 F9000 X157.011 Y125.276
G1 F1800 X176.224 Y144.489 E1206.605
G0 F9000 X176.224 Y143.867
G1 F1800 X157.633 Y125.276 E1207.95167
G0 F9000 X158.255 Y125.276
G1 F1800 X176.224 Y143.245 E1209.25329
G0 F9000 X176.224 Y142.623
G1 F1800 X158.878 Y125.276 E1210.50982
G0 F9000 X159.5 Y125.276
G1 F1800 X176.224 Y142 E1211.72125
G0 F9000 X176.224 Y141.378
G1 F1800 X160.122 Y125.276 E1212.88763
G0 F9000 X160.744 Y125.276
G1 F1800 X176.224 Y140.756 E1214.00895
G0 F9000 X176.224 Y140.134
G1 F1800 X161.367 Y125.276 E1215.08518
G0 F9000 X161.989 Y125.276
G1 F1800 X176.224 Y139.511 E1216.11632
G0 F9000 X176.224 Y138.889
G1 F1800 X162.611 Y125.276 E1217.10241
G0 F9000 X163.233 Y125.276
G1 F1800 X176.224 Y138.267 E1218.04343
G0 F9000 X176.224 Y137.645
G1 F1800 X163.856 Y125.276 E1218.93937
G0 F9000 X164.478 Y125.276
G1 F1800 X176.224 Y137.022 E1219.79021
G0 F9000 X176.224 Y136.4
G1 F1800 X165.1 Y125.276 E1220.596
G0 F9000 X165.722 Y125.276
G1 F1800 X176.224 Y135.778 E1221.35673
G0 F9000 X176.224 Y135.156
G1 F1800 X166.345 Y125.276 E1222.07237
G0 F9000 X166.967 Y125.276
G1 F1800 X176.224 Y134.533 E1222.74292
G0 F9000 X176.224 Y133.911
G1 F1800 X167.589 Y125.276 E1223.36841
G0 F9000 X168.212 Y125.276
G1 F1800 X176.224 Y133.289 E1223.94881
G0 F9000 X176.224 Y132.667
G1 F1800 X168.834 Y125.276 E1224.48416
G0 F9000 X169.456 Y125.276
G1 F1800 X176.224 Y132.044 E1224.97441
G0 F9000 X176.224 Y131.422
G1 F1800 X170.078 Y125.276 E1225.41961
G0 F9000 X170.701 Y125.276
G1 F1800 X176.224 Y130.8 E1225.81971
G0 F9000 X176.224 Y130.178
G1 F1800 X171.323 Y125.276 E1226.17476
G0 F9000 X171.945 Y125.276
G1 F1800 X176.224 Y129.555 E1226.48472
G0 F9000 X176.224 Y128.933
G1 F1800 X172.567 Y125.276 E1226.74962
G0 F9000 X173.19 Y125.276
G1 F1800 X176.224 Y128.311 E1226.96943
G0 F9000 X176.224 Y127.689
G1 F1800 X173.812 Y125.276 E1227.14419
G0 F9000 X174.434 Y125.276
G1 F1800 X176.224 Y127.066 E1227.27385
G0 F9000 X176.224 Y126.444
G1 F1800 X175.056 Y125.276 E1227.35845
G0 F9000 X175.679 Y125.276
G1 F1800 X176.224 Y125.822 E1227.39797
G1 F1500 E1225.39797
G0 F9000 X129.28 Y172.838
G1 F1500 E1227.39797
G1 F1800 X131.165 Y174.723 E1227.53451
G0 F9000 X130.543 Y174.723
G1 F1800 X129.252 Y173.432 E1227.62803
G0 F9000 X129.13 Y173.932
G1 F1800 X129.921 Y174.723 E1227.68533
G0 F9000 X129.299 Y174.723
G1 F1800 X128.961 Y174.386 E1227.70977
G1 F1500 E1225.70977
;MESH:NONMESH
G0 F300 Z1.12
G0 F9000 X123.255 Y126.666
;TIME_ELAPSED:1093.585140
;LAYER:3
M106 S255
;TYPE:WALL-INNER
;MESH:custom_clip.stl
G1 F1500 E1227.70977
G1 F1275.4 X123.246 Y126.828 E1227.7215
G1 F1271.3 X123.256 Y127.262 E1227.75299
G1 F1189.2 X123.287 Y127.668 E1227.78455
G0 F9000 X123.255 Y126.666
G1 F1245.3 X123.352 Y126.22 E1227.81835
G1 F1235.6 X123.469 Y125.892 E1227.84433
G1 X123.635 Y125.57 E1227.87137
G1 X123.834 Y125.275 E1227.89792
G1 X124.203 Y124.894 E1227.9375
G1 X124.379 Y124.761 E1227.95396
G1 X123.26 Y124.76 E1228.03746
G1 F1245.3 X123.255 Y126.666 E1228.17857
G1 F1500 E1226.17857
G0 F9000 X123.255 Y172.666
G1 F1500 E1228.17857
G1 F1275.4 X123.246 Y172.828 E1228.1903
G1 F1261.1 X123.261 Y173.351 E1228.22855
G1 F1500 E1226.22855
G0 F9000 X124.389 Y175.238
G1 F1500 E1228.22855
G1 F1227.9 X124.189 Y175.083 E1228.24755
G1 X124 Y174.903 E1228.26715
G1 F1311.3 X123.816 Y174.688 E1228.28704
G1 F1517.2 X123.625 Y174.251 E1228.31602
G1 F1872.3 X123.477 Y173.739 E1228.34227
G1 F1936.4 X123.407 Y173.647 E1228.34777
G1 F1442.6 X123.261 Y173.351 E1228.36887
G1 F1571.4 X123.124 Y173.799 E1228.39635
G1 F1872.3 X123.181 Y174.378 E1228.425
G1 F1404.3 X123.263 Y174.914 E1228.4606
G1 F1227.9 X123.263 Y175.237 E1228.48485
G1 X124.389 Y175.238 E1228.5694
G1 F1500 E1226.5694
G0 F9000 X150 Y175.34
G1 F1500 E1228.5694
G1 F1800 X176.84 Y175.34 E1229.94416
G1 X176.84 Y124.66 E1232.54002
G1 X127.267 Y124.661 E1235.07918
G1 X127.533 Y124.826 E1235.09521
G1 X127.828 Y125.052 E1235.11425
G1 X128.136 Y125.419 E1235.13879
G1 X128.319 Y125.7 E1235.15596
G1 X128.47 Y126.016 E1235.1739
G1 X128.569 Y126.322 E1235.19038
G1 X128.668 Y126.772 E1235.21398
G1 X128.636 Y127.478 E1235.25017
G1 X128.467 Y127.982 E1235.2774
G1 X128.268 Y128.418 E1235.30195
G1 X127.951 Y128.807 E1235.32765
G1 X127.601 Y129.122 E1235.35177
G1 X127.172 Y129.399 E1235.37793
G1 X126.601 Y129.599 E1235.40892
G1 X126.147 Y129.652 E1235.43233
G1 X125.665 Y129.657 E1235.45702
G1 X125.006 Y129.485 E1235.4919
G1 X124.536 Y129.22 E1235.51954
G1 X124.324 Y129.064 E1235.53302
G1 X124.016 Y128.77 E1235.55483
G1 X123.807 Y128.505 E1235.57212
G1 X123.643 Y128.24 E1235.58808
G1 X123.588 Y128.132 E1235.59429
G1 F1571.4 X123.279 Y127.656 E1235.62759
G1 X123.16 Y128.212 E1235.66095
G1 F1800 X123.16 Y172.205 E1237.91429
G1 F1480.4 X123.255 Y172.666 E1237.94361
G1 X123.447 Y172.252 E1237.97203
G1 F1800 X123.559 Y171.936 E1237.9892
G1 X123.675 Y171.7 E1238.00267
G1 X123.916 Y171.327 E1238.02542
G1 X124.331 Y170.906 E1238.0557
G1 X124.803 Y170.621 E1238.08394
G1 X125.055 Y170.513 E1238.09798
G1 X125.494 Y170.387 E1238.12137
G1 X125.852 Y170.342 E1238.13986
G1 X126.322 Y170.349 E1238.16393
G1 X126.689 Y170.431 E1238.18319
G1 X127.143 Y170.589 E1238.20782
G1 X127.533 Y170.827 E1238.23122
G1 X127.847 Y171.077 E1238.25178
G1 X128.089 Y171.357 E1238.27073
G1 X128.319 Y171.7 E1238.29189
G1 X128.52 Y172.121 E1238.31578
G1 X128.668 Y172.77 E1238.34988
G1 X128.636 Y173.478 E1238.38618
G1 X128.467 Y173.982 E1238.41341
G1 X128.277 Y174.407 E1238.43725
G1 X127.947 Y174.813 E1238.46405
G1 X127.638 Y175.092 E1238.48537
G1 X127.267 Y175.34 E1238.50823
G1 X150 Y175.34 E1239.67263
G0 F9000 X150 Y175.78
;TYPE:WALL-OUTER
G1 F1800 X177.28 Y175.78 E1241.06993
G1 X177.28 Y124.22 E1243.71086
G1 F1791.9 X160.428 Y124.222 E1244.57795
G1 F1779.8 X143.576 Y124.223 E1245.45093
G1 F1767.9 X126.724 Y124.225 E1246.3298
G1 F1650 X126.351 Y124.255 E1246.35071
G1 F1565.2 X125.868 Y124.25 E1246.37916
G1 F1549.9 X125.531 Y124.26 E1246.39921
G1 F1650 X125.086 Y124.221 E1246.42417
G1 F1800 X122.72 Y124.22 E1246.54536
G1 X122.721 Y175.779 E1249.18625
G1 X125.111 Y175.78 E1249.30866
G1 F1667.4 X125.62 Y175.745 E1249.33687
G1 F1559.1 X126.204 Y175.747 E1249.37141
G1 F1534.9 X126.519 Y175.737 E1249.39034
G1 F1639.8 X127.073 Y175.78 E1249.42158
G1 F1800 X150 Y175.78 E1250.59592
G1 F1500 E1248.59592
G0 F9000 X126.172 Y175.243
G1 F1500 E1250.59592
G1 F1559.1 X125.684 Y175.243 E1250.62478
G1 F1667.4 X125.15 Y175.062 E1250.65596
G1 F1800 X124.797 Y174.866 E1250.67664
G1 X124.563 Y174.692 E1250.69157
G1 X124.357 Y174.492 E1250.70628
G1 X124.181 Y174.273 E1250.72067
G1 X123.998 Y173.972 E1250.73871
G1 X123.856 Y173.606 E1250.75882
G1 X123.792 Y173.236 E1250.77805
G1 X123.772 Y172.828 E1250.79898
G1 X123.863 Y172.393 E1250.82174
G1 X123.954 Y172.13 E1250.836
G1 X124.084 Y171.87 E1250.85088
G1 X124.252 Y171.617 E1250.86644
G1 X124.627 Y171.241 E1250.89364
G1 X124.977 Y171.025 E1250.91471
G1 X125.229 Y170.917 E1250.92875
G1 X125.752 Y170.775 E1250.95651
G1 X126.289 Y170.793 E1250.98403
G1 X126.593 Y170.861 E1250.99998
G1 X126.952 Y170.985 E1251.01944
G1 X127.266 Y171.177 E1251.03829
G1 X127.521 Y171.373 E1251.05476
G1 X127.763 Y171.654 E1251.07376
G1 X127.925 Y171.897 E1251.08872
G1 X128.103 Y172.26 E1251.10943
G1 X128.225 Y172.809 E1251.13823
G1 X128.199 Y173.399 E1251.16848
G1 X128.074 Y173.781 E1251.18907
G1 X127.898 Y174.176 E1251.21122
G1 X127.615 Y174.52 E1251.23403
G1 X127.316 Y174.785 E1251.2545
G1 X126.996 Y174.993 E1251.27405
G1 F1639.8 X126.486 Y175.213 E1251.30528
G1 F1534.9 X126.172 Y175.243 E1251.32422
G1 F1500 E1249.32422
G0 F9000 X126.168 Y129.211
G1 F1500 E1251.32422
G1 F1800 X125.72 Y129.216 E1251.34717
G1 X125.2 Y129.081 E1251.37469
G1 X124.797 Y128.866 E1251.39809
G1 X124.585 Y128.71 E1251.41157
G1 X124.357 Y128.492 E1251.42773
G1 X124.181 Y128.273 E1251.44212
G1 X123.998 Y127.972 E1251.46016
G1 X123.858 Y127.612 E1251.47994
G1 X123.792 Y127.236 E1251.4995
G1 X123.772 Y126.828 E1251.52042
G1 X123.863 Y126.393 E1251.54318
G1 X123.954 Y126.13 E1251.55744
G1 X124.084 Y125.87 E1251.57233
G1 X124.261 Y125.605 E1251.58865
G1 X124.627 Y125.241 E1251.61509
G1 X124.977 Y125.025 E1251.63616
G1 F1775.8 X125.256 Y124.901 E1251.65201
G1 F1626.3 X125.599 Y124.772 E1251.67278
G1 F1549.9 X125.892 Y124.75 E1251.69026
G1 F1565.2 X126.296 Y124.759 E1251.71406
G1 F1633 X126.595 Y124.851 E1251.73173
G1 F1760 X126.929 Y124.975 E1251.75039
G1 F1800 X127.266 Y125.176 E1251.77049
G1 X127.535 Y125.388 E1251.78803
G1 X127.771 Y125.665 E1251.80667
G1 X127.925 Y125.897 E1251.82093
G1 X128.103 Y126.26 E1251.84164
G1 X128.225 Y126.809 E1251.87045
G1 X128.199 Y127.399 E1251.9007
G1 X128.074 Y127.781 E1251.92128
G1 X127.899 Y128.17 E1251.94313
G1 X127.629 Y128.507 E1251.96525
G1 X127.316 Y128.785 E1251.98669
G1 X126.975 Y129.005 E1252.00748
G1 X126.523 Y129.161 E1252.03197
G1 X126.168 Y129.211 E1252.05033
G1 F1500 E1250.05033
G0 F9000 X150 Y174.944
;TYPE:SKIN
G1 F1500 E1252.05033
G1 F1800 X128.35 Y174.944 E1253.15926
G1 X128.6 Y174.635 E1253.17962
G1 X128.825 Y174.155 E1253.20677
G1 X129.027 Y173.549 E1253.23949
G1 X129.065 Y172.733 E1253.28133
G1 X128.95 Y172.211 E1253.30871
G1 X128.826 Y171.831 E1253.32918
G1 X128.616 Y171.419 E1253.35287
G1 X128.434 Y171.151 E1253.36946
G1 X128.105 Y170.773 E1253.39513
G1 X127.776 Y170.514 E1253.41658
G1 X127.327 Y170.239 E1253.44355
G1 X126.895 Y170.08 E1253.46713
G1 X126.392 Y169.958 E1253.49364
G1 X125.803 Y169.945 E1253.52381
G1 X125.411 Y169.997 E1253.54407
G1 X125.045 Y170.095 E1253.56347
G1 X124.593 Y170.275 E1253.58839
G1 X124.099 Y170.581 E1253.61816
G1 X123.557 Y171.12 E1253.65731
G1 X123.556 Y128.826 E1255.82363
G1 X123.706 Y129.019 E1255.83615
G1 X124.017 Y129.329 E1255.85865
G1 X124.417 Y129.613 E1255.88377
G1 X124.863 Y129.859 E1255.90986
G1 X125.589 Y130.046 E1255.94826
G1 X126.169 Y130.047 E1255.97797
G1 X126.708 Y129.981 E1256.00578
G1 X127.319 Y129.769 E1256.03891
G1 X127.831 Y129.442 E1256.07003
G1 X128.24 Y129.076 E1256.09814
G1 X128.592 Y128.647 E1256.12656
G1 X128.825 Y128.148 E1256.15477
G1 X129.027 Y127.551 E1256.18705
G1 X129.065 Y126.733 E1256.229
G1 X128.95 Y126.211 E1256.25638
G1 X128.826 Y125.831 E1256.27685
G1 X128.62 Y125.43 E1256.29994
G1 X128.363 Y125.056 E1256.32318
G1 X176.444 Y125.056 E1258.78592
G1 X176.444 Y174.944 E1261.34122
G1 X150 Y174.944 E1262.69569
G1 F1500 E1260.69569
G0 F9000 X150 Y176.665
G0 X175.605 Y176.665
G0 X175.605 Y174.724
G1 F1500 E1262.69569
G1 F1800 X176.224 Y174.105 E1262.74053
G0 F9000 X176.224 Y173.482
G1 F1800 X174.983 Y174.724 E1262.83046
G0 F9000 X174.361 Y174.724
G1 F1800 X176.224 Y172.86 E1262.96545
G0 F9000 X176.224 Y172.238
G1 F1800 X173.738 Y174.724 E1263.14553
G0 F9000 X173.116 Y174.724
G1 F1800 X176.224 Y171.616 E1263.37066
G0 F9000 X176.224 Y170.993
G1 F1800 X172.494 Y174.724 E1263.64089
G0 F9000 X171.871 Y174.724
G1 F1800 X176.224 Y170.371 E1263.9562
G0 F9000 X176.224 Y169.749
G1 F1800 X171.249 Y174.724 E1264.31658
G0 F9000 X170.627 Y174.724
G1 F1800 X176.224 Y169.127 E1264.72201
G0 F9000 X176.224 Y168.504
G1 F1800 X170.005 Y174.724 E1265.17253
G0 F9000 X169.382 Y174.724
G1 F1800 X176.224 Y167.882 E1265.66814
G0 F9000 X176.224 Y167.26
G1 F1800 X168.76 Y174.724 E1266.20881
G0 F9000 X168.138 Y174.724
G1 F1800 X176.224 Y166.637 E1266.79457
G0 F9000 X176.224 Y166.015
G1 F1800 X167.516 Y174.724 E1267.42539
G0 F9000 X166.893 Y174.724
G1 F1800 X176.224 Y165.393 E1268.1013
G0 F9000 X176.224 Y164.771
G1 F1800 X166.271 Y174.724 E1268.82226
G0 F9000 X165.649 Y174.724
G1 F1800 X176.224 Y164.148 E1269.58832
G0 F9000 X176.224 Y163.526
G1 F1800 X165.027 Y174.724 E1270.39943
G0 F9000 X164.404 Y174.724
G1 F1800 X176.224 Y162.904 E1271.25563
G0 F9000 X176.224 Y162.282
G1 F1800 X163.782 Y174.724 E1272.15689
G0 F9000 X163.16 Y174.724
G1 F1800 X176.224 Y161.659 E1273.10324
G0 F9000 X176.224 Y161.037
G1 F1800 X162.538 Y174.724 E1274.09465
G0 F9000 X161.915 Y174.724
G1 F1800 X176.224 Y160.415 E1275.13115
G0 F9000 X176.224 Y159.793
G1 F1800 X161.293 Y174.724 E1276.21271
G0 F9000 X160.671 Y174.724
G1 F1800 X176.224 Y159.17 E1277.33935
G0 F9000 X176.224 Y158.548
G1 F1800 X160.049 Y174.724 E1278.51105
G0 F9000 X159.426 Y174.724
G1 F1800 X176.224 Y157.926 E1279.72785
G0 F9000 X176.224 Y157.304
G1 F1800 X158.804 Y174.724 E1280.9897
G0 F9000 X158.182 Y174.724
G1 F1800 X176.224 Y156.681 E1282.29664
G0 F9000 X176.224 Y156.059
G1 F1800 X157.56 Y174.724 E1283.64864
G0 F9000 X156.937 Y174.724
G1 F1800 X176.224 Y155.437 E1285.04573
G0 F9000 X176.224 Y154.815
G1 F1800 X156.315 Y174.724 E1286.48788
G0 F9000 X155.693 Y174.724
G1 F1800 X176.224 Y154.192 E1287.97511
G0 F9000 X176.224 Y153.57
G1 F1800 X155.071 Y174.724 E1289.50741
G0 F9000 X154.448 Y174.724
G1 F1800 X176.224 Y152.948 E1291.08479
G0 F9000 X176.224 Y152.326
G1 F1800 X153.826 Y174.724 E1292.70723
G0 F9000 X153.204 Y174.724
G1 F1800 X176.224 Y151.703 E1294.37477
G0 F9000 X176.224 Y151.081
G1 F1800 X152.582 Y174.724 E1296.08736
G0 F9000 X151.959 Y174.724
G1 F1800 X176.224 Y150.459 E1297.84504
G0 F9000 X176.224 Y149.837
G1 F1800 X151.337 Y174.724 E1299.64777
G0 F9000 X150.715 Y174.724
G1 F1800 X176.224 Y149.214 E1301.4956
G0 F9000 X176.224 Y148.592
G1 F1800 X150.093 Y174.724 E1303.38849
G0 F9000 X149.47 Y174.724
G1 F1800 X176.224 Y147.97 E1305.32646
G0 F9000 X176.224 Y147.348
G1 F1800 X148.848 Y174.724 E1307.30949
G0 F9000 X148.226 Y174.724
G1 F1800 X176.224 Y146.725 E1309.33762
G0 F9000 X176.224 Y146.103
G1 F1800 X147.604 Y174.724 E1311.4108
G0 F9000 X146.981 Y174.724
G1 F1800 X176.224 Y145.481 E1313.52907
G0 F9000 X176.224 Y144.859
G1 F1800 X146.359 Y174.724 E1315.6924
G0 F9000 X145.737 Y174.724
G1 F1800 X176.224 Y144.236 E1317.90082
G0 F9000 X176.224 Y143.614
G1 F1800 X145.115 Y174.724 E1320.15429
G0 F9000 X144.492 Y174.724
G1 F1800 X176.224 Y142.992 E1322.45286
G0 F9000 X176.224 Y142.37
G1 F1800 X143.87 Y174.724 E1324.79648
G0 F9000 X143.248 Y174.724
G1 F1800 X176.224 Y141.747 E1327.1852
G0 F9000 X176.224 Y141.125
G1 F1800 X142.626 Y174.724 E1329.61897
G0 F9000 X142.003 Y174.724
G1 F1800 X176.224 Y140.503 E1332.09783
G0 F9000 X176.224 Y139.881
G1 F1800 X141.381 Y174.724 E1334.62175
G0 F9000 X140.759 Y174.724
G1 F1800 X176.224 Y139.258 E1337.19076
G0 F9000 X176.224 Y138.636
G1 F1800 X140.137 Y174.724 E1339.80482
G0 F9000 X139.514 Y174.724
G1 F1800 X176.224 Y138.014 E1342.46398
G0 F9000 X176.224 Y137.392
G1 F1800 X138.892 Y174.724 E1345.16819
G0 F9000 X138.27 Y174.724
G1 F1800 X176.224 Y136.769 E1347.9175
G0 F9000 X176.224 Y136.147
G1 F1800 X137.648 Y174.724 E1350.71186
G0 F9000 X137.025 Y174.724
G1 F1800 X176.224 Y135.525 E1353.55131
G0 F9000 X176.224 Y134.903
G1 F1800 X136.403 Y174.724 E1356.43582
G0 F9000 X135.781 Y174.724
G1 F1800 X176.224 Y134.28 E1359.36542
G0 F9000 X176.224 Y133.658
G1 F1800 X135.159 Y174.724 E1362.34008
G0 F9000 X134.536 Y174.724
G1 F1800 X176.224 Y133.036 E1365.35983
G0 F9000 X176.224 Y132.414
G1 F1800 X133.914 Y174.724 E1368.42463
G0 F9000 X133.292 Y174.724
G1 F1800 X176.224 Y131.791 E1371.53453
G0 F9000 X176.224 Y131.169
G1 F1800 X132.669 Y174.724 E1374.68952
G0 F9000 X132.047 Y174.724
G1 F1800 X176.224 Y130.547 E1377.88956
G0 F9000 X176.224 Y129.925
G1 F1800 X131.425 Y174.724 E1381.13466
G0 F9000 X130.803 Y174.724
G1 F1800 X176.224 Y129.302 E1384.42485
G0 F9000 X176.224 Y128.68
G1 F1800 X130.18 Y174.724 E1387.76014
G0 F9000 X129.558 Y174.724
G1 F1800 X176.224 Y128.058 E1391.14048
G0 F9000 X176.224 Y127.435
G1 F1800 X128.936 Y174.724 E1394.56591
G0 F9000 X129.143 Y173.895
G1 F1800 X176.224 Y126.813 E1397.97635
G0 F9000 X176.224 Y126.191
G1 F1800 X129.266 Y173.149 E1401.37784
G0 F9000 X129.249 Y172.544
G1 F1800 X176.224 Y125.569 E1404.78056
G0 F9000 X175.895 Y125.276
G1 F1800 X129.128 Y172.043 E1408.16821
G0 F9000 X128.952 Y171.596
G1 F1800 X175.273 Y125.276 E1411.52353
G0 F9000 X174.65 Y125.276
G1 F1800 X128.73 Y171.196 E1414.84983
G0 F9000 X128.458 Y170.846
G1 F1800 X174.028 Y125.276 E1418.15078
G0 F9000 X173.406 Y125.276
G1 F1800 X128.151 Y170.531 E1421.42891
G0 F9000 X127.794 Y170.266
G1 F1800 X172.784 Y125.276 E1424.68784
G0 F9000 X172.161 Y125.276
G1 F1800 X127.406 Y170.031 E1427.92976
G0 F9000 X126.947 Y169.868
G1 F1800 X171.539 Y125.276 E1431.15986
G0 F9000 X170.917 Y125.276
G1 F1800 X126.448 Y169.745 E1434.38106
G0 F9000 X125.843 Y169.728
G1 F1800 X170.295 Y125.276 E1437.60102
G0 F9000 X169.672 Y125.276
G1 F1800 X125.093 Y169.856 E1440.83022
G0 F9000 X123.777 Y169.927
G1 F1800 X168.428 Y125.276 E1444.0646
G0 F9000 X169.05 Y125.276
G1 F1800 X123.777 Y170.549 E1447.34403
G0 F9000 X123.777 Y169.305
G1 F1800 X167.806 Y125.276 E1450.53336
G0 F9000 X167.183 Y125.276
G1 F1800 X123.777 Y168.682 E1453.67755
G0 F9000 X123.777 Y168.06
G1 F1800 X166.561 Y125.276 E1456.77669
G0 F9000 X165.939 Y125.276
G1 F1800 X123.777 Y167.438 E1459.83078
G0 F9000 X123.777 Y166.816
G1 F1800 X165.317 Y125.276 E1462.8398
G0 F9000 X164.694 Y125.276
G1 F1800 X123.777 Y166.193 E1465.8037
G0 F9000 X123.777 Y165.571
G1 F1800 X164.071 Y125.277 E1468.72247
G0 F9000 X163.449 Y125.277
G1 F1800 X123.777 Y164.949 E1471.59619
G0 F9000 X123.777 Y164.327
G1 F1800 X162.827 Y125.277 E1474.42485
G0 F9000 X162.205 Y125.277
G1 F1800 X123.777 Y163.704 E1477.20842
G0 F9000 X123.777 Y163.082
G1 F1800 X161.582 Y125.277 E1479.94689
G0 F9000 X160.96 Y125.277
G1 F1800 X123.777 Y162.46 E1482.64032
G0 F9000 X123.777 Y161.838
G1 F1800 X160.338 Y125.277 E1485.28868
G0 F9000 X159.716 Y125.277
G1 F1800 X123.777 Y161.215 E1487.89195
G0 F9000 X123.777 Y160.593
G1 F1800 X159.093 Y125.277 E1490.45013
G0 F9000 X158.471 Y125.277
G1 F1800 X123.777 Y159.971 E1492.96326
G0 F9000 X123.777 Y159.349
G1 F1800 X157.849 Y125.277 E1495.43133
G0 F9000 X157.227 Y125.277
G1 F1800 X123.777 Y158.726 E1497.85431
G0 F9000 X123.777 Y158.104
G1 F1800 X156.604 Y125.277 E1500.23219
G0 F9000 X155.982 Y125.277
G1 F1800 X123.777 Y157.482 E1502.56502
G0 F9000 X123.777 Y156.86
G1 F1800 X155.36 Y125.277 E1504.85279
G0 F9000 X154.738 Y125.277
G1 F1800 X123.777 Y156.237 E1507.09548
G0 F9000 X123.777 Y155.615
G1 F1800 X154.115 Y125.277 E1509.29307
G0 F9000 X153.493 Y125.277
G1 F1800 X123.777 Y154.993 E1511.4456
G0 F9000 X123.777 Y154.371
G1 F1800 X152.871 Y125.277 E1513.55308
G0 F9000 X152.248 Y125.277
G1 F1800 X123.777 Y153.748 E1515.61543
G0 F9000 X123.777 Y153.126
G1 F1800 X151.626 Y125.277 E1517.63272
G0 F9000 X151.003 Y125.277
G1 F1800 X123.777 Y152.504 E1519.60493
G0 F9000 X123.777 Y151.882
G1 F1800 X150.381 Y125.277 E1521.53207
G0 F9000 X149.759 Y125.277
G1 F1800 X123.777 Y151.259 E1523.41413
G0 F9000 X123.777 Y150.637
G1 F1800 X149.137 Y125.277 E1525.25113
G0 F9000 X148.514 Y125.277
G1 F1800 X123.777 Y150.015 E1527.04304
G0 F9000 X123.776 Y149.393
G1 F1800 X147.892 Y125.277 E1528.78992
G0 F9000 X147.27 Y125.277
G1 F1800 X123.776 Y148.771 E1530.49176
G0 F9000 X123.776 Y148.149
G1 F1800 X146.648 Y125.277 E1532.14853
G0 F9000 X146.025 Y125.277
G1 F1800 X123.776 Y147.527 E1533.76022
G0 F9000 X123.776 Y146.904
G1 F1800 X145.403 Y125.277 E1535.32681
G0 F9000 X144.781 Y125.277
G1 F1800 X123.776 Y146.282 E1536.84834
G0 F9000 X123.776 Y145.66
G1 F1800 X144.159 Y125.277 E1538.32483
G0 F9000 X143.536 Y125.277
G1 F1800 X123.776 Y145.038 E1539.75621
G0 F9000 X123.776 Y144.415
G1 F1800 X142.914 Y125.277 E1541.14251
G0 F9000 X142.292 Y125.277
G1 F1800 X123.776 Y143.793 E1542.48375
G0 F9000 X123.776 Y143.171
G1 F1800 X141.67 Y125.277 E1543.77994
G0 F9000 X141.047 Y125.277
G1 F1800 X123.776 Y142.548 E1545.031
G0 F9000 X123.776 Y141.926
G1 F1800 X140.424 Y125.278 E1546.23692
G0 F9000 X139.802 Y125.278
G1 F1800 X123.776 Y141.304 E1547.3978
G0 F9000 X123.776 Y140.682
G1 F1800 X139.18 Y125.278 E1548.51362
G0 F9000 X138.558 Y125.278
G1 F1800 X123.776 Y140.059 E1549.58434
G0 F9000 X123.776 Y139.437
G1 F1800 X137.935 Y125.278 E1550.60998
G0 F9000 X137.313 Y125.278
G1 F1800 X123.776 Y138.815 E1551.59055
G0 F9000 X123.776 Y138.193
G1 F1800 X136.691 Y125.278 E1552.52608
G0 F9000 X136.069 Y125.278
G1 F1800 X123.776 Y137.57 E1553.41651
G0 F9000 X123.776 Y136.948
G1 F1800 X135.446 Y125.278 E1554.26184
G0 F9000 X134.824 Y125.278
G1 F1800 X123.776 Y136.326 E1555.06213
G0 F9000 X123.776 Y135.704
G1 F1800 X134.202 Y125.278 E1555.81735
G0 F9000 X133.58 Y125.278
G1 F1800 X123.776 Y135.081 E1556.52749
G0 F9000 X123.776 Y134.459
G1 F1800 X132.957 Y125.278 E1557.19253
G0 F9000 X132.335 Y125.278
G1 F1800 X128.466 Y129.147 E1557.47279
G0 F9000 X128.256 Y129.357
G1 F1800 X123.776 Y133.837 E1557.79731
G0 F9000 X123.776 Y133.215
G1 F1800 X126.815 Y130.176 E1558.01744
G0 F9000 X126.102 Y130.267
G1 F1800 X123.776 Y132.592 E1558.18589
G0 F9000 X123.776 Y131.97
G1 F1800 X125.497 Y130.25 E1558.31052
G0 F9000 X125.002 Y130.122
G1 F1800 X123.776 Y131.348 E1558.39933
G0 F9000 X123.776 Y130.726
G1 F1800 X124.56 Y129.941 E1558.45616
G0 F9000 X124.171 Y129.708
G1 F1800 X123.776 Y130.103 E1558.48477
G1 F1500 E1556.48477
G0 F9000 X129.168 Y127.823
G1 F1500 E1558.48477
G1 F1800 X131.713 Y125.278 E1558.66912
G0 F9000 X131.091 Y125.278
G1 F1800 X129.269 Y127.1 E1558.8011
G0 F9000 X129.241 Y126.506
G1 F1800 X130.468 Y125.278 E1558.89002
G0 F9000 X129.846 Y125.278
G1 F1800 X129.116 Y126.009 E1558.94293
G0 F9000 X128.935 Y125.567
G1 F1800 X129.224 Y125.278 E1558.96387
G1 F1500 E1556.96387
;MESH:NONMESH
G0 F300 Z1.4
G0 F9000 X123.254 Y126.683
;TIME_ELAPSED:1330.789374
;LAYER:4
;TYPE:WALL-INNER
;MESH:custom_clip.stl
G1 F1500 E1558.96387
G1 F1275.4 X123.246 Y126.84 E1558.97523
G1 F1249.2 X123.267 Y127.456 E1559.02072
G0 F9000 X123.254 Y126.683
G1 F1245.3 X123.352 Y126.22 E1559.05576
G1 F1235.6 X123.469 Y125.892 E1559.08175
G1 X123.635 Y125.57 E1559.10878
G1 X123.834 Y125.275 E1559.13533
G1 X124.158 Y124.934 E1559.17043
G1 X124.386 Y124.761 E1559.19179
G1 X123.26 Y124.76 E1559.27581
G1 F1245.3 X123.254 Y126.683 E1559.41818
G1 F1500 E1557.41818
G0 F9000 X123.254 Y172.683
G1 F1500 E1559.41818
G1 F1275.4 X123.246 Y172.84 E1559.42955
G1 F1249.2 X123.267 Y173.456 E1559.47504
G1 F1500 E1557.47504
G0 F9000 X124.347 Y175.237
G1 F1500 E1559.47504
G1 F1227.9 X123.937 Y174.834 E1559.5182
G1 X123.72 Y174.559 E1559.5445
G1 X123.517 Y174.231 E1559.57347
G1 F1226 X123.344 Y173.771 E1559.61043
G1 F1214.7 X123.267 Y173.456 E1559.63504
G1 F1218.5 X123.263 Y175.237 E1559.7698
G1 F1227.9 X124.347 Y175.237 E1559.85119
G1 F1500 E1557.85119
G0 F9000 X125.276 Y174.121
G0 X126.983 Y173.901
G0 X128.166 Y174.923
G0 X150.001 Y175.02
G0 X150 Y175.34
G1 F1500 E1559.85119
G1 F1800 X176.84 Y175.34 E1561.22595
G1 X176.84 Y124.66 E1563.82181
G1 X127.251 Y124.66 E1566.36179
G1 X127.518 Y124.817 E1566.37766
G1 X127.819 Y125.044 E1566.39697
G1 X128.227 Y125.517 E1566.42896
G1 X128.469 Y126.01 E1566.45709
G1 X128.594 Y126.377 E1566.47695
G1 X128.647 Y126.773 E1566.49742
G1 X128.643 Y127.451 E1566.53214
G1 X128.467 Y127.982 E1566.5608
G1 X128.268 Y128.418 E1566.58535
G1 X127.951 Y128.807 E1566.61105
G1 X127.532 Y129.186 E1566.63999
G1 X126.959 Y129.5 E1566.67345
G1 X126.416 Y129.624 E1566.70198
G1 X125.921 Y129.669 E1566.72744
G1 X125.457 Y129.603 E1566.75145
G1 X125.007 Y129.486 E1566.77526
G1 X124.406 Y129.151 E1566.81051
G1 X124.016 Y128.77 E1566.83843
G1 X123.807 Y128.505 E1566.85572
G1 X123.61 Y128.187 E1566.87488
G1 X123.473 Y127.837 E1566.89413
G1 F1692.3 X123.418 Y127.754 E1566.89956
G1 F1375 X123.267 Y127.456 E1566.92196
G1 F1445.3 X123.16 Y127.896 E1566.95084
G1 F1791.9 X123.16 Y129.912 E1567.05457
G1 F1775.8 X123.16 Y131.928 E1567.15924
G1 F1756.1 X123.16 Y133.944 E1567.26508
G1 F1740.7 X123.16 Y135.96 E1567.37187
G1 F1725.5 X123.16 Y137.976 E1567.47959
G1 F1706.9 X123.16 Y139.992 E1567.58848
G1 F1692.3 X123.16 Y142.008 E1567.69831
G1 F1678 X123.16 Y144.024 E1567.80908
G1 F1660.4 X123.16 Y146.04 E1567.92102
G1 F1646.6 X123.16 Y148.056 E1568.03391
G1 F1633 X123.16 Y150.072 E1568.14773
G1 F1616.3 X123.16 Y152.088 E1568.26272
G1 F1603.2 X123.16 Y154.104 E1568.37866
G1 F1590.4 X123.16 Y156.12 E1568.49553
G1 F1574.6 X123.16 Y158.136 E1568.61358
G1 F1562.1 X123.16 Y160.152 E1568.73256
G1 F1549.9 X123.16 Y162.168 E1568.85248
G1 F1534.9 X123.16 Y164.184 E1568.97358
G1 F1523.1 X123.16 Y166.2 E1569.09562
G1 F1511.5 X123.16 Y168.216 E1569.21859
G1 F1497.2 X123.16 Y170.232 E1569.34274
G1 F1485.9 X123.16 Y172.248 E1569.46782
G1 F1360.8 X123.254 Y172.683 E1569.49798
G1 F1480.4 X123.447 Y172.252 E1569.52739
G1 F1800 X123.559 Y171.936 E1569.54456
G1 X123.675 Y171.7 E1569.55803
G1 X123.914 Y171.329 E1569.58063
G1 X124.278 Y170.955 E1569.60736
G1 X124.763 Y170.624 E1569.63744
G1 X125.273 Y170.44 E1569.66521
G1 X125.588 Y170.368 E1569.68176
G1 X126.068 Y170.337 E1569.7064
G1 X126.59 Y170.386 E1569.73325
G1 X127.076 Y170.561 E1569.75971
G1 X127.484 Y170.793 E1569.78375
G1 X127.82 Y171.046 E1569.8053
G1 X128.231 Y171.531 E1569.83786
G1 X128.469 Y172.01 E1569.86525
G1 X128.594 Y172.377 E1569.88511
G1 X128.647 Y172.773 E1569.90558
G1 X128.643 Y173.451 E1569.9403
G1 X128.467 Y173.982 E1569.96896
G1 X128.275 Y174.411 E1569.99303
G1 X127.91 Y174.848 E1570.0222
G1 X127.536 Y175.182 E1570.04788
G1 X127.254 Y175.34 E1570.06444
G1 X150 Y175.34 E1571.2295
G0 F9000 X150 Y175.78
;TYPE:WALL-OUTER
G1 F1800 X177.28 Y175.78 E1572.6268
G1 X177.28 Y124.22 E1575.26773
G1 X127.003 Y124.221 E1577.84295
G1 F1650 X126.492 Y124.259 E1577.87158
G1 F1552.9 X126.056 Y124.25 E1577.89747
G1 X125.569 Y124.259 E1577.92639
G1 F1623 X125.223 Y124.228 E1577.94613
G1 F1767.9 X124.847 Y124.22 E1577.96574
G1 F1800 X122.72 Y124.22 E1578.07469
G1 X122.721 Y175.779 E1580.71557
G1 X125.111 Y175.78 E1580.83799
G1 F1650 X125.558 Y175.74 E1580.86306
G1 F1556 X125.972 Y175.751 E1580.8876
G1 F1559.1 X126.383 Y175.741 E1580.91191
G1 F1656.9 X126.867 Y175.78 E1580.93893
G1 F1800 X150 Y175.78 E1582.12382
G1 F1500 E1580.12382
G0 F9000 X150.001 Y175.02
G0 X128.166 Y174.923
G0 X125.936 Y175.253
G1 F1500 E1582.12382
G1 F1559.1 X125.591 Y175.222 E1582.1443
G1 F1650 X125.148 Y175.061 E1582.17064
G1 F1800 X124.67 Y174.795 E1582.19866
G1 X124.357 Y174.492 E1582.22097
G1 X124.181 Y174.273 E1582.23537
G1 X123.999 Y173.973 E1582.25334
G1 X123.873 Y173.647 E1582.27124
G1 X123.807 Y173.362 E1582.28622
G1 X123.772 Y172.84 E1582.31302
G1 X123.863 Y172.393 E1582.33639
G1 X123.954 Y172.13 E1582.35064
G1 X124.084 Y171.87 E1582.36553
G1 X124.252 Y171.617 E1582.38109
G1 X124.546 Y171.31 E1582.40286
G1 X124.99 Y171.01 E1582.43031
G1 X125.371 Y170.869 E1582.45111
G1 X125.669 Y170.804 E1582.46674
G1 X126.077 Y170.78 E1582.48767
G1 X126.493 Y170.819 E1582.50907
G1 X126.893 Y170.964 E1582.53086
G1 X127.242 Y171.16 E1582.55137
G1 X127.517 Y171.369 E1582.56906
G1 X127.859 Y171.766 E1582.5959
G1 X128.053 Y172.152 E1582.61803
G1 X128.167 Y172.499 E1582.63673
G1 X128.211 Y172.831 E1582.65389
G1 X128.204 Y173.378 E1582.68191
G1 X128.074 Y173.78 E1582.70355
G1 X127.898 Y174.176 E1582.72574
G1 X127.616 Y174.52 E1582.74853
G1 X127.261 Y174.832 E1582.77274
G1 X126.848 Y175.064 E1582.797
G1 F1656.9 X126.326 Y175.232 E1582.82751
G1 F1562.1 X125.936 Y175.253 E1582.85056
G1 F1500 E1580.85056
G0 F9000 X125.954 Y174.337
G0 X125.781 Y171.685
G0 X125.908 Y129.223
G1 F1500 E1582.85056
G1 F1800 X125.596 Y129.183 E1582.86668
G1 X125.148 Y129.061 E1582.89046
G1 X124.696 Y128.809 E1582.91697
G1 X124.357 Y128.492 E1582.94074
G1 X124.181 Y128.273 E1582.95513
G1 X123.999 Y127.973 E1582.9731
G1 X123.873 Y127.647 E1582.991
G1 X123.807 Y127.362 E1583.00599
G1 X123.772 Y126.84 E1583.03278
G1 X123.863 Y126.393 E1583.05615
G1 X123.954 Y126.13 E1583.0704
G1 X124.084 Y125.87 E1583.08529
G1 X124.261 Y125.605 E1583.10162
G1 X124.546 Y125.31 E1583.12263
G1 X124.944 Y125.034 E1583.14743
G1 F1744.5 X125.368 Y124.855 E1583.17176
G1 F1603.2 X125.626 Y124.771 E1583.18736
G1 F1552.9 X126.079 Y124.75 E1583.21428
G1 X126.468 Y124.777 E1583.23743
G1 F1650 X126.908 Y124.972 E1583.26433
G1 F1800 X127.253 Y125.168 E1583.28465
G1 X127.531 Y125.384 E1583.30268
G1 X127.869 Y125.784 E1583.32951
G1 X128.053 Y126.152 E1583.35058
G1 X128.167 Y126.499 E1583.36929
G1 X128.211 Y126.831 E1583.38644
G1 X128.204 Y127.378 E1583.41446
G1 X128.074 Y127.78 E1583.4361
G1 X127.899 Y128.17 E1583.458
G1 X127.629 Y128.507 E1583.48012
G1 X127.289 Y128.813 E1583.50355
G1 X126.823 Y129.076 E1583.53095
G1 X126.284 Y129.2 E1583.55928
G1 X125.908 Y129.223 E1583.57858
G0 F9000 X125.799 Y129.974
G0 X127.246 Y129.705
G0 X127.137 Y129.5
;TYPE:FILL
G1 F3600 X123.25 Y144.007 E1584.34784
G0 F9000 X123.25 Y144.525
G1 F3600 X176.751 Y130.19 E1587.18486
G0 F9000 X176.52 Y130.19
G0 X176.52 Y128.684
G0 X176.752 Y128.684
G1 F3600 X172.816 Y124.748 E1587.46997
G0 F9000 X172.816 Y124.98
G0 X171.56 Y124.98
G0 X171.56 Y124.748
G1 F3600 X123.25 Y137.692 E1590.03172
G0 F9000 X123.481 Y137.693
G0 X123.481 Y140.519
G0 X123.249 Y140.518
G1 F3600 X157.983 Y175.251 E1592.54771
G0 F9000 X157.984 Y175.02
G0 X155.876 Y175.02
G0 X155.875 Y175.252
G1 F3600 X169.407 Y124.748 E1595.2258
G0 F9000 X169.407 Y124.98
G0 X163.482 Y124.98
G0 X163.482 Y124.748
G1 F3600 X176.752 Y138.018 E1596.18704
G0 F9000 X176.752 Y137.022
G1 F3600 X123.25 Y151.358 E1599.02412
G0 F9000 X123.481 Y151.359
G0 X123.481 Y149.853
G0 X123.249 Y149.852
G1 F3600 X148.649 Y175.251 E1600.86398
G0 F9000 X149.042 Y175.251
G1 F3600 X162.574 Y124.748 E1603.54202
G0 F9000 X162.574 Y124.98
G0 X155.742 Y124.98
G0 X155.742 Y124.748
G1 F3600 X142.209 Y175.252 E1606.22013
G0 F9000 X142.21 Y175.02
G0 X139.316 Y175.02
G0 X139.315 Y175.251
G1 F3600 X123.249 Y159.185 E1607.3839
G0 F9000 X123.249 Y158.191
G1 F3600 X176.751 Y143.855 E1610.22098
G0 F9000 X176.52 Y143.855
G0 X176.52 Y147.352
G0 X176.752 Y147.352
G1 F3600 X154.149 Y124.748 E1611.8583
G0 F9000 X154.149 Y124.98
G0 X148.909 Y124.98
G0 X148.909 Y124.748
G1 F3600 X135.376 Y175.252 E1614.53641
G0 F9000 X136.079 Y175.252
G1 F3600 X176.751 Y164.354 E1616.69314
G0 F9000 X176.52 Y164.354
G0 X176.52 Y166.019
G0 X176.752 Y166.019
G1 F3600 X135.481 Y124.748 E1619.68268
G0 F9000 X135.243 Y124.748
G1 F3600 X123.249 Y169.509 E1622.05625
G0 F9000 X123.249 Y168.519
G1 F3600 X125.129 Y170.399 E1622.19243
G0 F9000 X125.052 Y170.181
G0 X124.111 Y170.755
G0 X123.79 Y171.085
G0 X123.431 Y171.673
G0 X123.542 Y171.778
G1 F3600 X123.249 Y171.857 E1622.20798
G0 F9000 X123.404 Y171.704
G0 X123.714 Y171.163
G0 X124.111 Y170.755
G0 X124.644 Y170.392
G0 X125.551 Y170.111
G0 X126.068 Y170.077
G0 X126.516 Y170.118
G0 X127.633 Y170.511
G0 X127.519 Y170.713
G1 F3600 X176.752 Y157.521 E1624.81868
G0 F9000 X176.752 Y156.686
G1 F3600 X144.815 Y124.748 E1627.13213
G0 F9000 X144.815 Y124.98
G0 X146.058 Y124.98
G0 X146.058 Y124.748
G1 F3600 X123.25 Y130.86 E1628.34159
G0 F9000 X123.249 Y131.185
G1 F3600 X167.316 Y175.251 E1631.53363
G0 F9000 X167.317 Y175.02
G0 X169.541 Y175.02
G0 X169.54 Y175.253
G1 F3600 X176.752 Y148.339 E1632.96082
G0 F9000 X176.52 Y148.339
G0 X176.52 Y150.688
G0 X176.752 Y150.688
G1 F3600 X123.25 Y165.024 E1635.7979
G0 F9000 X123.481 Y165.025
G0 X128.447 Y171.377
G0 X128.847 Y172.311
G0 X128.912 Y172.804
G0 X128.816 Y173.941
G0 X128.597 Y173.868
G1 F3600 X129.981 Y175.251 E1635.89811
G0 F9000 X129.982 Y175.02
G0 X128.545 Y175.02
G0 X128.544 Y175.251
G1 F3600 X142.076 Y124.748 E1638.57616
G0 F9000 X142.076 Y124.98
G0 X128.964 Y127.338
G0 X128.732 Y127.334
G1 F3600 X176.65 Y175.251 E1642.04715
G0 F9000 X176.373 Y175.253
G1 F3600 X176.752 Y173.839 E1642.12213
G0 F9000 X176.52 Y173.839
G0 X176.52 Y171.186
G0 X176.752 Y171.186
G1 F3600 X161.579 Y175.252 E1642.92672
G0 F9000 X161.58 Y175.02
G0 X162.708 Y175.02
G0 X162.707 Y175.252
G1 F3600 X176.24 Y124.748 E1645.60483
G1 F1500 E1643.60483
G0 F9000 X176.24 Y124.98
G0 X128.41 Y124.98
G0 X128.41 Y124.748
G1 F1500 E1645.60483
G1 F3600 X128.237 Y125.393 E1645.63903
G0 F9000 X128.67 Y125.32
G1 F1500 E1643.63903
;MESH:NONMESH
G0 F300 Z1.68
G0 F9000 X127.986 Y124.888
G0 X126.911 Y126.021
G0 X124.679 Y126.812
G0 X123.267 Y126.55
;TIME_ELAPSED:1380.313678
;LAYER:5
;TYPE:WALL-INNER
;MESH:custom_clip.stl
G1 F1500 E1645.63903
G1 F1255.2 X123.244 Y127.088 E1645.67859
G1 F1212.9 X123.287 Y127.664 E1645.7225
G1 F1500 E1643.7225
G0 F9000 X123.408 Y128.336
G0 X150.001 Y175.02
G0 X150 Y175.34
G1 F1500 E1645.7225
G1 F1800 X176.84 Y175.34 E1647.09726
G1 X176.84 Y124.66 E1649.69312
G1 X127.263 Y124.66 E1652.23248
G1 X127.653 Y124.894 E1652.25578
G1 X128.079 Y125.326 E1652.28685
G1 X128.319 Y125.7 E1652.30962
G1 X128.469 Y126.015 E1652.32749
G1 X128.621 Y126.461 E1652.35162
G1 X128.655 Y126.909 E1652.37463
G1 X128.637 Y127.474 E1652.40359
G1 X128.467 Y127.982 E1652.43103
G1 X128.27 Y128.414 E1652.45535
G1 X127.956 Y128.802 E1652.48091
G1 X127.598 Y129.141 E1652.50617
G1 X127.073 Y129.444 E1652.53721
G1 X126.579 Y129.603 E1652.56379
G1 X126.215 Y129.651 E1652.5826
G1 X125.868 Y129.656 E1652.60038
G1 X125.422 Y129.605 E1652.62337
G1 X124.926 Y129.445 E1652.65006
G1 X124.4 Y129.149 E1652.68098
G1 X124.016 Y128.77 E1652.70861
G1 X123.809 Y128.509 E1652.72568
G1 X123.646 Y128.249 E1652.74139
G1 X123.587 Y128.131 E1652.74815
G1 F1571.4 X123.279 Y127.651 E1652.78161
G1 X123.16 Y128.209 E1652.81509
G1 F1791.9 X123.16 Y136.99 E1653.2669
G1 F1771.8 X123.16 Y145.771 E1653.72382
G1 F1756.1 X123.16 Y154.552 E1654.18484
G1 F1740.7 X123.16 Y163.333 E1654.64994
G1 F1721.7 X123.16 Y172.114 E1655.12015
G1 F1419.4 X123.267 Y172.55 E1655.14931
G1 F1391.9 X123.426 Y172.245 E1655.17209
G1 F1714.3 X123.559 Y171.936 E1655.19019
G1 F1800 X123.675 Y171.7 E1655.20366
G1 X123.917 Y171.325 E1655.22652
G1 X124.348 Y170.894 E1655.25774
G1 X124.819 Y170.615 E1655.28578
G1 X125.244 Y170.429 E1655.30954
G1 X125.905 Y170.322 E1655.34384
G1 X126.601 Y170.393 E1655.37967
G1 X127.144 Y170.588 E1655.40922
G1 X127.664 Y170.904 E1655.44039
G1 X128.056 Y171.303 E1655.46904
G1 X128.319 Y171.7 E1655.49343
G1 X128.469 Y172.015 E1655.5113
G1 X128.622 Y172.464 E1655.5356
G1 X128.656 Y172.987 E1655.56244
G1 X128.636 Y173.477 E1655.58756
G1 X128.467 Y173.982 E1655.61484
G1 X128.275 Y174.412 E1655.63896
G1 X127.929 Y174.83 E1655.66675
G1 X127.594 Y175.15 E1655.69048
G1 X127.253 Y175.34 E1655.71048
G1 X150 Y175.34 E1656.87559
G1 F1500 E1654.87559
G0 F9000 X150.001 Y175.02
G0 X128.171 Y174.919
G0 X126.982 Y173.903
G0 X125.279 Y174.124
G0 X124.341 Y175.237
G1 F1500 E1656.87559
G1 F1289.9 X123.837 Y174.734 E1656.92649
G1 F1455.9 X123.627 Y174.26 E1656.95932
G1 F1867.9 X123.477 Y173.735 E1656.98627
G1 F1931.7 X123.408 Y173.643 E1656.99176
G1 F1440 X123.261 Y173.358 E1657.01229
G1 F1565.2 X123.122 Y173.795 E1657.0393
G1 F1867.9 X123.182 Y174.389 E1657.06877
G1 F1404.3 X123.263 Y174.914 E1657.10364
G1 F1227.9 X123.263 Y175.237 E1657.1279
G1 F1249.2 X124.341 Y175.237 E1657.20746
G1 F1500 E1655.20746
G0 F9000 X123.261 Y173.358
G1 F1500 E1657.20746
G1 F1263.2 X123.244 Y173.088 E1657.2272
G1 F1255.2 X123.267 Y172.55 E1657.26676
G1 F1500 E1655.26676
G0 F9000 X123.398 Y171.661
G0 X123.607 Y128.637
G0 X123.267 Y126.55
G1 F1500 E1657.26676
G1 F1218.5 X123.328 Y126.298 E1657.28638
G1 F1231.7 X123.469 Y125.892 E1657.31855
G1 F1235.6 X123.635 Y125.57 E1657.34558
G1 X123.834 Y125.275 E1657.37213
G1 X124.218 Y124.882 E1657.41313
G1 X124.378 Y124.76 E1657.42815
G1 X123.26 Y124.76 E1657.51157
G1 F1222.2 X123.267 Y126.55 E1657.6466
G1 F1500 E1655.6466
G0 F9000 X124.679 Y126.811
G0 X125.705 Y128.304
G0 X126.157 Y129.215
;TYPE:WALL-OUTER
G1 F1500 E1657.6466
G1 F1800 X125.839 Y129.215 E1657.66289
G1 X125.496 Y129.166 E1657.68063
G1 X125.124 Y129.046 E1657.70066
G1 X124.666 Y128.794 E1657.72743
G1 X124.357 Y128.492 E1657.74956
G1 X124.181 Y128.274 E1657.76391
G1 X123.998 Y127.975 E1657.78187
G1 X123.847 Y127.566 E1657.8042
G1 X123.768 Y127.071 E1657.82988
G1 X123.796 Y126.699 E1657.84898
G1 X123.863 Y126.393 E1657.86503
G1 X123.954 Y126.13 E1657.87928
G1 X124.084 Y125.87 E1657.89417
G1 X124.261 Y125.605 E1657.91049
G1 X124.641 Y125.232 E1657.93777
G1 X124.969 Y125.032 E1657.95745
G1 F1619.6 X125.389 Y124.802 E1657.9847
G1 F1529 X125.884 Y124.742 E1658.01477
G1 F1559.1 X126.472 Y124.777 E1658.04961
G1 F1650 X126.974 Y124.999 E1658.08028
G1 F1800 X127.358 Y125.231 E1658.10326
G1 X127.717 Y125.585 E1658.12908
G1 X127.925 Y125.897 E1658.14829
G1 X128.053 Y126.157 E1658.16313
G1 X128.177 Y126.521 E1658.18283
G1 X128.216 Y126.943 E1658.20453
G1 X128.199 Y127.398 E1658.22786
G1 X128.074 Y127.781 E1658.24849
G1 X127.899 Y128.17 E1658.27034
G1 X127.634 Y128.502 E1658.2921
G1 X127.318 Y128.8 E1658.31435
G1 X126.894 Y129.037 E1658.33923
G1 X126.461 Y129.175 E1658.3625
G1 X126.157 Y129.215 E1658.37821
G1 F1500 E1656.37821
G0 F9000 X126.17 Y129.971
G0 X126.624 Y170.148
G0 X126.276 Y171.698
G0 X126.085 Y174.332
G0 X126.161 Y175.246
G1 F1500 E1658.37821
G1 F1571.4 X125.835 Y175.246 E1658.39733
G1 F1540.9 X125.53 Y175.216 E1658.41567
G1 F1643.2 X125.084 Y175.029 E1658.44281
G1 F1800 X124.668 Y174.796 E1658.46723
G1 X124.357 Y174.492 E1658.48951
G1 X124.181 Y174.274 E1658.50386
G1 X123.998 Y173.975 E1658.52181
G1 X123.856 Y173.601 E1658.5423
G1 X123.766 Y173.098 E1658.56848
G1 X123.796 Y172.699 E1658.58897
G1 X123.863 Y172.393 E1658.60502
G1 X123.954 Y172.13 E1658.61927
G1 X124.084 Y171.87 E1658.63416
G1 X124.252 Y171.617 E1658.64972
G1 X124.6 Y171.264 E1658.67511
G1 X124.995 Y171.018 E1658.69894
G1 X125.396 Y170.85 E1658.72121
G1 X125.916 Y170.765 E1658.7482
G1 X126.498 Y170.819 E1658.77814
G1 X126.974 Y170.999 E1658.8042
G1 X127.391 Y171.255 E1658.82927
G1 X127.726 Y171.594 E1658.85368
G1 X127.925 Y171.897 E1658.87224
G1 X128.053 Y172.157 E1658.88709
G1 X128.177 Y172.521 E1658.90679
G1 X128.216 Y172.943 E1658.92849
G1 X128.199 Y173.398 E1658.95181
G1 X128.074 Y173.781 E1658.97245
G1 X127.897 Y174.178 E1658.99471
G1 X127.625 Y174.512 E1659.01678
G1 X127.349 Y174.776 E1659.03634
G1 X126.912 Y175.028 E1659.06218
G1 F1643.2 X126.466 Y175.216 E1659.08934
G1 F1540.9 X126.161 Y175.246 E1659.10767
G1 F1500 E1657.10767
G0 F9000 X128.171 Y174.919
G0 X150 Y175.78
G1 F1500 E1659.10767
G1 F1800 X177.28 Y175.78 E1660.50497
G1 X177.28 Y124.22 E1663.14591
G1 X127.072 Y124.22 E1665.71759
G1 F1650 X126.495 Y124.259 E1665.7499
G1 F1559.1 X125.844 Y124.248 E1665.78841
G1 F1529 X125.346 Y124.269 E1665.81846
G1 F1619.6 X124.829 Y124.221 E1665.84802
G1 F1800 X122.72 Y124.22 E1665.95605
G1 X122.721 Y175.779 E1668.59693
G1 X125.009 Y175.78 E1668.71412
G1 F1643.2 X125.496 Y175.738 E1668.74155
G1 F1543.9 X125.868 Y175.749 E1668.76377
G1 X126.5 Y175.738 E1668.80152
G1 F1643.2 X126.987 Y175.78 E1668.82895
G1 F1800 X150 Y175.78 E1670.00769
G0 F9000 X150.001 Y175.02
G0 X148.929 Y175.02
G0 X148.928 Y175.251
;TYPE:FILL
G1 F3600 X123.249 Y149.571 E1671.86783
G0 F9000 X123.481 Y149.571
G0 X123.481 Y151.563
G0 X123.249 Y151.563
G1 F3600 X176.752 Y137.227 E1674.70496
G0 F9000 X176.752 Y137.738
G1 F3600 X163.762 Y124.748 E1675.64591
G0 F9000 X163.762 Y124.98
G0 X162.369 Y124.98
G0 X162.369 Y124.748
G1 F3600 X148.837 Y175.252 E1678.32401
G0 F9000 X148.838 Y175.02
G0 X155.671 Y175.02
G0 X155.67 Y175.252
G1 F3600 X169.202 Y124.747 E1681.00215
G0 F9000 X169.202 Y124.98
G0 X172.325 Y124.98
G0 X172.325 Y124.748
G1 F3600 X123.249 Y137.898 E1683.60453
G0 F9000 X123.481 Y137.898
G0 X123.481 Y140.238
G0 X123.249 Y140.238
G1 F3600 X158.262 Y175.251 E1686.14076
G0 F9000 X158.263 Y175.02
G0 X162.346 Y175.02
G0 X162.345 Y175.252
G1 F3600 X176.752 Y171.391 E1686.90474
G0 F9000 X176.52 Y171.391
G0 X176.52 Y173.074
G0 X176.752 Y173.074
G1 F3600 X176.168 Y175.253 E1687.02028
G0 F9000 X176.752 Y175.073
G1 F3600 X128.742 Y127.063 E1690.49798
G0 F9000 X128.973 Y127.073
G0 X128.878 Y126.406
G0 X128.662 Y125.888
G0 X128.249 Y125.043
G0 X128.083 Y125.205
G1 F3600 X128.205 Y124.748 E1690.52221
G0 F9000 X128.205 Y124.98
G0 X128.668 Y125.818
G0 X128.878 Y126.406
G0 X128.894 Y127.523
G0 X128.484 Y128.565
G0 X127.823 Y129.278
G0 X126.981 Y129.806
G0 X126.909 Y129.586
G1 F3600 X123.249 Y143.244 E1691.24646
G0 F9000 X123.481 Y143.244
G0 X123.481 Y144.73
G0 X123.25 Y144.73
G1 F3600 X176.751 Y130.394 E1694.08349
G0 F9000 X176.52 Y130.394
G0 X176.52 Y128.404
G0 X176.752 Y128.404
G1 F3600 X173.096 Y124.748 E1694.34832
G0 F9000 X173.096 Y124.98
G0 X176.035 Y124.98
G0 X176.035 Y124.748
G1 F3600 X162.503 Y175.252 E1697.02641
G0 F9000 X162.504 Y175.02
G0 X167.597 Y175.02
G0 X167.596 Y175.251
G1 F3600 X123.249 Y130.904 E1700.23877
G1 X123.25 Y131.065
G1 X146.824 Y124.748 E1701.48884
G0 F9000 X146.824 Y124.98
G0 X145.095 Y124.98
G0 X145.095 Y124.748
G1 F3600 X176.752 Y156.406 E1703.78201
G0 F9000 X176.52 Y156.406
G0 X176.52 Y157.726
G0 X176.751 Y157.726
G1 F3600 X127.743 Y170.858 E1706.38079
G0 F9000 X127.91 Y170.698
G0 X127.265 Y170.361
G0 X126.628 Y170.128
G0 X126.211 Y170.091
G0 X125.298 Y170.097
G0 X125.335 Y170.325
G1 F3600 X123.249 Y168.239 E1706.53189
G0 F9000 X123.249 Y168.744
G1 F3600 X135.038 Y124.748 E1708.86489
G0 F9000 X135.761 Y124.748
G1 F3600 X176.752 Y165.739 E1711.83415
G0 F9000 X176.52 Y165.739
G0 X176.52 Y164.559
G0 X176.752 Y164.559
G1 F3600 X136.845 Y175.251 E1713.95031
G0 F9000 X136.846 Y175.02
G0 X135.172 Y175.02
G0 X135.171 Y175.251
G1 F3600 X148.704 Y124.748 E1716.62836
G0 F9000 X148.704 Y124.98
G0 X154.429 Y124.98
G0 X154.429 Y124.748
G1 F3600 X176.752 Y147.072 E1718.24541
G0 F9000 X176.752 Y147.574
G1 F3600 X169.335 Y175.253 E1719.71316
G0 F9000 X169.336 Y175.02
G0 X176.52 Y150.893
G0 X176.752 Y150.893
G1 F3600 X123.25 Y165.229 E1722.55024
G0 F9000 X123.481 Y165.229
G0 X123.481 Y158.905
G0 X123.249 Y158.905
G1 F3600 X139.594 Y175.251 E1723.73426
G0 F9000 X139.595 Y175.02
G0 X142.005 Y175.02
G0 X142.004 Y175.252
G1 F3600 X155.537 Y124.748 E1726.41236
G0 F9000 X155.537 Y124.98
G0 X141.871 Y124.98
G0 X141.871 Y124.748
G1 F3600 X128.338 Y175.252 E1729.09047
G0 F9000 X128.339 Y175.02
G0 X128.887 Y173.732
G0 X128.668 Y173.658
G1 F3600 X130.26 Y175.251 E1729.20583
G0 F9000 X130.261 Y175.02
G0 X123.481 Y158.396
G0 X123.249 Y158.396
G1 F3600 X176.751 Y144.06 E1732.0429
G0 F9000 X176.18 Y144.06
G1 F1500 E1730.0429
;MESH:NONMESH
G0 F300 Z1.96
G0 F9000 X128.467 Y128.554
G0 X127.087 Y127.773
G0 X124.679 Y126.811
G0 X123.255 Y126.666
;TIME_ELAPSED:1431.359396
;LAYER:6
;TYPE:WALL-INNER
;MESH:custom_clip.stl
G1 F1500 E1732.0429
G1 F1245.3 X123.352 Y126.22 E1732.0767
G1 F1235.6 X123.469 Y125.892 E1732.10268
G1 X123.635 Y125.57 E1732.12971
G1 X123.834 Y125.275 E1732.15627
G1 X124.158 Y124.934 E1732.19137
G1 X124.388 Y124.761 E1732.21284
G1 X123.26 Y124.76 E1732.29701
G1 F1245.3 X123.255 Y126.666 E1732.43813
G1 F1275.4 X123.246 Y126.828 E1732.44986
G1 F1271.3 X123.256 Y127.262 E1732.48134
G1 F1189.2 X123.287 Y127.668 E1732.51291
G1 F1500 E1730.51291
G0 F9000 X123.431 Y128.407
G0 X123.73 Y171.176
G0 X123.255 Y172.666
G1 F1500 E1732.51291
G1 F1275.4 X123.246 Y172.828 E1732.52464
G1 F1261.1 X123.261 Y173.351 E1732.56289
G1 F1500 E1730.56289
G0 F9000 X124.341 Y175.237
G1 F1500 E1732.56289
G1 F1289.9 X123.835 Y174.733 E1732.61393
G1 F1458.6 X123.625 Y174.251 E1732.64717
G1 F1872.3 X123.477 Y173.739 E1732.67341
G1 F1936.4 X123.407 Y173.647 E1732.67892
G1 F1442.6 X123.261 Y173.351 E1732.70001
G1 F1571.4 X123.124 Y173.799 E1732.7275
G1 F1872.3 X123.181 Y174.378 E1732.75614
G1 F1404.3 X123.263 Y174.914 E1732.79174
G1 F1227.9 X123.263 Y175.237 E1732.816
G1 F1249.2 X124.341 Y175.237 E1732.89556
G1 F1500 E1730.89556
G0 F9000 X125.279 Y174.124
G0 X126.982 Y173.903
G0 X128.171 Y174.919
G0 X150.001 Y175.02
G0 X150 Y175.34
G1 F1500 E1732.89556
G1 F1800 X176.84 Y175.34 E1734.27032
G1 X176.84 Y124.66 E1736.86618
G1 X127.262 Y124.66 E1739.4056
G1 X127.65 Y124.896 E1739.42886
G1 X128.079 Y125.325 E1739.45993
G1 X128.321 Y125.7 E1739.48279
G1 X128.47 Y126.016 E1739.50069
G1 X128.569 Y126.322 E1739.51716
G1 X128.668 Y126.772 E1739.54076
G1 X128.636 Y127.478 E1739.57696
G1 X128.467 Y127.982 E1739.60419
G1 X128.27 Y128.414 E1739.62851
G1 X127.956 Y128.802 E1739.65407
G1 X127.598 Y129.141 E1739.67933
G1 X127.075 Y129.439 E1739.71016
G1 X126.658 Y129.579 E1739.73269
G1 X126.257 Y129.644 E1739.7535
G1 X125.878 Y129.656 E1739.77292
G1 X125.423 Y129.605 E1739.79637
G1 X124.927 Y129.445 E1739.82306
G1 X124.4 Y129.15 E1739.854
G1 X124.016 Y128.77 E1739.88167
G1 X123.807 Y128.505 E1739.89896
G1 X123.643 Y128.24 E1739.91492
G1 X123.588 Y128.132 E1739.92113
G1 F1571.4 X123.279 Y127.656 E1739.95442
G1 X123.16 Y128.212 E1739.98778
G1 F1800 X123.16 Y172.205 E1742.24113
G1 F1480.4 X123.255 Y172.666 E1742.27045
G1 X123.447 Y172.252 E1742.29887
G1 F1800 X123.559 Y171.936 E1742.31604
G1 X123.675 Y171.7 E1742.32951
G1 X123.914 Y171.329 E1742.35211
G1 X124.285 Y170.948 E1742.37935
G1 X124.668 Y170.698 E1742.40278
G1 X124.892 Y170.581 E1742.41572
G1 X125.407 Y170.385 E1742.44395
G1 X125.966 Y170.34 E1742.47267
G1 X126.345 Y170.354 E1742.4921
G1 X126.791 Y170.459 E1742.51557
G1 X127.152 Y170.595 E1742.53533
G1 X127.656 Y170.901 E1742.56553
G1 X128.081 Y171.328 E1742.59639
G1 X128.321 Y171.7 E1742.61906
G1 X128.521 Y172.123 E1742.64303
G1 X128.668 Y172.77 E1742.67701
G1 X128.636 Y173.478 E1742.71331
G1 X128.467 Y173.982 E1742.74054
G1 X128.275 Y174.412 E1742.76466
G1 X127.929 Y174.83 E1742.79245
G1 X127.594 Y175.15 E1742.81618
G1 X127.253 Y175.34 E1742.83618
G1 X150 Y175.34 E1744.00129
G0 F9000 X150 Y175.778
;TYPE:WALL-OUTER
G1 F1795.9 X177.28 Y175.78 E1745.40177
G1 F1800 X177.28 Y124.22 E1748.0427
G1 F1791.9 X152.017 Y124.222 E1749.34257
G1 F1779.8 X126.754 Y124.223 E1750.65126
G1 F1650 X126.366 Y124.256 E1750.67302
G1 F1565.2 X125.894 Y124.25 E1750.70082
G1 F1552.9 X125.504 Y124.259 E1750.72398
G1 F1650 X124.986 Y124.22 E1750.75301
G1 F1800 X122.72 Y124.22 E1750.86908
G1 X122.721 Y175.779 E1753.50996
G1 X125.009 Y175.78 E1753.62715
G1 F1643.2 X125.496 Y175.738 E1753.65458
G1 F1540.9 X126.159 Y175.748 E1753.69425
G1 F1523.1 X126.585 Y175.732 E1753.72006
G1 F1613 X126.991 Y175.777 E1753.74341
G1 F1783.8 X150 Y175.778 E1754.93266
G1 F1500 E1752.93266
G0 F9000 X150.001 Y175.02
G0 X128.171 Y174.919
G0 X126.193 Y175.243
G1 F1500 E1754.93266
G1 F1565.2 X125.835 Y175.246 E1754.95375
G1 F1540.9 X125.53 Y175.216 E1754.97208
G1 F1643.2 X125.084 Y175.029 E1754.99922
G1 F1800 X124.668 Y174.796 E1755.02364
G1 X124.357 Y174.492 E1755.04592
G1 X124.181 Y174.273 E1755.06031
G1 X123.998 Y173.972 E1755.07835
G1 X123.856 Y173.606 E1755.09846
G1 X123.792 Y173.236 E1755.11769
G1 X123.772 Y172.828 E1755.13861
G1 X123.863 Y172.393 E1755.16138
G1 X123.954 Y172.13 E1755.17563
G1 X124.084 Y171.87 E1755.19052
G1 X124.252 Y171.617 E1755.20608
G1 X124.581 Y171.281 E1755.23016
G1 X124.87 Y171.088 E1755.24796
G1 X125.119 Y170.961 E1755.26228
G1 X125.503 Y170.819 E1755.28325
G1 X125.919 Y170.78 E1755.30465
G1 X126.304 Y170.797 E1755.32439
G1 X126.64 Y170.873 E1755.34204
G1 X126.958 Y170.99 E1755.35939
G1 X127.368 Y171.24 E1755.38399
G1 X127.725 Y171.593 E1755.4097
G1 X127.912 Y171.869 E1755.42678
G1 X128.104 Y172.261 E1755.44914
G1 X128.225 Y172.809 E1755.47788
G1 X128.199 Y173.399 E1755.50813
G1 X128.074 Y173.781 E1755.52872
G1 X127.897 Y174.178 E1755.55098
G1 X127.625 Y174.512 E1755.57305
G1 X127.349 Y174.776 E1755.59261
G1 F1787.8 X126.874 Y175.048 E1755.62084
G1 F1613 X126.543 Y175.201 E1755.64168
G1 F1517.2 X126.193 Y175.243 E1755.6631
G1 F1500 E1753.6631
G0 F9000 X126.101 Y174.33
G0 X126.169 Y171.673
G0 X126.187 Y129.21
G1 F1500 E1755.6631
G1 F1800 X125.839 Y129.215 E1755.68093
G1 X125.496 Y129.166 E1755.69867
G1 X125.124 Y129.046 E1755.7187
G1 X124.666 Y128.794 E1755.74547
G1 X124.357 Y128.492 E1755.7676
G1 X124.181 Y128.273 E1755.78199
G1 X123.998 Y127.972 E1755.80004
G1 X123.858 Y127.612 E1755.81982
G1 X123.792 Y127.236 E1755.83937
G1 X123.772 Y126.828 E1755.8603
G1 X123.863 Y126.393 E1755.88306
G1 X123.954 Y126.13 E1755.89732
G1 X124.084 Y125.87 E1755.9122
G1 X124.261 Y125.605 E1755.92853
G1 X124.581 Y125.281 E1755.95185
G1 X124.87 Y125.088 E1755.96965
G1 X125.094 Y124.972 E1755.98257
G1 F1650 X125.528 Y124.777 E1756.00916
G1 F1552.9 X125.917 Y124.75 E1756.03231
G1 F1565.2 X126.311 Y124.762 E1756.05553
G1 F1629.6 X126.614 Y124.856 E1756.07348
G1 F1760 X126.975 Y125 E1756.09384
G1 F1800 X127.396 Y125.264 E1756.11929
G1 X127.744 Y125.617 E1756.14468
G1 X127.912 Y125.869 E1756.16019
G1 X128.104 Y126.261 E1756.18255
G1 X128.225 Y126.809 E1756.21129
G1 X128.199 Y127.399 E1756.24154
G1 X128.074 Y127.781 E1756.26213
G1 X127.899 Y128.17 E1756.28398
G1 X127.634 Y128.502 E1756.30574
G1 X127.318 Y128.8 E1756.32799
G1 X126.895 Y129.037 E1756.35282
G1 X126.535 Y129.154 E1756.37221
G1 X126.187 Y129.21 E1756.39026
G0 F9000 X126.683 Y129.663
;TYPE:FILL
G1 F3600 X123.25 Y142.477 E1757.06975
G0 F9000 X123.481 Y142.478
G0 X123.481 Y144.936
G0 X123.25 Y144.935
G1 F3600 X176.751 Y130.599 E1759.90678
G0 F9000 X176.52 Y130.599
G0 X176.52 Y128.124
G0 X176.752 Y128.124
G1 F3600 X173.376 Y124.748 E1760.15133
G0 F9000 X173.089 Y124.748
G1 F3600 X123.25 Y138.102 E1762.79416
G0 F9000 X123.481 Y138.103
G0 X123.481 Y139.959
G0 X123.249 Y139.958
G1 F3600 X158.542 Y175.251 E1765.35067
G0 F9000 X158.543 Y175.02
G0 X155.466 Y175.02
G0 X155.465 Y175.253
G1 F3600 X168.997 Y124.747 E1768.02887
G0 F9000 X168.997 Y124.98
G0 X164.042 Y124.98
G0 X164.042 Y124.748
G1 F3600 X176.752 Y137.458 E1768.94954
G1 X176.752 Y137.432
G1 X123.25 Y151.768 E1771.78662
G0 F9000 X123.481 Y151.769
G0 X123.481 Y149.293
G0 X123.249 Y149.292
G1 F3600 X149.208 Y175.251 E1773.66701
G0 F9000 X148.632 Y175.252
G1 F3600 X162.164 Y124.748 E1776.3451
G0 F9000 X162.164 Y124.98
G0 X155.332 Y124.98
G0 X155.332 Y124.747
G1 F3600 X141.799 Y175.252 E1779.02325
G0 F9000 X141.8 Y175.02
G0 X139.875 Y175.02
G0 X139.874 Y175.251
G1 F3600 X123.249 Y158.625 E1780.22755
G1 X123.25 Y158.601
G1 X176.751 Y144.265 E1783.06458
G0 F9000 X176.52 Y144.265
G0 X176.52 Y146.792
G0 X176.752 Y146.792
G1 F3600 X154.709 Y124.748 E1784.66134
G0 F9000 X154.709 Y124.98
G0 X148.499 Y124.98
G0 X148.499 Y124.748
G1 F3600 X134.966 Y175.251 E1787.3394
G0 F9000 X134.967 Y175.02
G0 X137.611 Y175.02
G0 X137.61 Y175.251
G1 F3600 X176.752 Y164.764 E1789.41499
G0 F9000 X176.752 Y165.459
G1 F3600 X136.041 Y124.748 E1792.36397
G0 F9000 X136.041 Y124.98
G0 X134.833 Y124.98
G0 X134.833 Y124.748
G1 F3600 X123.249 Y167.979 E1794.6564
G1 X123.249 Y167.959
G1 X125.573 Y170.283 E1794.82474
G0 F9000 X125.556 Y170.052
G0 X126.381 Y170.096
G0 X127.177 Y170.336
G0 X128.062 Y170.857
G0 X127.898 Y171.021
G1 F3600 X176.751 Y157.931 E1797.41529
G0 F9000 X176.52 Y157.931
G0 X176.52 Y156.126
G0 X176.752 Y156.126
G1 F3600 X145.375 Y124.748 E1799.68818
G0 F9000 X145.375 Y124.98
G0 X147.588 Y124.98
G0 X147.588 Y124.748
G1 F3600 X123.25 Y131.27 E1800.97877
G0 F9000 X123.249 Y130.625
G1 F3600 X167.876 Y175.251 E1804.21138
G0 F9000 X167.877 Y175.02
G0 X169.131 Y175.02
G0 X169.13 Y175.253
G1 F3600 X176.752 Y146.809 E1805.7197
G0 F9000 X176.52 Y146.809
G0 X176.52 Y151.098
G0 X176.752 Y151.098
G1 F3600 X123.25 Y165.434 E1808.55678
G0 F9000 X123.481 Y165.435
G0 X128.262 Y171.141
G0 X128.696 Y171.875
G0 X128.978 Y172.97
G0 X128.748 Y172.96
G1 F3600 X141.666 Y124.748 E1811.11333
G0 F9000 X141.666 Y124.98
G0 X128.985 Y126.806
G0 X128.754 Y126.796
G1 F3600 X176.752 Y174.793 E1814.59012
G0 F9000 X175.963 Y175.253
G1 F3600 X176.752 Y172.309 E1814.74624
G0 F9000 X176.752 Y171.596
G1 F3600 X163.109 Y175.252 E1815.46969
G0 F9000 X162.298 Y175.252
G1 F3600 X175.83 Y124.748 E1818.14779
G1 F1500 E1816.14779
G0 F9000 X175.83 Y124.98
G0 X128.058 Y124.923
G0 X128 Y124.748
G1 F1500 E1818.14779
G1 F3600 X127.921 Y125.043 E1818.16343
G1 F1500 E1816.16343
G0 F9000 X128.084 Y124.93
G0 X128.495 Y125.483
G0 X128.822 Y126.265
G0 X128.908 Y126.657
G0 X128.957 Y173.447
G0 X128.727 Y173.437
G1 F1500 E1818.16343
G1 F3600 X130.54 Y175.251 E1818.29479
G0 F9000 X130.541 Y175.02
G0 X128.525 Y174.608
G0 X128.345 Y174.462
G1 F3600 X128.133 Y175.252 E1818.33669
G0 F9000 X128.6 Y175.057
G1 F1500 E1816.33669
;MESH:NONMESH
G0 F300 Z2.24
G0 F9000 X128.6 Y175.02
G0 X128.894 Y173.524
G0 X128.922 Y172.898
G0 X123.604 Y128.632
G0 X123.255 Y126.666
;TIME_ELAPSED:1481.492761
;LAYER:7
;TYPE:WALL-INNER
;MESH:custom_clip.stl
G1 F1500 E1818.33669
G1 F1247.2 X123.352 Y126.22 E1818.37043
G1 F1237.5 X123.472 Y125.888 E1818.39673
G1 X123.634 Y125.576 E1818.42292
G1 X123.835 Y125.275 E1818.44989
G1 X124.162 Y124.935 E1818.48503
G1 X124.392 Y124.76 E1818.50656
G1 X123.261 Y124.761 E1818.59083
G1 F1247.2 X123.255 Y126.666 E1818.73165
G1 F1275.4 X123.246 Y126.828 E1818.74338
G1 F1271.3 X123.256 Y127.262 E1818.77486
G1 F1189.2 X123.287 Y127.668 E1818.80643
G1 F1500 E1816.80643
G0 F9000 X123.431 Y128.407
G0 X123.734 Y171.172
G0 X123.255 Y172.666
G1 F1500 E1818.80643
G1 F1275.4 X123.246 Y172.828 E1818.81816
G1 F1261.1 X123.261 Y173.351 E1818.85641
G1 F1500 E1816.85641
G0 F9000 X124.341 Y175.237
G1 F1500 E1818.85641
G1 F1289.9 X123.835 Y174.733 E1818.90745
G1 F1458.6 X123.625 Y174.251 E1818.94069
G1 F1872.3 X123.477 Y173.739 E1818.96693
G1 F1936.4 X123.407 Y173.647 E1818.97244
G1 F1442.6 X123.261 Y173.351 E1818.99353
G1 F1571.4 X123.124 Y173.799 E1819.02101
G1 F1872.3 X123.181 Y174.378 E1819.04966
G1 F1404.3 X123.263 Y174.914 E1819.08526
G1 F1227.9 X123.263 Y175.237 E1819.10952
G1 F1249.2 X124.341 Y175.237 E1819.18908
G1 F1500 E1817.18908
G0 F9000 X125.279 Y174.124
G0 X126.982 Y173.903
G0 X128.171 Y174.919
G0 X150.001 Y175.02
G0 X150 Y175.34
G1 F1500 E1819.18908
G1 F1800 X176.84 Y175.34 E1820.56384
G1 X176.84 Y124.66 E1823.1597
G1 X127.266 Y124.661 E1825.69891
G1 X127.543 Y124.832 E1825.71558
G1 X127.831 Y125.057 E1825.7343
G1 X128.132 Y125.407 E1825.75795
G1 X128.448 Y125.948 E1825.79004
G1 X128.607 Y126.43 E1825.81604
G1 X128.656 Y126.983 E1825.84447
G1 X128.636 Y127.477 E1825.8698
G1 X128.467 Y127.982 E1825.89707
G1 X128.27 Y128.414 E1825.92139
G1 X127.956 Y128.802 E1825.94696
G1 X127.598 Y129.141 E1825.97221
G1 X127.073 Y129.444 E1826.00326
G1 X126.579 Y129.603 E1826.02984
G1 X126.215 Y129.651 E1826.04865
G1 X125.868 Y129.656 E1826.06642
G1 X125.422 Y129.605 E1826.08942
G1 X124.926 Y129.445 E1826.11611
G1 X124.4 Y129.149 E1826.14702
G1 X124.016 Y128.77 E1826.17466
G1 X123.807 Y128.505 E1826.19195
G1 X123.643 Y128.24 E1826.20791
G1 X123.588 Y128.132 E1826.21412
G1 F1571.4 X123.279 Y127.656 E1826.24741
G1 X123.16 Y128.212 E1826.28077
G1 F1800 X123.16 Y172.205 E1828.53412
G1 F1480.4 X123.255 Y172.666 E1828.56344
G1 X123.447 Y172.252 E1828.59186
G1 F1800 X123.561 Y171.932 E1828.60926
G1 X123.717 Y171.631 E1828.62662
G1 X123.925 Y171.317 E1828.64591
G1 X124.277 Y170.959 E1828.67163
G1 X124.705 Y170.664 E1828.69825
G1 X125.054 Y170.511 E1828.71777
G1 X125.491 Y170.375 E1828.74122
G1 X125.961 Y170.34 E1828.76536
G1 X126.345 Y170.354 E1828.78504
G1 X126.791 Y170.459 E1828.80851
G1 X127.145 Y170.588 E1828.8278
G1 X127.511 Y170.808 E1828.84968
G1 X127.811 Y171.043 E1828.8692
G1 X128.131 Y171.404 E1828.89391
G1 X128.444 Y171.947 E1828.92601
G1 X128.607 Y172.427 E1828.95197
G1 X128.656 Y172.983 E1828.98056
G1 X128.636 Y173.477 E1829.00589
G1 X128.467 Y173.982 E1829.03316
G1 X128.275 Y174.412 E1829.05728
G1 X127.929 Y174.83 E1829.08508
G1 X127.594 Y175.15 E1829.10881
G1 X127.253 Y175.34 E1829.1288
G1 X150 Y175.34 E1830.29392
G0 F9000 X150 Y175.78
;TYPE:WALL-OUTER
G1 F1800 X177.28 Y175.78 E1831.69121
G1 X177.28 Y124.22 E1834.33215
G1 F1791.9 X152.017 Y124.222 E1835.63202
G1 F1779.8 X126.754 Y124.223 E1836.94071
G1 F1650 X126.366 Y124.256 E1836.96247
G1 F1565.2 X125.892 Y124.25 E1836.99039
G1 F1559.1 X125.571 Y124.257 E1837.00938
G1 F1653.4 X125.158 Y124.221 E1837.03249
G1 F1791.9 X122.721 Y124.221 E1837.15788
G1 F1800 X122.721 Y175.779 E1839.79872
G1 X125.009 Y175.78 E1839.91591
G1 F1643.2 X125.496 Y175.738 E1839.94334
G1 F1543.9 X125.868 Y175.749 E1839.96556
G1 X126.5 Y175.738 E1840.00331
G1 F1643.2 X126.987 Y175.78 E1840.03074
G1 F1800 X150 Y175.78 E1841.20948
G1 F1500 E1839.20948
G0 F9000 X150.001 Y175.02
G0 X128.171 Y174.919
G0 X126.161 Y175.246
G1 F1500 E1841.20948
G1 F1571.4 X125.835 Y175.246 E1841.2286
G1 F1540.9 X125.53 Y175.216 E1841.24694
G1 F1643.2 X125.084 Y175.029 E1841.27408
G1 F1800 X124.668 Y174.796 E1841.2985
G1 X124.357 Y174.492 E1841.32077
G1 X124.181 Y174.273 E1841.33516
G1 X123.998 Y173.972 E1841.35321
G1 X123.856 Y173.606 E1841.37332
G1 X123.792 Y173.236 E1841.39255
G1 X123.772 Y172.828 E1841.41347
G1 X123.89 Y172.263 E1841.44304
G1 X124.084 Y171.874 E1841.4653
G1 X124.283 Y171.581 E1841.48344
G1 X124.578 Y171.286 E1841.50481
G1 X124.939 Y171.042 E1841.52713
G1 X125.231 Y170.914 E1841.54346
G1 X125.596 Y170.808 E1841.56293
G1 X125.916 Y170.78 E1841.57938
G1 X126.304 Y170.797 E1841.59927
G1 X126.64 Y170.873 E1841.61692
G1 X126.956 Y170.989 E1841.63416
G1 X127.261 Y171.17 E1841.65233
G1 X127.529 Y171.381 E1841.6698
G1 X127.783 Y171.681 E1841.68993
G1 X128.044 Y172.131 E1841.71658
G1 X128.175 Y172.541 E1841.73862
G1 X128.215 Y172.933 E1841.75881
G1 X128.199 Y173.398 E1841.78264
G1 X128.074 Y173.781 E1841.80327
G1 X127.897 Y174.178 E1841.82554
G1 X127.625 Y174.512 E1841.8476
G1 X127.349 Y174.776 E1841.86716
G1 X126.912 Y175.028 E1841.893
G1 F1643.2 X126.466 Y175.216 E1841.92016
G1 F1540.9 X126.161 Y175.246 E1841.9385
G1 F1500 E1839.9385
G0 F9000 X126.085 Y174.332
G0 X126.169 Y171.673
G0 X126.157 Y129.215
G1 F1500 E1841.9385
G1 F1800 X125.839 Y129.215 E1841.95479
G1 X125.496 Y129.166 E1841.97253
G1 X125.124 Y129.046 E1841.99255
G1 X124.666 Y128.794 E1842.01933
G1 X124.357 Y128.492 E1842.04146
G1 X124.181 Y128.273 E1842.05585
G1 X123.998 Y127.972 E1842.07389
G1 X123.858 Y127.612 E1842.09368
G1 X123.792 Y127.236 E1842.11323
G1 X123.772 Y126.828 E1842.13416
G1 X123.89 Y126.263 E1842.16372
G1 X124.084 Y125.874 E1842.18599
G1 X124.265 Y125.602 E1842.20272
G1 X124.578 Y125.287 E1842.22547
G1 X124.939 Y125.042 E1842.24781
G1 X125.231 Y124.914 E1842.26414
G1 F1656.9 X125.593 Y124.771 E1842.2858
G1 F1559.1 X125.914 Y124.75 E1842.30482
G1 F1565.2 X126.311 Y124.762 E1842.32822
G1 F1629.6 X126.614 Y124.856 E1842.34617
G1 F1760 X126.973 Y124.998 E1842.36639
G1 F1800 X127.272 Y125.178 E1842.38427
G1 X127.543 Y125.396 E1842.40208
G1 X127.783 Y125.681 E1842.42117
G1 X128.035 Y126.113 E1842.44678
G1 X128.175 Y126.541 E1842.46985
G1 X128.215 Y126.933 E1842.49003
G1 X128.199 Y127.398 E1842.51386
G1 X128.074 Y127.781 E1842.5345
G1 X127.899 Y128.17 E1842.55635
G1 X127.634 Y128.502 E1842.57811
G1 X127.318 Y128.8 E1842.60035
G1 X126.894 Y129.037 E1842.62523
G1 X126.461 Y129.175 E1842.64851
G1 X126.157 Y129.215 E1842.66422
G0 F9000 X126.467 Y129.707
;TYPE:FILL
G1 F3600 X123.249 Y141.714 E1843.30093
G0 F9000 X123.481 Y141.715
G0 X123.481 Y139.679
G0 X123.249 Y139.678
G1 F3600 X158.822 Y175.251 E1845.87772
G0 F9000 X158.823 Y175.02
G0 X162.094 Y175.02
G0 X162.093 Y175.252
G1 F3600 X175.625 Y124.748 E1848.55582
G0 F9000 X175.625 Y124.981
G0 X173.854 Y124.981
G0 X173.854 Y124.748
G1 F3600 X123.25 Y138.307 E1851.23921
G0 F9000 X123.481 Y138.308
G0 X123.481 Y131.476
G0 X123.25 Y131.475
G1 F3600 X148.352 Y124.748 E1852.57032
G1 X148.294 Y124.748
G1 X134.761 Y175.251 E1855.24838
G0 F9000 X134.762 Y175.02
G0 X138.376 Y175.02
G0 X138.375 Y175.251
G1 F3600 X176.752 Y164.968 E1857.28341
G1 X176.752 Y165.179
G1 X136.322 Y124.749 E1860.21204
G0 F9000 X136.322 Y124.981
G0 X134.628 Y124.981
G0 X134.628 Y124.748
G1 F3600 X123.248 Y167.218 E1862.46412
G0 F9000 X123.248 Y167.678
G1 F3600 X125.831 Y170.261 E1862.65122
G0 F9000 X125.815 Y170.031
G0 X126.877 Y170.215
G0 X127.51 Y170.522
G0 X128.233 Y171.035
G0 X128.055 Y171.184
G1 F3600 X176.751 Y158.136 E1865.23345
G0 F9000 X176.52 Y158.136
G0 X176.52 Y155.846
G0 X176.752 Y155.846
G1 F3600 X145.656 Y124.749 E1867.48598
G0 F9000 X145.656 Y124.981
G0 X141.461 Y124.981
G0 X141.461 Y124.748
G1 F3600 X128.692 Y172.403 E1870.013
G0 F9000 X128.736 Y173.166
G1 F3600 X130.82 Y175.251 E1870.164
G0 F9000 X130.821 Y175.02
G0 X128.203 Y175
G0 X128.04 Y174.837
G1 F3600 X127.929 Y175.252 E1870.186
G0 F9000 X128.036 Y175.081
G0 X128.5 Y174.543
G0 X128.894 Y173.522
G0 X128.917 Y172.929
G0 X128.861 Y172.368
G0 X128.68 Y171.839
G0 X128.403 Y171.365
G0 X123.48 Y165.64
G0 X123.249 Y165.639
G1 F3600 X176.752 Y151.303 E1873.02313
G0 F9000 X176.52 Y151.303
G0 X176.52 Y146.512
G0 X176.752 Y146.512
G1 F3600 X154.989 Y124.749 E1874.59957
G1 X155.127 Y124.748
G1 X141.594 Y175.252 E1877.27768
G0 F9000 X141.595 Y175.02
G0 X140.155 Y175.02
G0 X140.154 Y175.251
G1 F3600 X123.248 Y158.345 E1878.5023
G0 F9000 X123.249 Y158.806
G1 F3600 X176.751 Y144.47 E1881.33937
G0 F9000 X176.52 Y144.47
G0 X176.52 Y146.045
G0 X176.751 Y146.045
G1 F3600 X168.925 Y175.253 E1882.8882
G0 F9000 X168.156 Y175.251
G1 F3600 X123.249 Y130.345 E1886.14108
G0 F9000 X123.481 Y130.346
G0 X126.64 Y129.856
G0 X127.179 Y129.676
G0 X127.75 Y129.357
G0 X128.484 Y128.565
G0 X128.853 Y127.626
G0 X128.929 Y126.438
G0 X128.698 Y126.46
G1 F3600 X176.752 Y174.513 E1889.62193
G0 F9000 X176.52 Y174.513
G0 X175.759 Y175.02
G0 X175.758 Y175.253
G1 F3600 X176.752 Y171.544 E1889.81861
G0 F9000 X176.752 Y171.801
G1 F3600 X163.874 Y175.252 E1890.5015
G0 F9000 X163.875 Y175.02
G0 X155.261 Y175.02
G0 X155.26 Y175.253
G1 F3600 X168.792 Y124.748 E1893.17965
G0 F9000 X168.792 Y124.981
G0 X164.323 Y124.981
G0 X164.323 Y124.749
G1 F3600 X176.752 Y137.178 E1894.07996
G0 F9000 X176.752 Y137.637
G1 F3600 X123.249 Y151.973 E1896.91709
G0 F9000 X123.48 Y151.974
G0 X123.481 Y149.012
G0 X123.249 Y149.011
G1 F3600 X149.488 Y175.251 E1898.8178
G0 F9000 X149.489 Y175.02
G0 X148.428 Y175.02
G0 X148.427 Y175.252
G1 F3600 X161.96 Y124.748 E1901.49591
G0 F9000 X161.96 Y124.981
G0 X173.657 Y124.981
G0 X173.657 Y124.749
G1 F3600 X176.752 Y127.844 E1901.7201
G0 F9000 X176.52 Y127.844
G0 X176.52 Y130.804
G0 X176.751 Y130.804
G1 F3600 X123.25 Y145.14 E1904.55713
G0 F9000 X123.821 Y145.141
G1 F1500 E1902.55713
;MESH:NONMESH
G0 F300 Z2.52
G0 F9000 X123.387 Y128.255
G0 X123.255 Y126.666
;TIME_ELAPSED:1530.086118
;LAYER:8
;TYPE:WALL-INNER
;MESH:custom_clip.stl
G1 F1500 E1904.55713
G1 F1275.4 X123.246 Y126.828 E1904.56886
G1 F1271.3 X123.256 Y127.262 E1904.60034
G1 F1189.2 X123.287 Y127.668 E1904.63191
G0 F9000 X123.431 Y128.407
G0 X123.255 Y126.666
G1 F1247.2 X123.352 Y126.22 E1904.66565
G1 F1237.5 X123.472 Y125.888 E1904.69195
G1 X123.634 Y125.576 E1904.71814
G1 X123.835 Y125.275 E1904.74511
G1 X124.162 Y124.935 E1904.78025
G1 X124.392 Y124.76 E1904.80178
G1 X123.261 Y124.761 E1904.88604
G1 F1247.2 X123.255 Y126.666 E1905.02686
G1 F1500 E1903.02686
G0 F9000 X123.255 Y172.666
G1 F1500 E1905.02686
G1 F1275.4 X123.246 Y172.828 E1905.03859
G1 F1261.1 X123.261 Y173.351 E1905.07684
G1 F1500 E1903.07684
G0 F9000 X124.341 Y175.237
G1 F1500 E1905.07684
G1 F1289.9 X123.835 Y174.733 E1905.12789
G1 F1458.6 X123.625 Y174.251 E1905.16112
G1 F1872.3 X123.477 Y173.739 E1905.18737
G1 F1936.4 X123.407 Y173.647 E1905.19287
G1 F1442.6 X123.261 Y173.351 E1905.21397
G1 F1571.4 X123.124 Y173.799 E1905.24145
G1 F1872.3 X123.181 Y174.378 E1905.2701
G1 F1404.3 X123.263 Y174.914 E1905.3057
G1 F1227.9 X123.263 Y175.237 E1905.32995
G1 F1249.2 X124.341 Y175.237 E1905.40951
G1 F1500 E1903.40951
G0 F9000 X125.279 Y174.124
G0 X126.982 Y173.903
G0 X128.171 Y174.919
G0 X150.001 Y175.02
G0 X150 Y175.34
G1 F1500 E1905.40951
G1 F1800 X176.84 Y175.34 E1906.78428
G1 X176.84 Y124.66 E1909.38014
G1 X127.266 Y124.661 E1911.91935
G1 X127.543 Y124.832 E1911.93602
G1 X127.835 Y125.059 E1911.95496
G1 X128.224 Y125.514 E1911.98563
G1 X128.471 Y126.019 E1912.01442
G1 X128.57 Y126.329 E1912.03109
G1 X128.658 Y126.739 E1912.05257
G1 X128.642 Y127.457 E1912.08935
G1 X128.467 Y127.982 E1912.1177
G1 X128.27 Y128.414 E1912.14202
G1 X127.956 Y128.802 E1912.16758
G1 X127.598 Y129.141 E1912.19284
G1 X127.073 Y129.444 E1912.22389
G1 X126.579 Y129.603 E1912.25047
G1 X126.215 Y129.651 E1912.26927
G1 X125.868 Y129.656 E1912.28705
G1 X125.422 Y129.605 E1912.31004
G1 X124.926 Y129.445 E1912.33674
G1 X124.4 Y129.149 E1912.36765
G1 X124.016 Y128.77 E1912.39529
G1 X123.807 Y128.505 E1912.41257
G1 X123.643 Y128.24 E1912.42854
G1 X123.588 Y128.132 E1912.43474
G1 F1571.4 X123.279 Y127.656 E1912.46804
G1 X123.16 Y128.212 E1912.5014
G1 F1800 X123.16 Y172.205 E1914.75475
G1 F1480.4 X123.255 Y172.666 E1914.78406
G1 X123.447 Y172.252 E1914.81248
G1 F1800 X123.561 Y171.932 E1914.82988
G1 X123.717 Y171.631 E1914.84725
G1 X123.925 Y171.317 E1914.86654
G1 X124.277 Y170.959 E1914.89226
G1 X124.705 Y170.664 E1914.91888
G1 X125.054 Y170.511 E1914.9384
G1 X125.491 Y170.375 E1914.96184
G1 X125.961 Y170.34 E1914.98598
G1 X126.345 Y170.354 E1915.00566
G1 X126.791 Y170.459 E1915.02913
G1 X127.145 Y170.588 E1915.04843
G1 X127.511 Y170.808 E1915.0703
G1 X127.855 Y171.085 E1915.09293
G1 X128.225 Y171.516 E1915.12202
G1 X128.471 Y172.019 E1915.1507
G1 X128.57 Y172.329 E1915.16737
G1 X128.658 Y172.739 E1915.18885
G1 X128.642 Y173.457 E1915.22563
G1 X128.467 Y173.982 E1915.25398
G1 X128.275 Y174.412 E1915.2781
G1 X127.929 Y174.83 E1915.30589
G1 X127.594 Y175.15 E1915.32962
G1 X127.253 Y175.34 E1915.34962
G1 X150 Y175.34 E1916.51473
G0 F9000 X150 Y175.78
;TYPE:WALL-OUTER
G1 F1800 X177.28 Y175.78 E1917.91203
G1 X177.28 Y124.22 E1920.55297
G1 F1791.9 X152.017 Y124.222 E1921.85283
G1 F1779.8 X126.754 Y124.223 E1923.16152
G1 F1650 X126.366 Y124.256 E1923.18328
G1 F1565.2 X125.892 Y124.25 E1923.21121
G1 F1559.1 X125.571 Y124.257 E1923.23019
G1 F1653.4 X125.158 Y124.221 E1923.25331
G1 F1791.9 X122.721 Y124.221 E1923.3787
G1 F1800 X122.721 Y175.779 E1926.01953
G1 X125.009 Y175.78 E1926.13673
G1 F1643.2 X125.496 Y175.738 E1926.16415
G1 F1543.9 X125.868 Y175.749 E1926.18638
G1 X126.5 Y175.738 E1926.22413
G1 F1643.2 X126.987 Y175.78 E1926.25155
G1 F1800 X150 Y175.78 E1927.43029
G1 F1500 E1925.43029
G0 F9000 X150.001 Y175.02
G0 X128.171 Y174.919
G0 X126.161 Y175.246
G1 F1500 E1927.43029
G1 F1571.4 X125.835 Y175.246 E1927.44942
G1 F1540.9 X125.53 Y175.216 E1927.46776
G1 F1643.2 X125.084 Y175.029 E1927.49489
G1 F1800 X124.668 Y174.796 E1927.51932
G1 X124.357 Y174.492 E1927.54159
G1 X124.181 Y174.273 E1927.55598
G1 X123.998 Y173.972 E1927.57402
G1 X123.856 Y173.606 E1927.59413
G1 X123.792 Y173.236 E1927.61337
G1 X123.772 Y172.828 E1927.63429
G1 X123.89 Y172.263 E1927.66385
G1 X124.084 Y171.874 E1927.68612
G1 X124.283 Y171.581 E1927.70426
G1 X124.578 Y171.286 E1927.72563
G1 X124.939 Y171.042 E1927.74795
G1 X125.231 Y170.914 E1927.76428
G1 X125.596 Y170.808 E1927.78375
G1 X125.916 Y170.78 E1927.8002
G1 X126.304 Y170.797 E1927.82009
G1 X126.64 Y170.873 E1927.83774
G1 X126.956 Y170.989 E1927.85498
G1 X127.261 Y171.17 E1927.87314
G1 X127.529 Y171.381 E1927.89062
G1 X127.855 Y171.762 E1927.9163
G1 X128.041 Y172.128 E1927.93733
G1 X128.14 Y172.421 E1927.95317
G1 X128.212 Y172.757 E1927.97077
G1 X128.204 Y173.378 E1928.00258
G1 X128.074 Y173.78 E1928.02422
G1 X127.897 Y174.178 E1928.04653
G1 X127.625 Y174.512 E1928.06859
G1 X127.349 Y174.776 E1928.08816
G1 X126.912 Y175.028 E1928.114
G1 F1643.2 X126.466 Y175.216 E1928.14115
G1 F1540.9 X126.161 Y175.246 E1928.15949
G1 F1500 E1926.15949
G0 F9000 X126.085 Y174.332
G0 X126.169 Y171.673
G0 X126.157 Y129.215
G1 F1500 E1928.15949
G1 F1800 X125.839 Y129.215 E1928.17578
G1 X125.496 Y129.166 E1928.19353
G1 X125.124 Y129.046 E1928.21355
G1 X124.666 Y128.794 E1928.24032
G1 X124.357 Y128.492 E1928.26245
G1 X124.181 Y128.273 E1928.27684
G1 X123.998 Y127.972 E1928.29489
G1 X123.858 Y127.612 E1928.31467
G1 X123.792 Y127.236 E1928.33423
G1 X123.772 Y126.828 E1928.35515
G1 X123.89 Y126.263 E1928.38471
G1 X124.084 Y125.874 E1928.40698
G1 X124.265 Y125.602 E1928.42371
G1 X124.578 Y125.287 E1928.44646
G1 X124.939 Y125.042 E1928.4688
G1 X125.231 Y124.914 E1928.48514
G1 F1656.9 X125.593 Y124.771 E1928.50679
G1 F1559.1 X125.914 Y124.75 E1928.52582
G1 F1565.2 X126.311 Y124.762 E1928.54921
G1 F1629.6 X126.614 Y124.856 E1928.56716
G1 F1760 X126.973 Y124.998 E1928.58738
G1 F1800 X127.272 Y125.178 E1928.60526
G1 X127.543 Y125.396 E1928.62307
G1 X127.865 Y125.78 E1928.64874
G1 X128.041 Y126.128 E1928.66872
G1 X128.14 Y126.421 E1928.68456
G1 X128.212 Y126.757 E1928.70216
G1 X128.204 Y127.378 E1928.73397
G1 X128.074 Y127.78 E1928.75561
G1 X127.899 Y128.17 E1928.77751
G1 X127.634 Y128.502 E1928.79926
G1 X127.318 Y128.8 E1928.82151
G1 X126.894 Y129.037 E1928.84639
G1 X126.461 Y129.175 E1928.86967
G1 X126.157 Y129.215 E1928.88537
G0 F9000 X126.254 Y129.734
;TYPE:FILL
G1 F3600 X123.249 Y140.949 E1929.48008
G0 F9000 X123.481 Y140.95
G0 X123.481 Y139.399
G0 X123.249 Y139.398
G1 F3600 X159.102 Y175.251 E1932.07716
G0 F9000 X159.103 Y175.02
G0 X161.889 Y175.02
G0 X161.888 Y175.252
G1 F3600 X175.42 Y124.748 E1934.75525
G0 F9000 X174.619 Y124.748
G1 F3600 X123.249 Y138.512 E1937.47926
G0 F9000 X123.481 Y138.513
G0 X123.481 Y131.68
G0 X123.25 Y131.679
G1 F3600 X149.116 Y124.749 E1938.85086
G0 F9000 X149.116 Y124.981
G0 X148.089 Y124.981
G0 X148.089 Y124.749
G1 F3600 X134.556 Y175.252 E1941.52892
G0 F9000 X134.557 Y175.02
G0 X131.101 Y175.02
G0 X131.1 Y175.251
G1 F3600 X128.742 Y172.893 E1941.69972
G0 F9000 X128.578 Y172.064
G1 F3600 X141.256 Y124.748 E1944.20877
G0 F9000 X141.256 Y124.981
G0 X136.602 Y124.981
G0 X136.602 Y124.749
G1 F3600 X176.752 Y164.899 E1947.11711
G0 F9000 X176.752 Y165.173
G1 F3600 X139.14 Y175.251 E1949.11158
G0 F9000 X139.141 Y175.02
G0 X140.435 Y175.02
G0 X140.434 Y175.251
G1 F3600 X123.248 Y158.065 E1950.35648
G0 F9000 X123.249 Y159.011
G1 F3600 X176.751 Y144.675 E1953.19356
G0 F9000 X176.751 Y145.28
G1 F3600 X168.72 Y175.253 E1954.78295
G0 F9000 X168.436 Y175.251
G1 F3600 X123.249 Y130.065 E1958.05611
G0 F9000 X123.481 Y130.066
G0 X126.64 Y129.856
G0 X127.179 Y129.676
G0 X127.75 Y129.357
G0 X128.484 Y128.565
G0 X128.86 Y127.62
G0 X128.906 Y126.887
G0 X128.796 Y125.987
G0 X128.575 Y126.056
G1 F3600 X176.752 Y174.233 E1961.54591
G0 F9000 X176.52 Y174.233
G0 X175.554 Y175.02
G0 X175.553 Y175.253
G1 F3600 X176.752 Y170.779 E1961.78315
G0 F9000 X176.52 Y170.779
G0 X176.52 Y172.006
G0 X176.751 Y172.006
G1 F3600 X164.639 Y175.252 E1962.42543
G0 F9000 X164.64 Y175.02
G0 X155.056 Y175.02
G0 X155.055 Y175.253
G1 F3600 X168.587 Y124.748 E1965.10357
G0 F9000 X168.587 Y124.981
G0 X164.603 Y124.981
G0 X164.603 Y124.749
G1 F3600 X176.752 Y136.898 E1965.98361
G0 F9000 X176.752 Y137.842
G1 F3600 X123.249 Y152.178 E1968.82074
G0 F9000 X123.48 Y152.179
G0 X123.481 Y148.732
G0 X123.249 Y148.731
G1 F3600 X149.768 Y175.251 E1970.74173
G0 F9000 X149.769 Y175.02
G0 X148.223 Y175.02
G0 X148.222 Y175.252
G1 F3600 X161.755 Y124.748 E1973.41983
G0 F9000 X161.755 Y124.981
G0 X155.269 Y124.981
G0 X155.269 Y124.749
G1 F3600 X176.752 Y146.232 E1974.97599
G0 F9000 X176.52 Y146.232
G0 X176.52 Y151.508
G0 X176.752 Y151.508
G1 F3600 X123.249 Y165.844 E1977.81312
G0 F9000 X123.248 Y166.453
G1 F3600 X134.423 Y124.749 E1980.02459
G0 F9000 X134.423 Y124.981
G0 X145.936 Y124.981
G0 X145.936 Y124.749
G1 F3600 X176.752 Y155.566 E1982.25684
G0 F9000 X176.52 Y155.566
G0 X176.52 Y158.341
G0 X176.751 Y158.341
G1 F3600 X128.196 Y171.351 E1984.83158
G0 F9000 X128.374 Y171.201
G0 X127.658 Y170.594
G0 X127.025 Y170.287
G0 X126.114 Y170.026
G0 X126.106 Y170.256
G1 F3600 X123.248 Y167.398 E1985.03861
G0 F9000 X123.48 Y167.399
G0 X141.39 Y175.02
G0 X141.389 Y175.252
G1 F3600 X154.922 Y124.748 E1987.71671
G0 F9000 X154.922 Y124.981
G0 X173.937 Y124.981
G0 X173.937 Y124.749
G1 F3600 X176.752 Y127.564 E1987.92062
G0 F9000 X176.52 Y127.564
G0 X176.52 Y131.009
G0 X176.751 Y131.009
G1 F3600 X123.25 Y145.345 E1990.75765
G0 F9000 X123.821 Y145.346
G1 F1500 E1988.75765
;MESH:NONMESH
G0 F300 Z2.8
G0 F9000 X123.387 Y128.255
G0 X123.255 Y126.666
;TIME_ELAPSED:1579.363274
;LAYER:9
;TYPE:WALL-INNER
;MESH:custom_clip.stl
G1 F1500 E1990.75765
G1 F1275.4 X123.246 Y126.828 E1990.76938
G1 F1271.3 X123.256 Y127.262 E1990.80086
G1 F1189.2 X123.287 Y127.668 E1990.83243
G0 F9000 X123.431 Y128.407
G0 X123.255 Y126.666
G1 F1247.2 X123.352 Y126.22 E1990.86617
G1 F1237.5 X123.472 Y125.888 E1990.89247
G1 X123.634 Y125.576 E1990.91866
G1 X123.835 Y125.275 E1990.94563
G1 X124.162 Y124.935 E1990.98078
G1 X124.392 Y124.76 E1991.00231
G1 X123.261 Y124.761 E1991.08657
G1 F1247.2 X123.255 Y126.666 E1991.22739
G1 F1500 E1989.22739
G0 F9000 X123.255 Y172.666
G1 F1500 E1991.22739
G1 F1275.4 X123.246 Y172.828 E1991.23912
G1 F1261.1 X123.261 Y173.351 E1991.27737
G1 F1500 E1989.27737
G0 F9000 X124.341 Y175.237
G1 F1500 E1991.27737
G1 F1289.9 X123.835 Y174.733 E1991.32842
G1 F1458.6 X123.625 Y174.251 E1991.36165
G1 F1872.3 X123.477 Y173.739 E1991.38789
G1 F1936.4 X123.407 Y173.647 E1991.3934
G1 F1442.6 X123.261 Y173.351 E1991.41449
G1 F1571.4 X123.124 Y173.799 E1991.44198
G1 F1872.3 X123.181 Y174.378 E1991.47063
G1 F1404.3 X123.263 Y174.914 E1991.50623
G1 F1227.9 X123.263 Y175.237 E1991.53048
G1 F1249.2 X124.341 Y175.237 E1991.61004
G1 F1500 E1989.61004
G0 F9000 X125.279 Y174.124
G0 X126.982 Y173.903
G0 X128.171 Y174.919
G0 X150.001 Y175.02
G0 X150 Y175.34
G1 F1500 E1991.61004
G1 F1800 X176.84 Y175.34 E1992.9848
G1 X176.84 Y124.66 E1995.58066
G1 X127.266 Y124.661 E1998.11987
G1 X127.543 Y124.832 E1998.13655
G1 X127.835 Y125.06 E1998.15552
G1 X128.229 Y125.514 E1998.18631
G1 X128.47 Y126.016 E1998.21483
G1 X128.569 Y126.322 E1998.23131
G1 X128.668 Y126.772 E1998.25491
G1 X128.636 Y127.478 E1998.29111
G1 X128.467 Y127.982 E1998.31833
G1 X128.27 Y128.414 E1998.34265
G1 X127.956 Y128.802 E1998.36822
G1 X127.598 Y129.141 E1998.39347
G1 X127.073 Y129.444 E1998.42452
G1 X126.579 Y129.603 E1998.4511
G1 X126.215 Y129.651 E1998.46991
G1 X125.868 Y129.656 E1998.48768
G1 X125.422 Y129.605 E1998.51068
G1 X124.926 Y129.445 E1998.53737
G1 X124.4 Y129.149 E1998.56829
G1 X124.016 Y128.77 E1998.59592
G1 X123.807 Y128.505 E1998.61321
G1 X123.643 Y128.24 E1998.62917
G1 X123.588 Y128.132 E1998.63538
G1 F1571.4 X123.279 Y127.656 E1998.66867
G1 X123.16 Y128.212 E1998.70203
G1 F1800 X123.16 Y172.205 E2000.95538
G1 F1480.4 X123.255 Y172.666 E2000.9847
G1 X123.447 Y172.252 E2001.01312
G1 F1800 X123.561 Y171.932 E2001.03052
G1 X123.717 Y171.631 E2001.04788
G1 X123.925 Y171.317 E2001.06717
G1 X124.277 Y170.959 E2001.09289
G1 X124.705 Y170.664 E2001.11952
G1 X125.054 Y170.511 E2001.13903
G1 X125.491 Y170.375 E2001.16248
G1 X125.961 Y170.34 E2001.18662
G1 X126.345 Y170.354 E2001.2063
G1 X126.791 Y170.459 E2001.22977
G1 X127.145 Y170.588 E2001.24907
G1 X127.511 Y170.808 E2001.27094
G1 X127.854 Y171.084 E2001.29349
G1 X128.232 Y171.529 E2001.3234
G1 X128.436 Y171.935 E2001.34667
G1 X128.55 Y172.252 E2001.36392
G1 X128.668 Y172.77 E2001.39114
G1 X128.636 Y173.478 E2001.42744
G1 X128.467 Y173.982 E2001.45466
G1 X128.275 Y174.412 E2001.47879
G1 X127.929 Y174.83 E2001.50658
G1 X127.594 Y175.15 E2001.53031
G1 X127.253 Y175.34 E2001.5503
G1 X150 Y175.34 E2002.71542
G0 F9000 X150 Y175.78
;TYPE:WALL-OUTER
G1 F1800 X177.28 Y175.78 E2004.11272
G1 X177.28 Y124.22 E2006.75365
G1 F1791.9 X152.017 Y124.222 E2008.05352
G1 F1779.8 X126.754 Y124.223 E2009.36221
G1 F1650 X126.366 Y124.256 E2009.38397
G1 F1565.2 X125.892 Y124.25 E2009.41189
G1 F1559.1 X125.571 Y124.257 E2009.43088
G1 F1653.4 X125.158 Y124.221 E2009.45399
G1 F1791.9 X122.721 Y124.221 E2009.57939
G1 F1800 X122.721 Y175.779 E2012.22022
G1 X125.009 Y175.78 E2012.33741
G1 F1643.2 X125.496 Y175.738 E2012.36484
G1 F1543.9 X125.868 Y175.749 E2012.38706
G1 X126.5 Y175.738 E2012.42481
G1 F1643.2 X126.987 Y175.78 E2012.45224
G1 F1800 X150 Y175.78 E2013.63098
G1 F1500 E2011.63098
G0 F9000 X150.001 Y175.02
G0 X128.171 Y174.919
G0 X126.161 Y175.246
G1 F1500 E2013.63098
G1 F1571.4 X125.835 Y175.246 E2013.6501
G1 F1540.9 X125.53 Y175.216 E2013.66844
G1 F1643.2 X125.084 Y175.029 E2013.69558
G1 F1800 X124.668 Y174.796 E2013.72
G1 X124.357 Y174.492 E2013.74228
G1 X124.181 Y174.273 E2013.75667
G1 X123.998 Y173.972 E2013.77471
G1 X123.856 Y173.606 E2013.79482
G1 X123.792 Y173.236 E2013.81405
G1 X123.772 Y172.828 E2013.83497
G1 X123.89 Y172.263 E2013.86454
G1 X124.084 Y171.874 E2013.8868
G1 X124.283 Y171.581 E2013.90495
G1 X124.578 Y171.286 E2013.92631
G1 X124.939 Y171.042 E2013.94863
G1 X125.231 Y170.914 E2013.96496
G1 X125.596 Y170.808 E2013.98443
G1 X125.916 Y170.78 E2014.00088
G1 X126.304 Y170.797 E2014.02078
G1 X126.64 Y170.873 E2014.03842
G1 X126.956 Y170.989 E2014.05566
G1 X127.261 Y171.17 E2014.07383
G1 X127.529 Y171.381 E2014.0913
G1 X127.848 Y171.747 E2014.11617
G1 X128.103 Y172.257 E2014.14537
G1 X128.225 Y172.809 E2014.17433
G1 X128.199 Y173.399 E2014.20458
G1 X128.074 Y173.781 E2014.22517
G1 X127.897 Y174.178 E2014.24743
G1 X127.625 Y174.512 E2014.26949
G1 X127.349 Y174.776 E2014.28906
G1 X126.912 Y175.028 E2014.3149
G1 F1643.2 X126.466 Y175.216 E2014.34205
G1 F1540.9 X126.161 Y175.246 E2014.36039
G1 F1500 E2012.36039
G0 F9000 X126.085 Y174.332
G0 X126.169 Y171.673
G0 X126.157 Y129.215
G1 F1500 E2014.36039
G1 F1800 X125.839 Y129.215 E2014.37668
G1 X125.496 Y129.166 E2014.39443
G1 X125.124 Y129.046 E2014.41445
G1 X124.666 Y128.794 E2014.44122
G1 X124.357 Y128.492 E2014.46335
G1 X124.181 Y128.273 E2014.47774
G1 X123.998 Y127.972 E2014.49579
G1 X123.858 Y127.612 E2014.51557
G1 X123.792 Y127.236 E2014.53512
G1 X123.772 Y126.828 E2014.55605
G1 X123.89 Y126.263 E2014.58561
G1 X124.084 Y125.874 E2014.60788
G1 X124.265 Y125.602 E2014.62461
G1 X124.578 Y125.287 E2014.64736
G1 X124.939 Y125.042 E2014.6697
G1 X125.231 Y124.914 E2014.68603
G1 F1656.9 X125.593 Y124.771 E2014.70769
G1 F1559.1 X125.914 Y124.75 E2014.72672
G1 F1565.2 X126.311 Y124.762 E2014.75011
G1 F1629.6 X126.614 Y124.856 E2014.76806
G1 F1760 X126.973 Y124.998 E2014.78828
G1 F1800 X127.272 Y125.178 E2014.80616
G1 X127.543 Y125.395 E2014.82394
G1 X127.87 Y125.782 E2014.84989
G1 X128.104 Y126.261 E2014.8772
G1 X128.225 Y126.809 E2014.90594
G1 X128.199 Y127.399 E2014.93619
G1 X128.074 Y127.781 E2014.95678
G1 X127.899 Y128.17 E2014.97863
G1 X127.634 Y128.502 E2015.00039
G1 X127.318 Y128.8 E2015.02263
G1 X126.894 Y129.037 E2015.04751
G1 X126.461 Y129.175 E2015.07079
G1 X126.157 Y129.215 E2015.0865
G0 F9000 X126.048 Y129.74
;TYPE:FILL
G1 F3600 X123.249 Y140.184 E2015.64032
G0 F9000 X123.481 Y140.185
G0 X123.481 Y139.119
G0 X123.249 Y139.118
G1 F3600 X129.886 Y145.755 E2016.12109
G0 F9000 X132.594 Y143.046
G1 F3600 X123.25 Y145.55 E2016.61658
G0 F9000 X123.481 Y145.551
G0 X123.481 Y148.452
G0 X123.249 Y148.451
G1 F3600 X128.635 Y153.838 E2017.00676
G0 F9000 X131.47 Y156.673
G1 F3600 X132.053 Y157.256 E2017.04899
G1 X132.105 Y157.307
G1 X132.549 Y157.751 E2017.08115
G0 F9000 X132.408 Y157.004
G1 F3600 X128.451 Y171.771 E2017.86421
G0 F9000 X128.325 Y171.522
G1 F3600 X132.594 Y170.378 E2018.09059
G0 F9000 X129.551 Y173.421
G1 F3600 X128.717 Y172.588 E2018.15096
G0 F9000 X128.944 Y172.539
G0 X128.437 Y171.361
G0 X128.012 Y170.872
G0 X127.403 Y170.456
G0 X126.461 Y170.053
G0 X126.407 Y170.278
G1 F3600 X123.248 Y167.118 E2018.37983
G0 F9000 X123.48 Y167.119
G0 X123.48 Y166.05
G0 X123.249 Y166.049
G1 F3600 X132.595 Y163.544 E2018.87543
G0 F9000 X130.802 Y165.339
G1 F3600 X123.248 Y157.785 E2019.42262
G0 F9000 X123.48 Y157.786
G0 X123.48 Y159.217
G0 X123.249 Y159.216
G1 F3600 X132.593 Y156.712 E2019.91811
G1 X132.447 Y156.861
G1 X132.577 Y156.374 E2019.94393
G0 F9000 X132.594 Y149.879
G1 F3600 X123.249 Y152.383 E2020.43947
G0 F9000 X123.48 Y152.384
G0 X123.48 Y165.689
G0 X123.248 Y165.688
G1 F3600 X132.409 Y131.502 E2022.25228
G0 F9000 X132.387 Y129.588
G1 F3600 X131.998 Y129.199 E2022.28046
G0 F9000 X132.593 Y129.381
G1 F3600 X123.25 Y131.884 E2022.77589
G0 F9000 X123.481 Y131.885
G0 X123.481 Y129.785
G0 X123.249 Y129.784
G1 F3600 X128.186 Y134.722 E2023.13355
G0 F9000 X128.688 Y135.223
G1 F3600 X131.136 Y137.672 E2023.31091
G0 F9000 X132.594 Y136.214
G1 F3600 X123.249 Y138.717 E2023.80644
G0 F9000 X123.481 Y138.718
G0 X130.287 Y127.489
G1 F3600 X128.338 Y125.539 E2023.94765
G1 F1500 E2021.94765
G0 F9000 X128.548 Y125.44
G0 X167.427 Y127.293
G1 F1500 E2023.94765
G1 F3600 X176.752 Y136.618 E2024.62313
G0 F9000 X176.52 Y136.618
G0 X176.52 Y138.047
G0 X176.752 Y138.047
G1 F3600 X170.148 Y139.817 E2024.97333
G0 F9000 X170.961 Y140.626
G1 F3600 X175.215 Y124.748 E2025.81529
G1 X175.384 Y124.748
G1 X167.914 Y126.75 E2026.21141
G1 X167.86 Y126.696
G1 X168.108 Y125.772 E2026.26042
G0 F9000 X168.288 Y125.1
G1 F3600 X168.383 Y124.747 E2026.27914
G0 F9000 X168.383 Y124.981
G0 X167.801 Y126.918
G1 F3600 X167.544 Y127.877 E2026.32999
G0 F9000 X171.407 Y132.646
G1 F3600 X176.751 Y131.214 E2026.61337
G0 F9000 X176.52 Y131.214
G0 X176.52 Y127.284
G0 X176.752 Y127.284
G1 F3600 X174.216 Y124.748 E2026.79707
G0 F9000 X174.216 Y124.981
G0 X167.427 Y136.626
G1 F3600 X176.752 Y145.952 E2027.47258
G0 F9000 X176.52 Y145.952
G0 X176.52 Y144.88
G0 X176.751 Y144.88
G1 F3600 X168.176 Y147.178 E2027.9273
G0 F9000 X168.988 Y147.988
G1 F3600 X170.302 Y143.086 E2028.18725
G0 F9000 X167.427 Y145.96
G1 F3600 X176.752 Y155.286 E2028.86276
G0 F9000 X176.52 Y155.286
G0 X176.52 Y158.546
G0 X176.751 Y158.546
G1 F3600 X171.593 Y159.928 E2029.13627
G0 F9000 X167.427 Y155.294
G1 F3600 X176.752 Y164.619 E2029.81174
G0 F9000 X176.752 Y165.378
G1 F3600 X169.62 Y167.289 E2030.18994
G0 F9000 X170.432 Y168.099
G1 F3600 X176.751 Y144.515 E2031.44053
G0 F9000 X176.52 Y144.515
G0 X176.52 Y151.713
G0 X176.752 Y151.713
G1 F3600 X168.907 Y153.815 E2031.85653
G0 F9000 X168.361 Y153.961
G1 F3600 X167.388 Y154.222 E2031.90813
G1 X167.332 Y154.17
G1 X167.437 Y153.775 E2031.92907
G0 F9000 X167.427 Y164.628
G1 F3600 X176.752 Y173.953 E2032.60454
G0 F9000 X176.52 Y173.953
G0 X176.52 Y172.211
G0 X176.751 Y172.211
G1 F3600 X167.547 Y174.678 E2033.09262
G0 F9000 X167.427 Y173.962
G1 F3600 X168.716 Y175.251 E2033.18599
G1 X168.515 Y175.253
G1 X169.387 Y172 E2033.35849
G0 F9000 X175.349 Y175.02
G0 X175.348 Y175.253
G1 F3600 X176.752 Y170.014 E2033.6363
G1 F1500 E2031.6363
G0 F9000 X176.52 Y170.014
G0 X131.381 Y175.02
G0 X131.38 Y175.251
G1 F1500 E2033.6363
G1 F3600 X131.029 Y174.899 E2033.66176
G1 F900 X131.192 Y175.031
G1 X168.371 Y137.851 E2035.27767
G0 F9000 X168.682 Y138.162
G1 F900 X131.814 Y175.031 E2036.88005
G0 F9000 X132.436 Y175.031
G1 F900 X168.994 Y138.473 E2038.46894
G0 F9000 X168.06 Y137.54
G1 F900 X130.726 Y174.875 E2040.09157
G0 F9000 X130.415 Y174.563
G1 F900 X167.749 Y137.229 E2041.71419
G0 F9000 X167.438 Y136.918
G1 F900 X130.103 Y174.252 E2043.33683
G0 F9000 X129.792 Y173.941
G1 F900 X171.251 Y132.482 E2045.13872
G0 F9000 X170.401 Y132.71
G1 F900 X129.481 Y173.63 E2046.91719
G0 F9000 X129.665 Y170.957
G1 F900 X170.237 Y130.385 E2048.68054
G0 F9000 X169.926 Y130.074
G1 F900 X132.592 Y167.408 E2050.30315
G0 F9000 X132.281 Y167.097
G1 F900 X169.615 Y129.763 E2051.92577
G0 F9000 X169.304 Y129.451
G1 F900 X131.969 Y166.786 E2053.54843
G0 F9000 X131.658 Y166.475
G1 F900 X168.993 Y129.14 E2055.17108
G0 F9000 X168.682 Y128.829
G1 F900 X131.348 Y166.163 E2056.7937
G0 F9000 X131.037 Y165.852
G1 F900 X168.371 Y128.518 E2058.41631
G0 F9000 X167.742 Y127.902
G1 F900 X132.196 Y163.448 E2059.96122
G0 F9000 X131.347 Y163.675
G1 F900 X167.438 Y127.584 E2061.52981
G0 F9000 X167.835 Y126.565
G1 F900 X130.864 Y163.536 E2063.13665
G0 F9000 X131.091 Y162.687
G1 F900 X168.425 Y125.352 E2064.75929
G0 F9000 X168.187 Y124.968
G1 F900 X131.318 Y161.837 E2066.36169
G0 F9000 X131.546 Y160.987
G1 F900 X167.565 Y124.968 E2067.92715
G0 F9000 X166.943 Y124.968
G1 F900 X131.774 Y160.137 E2069.45567
G0 F9000 X132.001 Y159.287
G1 F900 X166.321 Y124.968 E2070.94727
G0 F9000 X165.698 Y124.968
G1 F900 X132.592 Y158.074 E2072.38613
G0 F9000 X132.456 Y157.588
G1 F900 X165.076 Y124.968 E2073.80386
G0 F9000 X164.454 Y124.968
G1 F900 X131.971 Y157.451 E2075.21564
G0 F9000 X132.182 Y156.617
G1 F900 X163.832 Y124.968 E2076.5912
G0 F9000 X163.209 Y124.968
G1 F900 X131.349 Y156.829 E2077.97592
G0 F9000 X131.037 Y156.517
G1 F900 X162.587 Y124.968 E2079.34713
G0 F9000 X161.965 Y124.968
G1 F900 X130.726 Y156.206 E2080.70482
G0 F9000 X130.415 Y155.895
G1 F900 X161.343 Y124.968 E2082.049
G0 F9000 X160.72 Y124.968
G1 F900 X130.104 Y155.584 E2083.37963
G0 F9000 X129.793 Y155.273
G1 F900 X160.098 Y124.968 E2084.69675
G0 F9000 X159.476 Y124.968
G1 F900 X129.482 Y154.962 E2086.00036
G0 F9000 X129.171 Y154.651
G1 F900 X158.854 Y124.968 E2087.29044
G0 F9000 X158.231 Y124.968
G1 F900 X128.86 Y154.339 E2088.56697
G0 F9000 X128.548 Y154.028
G1 F900 X157.609 Y124.968 E2089.83
G0 F9000 X156.987 Y124.968
G1 F900 X132.165 Y149.789 E2090.9088
G0 F9000 X132.592 Y148.741
G1 F900 X156.365 Y124.968 E2091.94202
G0 F9000 X155.742 Y124.968
G1 F900 X132.281 Y148.429 E2092.96169
G0 F9000 X131.969 Y148.118
G1 F900 X155.12 Y124.968 E2093.96786
G0 F9000 X154.498 Y124.968
G1 F900 X131.658 Y147.807 E2094.96051
G0 F9000 X131.347 Y147.496
G1 F900 X153.876 Y124.968 E2095.93965
G0 F9000 X153.253 Y124.968
G1 F900 X131.037 Y147.184 E2096.9052
G0 F9000 X130.726 Y146.873
G1 F900 X152.631 Y124.968 E2097.85724
G0 F9000 X152.009 Y124.968
G1 F900 X130.415 Y146.562 E2098.79576
G0 F9000 X130.103 Y146.251
G1 F900 X151.387 Y124.968 E2099.72079
G0 F9000 X150.764 Y124.968
G1 F900 X129.792 Y145.94 E2100.63227
G0 F9000 X129.6 Y143.643
G1 F900 X148.275 Y124.968 E2101.44393
G0 F9000 X147.653 Y124.968
G1 F900 X129.502 Y143.119 E2102.23281
G0 F9000 X130.449 Y143.416
G1 F900 X148.898 Y124.968 E2103.03462
G0 F9000 X149.52 Y124.968
G1 F900 X131.299 Y143.188 E2103.82652
G0 F9000 X132.148 Y142.961
G1 F900 X150.142 Y124.968 E2104.60856
G0 F9000 X150.141 Y124.981
G0 X147.03 Y124.981
G0 X147.031 Y124.968
G1 F900 X132.591 Y139.408 E2105.23615
G0 F9000 X132.28 Y139.096
G1 F900 X146.409 Y124.968 E2105.85021
G0 F9000 X145.786 Y124.968
G1 F900 X131.969 Y138.785 E2106.45072
G0 F9000 X131.658 Y138.473
G1 F900 X145.164 Y124.968 E2107.0377
G0 F9000 X144.542 Y124.968
G1 F900 X131.347 Y138.162 E2107.61116
G0 F9000 X131.036 Y137.851
G1 F900 X143.92 Y124.968 E2108.17111
G0 F9000 X143.297 Y124.968
G1 F900 X132.134 Y136.131 E2108.65627
G0 F9000 X131.322 Y136.321
G1 F900 X142.675 Y124.968 E2109.1497
G0 F9000 X142.053 Y124.968
G1 F900 X131.55 Y135.47 E2109.60616
G0 F9000 X131.778 Y134.62
G1 F900 X141.431 Y124.968 E2110.02568
G0 F9000 X140.808 Y124.968
G1 F900 X132.006 Y133.77 E2110.40823
G0 F9000 X132.233 Y132.921
G1 F900 X140.186 Y124.968 E2110.75389
G0 F9000 X139.564 Y124.968
G1 F900 X132.462 Y132.07 E2111.06255
G0 F9000 X132.592 Y130.073
G1 F900 X137.697 Y124.968 E2111.28443
G0 F9000 X138.319 Y124.968
G1 F900 X128.235 Y135.052 E2111.7227
G0 F9000 X128.546 Y135.363
G1 F900 X138.942 Y124.968 E2112.17451
G0 F9000 X138.941 Y124.981
G0 X137.074 Y124.981
G0 X137.075 Y124.968
G1 F900 X132.281 Y129.762 E2112.38287
G0 F9000 X132.116 Y129.304
G1 F900 X136.453 Y124.968 E2112.57134
G0 F9000 X135.83 Y124.968
G1 F900 X131.658 Y129.14 E2112.75267
G0 F9000 X131.347 Y128.828
G1 F900 X135.208 Y124.968 E2112.92045
G0 F9000 X134.586 Y124.968
G1 F900 X131.036 Y128.517 E2113.07472
G0 F9000 X130.726 Y128.206
G1 F900 X133.964 Y124.968 E2113.21545
G0 F9000 X133.341 Y124.968
G1 F900 X130.415 Y127.894 E2113.34262
G0 F9000 X130.103 Y127.583
G1 F900 X132.719 Y124.968 E2113.4563
G1 F1500 E2111.4563
G0 F9000 X132.718 Y124.981
G0 X167.514 Y128.753
G1 F1500 E2113.4563
G1 F900 X130.726 Y165.541 E2115.05518
G0 F9000 X132.214 Y170.275
G1 F900 X169.551 Y132.937 E2116.67795
G0 F9000 X168.702 Y133.165
G1 F900 X131.364 Y170.503 E2118.30074
G0 F9000 X130.515 Y170.73
G1 F900 X167.852 Y133.393 E2119.92348
G0 F9000 X169.567 Y139.767
G1 F900 X134.302 Y175.032 E2121.45617
G0 F9000 X134.924 Y175.032
G1 F900 X170.237 Y139.719 E2122.99095
G0 F9000 X170.548 Y140.03
G1 F900 X135.547 Y175.032 E2124.51219
G0 F9000 X136.169 Y175.032
G1 F900 X170.86 Y140.34 E2126.01996
G0 F9000 X171.155 Y140.668
G1 F900 X136.791 Y175.032 E2127.51349
G0 F9000 X137.413 Y175.032
G1 F900 X170.928 Y141.518 E2128.9701
G0 F9000 X170.7 Y142.367
G1 F900 X138.036 Y175.032 E2130.38977
G0 F9000 X138.658 Y175.032
G1 F900 X167.437 Y146.252 E2131.64059
G0 F9000 X167.748 Y146.563
G1 F900 X139.28 Y175.032 E2132.87789
G0 F9000 X139.902 Y175.032
G1 F900 X167.883 Y147.051 E2134.094
G0 F9000 X168.371 Y147.186
G1 F900 X140.525 Y175.032 E2135.30425
G0 F9000 X141.147 Y175.032
G1 F900 X168.682 Y147.497 E2136.50098
G0 F9000 X168.993 Y147.808
G1 F900 X141.769 Y175.032 E2137.68419
G0 F9000 X142.392 Y175.032
G1 F900 X169.104 Y148.319 E2138.84518
G0 F9000 X168.876 Y149.169
G1 F900 X143.014 Y175.032 E2139.96922
G0 F9000 X143.636 Y175.032
G1 F900 X168.649 Y150.019 E2141.05633
G0 F9000 X168.421 Y150.869
G1 F900 X144.258 Y175.032 E2142.10651
G0 F9000 X144.881 Y175.032
G1 F900 X168.193 Y151.719 E2143.11972
G0 F9000 X167.965 Y152.569
G1 F900 X145.503 Y175.032 E2144.09599
G0 F9000 X146.125 Y175.032
G1 F900 X167.738 Y153.419 E2145.03533
G0 F9000 X167.51 Y154.269
G1 F900 X146.747 Y175.032 E2145.93774
G0 F9000 X147.37 Y175.032
G1 F900 X168.747 Y153.654 E2146.86685
G0 F9000 X167.438 Y155.585
G1 F900 X147.992 Y175.032 E2147.71204
G0 F9000 X148.614 Y175.032
G1 F900 X167.749 Y155.897 E2148.54368
G0 F9000 X168.06 Y156.208
G1 F900 X149.236 Y175.032 E2149.36182
G0 F9000 X149.859 Y175.032
G1 F900 X168.371 Y156.519 E2150.16641
G0 F9000 X168.682 Y156.83
G1 F900 X150.48 Y175.032 E2150.95751
G0 F9000 X151.102 Y175.032
G1 F900 X168.993 Y157.142 E2151.73506
G0 F9000 X169.304 Y157.453
G1 F900 X151.725 Y175.032 E2152.49909
G0 F9000 X152.347 Y175.032
G1 F900 X169.615 Y157.764 E2153.24959
G0 F9000 X169.926 Y158.075
G1 F900 X152.969 Y175.032 E2153.98658
G0 F9000 X153.591 Y175.032
G1 F900 X167.915 Y160.709 E2154.60911
G0 F9000 X168.764 Y160.481
G1 F900 X154.214 Y175.032 E2155.2415
G0 F9000 X154.836 Y175.032
G1 F900 X169.615 Y160.253 E2155.88383
G0 F9000 X170.465 Y160.025
G1 F900 X155.458 Y175.032 E2156.53607
G0 F9000 X156.08 Y175.032
G1 F900 X171.316 Y159.797 E2157.19823
G0 F9000 X171.794 Y159.941
G1 F900 X156.703 Y175.032 E2157.85412
G0 F9000 X157.325 Y175.032
G1 F900 X167.438 Y164.919 E2158.29365
G0 F9000 X167.749 Y165.23
G1 F900 X157.947 Y175.032 E2158.71967
G0 F9000 X158.569 Y175.032
G1 F900 X168.06 Y165.541 E2159.13217
G0 F9000 X168.371 Y165.853
G1 F900 X159.192 Y175.032 E2159.53111
G0 F9000 X159.814 Y175.032
G1 F900 X168.682 Y166.164 E2159.91653
G0 F9000 X168.783 Y167.308
G1 F900 X161.058 Y175.032 E2160.25225
G0 F9000 X160.436 Y175.032
G1 F900 X167.932 Y167.536 E2160.57804
G0 F9000 X169.615 Y167.098
G1 F900 X161.681 Y175.032 E2160.92287
G0 F9000 X162.303 Y175.032
G1 F900 X169.926 Y167.409 E2161.25418
G0 F9000 X170.237 Y167.72
G1 F900 X162.925 Y175.032 E2161.57198
G0 F9000 X163.547 Y175.032
G1 F900 X170.548 Y168.031 E2161.87626
G0 F9000 X170.466 Y168.736
G1 F900 X164.17 Y175.032 E2162.14989
G0 F9000 X164.792 Y175.032
G1 F900 X170.238 Y169.586 E2162.38659
G0 F9000 X170.01 Y170.437
G1 F900 X165.414 Y175.032 E2162.58632
G0 F9000 X166.036 Y175.032
G1 F900 X169.781 Y171.287 E2162.74908
G0 F9000 X167.438 Y174.253
G1 F900 X166.659 Y175.032 E2162.78294
G0 F9000 X167.281 Y175.032
G1 F900 X167.748 Y174.565 E2162.80324
G1 F1500 E2160.80324
G0 F9000 X133.68 Y175.02
G0 X133.68 Y175.032
G1 F1500 E2162.80324
G1 F900 X168.716 Y139.995 E2164.326
G0 F9000 X167.866 Y140.223
G1 F900 X133.058 Y175.032 E2165.83885
G0 F9000 X133.058 Y174.68
G1 F1500 E2163.83885
;MESH:NONMESH
G0 F300 Z3.08
G0 F9000 X124.253 Y129.341
G0 X123.255 Y126.666
;TIME_ELAPSED:1916.200509
;LAYER:10
;TYPE:WALL-INNER
;MESH:custom_clip.stl
G1 F1500 E2165.83885
G1 F1247.2 X123.352 Y126.22 E2165.87259
G1 F1237.5 X123.472 Y125.888 E2165.89889
G1 X123.634 Y125.576 E2165.92508
G1 X123.835 Y125.275 E2165.95205
G1 X124.162 Y124.935 E2165.98719
G1 X124.392 Y124.76 E2166.00873
G1 X123.261 Y124.761 E2166.09299
G1 F1247.2 X123.255 Y126.666 E2166.23381
G1 F1275.4 X123.246 Y126.828 E2166.24554
G1 F1271.3 X123.256 Y127.262 E2166.27702
G1 F1189.2 X123.287 Y127.668 E2166.30859
G1 F1500 E2164.30859
G0 F9000 X123.431 Y128.407
G0 X123.734 Y171.172
G0 X123.255 Y172.666
G1 F1500 E2166.30859
G1 F1275.4 X123.246 Y172.828 E2166.32032
G1 F1261.1 X123.261 Y173.351 E2166.35857
G1 F1500 E2164.35857
G0 F9000 X124.341 Y175.237
G1 F1500 E2166.35857
G1 F1289.9 X123.835 Y174.733 E2166.40961
G1 F1458.6 X123.625 Y174.251 E2166.44285
G1 F1872.3 X123.477 Y173.739 E2166.46909
G1 F1936.4 X123.407 Y173.647 E2166.4746
G1 F1442.6 X123.261 Y173.351 E2166.49569
G1 F1571.4 X123.124 Y173.799 E2166.52318
G1 F1872.3 X123.181 Y174.378 E2166.55182
G1 F1404.3 X123.263 Y174.914 E2166.58743
G1 F1227.9 X123.263 Y175.237 E2166.61168
G1 F1249.2 X124.341 Y175.237 E2166.69124
G1 F1500 E2164.69124
G0 F9000 X150 Y175.34
G1 F1500 E2166.69124
G1 F1800 X176.84 Y175.34 E2168.066
G1 X176.84 Y124.66 E2170.66186
G1 X127.266 Y124.661 E2173.20107
G1 X127.543 Y124.832 E2173.21774
G1 X127.835 Y125.06 E2173.23672
G1 X128.229 Y125.514 E2173.26751
G1 X128.47 Y126.016 E2173.29603
G1 X128.569 Y126.322 E2173.31251
G1 X128.668 Y126.772 E2173.33611
G1 X128.636 Y127.478 E2173.37231
G1 X128.467 Y127.982 E2173.39953
G1 X128.27 Y128.414 E2173.42385
G1 X127.956 Y128.802 E2173.44942
G1 X127.598 Y129.141 E2173.47467
G1 X127.073 Y129.444 E2173.50572
G1 X126.579 Y129.603 E2173.5323
G1 X126.215 Y129.651 E2173.55111
G1 X125.868 Y129.656 E2173.56888
G1 X125.422 Y129.605 E2173.59188
G1 X124.926 Y129.445 E2173.61857
G1 X124.4 Y129.149 E2173.64949
G1 X124.016 Y128.77 E2173.67712
G1 X123.807 Y128.505 E2173.69441
G1 X123.643 Y128.24 E2173.71037
G1 X123.588 Y128.132 E2173.71658
G1 F1571.4 X123.279 Y127.656 E2173.74987
G1 X123.16 Y128.212 E2173.78323
G1 F1800 X123.16 Y172.205 E2176.03658
G1 F1480.4 X123.255 Y172.666 E2176.0659
G1 X123.447 Y172.252 E2176.09432
G1 F1800 X123.561 Y171.932 E2176.11172
G1 X123.717 Y171.631 E2176.12908
G1 X123.925 Y171.317 E2176.14837
G1 X124.277 Y170.959 E2176.17409
G1 X124.705 Y170.664 E2176.20072
G1 X125.054 Y170.511 E2176.22023
G1 X125.491 Y170.375 E2176.24368
G1 X125.961 Y170.34 E2176.26782
G1 X126.345 Y170.354 E2176.2875
G1 X126.791 Y170.459 E2176.31097
G1 X127.145 Y170.588 E2176.33027
G1 X127.511 Y170.808 E2176.35214
G1 X127.854 Y171.084 E2176.37469
G1 X128.232 Y171.529 E2176.4046
G1 X128.436 Y171.935 E2176.42787
G1 X128.55 Y172.252 E2176.44512
G1 X128.668 Y172.77 E2176.47234
G1 X128.636 Y173.478 E2176.50864
G1 X128.467 Y173.982 E2176.53586
G1 X128.275 Y174.412 E2176.55999
G1 X127.929 Y174.83 E2176.58778
G1 X127.594 Y175.15 E2176.61151
G1 X127.253 Y175.34 E2176.6315
G1 X150 Y175.34 E2177.79662
G0 F9000 X150 Y175.78
;TYPE:WALL-OUTER
G1 F1800 X177.28 Y175.78 E2179.19392
G1 X177.28 Y124.22 E2181.83485
G1 F1791.9 X152.017 Y124.222 E2183.13472
G1 F1779.8 X126.754 Y124.223 E2184.44341
G1 F1650 X126.366 Y124.256 E2184.46517
G1 F1565.2 X125.892 Y124.25 E2184.49309
G1 F1559.1 X125.571 Y124.257 E2184.51208
G1 F1653.4 X125.158 Y124.221 E2184.53519
G1 F1791.9 X122.721 Y124.221 E2184.66059
G1 F1800 X122.721 Y175.779 E2187.30142
G1 X125.009 Y175.78 E2187.41861
G1 F1643.2 X125.496 Y175.738 E2187.44604
G1 F1543.9 X125.868 Y175.749 E2187.46826
G1 X126.5 Y175.738 E2187.50601
G1 F1643.2 X126.987 Y175.78 E2187.53344
G1 F1800 X150 Y175.78 E2188.71218
G1 F1500 E2186.71218
G0 F9000 X126.161 Y175.246
G1 F1500 E2188.71218
G1 F1571.4 X125.835 Y175.246 E2188.7313
G1 F1540.9 X125.53 Y175.216 E2188.74964
G1 F1643.2 X125.084 Y175.029 E2188.77678
G1 F1800 X124.668 Y174.796 E2188.8012
G1 X124.357 Y174.492 E2188.82348
G1 X124.181 Y174.273 E2188.83787
G1 X123.998 Y173.972 E2188.85591
G1 X123.856 Y173.606 E2188.87602
G1 X123.792 Y173.236 E2188.89525
G1 X123.772 Y172.828 E2188.91617
G1 X123.89 Y172.263 E2188.94574
G1 X124.084 Y171.874 E2188.968
G1 X124.283 Y171.581 E2188.98614
G1 X124.578 Y171.286 E2189.00751
G1 X124.939 Y171.042 E2189.02983
G1 X125.231 Y170.914 E2189.04616
G1 X125.596 Y170.808 E2189.06563
G1 X125.916 Y170.78 E2189.08208
G1 X126.304 Y170.797 E2189.10198
G1 X126.64 Y170.873 E2189.11962
G1 X126.956 Y170.989 E2189.13686
G1 X127.261 Y171.17 E2189.15503
G1 X127.529 Y171.381 E2189.1725
G1 X127.848 Y171.747 E2189.19737
G1 X128.103 Y172.257 E2189.22657
G1 X128.225 Y172.809 E2189.25553
G1 X128.199 Y173.399 E2189.28578
G1 X128.074 Y173.781 E2189.30637
G1 X127.897 Y174.178 E2189.32863
G1 X127.625 Y174.512 E2189.35069
G1 X127.349 Y174.776 E2189.37026
G1 X126.912 Y175.028 E2189.39609
G1 F1643.2 X126.466 Y175.216 E2189.42325
G1 F1540.9 X126.161 Y175.246 E2189.44159
G1 F1500 E2187.44159
G0 F9000 X126.085 Y174.332
G0 X126.169 Y171.673
G0 X126.157 Y129.215
G1 F1500 E2189.44159
G1 F1800 X125.839 Y129.215 E2189.45788
G1 X125.496 Y129.166 E2189.47562
G1 X125.124 Y129.046 E2189.49565
G1 X124.666 Y128.794 E2189.52242
G1 X124.357 Y128.492 E2189.54455
G1 X124.181 Y128.273 E2189.55894
G1 X123.998 Y127.972 E2189.57699
G1 X123.858 Y127.612 E2189.59677
G1 X123.792 Y127.236 E2189.61632
G1 X123.772 Y126.828 E2189.63725
G1 X123.89 Y126.263 E2189.66681
G1 X124.084 Y125.874 E2189.68908
G1 X124.265 Y125.602 E2189.70581
G1 X124.578 Y125.287 E2189.72856
G1 X124.939 Y125.042 E2189.7509
G1 X125.231 Y124.914 E2189.76723
G1 F1656.9 X125.593 Y124.771 E2189.78889
G1 F1559.1 X125.914 Y124.75 E2189.80792
G1 F1565.2 X126.311 Y124.762 E2189.83131
G1 F1629.6 X126.614 Y124.856 E2189.84926
G1 F1760 X126.973 Y124.998 E2189.86948
G1 F1800 X127.272 Y125.178 E2189.88736
G1 X127.543 Y125.395 E2189.90514
G1 X127.87 Y125.782 E2189.93109
G1 X128.104 Y126.261 E2189.9584
G1 X128.225 Y126.809 E2189.98714
G1 X128.199 Y127.399 E2190.01739
G1 X128.074 Y127.781 E2190.03798
G1 X127.899 Y128.17 E2190.05983
G1 X127.634 Y128.502 E2190.08159
G1 X127.318 Y128.8 E2190.10383
G1 X126.894 Y129.037 E2190.12871
G1 X126.461 Y129.175 E2190.15199
G1 X126.157 Y129.215 E2190.1677
G0 F9000 X125.843 Y129.74
;TYPE:FILL
G1 F3600 X123.249 Y139.419 E2190.68096
G0 F9000 X123.249 Y138.922
G1 F3600 X132.751 Y136.376 E2191.18482
G0 F9000 X132.52 Y136.376
G0 X132.52 Y139.007
G0 X132.752 Y139.007
G1 F3600 X123.249 Y129.504 E2191.87319
G0 F9000 X123.481 Y129.505
G0 X123.481 Y132.09
G0 X123.25 Y132.089
G1 F3600 X132.752 Y129.543 E2192.37706
G1 X132.752 Y129.456
G1 X123.248 Y164.923 E2194.25779
G0 F9000 X123.48 Y164.924
G0 X123.48 Y166.255
G0 X123.249 Y166.254
G1 F3600 X132.751 Y163.708 E2194.76166
G0 F9000 X132.52 Y163.708
G0 X132.52 Y167.009
G0 X132.752 Y167.009
G1 F3600 X123.248 Y157.504 E2195.45013
G0 F9000 X123.48 Y157.505
G0 X123.48 Y159.422
G0 X123.249 Y159.421
G1 F3600 X132.752 Y156.875 E2195.95405
G0 F9000 X132.752 Y157.675
G1 F3600 X123.249 Y148.171 E2196.64245
G0 F9000 X123.481 Y148.172
G0 X123.481 Y145.756
G0 X123.25 Y145.755
G1 F3600 X132.752 Y143.209 E2197.14632
G0 F9000 X132.52 Y143.209
G0 X132.52 Y148.341
G0 X132.752 Y148.341
G1 F3600 X123.249 Y138.838 E2197.83469
G0 F9000 X123.481 Y138.839
G0 X132.52 Y129.673
G0 X132.752 Y129.673
G1 F3600 X127.868 Y124.789 E2198.18847
G0 F9000 X128.061 Y124.922
G0 X128.448 Y125.372
G0 X128.822 Y126.265
G0 X132.52 Y150.042
G0 X132.751 Y150.042
G1 F3600 X123.249 Y152.588 E2198.69234
G0 F9000 X123.48 Y152.589
G0 X132.52 Y154.956
G0 X132.752 Y154.956
G1 F3600 X128.318 Y171.505 E2199.56988
G1 X128.415 Y171.702
G1 X132.752 Y170.54 E2199.79986
G0 F9000 X132.52 Y170.54
G0 X128.848 Y172.147
G0 X128.626 Y172.217
G1 F3600 X131.66 Y175.251 E2200.01964
G0 F9000 X131.66 Y175.019
G0 X128.012 Y170.872
G0 X127.586 Y170.581
G0 X126.829 Y170.142
G0 X126.775 Y170.365
G1 F3600 X123.248 Y166.838 E2200.27512
G1 F1500 E2198.27512
G0 F9000 X123.48 Y166.839
G0 X126.877 Y170.215
G0 X167.408 Y175.092
G0 X167.48 Y168.13
G0 X167.249 Y168.13
G1 F1500 E2200.27512
G1 F3600 X176.752 Y165.583 E2200.77905
G0 F9000 X176.52 Y165.583
G0 X176.52 Y164.339
G0 X176.752 Y164.339
G1 F3600 X167.248 Y154.835 E2201.46749
G0 F9000 X167.249 Y154.464
G1 F3600 X176.752 Y151.918 E2201.97141
G0 F9000 X176.52 Y151.918
G0 X176.52 Y155.006
G0 X176.752 Y155.006
G1 F3600 X167.248 Y145.501 E2202.65988
G0 F9000 X167.48 Y145.501
G0 X167.48 Y147.631
G0 X167.249 Y147.631
G1 F3600 X176.751 Y145.085 E2203.16375
G0 F9000 X176.752 Y145.672
G1 F3600 X167.248 Y136.168 E2203.85219
G0 F9000 X167.48 Y136.168
G0 X167.48 Y133.966
G0 X167.249 Y133.966
G1 F3600 X176.751 Y131.419 E2204.35607
G0 F9000 X176.52 Y131.419
G0 X176.52 Y127.004
G0 X176.752 Y127.004
G1 F3600 X174.496 Y124.748 E2204.51949
G0 F9000 X175.01 Y124.748
G1 F3600 X167.248 Y153.716 E2206.05559
G0 F9000 X167.48 Y153.716
G0 X167.48 Y161.297
G0 X167.249 Y161.297
G1 F3600 X176.751 Y158.751 E2206.55945
G0 F9000 X176.52 Y158.751
G0 X176.52 Y169.249
G0 X176.752 Y169.249
G1 F3600 X175.143 Y175.253 E2206.87783
G0 F9000 X175.143 Y175.02
G0 X176.52 Y173.673
G0 X176.752 Y173.673
G1 F3600 X167.248 Y164.169 E2207.56627
G0 F9000 X167.48 Y164.169
G0 X167.48 Y173.503
G0 X167.248 Y173.503
G1 F3600 X168.996 Y175.251 E2207.69289
G0 F9000 X168.31 Y175.253
G1 F3600 X176.751 Y143.75 E2209.36341
G0 F9000 X176.52 Y143.75
G0 X176.52 Y138.252
G0 X176.751 Y138.252
G1 F3600 X167.248 Y140.799 E2209.86734
G0 F9000 X167.48 Y140.799
G0 X176.52 Y136.338
G0 X176.752 Y136.338
G1 F3600 X167.248 Y126.834 E2210.55578
G0 F9000 X167.248 Y127.133
G1 F3600 X176.149 Y124.748 E2211.02778
G0 F9000 X176.149 Y124.98
G0 X168.178 Y124.98
G0 X168.178 Y124.747
G1 F3600 X167.248 Y128.217 E2211.21179
G1 F1500 E2209.21179
G0 F9000 X167.48 Y128.217
G0 X176.52 Y172.416
G0 X176.751 Y172.416
G1 F1500 E2211.21179
G1 F3600 X167.249 Y174.963 E2211.71567
G1 F1500 E2209.71567
G0 F9000 X167.48 Y174.963
G0 X167.4 Y176.665
G0 X150 Y176.665
G0 X150 Y174.942
;TYPE:SKIN
G1 F1500 E2211.71567
G1 F1800 X132.796 Y174.94 E2212.59687
G1 X132.796 Y125.056 E2215.15196
G1 X167.204 Y125.056 E2216.91436
G1 X167.204 Y174.943 E2219.4696
G1 X150 Y174.942 E2220.3508
G1 F1500 E2218.3508
G0 F9000 X150 Y176.665
G0 X133.651 Y176.665
G0 X133.651 Y174.72
G1 F1500 E2220.3508
G1 F1800 X133.016 Y174.085 E2220.39679
G0 F9000 X133.016 Y173.462
G1 F1800 X134.273 Y174.72 E2220.48788
G0 F9000 X134.895 Y174.72
G1 F1800 X133.016 Y172.84 E2220.62403
G0 F9000 X133.016 Y172.218
G1 F1800 X135.518 Y174.72 E2220.80527
G0 F9000 X136.14 Y174.72
G1 F1800 X133.016 Y171.596 E2221.03156
G0 F9000 X133.016 Y170.973
G1 F1800 X136.762 Y174.72 E2221.30294
G0 F9000 X137.384 Y174.72
G1 F1800 X133.016 Y170.351 E2221.61938
G0 F9000 X133.016 Y169.729
G1 F1800 X138.007 Y174.72 E2221.98092
G0 F9000 X138.629 Y174.72
G1 F1800 X133.016 Y169.107 E2222.3875
G0 F9000 X133.016 Y168.484
G1 F1800 X139.251 Y174.72 E2222.83919
G0 F9000 X139.873 Y174.72
G1 F1800 X133.016 Y167.862 E2223.33592
G0 F9000 X133.016 Y167.24
G1 F1800 X140.496 Y174.72 E2223.87775
G0 F9000 X141.118 Y174.72
G1 F1800 X133.016 Y166.618 E2224.46463
G0 F9000 X133.016 Y165.995
G1 F1800 X141.741 Y174.72 E2225.09664
G0 F9000 X142.363 Y174.72
G1 F1800 X133.016 Y165.373 E2225.77371
G0 F9000 X133.016 Y164.751
G1 F1800 X142.985 Y174.72 E2226.49583
G0 F9000 X143.608 Y174.72
G1 F1800 X133.016 Y164.129 E2227.26305
G0 F9000 X133.016 Y163.506
G1 F1800 X144.23 Y174.72 E2228.07536
G0 F9000 X144.852 Y174.72
G1 F1800 X133.016 Y162.884 E2228.93272
G0 F9000 X133.016 Y162.262
G1 F1800 X145.474 Y174.72 E2229.83514
G0 F9000 X146.097 Y174.72
G1 F1800 X133.016 Y161.64 E2230.78265
G0 F9000 X133.016 Y161.017
G1 F1800 X146.719 Y174.72 E2231.77525
G0 F9000 X147.341 Y174.72
G1 F1800 X133.016 Y160.395 E2232.81291
G0 F9000 X133.016 Y159.773
G1 F1800 X147.964 Y174.72 E2233.89566
G0 F9000 X148.586 Y174.72
G1 F1800 X133.016 Y159.151 E2235.02347
G0 F9000 X133.016 Y158.528
G1 F1800 X149.208 Y174.72 E2236.19636
G0 F9000 X149.83 Y174.72
G1 F1800 X133.016 Y157.906 E2237.41432
G0 F9000 X133.016 Y157.284
G1 F1800 X150.453 Y174.721 E2238.6774
G0 F9000 X151.075 Y174.721
G1 F1800 X133.016 Y156.662 E2239.98554
G0 F9000 X133.016 Y156.039
G1 F1800 X151.698 Y174.721 E2241.3388
G0 F9000 X152.32 Y174.721
G1 F1800 X133.016 Y155.417 E2242.73712
G0 F9000 X133.016 Y154.795
G1 F1800 X152.942 Y174.721 E2244.1805
G0 F9000 X153.565 Y174.721
G1 F1800 X133.016 Y154.173 E2245.66897
G0 F9000 X133.016 Y153.55
G1 F1800 X154.187 Y174.721 E2247.20253
G0 F9000 X154.809 Y174.721
G1 F1800 X133.016 Y152.928 E2248.78115
G0 F9000 X133.016 Y152.306
G1 F1800 X155.431 Y174.721 E2250.40482
G0 F9000 X156.054 Y174.721
G1 F1800 X133.016 Y151.684 E2252.07359
G0 F9000 X133.016 Y151.061
G1 F1800 X156.676 Y174.721 E2253.78744
G0 F9000 X157.298 Y174.721
G1 F1800 X133.016 Y150.439 E2255.54636
G0 F9000 X133.016 Y149.817
G1 F1800 X157.92 Y174.721 E2257.35032
G0 F9000 X158.543 Y174.722
G1 F1800 X133.016 Y149.195 E2259.19942
G0 F9000 X133.016 Y148.572
G1 F1800 X159.165 Y174.722 E2261.09361
G0 F9000 X159.788 Y174.722
G1 F1800 X133.016 Y147.95 E2263.03289
G0 F9000 X133.016 Y147.328
G1 F1800 X160.41 Y174.722 E2265.01722
G0 F9000 X161.032 Y174.722
G1 F1800 X133.016 Y146.706 E2267.04662
G0 F9000 X133.016 Y146.083
G1 F1800 X161.655 Y174.722 E2269.12113
G0 F9000 X162.277 Y174.722
G1 F1800 X133.016 Y145.461 E2271.24071
G0 F9000 X133.016 Y144.839
G1 F1800 X162.899 Y174.722 E2273.40534
G0 F9000 X163.521 Y174.722
G1 F1800 X133.016 Y144.217 E2275.61503
G0 F9000 X133.016 Y143.594
G1 F1800 X164.144 Y174.722 E2277.86984
G0 F9000 X164.766 Y174.722
G1 F1800 X133.016 Y142.972 E2280.16971
G0 F9000 X133.016 Y142.35
G1 F1800 X165.388 Y174.722 E2282.51464
G0 F9000 X166.01 Y174.722
G1 F1800 X133.016 Y141.728 E2284.90462
G0 F9000 X133.016 Y141.105
G1 F1800 X166.633 Y174.722 E2287.33973
G0 F9000 X166.984 Y174.451
G1 F1800 X133.016 Y140.483 E2289.80027
G0 F9000 X133.016 Y139.861
G1 F1800 X166.984 Y173.829 E2292.26081
G0 F9000 X166.984 Y173.207
G1 F1800 X133.016 Y139.239 E2294.72134
G0 F9000 X133.016 Y138.616
G1 F1800 X166.984 Y172.584 E2297.18188
G0 F9000 X166.984 Y171.962
G1 F1800 X133.016 Y137.994 E2299.64241
G0 F9000 X133.016 Y137.372
G1 F1800 X166.984 Y171.34 E2302.10295
G0 F9000 X166.984 Y170.717
G1 F1800 X133.016 Y136.75 E2304.56345
G0 F9000 X133.016 Y136.127
G1 F1800 X166.984 Y170.095 E2307.02399
G0 F9000 X166.984 Y169.473
G1 F1800 X133.016 Y135.505 E2309.48452
G0 F9000 X133.016 Y134.883
G1 F1800 X166.984 Y168.851 E2311.94506
G0 F9000 X166.984 Y168.228
G1 F1800 X133.016 Y134.26 E2314.40559
G0 F9000 X133.016 Y133.638
G1 F1800 X166.984 Y167.606 E2316.86613
G0 F9000 X166.984 Y166.984
G1 F1800 X133.016 Y133.016 E2319.32666
G0 F9000 X133.016 Y132.394
G1 F1800 X166.984 Y166.362 E2321.7872
G0 F9000 X166.984 Y165.739
G1 F1800 X133.016 Y131.771 E2324.24774
G0 F9000 X133.016 Y131.149
G1 F1800 X166.984 Y165.117 E2326.70827
G0 F9000 X166.984 Y164.495
G1 F1800 X133.016 Y130.527 E2329.16881
G0 F9000 X133.016 Y129.905
G1 F1800 X166.984 Y163.873 E2331.62934
G0 F9000 X166.984 Y163.25
G1 F1800 X133.016 Y129.282 E2334.08988
G0 F9000 X133.016 Y128.66
G1 F1800 X166.984 Y162.628 E2336.55042
G0 F9000 X166.984 Y162.006
G1 F1800 X133.016 Y128.038 E2339.01095
G0 F9000 X133.016 Y127.416
G1 F1800 X166.984 Y161.384 E2341.47149
G0 F9000 X166.984 Y160.761
G1 F1800 X133.016 Y126.793 E2343.93202
G0 F9000 X133.016 Y126.171
G1 F1800 X166.984 Y160.139 E2346.39256
G0 F9000 X166.984 Y159.517
G1 F1800 X133.016 Y125.549 E2348.8531
G0 F9000 X133.365 Y125.276
G1 F1800 X166.984 Y158.895 E2351.28835
G0 F9000 X166.984 Y158.272
G1 F1800 X133.988 Y125.276 E2353.67848
G0 F9000 X134.61 Y125.276
G1 F1800 X166.984 Y157.65 E2356.02355
G0 F9000 X166.984 Y157.028
G1 F1800 X135.232 Y125.276 E2358.32357
G0 F9000 X135.854 Y125.276
G1 F1800 X166.984 Y156.406 E2360.57853
G0 F9000 X166.984 Y155.783
G1 F1800 X136.477 Y125.276 E2362.78836
G0 F9000 X137.099 Y125.276
G1 F1800 X166.984 Y155.161 E2364.95313
G0 F9000 X166.984 Y154.539
G1 F1800 X137.721 Y125.276 E2367.07285
G0 F9000 X138.343 Y125.276
G1 F1800 X166.984 Y153.917 E2369.14752
G0 F9000 X166.984 Y153.294
G1 F1800 X138.966 Y125.276 E2371.17705
G0 F9000 X139.588 Y125.276
G1 F1800 X166.984 Y152.672 E2373.16154
G0 F9000 X166.984 Y152.05
G1 F1800 X140.21 Y125.276 E2375.10096
G0 F9000 X140.832 Y125.276
G1 F1800 X166.984 Y151.428 E2376.99533
G0 F9000 X166.984 Y150.805
G1 F1800 X141.455 Y125.276 E2378.84457
G0 F9000 X142.077 Y125.276
G1 F1800 X166.984 Y150.183 E2380.64876
G0 F9000 X166.984 Y149.561
G1 F1800 X142.699 Y125.276 E2382.40789
G0 F9000 X143.321 Y125.276
G1 F1800 X166.984 Y148.939 E2384.12196
G0 F9000 X166.984 Y148.316
G1 F1800 X143.944 Y125.276 E2385.79091
G0 F9000 X144.566 Y125.276
G1 F1800 X166.984 Y147.694 E2387.4148
G0 F9000 X166.984 Y147.072
G1 F1800 X145.188 Y125.276 E2388.99363
G0 F9000 X145.81 Y125.276
G1 F1800 X166.984 Y146.45 E2390.52741
G0 F9000 X166.984 Y145.827
G1 F1800 X146.433 Y125.276 E2392.01606
G0 F9000 X147.055 Y125.276
G1 F1800 X166.984 Y145.205 E2393.45965
G0 F9000 X166.984 Y144.583
G1 F1800 X147.677 Y125.276 E2394.85819
G0 F9000 X148.299 Y125.276
G1 F1800 X166.984 Y143.961 E2396.21167
G0 F9000 X166.984 Y143.338
G1 F1800 X148.922 Y125.276 E2397.52003
G0 F9000 X149.544 Y125.276
G1 F1800 X166.984 Y142.716 E2398.78333
G0 F9000 X166.984 Y142.094
G1 F1800 X150.166 Y125.276 E2400.00157
G0 F9000 X150.788 Y125.276
G1 F1800 X166.984 Y141.472 E2401.17476
G0 F9000 X166.984 Y140.849
G1 F1800 X151.411 Y125.276 E2402.30282
G0 F9000 X152.033 Y125.276
G1 F1800 X166.984 Y140.227 E2403.38582
G0 F9000 X166.984 Y139.605
G1 F1800 X152.655 Y125.276 E2404.42377
G0 F9000 X153.277 Y125.276
G1 F1800 X166.984 Y138.983 E2405.41666
G0 F9000 X166.984 Y138.36
G1 F1800 X153.9 Y125.276 E2406.36443
G0 F9000 X154.522 Y125.276
G1 F1800 X166.984 Y137.738 E2407.26714
G0 F9000 X166.984 Y137.116
G1 F1800 X155.144 Y125.276 E2408.12479
G0 F9000 X155.766 Y125.276
G1 F1800 X166.984 Y136.494 E2408.93739
G0 F9000 X166.984 Y135.871
G1 F1800 X156.389 Y125.276 E2409.70485
G0 F9000 X157.011 Y125.276
G1 F1800 X166.984 Y135.249 E2410.42727
G0 F9000 X166.984 Y134.627
G1 F1800 X157.633 Y125.276 E2411.10462
G0 F9000 X158.255 Y125.276
G1 F1800 X166.984 Y134.005 E2411.73693
G0 F9000 X166.984 Y133.382
G1 F1800 X158.878 Y125.276 E2412.3241
G0 F9000 X159.5 Y125.276
G1 F1800 X166.984 Y132.76 E2412.86622
G0 F9000 X166.984 Y132.138
G1 F1800 X160.122 Y125.276 E2413.36328
G0 F9000 X160.744 Y125.276
G1 F1800 X166.984 Y131.515 E2413.81525
G0 F9000 X166.984 Y130.893
G1 F1800 X161.367 Y125.276 E2414.22213
G0 F9000 X161.989 Y125.276
G1 F1800 X166.984 Y130.271 E2414.58395
G0 F9000 X166.984 Y129.649
G1 F1800 X162.611 Y125.276 E2414.90072
G0 F9000 X163.233 Y125.276
G1 F1800 X166.984 Y129.026 E2415.17239
G0 F9000 X166.984 Y128.404
G1 F1800 X163.856 Y125.276 E2415.39897
G0 F9000 X164.478 Y125.276
G1 F1800 X166.984 Y127.782 E2415.5805
G0 F9000 X166.984 Y127.16
G1 F1800 X165.1 Y125.276 E2415.71697
G0 F9000 X165.722 Y125.276
G1 F1800 X166.984 Y126.537 E2415.80835
G0 F9000 X166.984 Y125.915
G1 F1800 X166.345 Y125.276 E2415.85464
G0 F9000 X167.82 Y125.32
G1 F1500 E2413.85464
;MESH:NONMESH
G0 F300 Z3.36
G0 F9000 X167.408 Y124.908
G0 X123.267 Y126.547
;TIME_ELAPSED:2101.837792
;LAYER:11
;TYPE:WALL-INNER
;MESH:custom_clip.stl
G1 F1500 E2415.85464
G1 F1218.5 X123.349 Y126.227 E2415.87963
G1 F1233.6 X123.43 Y125.987 E2415.89856
G1 F1237.5 X123.587 Y125.656 E2415.92586
G1 X123.835 Y125.275 E2415.95973
G1 X124.162 Y124.935 E2415.99487
G1 X124.392 Y124.76 E2416.0164
G1 X123.261 Y124.761 E2416.10067
G1 F1222.2 X123.267 Y126.547 E2416.23539
G1 F1249.2 X123.246 Y127.124 E2416.278
G1 F1211 X123.288 Y127.669 E2416.31962
G1 F1500 E2414.31962
G0 F9000 X123.431 Y128.37
G0 X123.408 Y171.662
G0 X123.267 Y172.547
G1 F1500 E2416.31962
G1 F1249.2 X123.246 Y173.124 E2416.36223
G1 F1259.1 X123.262 Y173.377 E2416.38079
G1 F1500 E2414.38079
G0 F9000 X124.341 Y175.237
G1 F1500 E2416.38079
G1 F1289.9 X123.835 Y174.733 E2416.43184
G1 F1458.6 X123.625 Y174.251 E2416.46508
G1 F1859.2 X123.482 Y173.758 E2416.49053
G1 F1903.8 X123.403 Y173.649 E2416.49705
G1 F1429.6 X123.262 Y173.377 E2416.51681
G1 F1559.1 X123.125 Y173.825 E2416.54451
G1 F1859.2 X123.181 Y174.378 E2416.57208
G1 F1404.3 X123.263 Y174.914 E2416.60768
G1 F1227.9 X123.263 Y175.237 E2416.63193
G1 F1249.2 X124.341 Y175.237 E2416.71149
G1 F1500 E2414.71149
G0 F9000 X150 Y175.34
G1 F1500 E2416.71149
G1 F1800 X176.84 Y175.34 E2418.08625
G1 X176.84 Y124.66 E2420.68211
G1 X127.266 Y124.661 E2423.22132
G1 X127.543 Y124.832 E2423.238
G1 X127.835 Y125.06 E2423.25697
G1 X128.229 Y125.514 E2423.28776
G1 X128.47 Y126.016 E2423.31629
G1 X128.569 Y126.322 E2423.33276
G1 X128.668 Y126.772 E2423.35636
G1 X128.636 Y127.478 E2423.39256
G1 X128.467 Y127.982 E2423.41979
G1 X128.27 Y128.414 E2423.44411
G1 X127.956 Y128.802 E2423.46967
G1 X127.598 Y129.141 E2423.49493
G1 X127.073 Y129.444 E2423.52597
G1 X126.579 Y129.603 E2423.55255
G1 X126.215 Y129.651 E2423.57136
G1 X125.868 Y129.656 E2423.58914
G1 X125.422 Y129.605 E2423.61213
G1 X124.926 Y129.445 E2423.63882
G1 X124.4 Y129.149 E2423.66974
G1 X124.016 Y128.77 E2423.69737
G1 X123.807 Y128.505 E2423.71466
G1 X123.643 Y128.24 E2423.73062
G1 X123.588 Y128.132 E2423.73683
G1 F1571.4 X123.279 Y127.656 E2423.77013
G1 X123.16 Y128.212 E2423.80349
G1 F1800 X123.161 Y171.96 E2426.04429
G1 F1703.2 X123.186 Y172.213 E2426.05805
G1 F1382.2 X123.267 Y172.547 E2426.08097
G1 X123.421 Y172.251 E2426.10323
G1 F1703.2 X123.561 Y171.932 E2426.12209
G1 F1800 X123.717 Y171.631 E2426.13945
G1 X123.925 Y171.317 E2426.15874
G1 X124.277 Y170.959 E2426.18446
G1 X124.705 Y170.664 E2426.21108
G1 X125.054 Y170.511 E2426.2306
G1 X125.491 Y170.375 E2426.25405
G1 X125.961 Y170.34 E2426.27819
G1 X126.345 Y170.354 E2426.29787
G1 X126.791 Y170.459 E2426.32134
G1 X127.145 Y170.588 E2426.34063
G1 X127.511 Y170.808 E2426.36251
G1 X127.854 Y171.084 E2426.38506
G1 X128.232 Y171.529 E2426.41496
G1 X128.436 Y171.935 E2426.43824
G1 X128.55 Y172.252 E2426.45549
G1 X128.668 Y172.77 E2426.4827
G1 X128.636 Y173.478 E2426.51901
G1 X128.467 Y173.982 E2426.54623
G1 X128.275 Y174.412 E2426.57035
G1 X127.929 Y174.83 E2426.59815
G1 X127.594 Y175.15 E2426.62188
G1 X127.253 Y175.34 E2426.64187
G1 X150 Y175.34 E2427.80699
G0 F9000 X150 Y175.78
;TYPE:WALL-OUTER
G1 F1800 X177.28 Y175.78 E2429.20428
G1 X177.28 Y124.22 E2431.84522
G1 F1791.9 X152.017 Y124.222 E2433.14509
G1 F1779.8 X126.754 Y124.223 E2434.45378
G1 F1650 X126.366 Y124.256 E2434.47554
G1 F1565.2 X125.892 Y124.25 E2434.50346
G1 F1559.1 X125.571 Y124.257 E2434.52245
G1 F1653.4 X125.158 Y124.221 E2434.54556
G1 F1791.9 X122.721 Y124.221 E2434.67095
G1 F1800 X122.721 Y175.779 E2437.31179
G1 X125.009 Y175.78 E2437.42898
G1 F1643.2 X125.496 Y175.738 E2437.45641
G1 F1543.9 X125.868 Y175.749 E2437.47863
G1 X126.5 Y175.738 E2437.51638
G1 F1643.2 X126.987 Y175.78 E2437.54381
G1 F1800 X150 Y175.78 E2438.72255
G1 F1500 E2436.72255
G0 F9000 X126.161 Y175.246
G1 F1500 E2438.72255
G1 F1571.4 X125.835 Y175.246 E2438.74167
G1 F1540.9 X125.53 Y175.216 E2438.76001
G1 F1643.2 X125.084 Y175.029 E2438.78715
G1 F1800 X124.668 Y174.796 E2438.81157
G1 X124.357 Y174.492 E2438.83384
G1 X124.181 Y174.273 E2438.84823
G1 X123.998 Y173.972 E2438.86628
G1 X123.858 Y173.612 E2438.88606
G1 X123.772 Y173.111 E2438.9121
G1 X123.801 Y172.667 E2438.93489
G1 X123.857 Y172.419 E2438.94791
G1 X123.943 Y172.158 E2438.96199
G1 X124.084 Y171.874 E2438.97823
G1 X124.283 Y171.581 E2438.99637
G1 X124.578 Y171.286 E2439.01774
G1 X124.939 Y171.042 E2439.04006
G1 X125.231 Y170.914 E2439.05639
G1 X125.596 Y170.808 E2439.07586
G1 X125.916 Y170.78 E2439.09231
G1 X126.304 Y170.797 E2439.1122
G1 X126.64 Y170.873 E2439.12985
G1 X126.956 Y170.989 E2439.14709
G1 X127.261 Y171.17 E2439.16525
G1 X127.529 Y171.381 E2439.18273
G1 X127.848 Y171.747 E2439.20759
G1 X128.103 Y172.257 E2439.2368
G1 X128.225 Y172.809 E2439.26576
G1 X128.199 Y173.399 E2439.29601
G1 X128.074 Y173.781 E2439.31659
G1 X127.897 Y174.178 E2439.33886
G1 X127.625 Y174.512 E2439.36092
G1 X127.349 Y174.776 E2439.38048
G1 X126.912 Y175.028 E2439.40632
G1 F1643.2 X126.466 Y175.216 E2439.43348
G1 F1540.9 X126.161 Y175.246 E2439.45182
G1 F1500 E2437.45182
G0 F9000 X126.085 Y174.332
G0 X126.169 Y171.673
G0 X126.157 Y129.215
G1 F1500 E2439.45182
G1 F1800 X125.839 Y129.215 E2439.4681
G1 X125.496 Y129.166 E2439.48585
G1 X125.124 Y129.046 E2439.50587
G1 X124.666 Y128.794 E2439.53265
G1 X124.357 Y128.492 E2439.55478
G1 X124.181 Y128.273 E2439.56917
G1 X123.998 Y127.972 E2439.58721
G1 X123.858 Y127.612 E2439.607
G1 X123.772 Y127.111 E2439.63303
G1 X123.801 Y126.667 E2439.65582
G1 X123.857 Y126.419 E2439.66885
G1 X123.943 Y126.158 E2439.68292
G1 X124.084 Y125.874 E2439.69916
G1 X124.265 Y125.602 E2439.7159
G1 X124.578 Y125.287 E2439.73864
G1 X124.939 Y125.042 E2439.76099
G1 X125.231 Y124.914 E2439.77732
G1 F1656.9 X125.593 Y124.771 E2439.79898
G1 F1559.1 X125.914 Y124.75 E2439.818
G1 F1565.2 X126.311 Y124.762 E2439.8414
G1 F1629.6 X126.614 Y124.856 E2439.85935
G1 F1760 X126.973 Y124.998 E2439.87957
G1 F1800 X127.272 Y125.178 E2439.89745
G1 X127.543 Y125.395 E2439.91523
G1 X127.87 Y125.782 E2439.94118
G1 X128.104 Y126.261 E2439.96848
G1 X128.225 Y126.809 E2439.99723
G1 X128.199 Y127.399 E2440.02748
G1 X128.074 Y127.781 E2440.04807
G1 X127.899 Y128.17 E2440.06991
G1 X127.634 Y128.502 E2440.09167
G1 X127.318 Y128.8 E2440.11392
G1 X126.894 Y129.037 E2440.1388
G1 X126.461 Y129.175 E2440.16208
G1 X126.157 Y129.215 E2440.17778
G0 F9000 X125.644 Y129.718
;TYPE:FILL
G1 F3600 X123.249 Y138.654 E2440.65164
G1 X123.249 Y138.558
G1 X132.752 Y148.061 E2441.34001
G0 F9000 X132.52 Y148.061
G0 X132.52 Y150.247
G0 X132.751 Y150.247
G1 F3600 X123.249 Y152.793 E2441.84388
G0 F9000 X123.48 Y152.794
G0 X123.48 Y157.226
G0 X123.249 Y157.225
G1 F3600 X132.752 Y166.729 E2442.53228
G0 F9000 X132.52 Y166.729
G0 X132.52 Y163.913
G0 X132.751 Y163.913
G1 F3600 X123.249 Y166.459 E2443.03615
G1 X123.248 Y166.558
G1 X127.233 Y170.543 E2443.32481
G0 F9000 X127.351 Y170.343
G0 X128.34 Y171.158
G0 X128.165 Y171.309
G1 F3600 X132.752 Y154.191 E2444.23254
G0 F9000 X132.52 Y154.191
G0 X132.52 Y157.08
G0 X132.752 Y157.08
G1 F3600 X123.249 Y159.626 E2444.73645
G0 F9000 X123.48 Y159.627
G0 X123.48 Y164.159
G0 X123.248 Y164.158
G1 F3600 X132.752 Y128.691 E2446.61719
G0 F9000 X132.752 Y129.393
G1 F3600 X128.108 Y124.749 E2446.95358
G0 F9000 X128.108 Y124.981
G0 X128.448 Y125.372
G0 X128.822 Y126.265
G0 X128.928 Y126.75
G0 X128.894 Y127.524
G0 X128.484 Y128.565
G0 X127.75 Y129.357
G0 X127.179 Y129.676
G0 X126.64 Y129.856
G0 X125.867 Y129.915
G0 X125.463 Y129.87
G0 X123.481 Y129.225
G0 X123.249 Y129.224
G1 F3600 X132.752 Y138.727 E2447.64195
G0 F9000 X132.52 Y138.727
G0 X132.52 Y136.581
G0 X132.751 Y136.581
G1 F3600 X123.249 Y139.127 E2448.14582
G0 F9000 X123.481 Y139.128
G0 X123.481 Y132.295
G0 X123.25 Y132.294
G1 F3600 X132.752 Y129.748 E2448.64968
G0 F9000 X132.52 Y129.748
G0 X132.52 Y143.414
G0 X132.752 Y143.414
G1 F3600 X123.25 Y145.96 E2449.15355
G0 F9000 X123.481 Y145.961
G0 X123.481 Y147.892
G0 X123.249 Y147.891
G1 F3600 X132.752 Y157.395 E2449.84195
G0 F9000 X132.52 Y157.395
G0 X132.52 Y170.745
G0 X132.752 Y170.745
G1 F3600 X128.506 Y171.883 E2450.06711
G1 X128.44 Y171.751
G1 X131.94 Y175.251 E2450.32064
G1 F1500 E2448.32064
G0 F9000 X131.94 Y175.019
G0 X132.6 Y175.02
G0 X132.6 Y176.665
G0 X167.4 Y176.665
G0 X167.4 Y175.02
G0 X167.249 Y175.168
G1 F1500 E2450.32064
G1 F3600 X176.751 Y172.621 E2450.82452
G0 F9000 X176.752 Y173.393
G1 F3600 X167.248 Y163.889 E2451.51296
G0 F9000 X167.48 Y163.889
G0 X167.48 Y161.502
G0 X167.249 Y161.502
G1 F3600 X176.751 Y158.956 E2452.01683
G0 F9000 X176.52 Y158.956
G0 X176.52 Y154.726
G0 X176.752 Y154.726
G1 F3600 X167.248 Y145.221 E2452.7053
G0 F9000 X167.48 Y145.221
G0 X167.48 Y147.836
G0 X167.249 Y147.836
G1 F3600 X176.751 Y145.29 E2453.20917
G1 X176.752 Y145.392
G1 X167.248 Y135.888 E2453.89761
G0 F9000 X167.48 Y135.888
G0 X167.48 Y134.171
G0 X167.249 Y134.171
G1 F3600 X176.752 Y131.624 E2454.40154
G0 F9000 X176.52 Y131.624
G0 X176.52 Y136.058
G0 X176.752 Y136.058
G1 F3600 X167.248 Y126.554 E2455.08998
G0 F9000 X167.248 Y127.338
G1 F3600 X176.751 Y124.792 E2455.5939
G0 F9000 X176.55 Y124.95
G0 X176.52 Y126.724
G0 X176.752 Y126.724
G1 F3600 X174.776 Y124.748 E2455.73703
G1 X174.805 Y124.748
G1 X167.248 Y152.951 E2457.23257
G0 F9000 X167.48 Y152.951
G0 X167.48 Y154.555
G0 X167.248 Y154.555
G1 F3600 X176.752 Y164.059 E2457.92101
G0 F9000 X176.52 Y164.059
G0 X176.52 Y165.788
G0 X176.752 Y165.788
G1 F3600 X167.249 Y168.335 E2458.42494
G0 F9000 X167.48 Y168.335
G0 X167.48 Y173.223
G0 X167.248 Y173.223
G1 F3600 X169.276 Y175.251 E2458.57184
G0 F9000 X169.276 Y175.02
G0 X168.105 Y175.02
G0 X168.105 Y175.252
G1 F3600 X176.751 Y142.985 E2460.28288
G0 F9000 X176.52 Y142.985
G0 X176.52 Y138.457
G0 X176.751 Y138.457
G1 F3600 X167.248 Y141.004 E2460.7868
G0 F9000 X167.48 Y141.004
G0 X167.48 Y127.452
G0 X167.248 Y127.452
G1 F3600 X167.973 Y124.747 E2460.93025
G0 F9000 X167.973 Y124.98
G0 X176.52 Y152.123
G0 X176.752 Y152.123
G1 F3600 X167.248 Y154.669 E2461.43421
G0 F9000 X167.48 Y154.669
G0 X176.52 Y168.484
G0 X176.752 Y168.484
G1 F3600 X174.938 Y175.253 E2461.79316
G1 F1500 E2459.79316
G0 F9000 X174.938 Y175.02
G0 X167.4 Y174.942
G0 X167.4 Y176.665
G0 X150 Y176.665
G0 X150 Y174.942
;TYPE:SKIN
G1 F1500 E2461.79316
G1 F1800 X132.796 Y174.94 E2462.67436
G1 X132.796 Y125.056 E2465.22945
G1 X167.204 Y125.056 E2466.99185
G1 X167.204 Y174.943 E2469.54709
G1 X150 Y174.942 E2470.42829
G1 F1500 E2468.42829
G0 F9000 X150 Y176.665
G0 X167.4 Y176.665
G0 X167.4 Y174.942
G0 X166.895 Y174.723
G1 F1500 E2470.42829
G1 F1800 X166.984 Y174.633 E2470.43477
G0 F9000 X166.984 Y174.011
G1 F1800 X166.273 Y174.723 E2470.48631
G0 F9000 X165.65 Y174.723
G1 F1800 X166.984 Y173.389 E2470.58294
G0 F9000 X166.984 Y172.767
G1 F1800 X165.028 Y174.723 E2470.72463
G0 F9000 X164.406 Y174.723
G1 F1800 X166.984 Y172.144 E2470.9114
G0 F9000 X166.984 Y171.522
G1 F1800 X163.784 Y174.723 E2471.14324
G0 F9000 X163.161 Y174.723
G1 F1800 X166.984 Y170.9 E2471.42017
G0 F9000 X166.984 Y170.278
G1 F1800 X162.539 Y174.723 E2471.74215
G0 F9000 X161.917 Y174.723
G1 F1800 X166.984 Y169.655 E2472.10922
G0 F9000 X166.984 Y169.033
G1 F1800 X161.295 Y174.723 E2472.52135
G0 F9000 X160.672 Y174.723
G1 F1800 X166.984 Y168.411 E2472.97857
G0 F9000 X166.984 Y167.789
G1 F1800 X160.05 Y174.723 E2473.48085
G0 F9000 X159.428 Y174.723
G1 F1800 X166.984 Y167.166 E2474.02822
G0 F9000 X166.984 Y166.544
G1 F1800 X158.806 Y174.723 E2474.62064
G0 F9000 X158.184 Y174.722
G1 F1800 X166.984 Y165.922 E2475.25809
G0 F9000 X166.984 Y165.3
G1 F1800 X157.562 Y174.722 E2475.94059
G0 F9000 X156.94 Y174.722
G1 F1800 X166.984 Y164.677 E2476.66818
G0 F9000 X166.984 Y164.055
G1 F1800 X156.317 Y174.722 E2477.44087
G0 F9000 X155.695 Y174.722
G1 F1800 X166.984 Y163.433 E2478.25861
G0 F9000 X166.984 Y162.811
G1 F1800 X155.073 Y174.722 E2479.1214
G0 F9000 X154.451 Y174.722
G1 F1800 X166.984 Y162.188 E2480.02929
G0 F9000 X166.984 Y161.566
G1 F1800 X153.828 Y174.722 E2480.98227
G0 F9000 X153.206 Y174.722
G1 F1800 X166.984 Y160.944 E2481.9803
G0 F9000 X166.984 Y160.322
G1 F1800 X152.584 Y174.722 E2483.02339
G0 F9000 X151.961 Y174.722
G1 F1800 X166.984 Y159.699 E2484.11161
G0 F9000 X166.984 Y159.077
G1 F1800 X151.339 Y174.722 E2485.24489
G0 F9000 X150.717 Y174.722
G1 F1800 X166.984 Y158.455 E2486.42322
G0 F9000 X166.984 Y157.833
G1 F1800 X150.095 Y174.722 E2487.64661
G0 F9000 X149.473 Y174.721
G1 F1800 X166.984 Y157.21 E2488.91505
G0 F9000 X166.984 Y156.588
G1 F1800 X148.851 Y174.721 E2490.22855
G0 F9000 X148.229 Y174.721
G1 F1800 X166.984 Y155.966 E2491.5871
G0 F9000 X166.984 Y155.344
G1 F1800 X147.606 Y174.721 E2492.99075
G0 F9000 X146.984 Y174.721
G1 F1800 X166.984 Y154.721 E2494.43948
G0 F9000 X166.984 Y154.099
G1 F1800 X146.362 Y174.721 E2495.93328
G0 F9000 X145.74 Y174.721
G1 F1800 X166.984 Y153.477 E2497.47212
G0 F9000 X166.984 Y152.855
G1 F1800 X145.117 Y174.721 E2499.05607
G0 F9000 X144.495 Y174.721
G1 F1800 X166.984 Y152.232 E2500.6851
G0 F9000 X166.984 Y151.61
G1 F1800 X143.873 Y174.721 E2502.35919
G0 F9000 X143.251 Y174.721
G1 F1800 X166.984 Y150.988 E2504.07833
G0 F9000 X166.984 Y150.366
G1 F1800 X142.628 Y174.721 E2505.84257
G0 F9000 X142.006 Y174.721
G1 F1800 X166.984 Y149.743 E2507.6519
G0 F9000 X166.984 Y149.121
G1 F1800 X141.385 Y174.72 E2509.50621
G0 F9000 X140.762 Y174.72
G1 F1800 X166.984 Y148.499 E2511.40561
G0 F9000 X166.984 Y147.877
G1 F1800 X140.14 Y174.72 E2513.35007
G0 F9000 X139.518 Y174.72
G1 F1800 X166.984 Y147.254 E2515.33962
G0 F9000 X166.984 Y146.632
G1 F1800 X138.896 Y174.72 E2517.37423
G0 F9000 X138.273 Y174.72
G1 F1800 X166.984 Y146.01 E2519.45393
G0 F9000 X166.984 Y145.388
G1 F1800 X137.651 Y174.72 E2521.57868
G0 F9000 X137.029 Y174.72
G1 F1800 X166.984 Y144.765 E2523.74853
G0 F9000 X166.984 Y144.143
G1 F1800 X136.407 Y174.72 E2525.96343
G0 F9000 X135.784 Y174.72
G1 F1800 X166.984 Y143.521 E2528.22343
G0 F9000 X166.984 Y142.899
G1 F1800 X135.162 Y174.72 E2530.52848
G0 F9000 X134.54 Y174.72
G1 F1800 X166.984 Y142.276 E2532.87862
G0 F9000 X166.984 Y141.654
G1 F1800 X133.918 Y174.72 E2535.27382
G0 F9000 X133.295 Y174.72
G1 F1800 X166.984 Y141.032 E2537.71411
G0 F9000 X166.984 Y140.409
G1 F1800 X133.016 Y174.377 E2540.17464
G0 F9000 X133.016 Y173.755
G1 F1800 X166.984 Y139.787 E2542.63518
G0 F9000 X166.984 Y139.165
G1 F1800 X133.016 Y173.133 E2545.09571
G0 F9000 X133.016 Y172.511
G1 F1800 X166.984 Y138.543 E2547.55625
G0 F9000 X166.984 Y137.92
G1 F1800 X133.016 Y171.888 E2550.01679
G0 F9000 X133.016 Y171.266
G1 F1800 X166.984 Y137.298 E2552.47732
G0 F9000 X166.984 Y136.676
G1 F1800 X133.016 Y170.644 E2554.93786
G0 F9000 X133.016 Y170.022
G1 F1800 X166.984 Y136.054 E2557.39839
G0 F9000 X166.984 Y135.431
G1 F1800 X133.016 Y169.399 E2559.85893
G0 F9000 X133.016 Y168.777
G1 F1800 X166.984 Y134.809 E2562.31947
G0 F9000 X166.984 Y134.187
G1 F1800 X133.016 Y168.155 E2564.78
G0 F9000 X133.016 Y167.533
G1 F1800 X166.984 Y133.565 E2567.24054
G0 F9000 X166.984 Y132.942
G1 F1800 X133.016 Y166.91 E2569.70107
G0 F9000 X133.016 Y166.288
G1 F1800 X166.984 Y132.32 E2572.16161
G0 F9000 X166.984 Y131.698
G1 F1800 X133.016 Y165.666 E2574.62215
G0 F9000 X133.016 Y165.044
G1 F1800 X166.984 Y131.076 E2577.08268
G0 F9000 X166.984 Y130.453
G1 F1800 X133.016 Y164.421 E2579.54322
G0 F9000 X133.016 Y163.799
G1 F1800 X166.984 Y129.831 E2582.00375
G0 F9000 X166.984 Y129.209
G1 F1800 X133.016 Y163.177 E2584.46429
G0 F9000 X133.016 Y162.555
G1 F1800 X166.984 Y128.587 E2586.92482
G0 F9000 X166.984 Y127.964
G1 F1800 X133.016 Y161.932 E2589.38536
G0 F9000 X133.016 Y161.31
G1 F1800 X166.984 Y127.342 E2591.8459
G0 F9000 X166.984 Y126.72
G1 F1800 X133.016 Y160.688 E2594.30643
G0 F9000 X133.016 Y160.066
G1 F1800 X166.984 Y126.098 E2596.76697
G0 F9000 X166.984 Y125.475
G1 F1800 X133.016 Y159.443 E2599.2275
G0 F9000 X133.016 Y158.821
G1 F1800 X166.561 Y125.276 E2601.6574
G0 F9000 X165.939 Y125.276
G1 F1800 X133.016 Y158.199 E2604.04224
G0 F9000 X133.016 Y157.577
G1 F1800 X165.317 Y125.276 E2606.38202
G0 F9000 X164.694 Y125.276
G1 F1800 X133.016 Y156.954 E2608.67668
G0 F9000 X133.016 Y156.332
G1 F1800 X164.072 Y125.276 E2610.92628
G0 F9000 X163.45 Y125.276
G1 F1800 X133.016 Y155.71 E2613.13082
G0 F9000 X133.016 Y155.088
G1 F1800 X162.828 Y125.276 E2615.29031
G0 F9000 X162.205 Y125.276
G1 F1800 X133.016 Y154.465 E2617.40467
G0 F9000 X133.016 Y153.843
G1 F1800 X161.583 Y125.276 E2619.47397
G0 F9000 X160.961 Y125.276
G1 F1800 X133.016 Y153.221 E2621.49822
G0 F9000 X133.016 Y152.599
G1 F1800 X160.339 Y125.276 E2623.47742
G0 F9000 X159.716 Y125.276
G1 F1800 X133.016 Y151.976 E2625.41148
G0 F9000 X133.016 Y151.354
G1 F1800 X159.094 Y125.276 E2627.30049
G0 F9000 X158.472 Y125.276
G1 F1800 X133.016 Y150.732 E2629.14444
G0 F9000 X133.016 Y150.11
G1 F1800 X157.85 Y125.276 E2630.94334
G0 F9000 X157.227 Y125.276
G1 F1800 X133.016 Y149.487 E2632.69711
G0 F9000 X133.016 Y148.865
G1 F1800 X156.605 Y125.276 E2634.40582
G0 F9000 X155.983 Y125.276
G1 F1800 X133.016 Y148.243 E2636.06948
G0 F9000 X133.016 Y147.621
G1 F1800 X155.361 Y125.276 E2637.68808
G0 F9000 X154.738 Y125.276
G1 F1800 X133.016 Y146.998 E2639.26156
G0 F9000 X133.016 Y146.376
G1 F1800 X154.116 Y125.276 E2640.78997
G0 F9000 X153.494 Y125.276
G1 F1800 X133.016 Y145.754 E2642.27334
G0 F9000 X133.016 Y145.132
G1 F1800 X152.872 Y125.276 E2643.71164
G0 F9000 X152.249 Y125.276
G1 F1800 X133.016 Y144.509 E2645.10482
G0 F9000 X133.016 Y143.887
G1 F1800 X151.627 Y125.276 E2646.45294
G0 F9000 X151.005 Y125.276
G1 F1800 X133.016 Y143.265 E2647.75601
G0 F9000 X133.016 Y142.643
G1 F1800 X150.383 Y125.276 E2649.01402
G0 F9000 X149.76 Y125.276
G1 F1800 X133.016 Y142.02 E2650.22691
G0 F9000 X133.016 Y141.398
G1 F1800 X149.138 Y125.276 E2651.39473
G0 F9000 X148.516 Y125.276
G1 F1800 X133.016 Y140.776 E2652.5175
G0 F9000 X133.016 Y140.154
G1 F1800 X147.894 Y125.276 E2653.59522
G0 F9000 X147.271 Y125.276
G1 F1800 X133.016 Y139.531 E2654.62781
G0 F9000 X133.016 Y138.909
G1 F1800 X146.649 Y125.276 E2655.61534
G0 F9000 X146.027 Y125.276
G1 F1800 X133.016 Y138.287 E2656.55782
G0 F9000 X133.016 Y137.664
G1 F1800 X145.404 Y125.276 E2657.45516
G0 F9000 X144.782 Y125.276
G1 F1800 X133.016 Y137.042 E2658.30746
G0 F9000 X133.016 Y136.42
G1 F1800 X144.16 Y125.276 E2659.11469
G0 F9000 X143.538 Y125.276
G1 F1800 X133.016 Y135.798 E2659.87687
G0 F9000 X133.016 Y135.175
G1 F1800 X142.915 Y125.276 E2660.59393
G0 F9000 X142.293 Y125.276
G1 F1800 X133.016 Y134.553 E2661.26592
G0 F9000 X133.016 Y133.931
G1 F1800 X141.671 Y125.276 E2661.89286
G0 F9000 X141.049 Y125.276
G1 F1800 X133.016 Y133.309 E2662.47475
G0 F9000 X133.016 Y132.686
G1 F1800 X140.426 Y125.276 E2663.01151
G0 F9000 X139.804 Y125.276
G1 F1800 X133.016 Y132.064 E2663.50321
G0 F9000 X133.016 Y131.442
G1 F1800 X139.182 Y125.276 E2663.94985
G0 F9000 X138.56 Y125.276
G1 F1800 X133.016 Y130.82 E2664.35144
G0 F9000 X133.016 Y130.197
G1 F1800 X137.937 Y125.276 E2664.70791
G0 F9000 X137.315 Y125.276
G1 F1800 X133.016 Y129.575 E2665.01931
G0 F9000 X133.016 Y128.953
G1 F1800 X136.693 Y125.276 E2665.28566
G0 F9000 X136.071 Y125.276
G1 F1800 X133.016 Y128.331 E2665.50696
G0 F9000 X133.016 Y127.708
G1 F1800 X135.448 Y125.276 E2665.68312
G0 F9000 X134.826 Y125.276
G1 F1800 X133.016 Y127.086 E2665.81424
G0 F9000 X133.016 Y126.464
G1 F1800 X134.204 Y125.276 E2665.90029
G0 F9000 X133.582 Y125.276
G1 F1800 X133.016 Y125.842 E2665.94129
G0 F9000 X132.18 Y125.842
G1 F1500 E2663.94129
;MESH:NONMESH
G0 F300 Z3.64
G0 F9000 X128.696 Y125.938
G0 X127.23 Y126.482
G0 X124.68 Y126.804
G0 X123.255 Y126.666
;TIME_ELAPSED:2286.858914
;LAYER:12
;TYPE:WALL-INNER
;MESH:custom_clip.stl
G1 F1500 E2665.94129
G1 F1275.4 X123.246 Y126.828 E2665.95302
G1 F1271.3 X123.256 Y127.262 E2665.9845
G1 F1189.2 X123.287 Y127.668 E2666.01607
G0 F9000 X123.431 Y128.407
G0 X123.255 Y126.666
G1 F1247.2 X123.352 Y126.22 E2666.04981
G1 F1237.5 X123.472 Y125.888 E2666.07611
G1 X123.634 Y125.576 E2666.1023
G1 X123.835 Y125.275 E2666.12927
G1 X124.162 Y124.935 E2666.16441
G1 X124.392 Y124.76 E2666.18595
G1 X123.261 Y124.761 E2666.27021
G1 F1247.2 X123.255 Y126.666 E2666.41103
G1 F1500 E2664.41103
G0 F9000 X123.255 Y172.666
G1 F1500 E2666.41103
G1 F1275.4 X123.246 Y172.828 E2666.42276
G1 F1261.1 X123.261 Y173.351 E2666.46101
G1 F1500 E2664.46101
G0 F9000 X124.341 Y175.237
G1 F1500 E2666.46101
G1 F1289.9 X123.835 Y174.733 E2666.51205
G1 F1458.6 X123.625 Y174.251 E2666.54529
G1 F1872.3 X123.477 Y173.739 E2666.57153
G1 F1936.4 X123.407 Y173.647 E2666.57704
G1 F1442.6 X123.261 Y173.351 E2666.59813
G1 F1571.4 X123.124 Y173.799 E2666.62561
G1 F1872.3 X123.181 Y174.378 E2666.65426
G1 F1404.3 X123.263 Y174.914 E2666.68986
G1 F1227.9 X123.263 Y175.237 E2666.71412
G1 F1249.2 X124.341 Y175.237 E2666.79368
G1 F1500 E2664.79368
G0 F9000 X150 Y175.34
G1 F1500 E2666.79368
G1 F1800 X176.84 Y175.34 E2668.16844
G1 X176.84 Y124.66 E2670.7643
G1 X127.266 Y124.661 E2673.30351
G1 X127.543 Y124.832 E2673.32018
G1 X127.835 Y125.06 E2673.33916
G1 X128.229 Y125.514 E2673.36995
G1 X128.47 Y126.016 E2673.39847
G1 X128.569 Y126.322 E2673.41494
G1 X128.668 Y126.772 E2673.43855
G1 X128.636 Y127.478 E2673.47474
G1 X128.467 Y127.982 E2673.50197
G1 X128.27 Y128.414 E2673.52629
G1 X127.956 Y128.802 E2673.55186
G1 X127.598 Y129.141 E2673.57711
G1 X127.073 Y129.444 E2673.60816
G1 X126.579 Y129.603 E2673.63474
G1 X126.215 Y129.651 E2673.65355
G1 X125.868 Y129.656 E2673.67132
G1 X125.422 Y129.605 E2673.69431
G1 X124.926 Y129.445 E2673.72101
G1 X124.4 Y129.149 E2673.75192
G1 X124.016 Y128.77 E2673.77956
G1 X123.807 Y128.505 E2673.79685
G1 X123.643 Y128.24 E2673.81281
G1 X123.588 Y128.132 E2673.81902
G1 F1571.4 X123.279 Y127.656 E2673.85231
G1 X123.16 Y128.212 E2673.88567
G1 F1800 X123.16 Y172.205 E2676.13902
G1 F1480.4 X123.255 Y172.666 E2676.16833
G1 X123.447 Y172.252 E2676.19676
G1 F1800 X123.561 Y171.932 E2676.21416
G1 X123.717 Y171.631 E2676.23152
G1 X123.925 Y171.317 E2676.25081
G1 X124.277 Y170.959 E2676.27653
G1 X124.705 Y170.664 E2676.30315
G1 X125.054 Y170.511 E2676.32267
G1 X125.491 Y170.375 E2676.34611
G1 X125.961 Y170.34 E2676.37026
G1 X126.345 Y170.354 E2676.38994
G1 X126.791 Y170.459 E2676.41341
G1 X127.145 Y170.588 E2676.4327
G1 X127.511 Y170.808 E2676.45458
G1 X127.854 Y171.084 E2676.47713
G1 X128.232 Y171.529 E2676.50703
G1 X128.436 Y171.935 E2676.53031
G1 X128.55 Y172.252 E2676.54756
G1 X128.668 Y172.77 E2676.57477
G1 X128.636 Y173.478 E2676.61108
G1 X128.467 Y173.982 E2676.6383
G1 X128.275 Y174.412 E2676.66242
G1 X127.929 Y174.83 E2676.69022
G1 X127.594 Y175.15 E2676.71395
G1 X127.253 Y175.34 E2676.73394
G1 X150 Y175.34 E2677.89906
G0 F9000 X150 Y175.78
;TYPE:WALL-OUTER
G1 F1800 X177.28 Y175.78 E2679.29635
G1 X177.28 Y124.22 E2681.93729
G1 F1791.9 X152.017 Y124.222 E2683.23716
G1 F1779.8 X126.754 Y124.223 E2684.54585
G1 F1650 X126.366 Y124.256 E2684.56761
G1 F1565.2 X125.892 Y124.25 E2684.59553
G1 F1559.1 X125.571 Y124.257 E2684.61452
G1 F1653.4 X125.158 Y124.221 E2684.63763
G1 F1791.9 X122.721 Y124.221 E2684.76302
G1 F1800 X122.721 Y175.779 E2687.40386
G1 X125.009 Y175.78 E2687.52105
G1 F1643.2 X125.496 Y175.738 E2687.54848
G1 F1543.9 X125.868 Y175.749 E2687.5707
G1 X126.5 Y175.738 E2687.60845
G1 F1643.2 X126.987 Y175.78 E2687.63588
G1 F1800 X150 Y175.78 E2688.81462
G1 F1500 E2686.81462
G0 F9000 X126.161 Y175.246
G1 F1500 E2688.81462
G1 F1571.4 X125.835 Y175.246 E2688.83374
G1 F1540.9 X125.53 Y175.216 E2688.85208
G1 F1643.2 X125.084 Y175.029 E2688.87922
G1 F1800 X124.668 Y174.796 E2688.90364
G1 X124.357 Y174.492 E2688.92591
G1 X124.181 Y174.273 E2688.9403
G1 X123.998 Y173.972 E2688.95835
G1 X123.856 Y173.606 E2688.97846
G1 X123.792 Y173.236 E2688.99769
G1 X123.772 Y172.828 E2689.01861
G1 X123.89 Y172.263 E2689.04818
G1 X124.084 Y171.874 E2689.07044
G1 X124.283 Y171.581 E2689.08858
G1 X124.578 Y171.286 E2689.10995
G1 X124.939 Y171.042 E2689.13227
G1 X125.231 Y170.914 E2689.1486
G1 X125.596 Y170.808 E2689.16807
G1 X125.916 Y170.78 E2689.18452
G1 X126.304 Y170.797 E2689.20441
G1 X126.64 Y170.873 E2689.22206
G1 X126.956 Y170.989 E2689.2393
G1 X127.261 Y171.17 E2689.25747
G1 X127.529 Y171.381 E2689.27494
G1 X127.848 Y171.747 E2689.29981
G1 X128.103 Y172.257 E2689.32901
G1 X128.225 Y172.809 E2689.35797
G1 X128.199 Y173.399 E2689.38822
G1 X128.074 Y173.781 E2689.40881
G1 X127.897 Y174.178 E2689.43107
G1 X127.625 Y174.512 E2689.45313
G1 X127.349 Y174.776 E2689.47269
G1 X126.912 Y175.028 E2689.49853
G1 F1643.2 X126.466 Y175.216 E2689.52569
G1 F1540.9 X126.161 Y175.246 E2689.54403
G1 F1500 E2687.54403
G0 F9000 X126.085 Y174.332
G0 X126.169 Y171.673
G0 X126.157 Y129.215
G1 F1500 E2689.54403
G1 F1800 X125.839 Y129.215 E2689.56032
G1 X125.496 Y129.166 E2689.57806
G1 X125.124 Y129.046 E2689.59808
G1 X124.666 Y128.794 E2689.62486
G1 X124.357 Y128.492 E2689.64699
G1 X124.181 Y128.273 E2689.66138
G1 X123.998 Y127.972 E2689.67942
G1 X123.858 Y127.612 E2689.69921
G1 X123.792 Y127.236 E2689.71876
G1 X123.772 Y126.828 E2689.73969
G1 X123.89 Y126.263 E2689.76925
G1 X124.084 Y125.874 E2689.79152
G1 X124.265 Y125.602 E2689.80825
G1 X124.578 Y125.287 E2689.831
G1 X124.939 Y125.042 E2689.85334
G1 X125.231 Y124.914 E2689.86967
G1 F1656.9 X125.593 Y124.771 E2689.89133
G1 F1559.1 X125.914 Y124.75 E2689.91035
G1 F1565.2 X126.311 Y124.762 E2689.93375
G1 F1629.6 X126.614 Y124.856 E2689.9517
G1 F1760 X126.973 Y124.998 E2689.97192
G1 F1800 X127.272 Y125.178 E2689.9898
G1 X127.543 Y125.395 E2690.00758
G1 X127.87 Y125.782 E2690.03353
G1 X128.104 Y126.261 E2690.06084
G1 X128.225 Y126.809 E2690.08958
G1 X128.199 Y127.399 E2690.11983
G1 X128.074 Y127.781 E2690.14042
G1 X127.899 Y128.17 E2690.16227
G1 X127.634 Y128.502 E2690.18402
G1 X127.318 Y128.8 E2690.20627
G1 X126.894 Y129.037 E2690.23115
G1 X126.461 Y129.175 E2690.25443
G1 X126.157 Y129.215 E2690.27014
G0 F9000 X125.445 Y129.696
;TYPE:FILL
G1 F3600 X123.249 Y137.889 E2690.7046
G0 F9000 X123.249 Y138.278
G1 F3600 X132.752 Y147.781 E2691.39297
G0 F9000 X132.52 Y147.781
G0 X132.52 Y150.452
G0 X132.751 Y150.452
G1 F3600 X123.249 Y152.998 E2691.89683
G0 F9000 X123.48 Y152.999
G0 X123.48 Y156.946
G0 X123.249 Y156.945
G1 F3600 X132.752 Y166.449 E2692.58524
G0 F9000 X132.52 Y166.449
G0 X132.52 Y164.118
G0 X132.751 Y164.118
G1 F3600 X123.248 Y166.664 E2693.08915
G0 F9000 X123.248 Y166.278
G1 F3600 X132.22 Y175.251 E2693.73909
G0 F9000 X132.22 Y175.019
G0 X132.52 Y170.95
G0 X132.752 Y170.95
G1 F3600 X128.578 Y172.069 E2693.96044
G0 F9000 X128.8 Y171.999
G0 X128.184 Y170.977
G0 X128.009 Y171.128
G1 F3600 X132.752 Y153.426 E2694.89913
G0 F9000 X132.52 Y153.426
G0 X132.52 Y157.115
G0 X132.752 Y157.115
G1 F3600 X123.249 Y147.611 E2695.58753
G0 F9000 X123.481 Y147.612
G0 X123.481 Y146.166
G0 X123.25 Y146.165
G1 F3600 X132.752 Y143.619 E2696.0914
G0 F9000 X132.52 Y143.619
G0 X132.52 Y138.447
G0 X132.752 Y138.447
G1 F3600 X123.249 Y128.944 E2696.77976
G0 F9000 X123.481 Y128.945
G0 X123.481 Y132.5
G0 X123.25 Y132.499
G1 F3600 X132.752 Y129.953 E2697.28363
G0 F9000 X132.752 Y129.113
G1 F3600 X128.388 Y124.749 E2697.59974
G0 F9000 X128.388 Y124.981
G0 X132.52 Y127.926
G0 X132.752 Y127.926
G1 F3600 X123.248 Y163.393 E2699.48048
G0 F9000 X123.48 Y163.394
G0 X123.48 Y159.832
G0 X123.249 Y159.831
G1 F3600 X132.752 Y157.285 E2699.98439
G0 F9000 X132.52 Y157.285
G0 X123.481 Y139.333
G0 X123.249 Y139.332
G1 F3600 X132.751 Y136.786 E2700.48826
G1 F1500 E2698.48826
G0 F9000 X132.52 Y136.786
G0 X132.592 Y124.909
G0 X132.62 Y123.335
G0 X167.38 Y123.335
G0 X167.408 Y124.908
G0 X167.48 Y135.608
G0 X167.248 Y135.608
G1 F1500 E2700.48826
G1 F3600 X176.752 Y145.112 E2701.1767
G0 F9000 X176.752 Y145.495
G1 F3600 X167.249 Y148.041 E2701.68062
G0 F9000 X167.48 Y148.041
G0 X167.48 Y144.941
G0 X167.248 Y144.941
G1 F3600 X176.752 Y154.446 E2702.36909
G0 F9000 X176.52 Y154.446
G0 X176.52 Y152.328
G0 X176.752 Y152.328
G1 F3600 X167.248 Y154.874 E2702.87306
G0 F9000 X167.248 Y154.275
G1 F3600 X176.752 Y163.779 E2703.5615
G0 F9000 X176.52 Y163.779
G0 X176.52 Y165.993
G0 X176.752 Y165.993
G1 F3600 X167.249 Y168.54 E2704.06543
G0 F9000 X167.48 Y168.54
G0 X167.48 Y172.943
G0 X167.248 Y172.943
G1 F3600 X169.556 Y175.251 E2704.23261
G0 F9000 X169.556 Y175.02
G0 X167.9 Y175.02
G0 X167.9 Y175.252
G1 F3600 X176.752 Y142.22 E2705.98423
G0 F9000 X176.52 Y142.22
G0 X176.52 Y138.662
G0 X176.751 Y138.662
G1 F3600 X167.248 Y141.209 E2706.48816
G0 F9000 X167.48 Y141.209
G0 X167.48 Y134.376
G0 X167.249 Y134.376
G1 F3600 X176.752 Y131.829 E2706.99209
G0 F9000 X176.52 Y131.829
G0 X176.52 Y135.778
G0 X176.752 Y135.778
G1 F3600 X167.248 Y126.274 E2707.68053
G0 F9000 X167.248 Y126.687
G1 F3600 X167.768 Y124.747 E2707.7834
G0 F9000 X167.768 Y124.98
G0 X167.48 Y127.543
G0 X167.248 Y127.543
G1 F3600 X176.751 Y124.997 E2708.28732
G0 F9000 X176.52 Y124.997
G0 X176.52 Y126.444
G0 X176.752 Y126.444
G1 F3600 X175.056 Y124.748 E2708.41017
G0 F9000 X174.6 Y124.748
G1 F3600 X167.248 Y152.186 E2709.86514
G0 F9000 X167.48 Y152.186
G0 X167.48 Y161.707
G0 X167.249 Y161.707
G1 F3600 X176.751 Y159.161 E2710.36901
G0 F9000 X176.52 Y159.161
G0 X176.52 Y167.719
G0 X176.752 Y167.719
G1 F3600 X174.733 Y175.253 E2710.76852
G0 F9000 X174.733 Y175.02
G0 X176.52 Y173.113
G0 X176.752 Y173.113
G1 F3600 X167.248 Y163.609 E2711.45696
G0 F9000 X167.48 Y163.609
G0 X167.7 Y175.02
G0 X167.7 Y175.252
G1 F3600 X176.751 Y172.826 E2711.93692
G1 F1500 E2709.93692
G0 F9000 X176.52 Y172.826
G0 X167.4 Y174.942
G0 X167.4 Y176.665
G0 X150 Y176.665
G0 X150 Y174.942
;TYPE:SKIN
G1 F1500 E2711.93692
G1 F1800 X132.796 Y174.94 E2712.81812
G1 X132.796 Y125.056 E2715.37321
G1 X167.204 Y125.056 E2717.13561
G1 X167.204 Y174.943 E2719.69085
G1 X150 Y174.942 E2720.57205
G1 F1500 E2718.57205
G0 F9000 X150 Y176.665
G0 X133.651 Y176.665
G0 X133.651 Y174.72
G1 F1500 E2720.57205
G1 F1800 X133.016 Y174.085 E2720.61805
G0 F9000 X133.016 Y173.462
G1 F1800 X134.273 Y174.72 E2720.70914
G0 F9000 X134.895 Y174.72
G1 F1800 X133.016 Y172.84 E2720.84528
G0 F9000 X133.016 Y172.218
G1 F1800 X135.518 Y174.72 E2721.02652
G0 F9000 X136.14 Y174.72
G1 F1800 X133.016 Y171.596 E2721.25281
G0 F9000 X133.016 Y170.973
G1 F1800 X136.762 Y174.72 E2721.5242
G0 F9000 X137.384 Y174.72
G1 F1800 X133.016 Y170.351 E2721.84064
G0 F9000 X133.016 Y169.729
G1 F1800 X138.007 Y174.72 E2722.20217
G0 F9000 X138.629 Y174.72
G1 F1800 X133.016 Y169.107 E2722.60876
G0 F9000 X133.016 Y168.484
G1 F1800 X139.251 Y174.72 E2723.06044
G0 F9000 X139.873 Y174.72
G1 F1800 X133.016 Y167.862 E2723.55717
G0 F9000 X133.016 Y167.24
G1 F1800 X140.496 Y174.72 E2724.099
G0 F9000 X141.118 Y174.72
G1 F1800 X133.016 Y166.618 E2724.68589
G0 F9000 X133.016 Y165.995
G1 F1800 X141.741 Y174.72 E2725.3179
G0 F9000 X142.363 Y174.72
G1 F1800 X133.016 Y165.373 E2725.99497
G0 F9000 X133.016 Y164.751
G1 F1800 X142.985 Y174.72 E2726.71709
G0 F9000 X143.608 Y174.72
G1 F1800 X133.016 Y164.129 E2727.4843
G0 F9000 X133.016 Y163.506
G1 F1800 X144.23 Y174.72 E2728.29661
G0 F9000 X144.852 Y174.72
G1 F1800 X133.016 Y162.884 E2729.15397
G0 F9000 X133.016 Y162.262
G1 F1800 X145.474 Y174.72 E2730.05639
G0 F9000 X146.097 Y174.72
G1 F1800 X133.016 Y161.64 E2731.0039
G0 F9000 X133.016 Y161.017
G1 F1800 X146.719 Y174.72 E2731.99651
G0 F9000 X147.341 Y174.72
G1 F1800 X133.016 Y160.395 E2733.03416
G0 F9000 X133.016 Y159.773
G1 F1800 X147.964 Y174.72 E2734.11691
G0 F9000 X148.586 Y174.72
G1 F1800 X133.016 Y159.151 E2735.24472
G0 F9000 X133.016 Y158.528
G1 F1800 X149.208 Y174.72 E2736.41762
G0 F9000 X149.83 Y174.72
G1 F1800 X133.016 Y157.906 E2737.63557
G0 F9000 X133.016 Y157.284
G1 F1800 X150.453 Y174.721 E2738.89865
G0 F9000 X151.075 Y174.721
G1 F1800 X133.016 Y156.662 E2740.20679
G0 F9000 X133.016 Y156.039
G1 F1800 X151.698 Y174.721 E2741.56006
G0 F9000 X152.32 Y174.721
G1 F1800 X133.016 Y155.417 E2742.95838
G0 F9000 X133.016 Y154.795
G1 F1800 X152.942 Y174.721 E2744.40176
G0 F9000 X153.565 Y174.721
G1 F1800 X133.016 Y154.173 E2745.89022
G0 F9000 X133.016 Y153.55
G1 F1800 X154.187 Y174.721 E2747.42379
G0 F9000 X154.809 Y174.721
G1 F1800 X133.016 Y152.928 E2749.0024
G0 F9000 X133.016 Y152.306
G1 F1800 X155.431 Y174.721 E2750.62608
G0 F9000 X156.054 Y174.721
G1 F1800 X133.016 Y151.684 E2752.29484
G0 F9000 X133.016 Y151.061
G1 F1800 X156.676 Y174.721 E2754.0087
G0 F9000 X157.298 Y174.721
G1 F1800 X133.016 Y150.439 E2755.76761
G0 F9000 X133.016 Y149.817
G1 F1800 X157.92 Y174.721 E2757.57158
G0 F9000 X158.543 Y174.722
G1 F1800 X133.016 Y149.195 E2759.42067
G0 F9000 X133.016 Y148.572
G1 F1800 X159.165 Y174.722 E2761.31486
G0 F9000 X159.788 Y174.722
G1 F1800 X133.016 Y147.95 E2763.25414
G0 F9000 X133.016 Y147.328
G1 F1800 X160.41 Y174.722 E2765.23848
G0 F9000 X161.032 Y174.722
G1 F1800 X133.016 Y146.706 E2767.26787
G0 F9000 X133.016 Y146.083
G1 F1800 X161.655 Y174.722 E2769.34239
G0 F9000 X162.277 Y174.722
G1 F1800 X133.016 Y145.461 E2771.46196
G0 F9000 X133.016 Y144.839
G1 F1800 X162.899 Y174.722 E2773.6266
G0 F9000 X163.521 Y174.722
G1 F1800 X133.016 Y144.217 E2775.83628
G0 F9000 X133.016 Y143.594
G1 F1800 X164.144 Y174.722 E2778.0911
G0 F9000 X164.766 Y174.722
G1 F1800 X133.016 Y142.972 E2780.39097
G0 F9000 X133.016 Y142.35
G1 F1800 X165.388 Y174.722 E2782.7359
G0 F9000 X166.01 Y174.722
G1 F1800 X133.016 Y141.728 E2785.12588
G0 F9000 X133.016 Y141.105
G1 F1800 X166.633 Y174.722 E2787.56099
G0 F9000 X166.984 Y174.451
G1 F1800 X133.016 Y140.483 E2790.02152
G0 F9000 X133.016 Y139.861
G1 F1800 X166.984 Y173.829 E2792.48206
G0 F9000 X166.984 Y173.207
G1 F1800 X133.016 Y139.239 E2794.9426
G0 F9000 X133.016 Y138.616
G1 F1800 X166.984 Y172.584 E2797.40313
G0 F9000 X166.984 Y171.962
G1 F1800 X133.016 Y137.994 E2799.86367
G0 F9000 X133.016 Y137.372
G1 F1800 X166.984 Y171.34 E2802.3242
G0 F9000 X166.984 Y170.717
G1 F1800 X133.016 Y136.75 E2804.7847
G0 F9000 X133.016 Y136.127
G1 F1800 X166.984 Y170.095 E2807.24524
G0 F9000 X166.984 Y169.473
G1 F1800 X133.016 Y135.505 E2809.70577
G0 F9000 X133.016 Y134.883
G1 F1800 X166.984 Y168.851 E2812.16631
G0 F9000 X166.984 Y168.228
G1 F1800 X133.016 Y134.26 E2814.62685
G0 F9000 X133.016 Y133.638
G1 F1800 X166.984 Y167.606 E2817.08738
G0 F9000 X166.984 Y166.984
G1 F1800 X133.016 Y133.016 E2819.54792
G0 F9000 X133.016 Y132.394
G1 F1800 X166.984 Y166.362 E2822.00845
G0 F9000 X166.984 Y165.739
G1 F1800 X133.016 Y131.771 E2824.46899
G0 F9000 X133.016 Y131.149
G1 F1800 X166.984 Y165.117 E2826.92953
G0 F9000 X166.984 Y164.495
G1 F1800 X133.016 Y130.527 E2829.39006
G0 F9000 X133.016 Y129.905
G1 F1800 X166.984 Y163.873 E2831.8506
G0 F9000 X166.984 Y163.25
G1 F1800 X133.016 Y129.282 E2834.31113
G0 F9000 X133.016 Y128.66
G1 F1800 X166.984 Y162.628 E2836.77167
G0 F9000 X166.984 Y162.006
G1 F1800 X133.016 Y128.038 E2839.23221
G0 F9000 X133.016 Y127.416
G1 F1800 X166.984 Y161.384 E2841.69274
G0 F9000 X166.984 Y160.761
G1 F1800 X133.016 Y126.793 E2844.15328
G0 F9000 X133.016 Y126.171
G1 F1800 X166.984 Y160.139 E2846.61381
G0 F9000 X166.984 Y159.517
G1 F1800 X133.016 Y125.549 E2849.07435
G0 F9000 X133.365 Y125.276
G1 F1800 X166.984 Y158.895 E2851.5096
G0 F9000 X166.984 Y158.272
G1 F1800 X133.988 Y125.276 E2853.89973
G0 F9000 X134.61 Y125.276
G1 F1800 X166.984 Y157.65 E2856.2448
G0 F9000 X166.984 Y157.028
G1 F1800 X135.232 Y125.276 E2858.54482
G0 F9000 X135.854 Y125.276
G1 F1800 X166.984 Y156.406 E2860.79978
G0 F9000 X166.984 Y155.783
G1 F1800 X136.477 Y125.276 E2863.00961
G0 F9000 X137.099 Y125.276
G1 F1800 X166.984 Y155.161 E2865.17439
G0 F9000 X166.984 Y154.539
G1 F1800 X137.721 Y125.276 E2867.29411
G0 F9000 X138.343 Y125.276
G1 F1800 X166.984 Y153.917 E2869.36877
G0 F9000 X166.984 Y153.294
G1 F1800 X138.966 Y125.276 E2871.39831
G0 F9000 X139.588 Y125.276
G1 F1800 X166.984 Y152.672 E2873.38279
G0 F9000 X166.984 Y152.05
G1 F1800 X140.21 Y125.276 E2875.32221
G0 F9000 X140.832 Y125.276
G1 F1800 X166.984 Y151.428 E2877.21658
G0 F9000 X166.984 Y150.805
G1 F1800 X141.455 Y125.276 E2879.06582
G0 F9000 X142.077 Y125.276
G1 F1800 X166.984 Y150.183 E2880.87001
G0 F9000 X166.984 Y149.561
G1 F1800 X142.699 Y125.276 E2882.62914
G0 F9000 X143.321 Y125.276
G1 F1800 X166.984 Y148.939 E2884.34321
G0 F9000 X166.984 Y148.316
G1 F1800 X143.944 Y125.276 E2886.01216
G0 F9000 X144.566 Y125.276
G1 F1800 X166.984 Y147.694 E2887.63605
G0 F9000 X166.984 Y147.072
G1 F1800 X145.188 Y125.276 E2889.21488
G0 F9000 X145.81 Y125.276
G1 F1800 X166.984 Y146.45 E2890.74866
G0 F9000 X166.984 Y145.827
G1 F1800 X146.433 Y125.276 E2892.23731
G0 F9000 X147.055 Y125.276
G1 F1800 X166.984 Y145.205 E2893.68091
G0 F9000 X166.984 Y144.583
G1 F1800 X147.677 Y125.276 E2895.07945
G0 F9000 X148.299 Y125.276
G1 F1800 X166.984 Y143.961 E2896.43293
G0 F9000 X166.984 Y143.338
G1 F1800 X148.922 Y125.276 E2897.74128
G0 F9000 X149.544 Y125.276
G1 F1800 X166.984 Y142.716 E2899.00458
G0 F9000 X166.984 Y142.094
G1 F1800 X150.166 Y125.276 E2900.22283
G0 F9000 X150.788 Y125.276
G1 F1800 X166.984 Y141.472 E2901.39601
G0 F9000 X166.984 Y140.849
G1 F1800 X151.411 Y125.276 E2902.52407
G0 F9000 X152.033 Y125.276
G1 F1800 X166.984 Y140.227 E2903.60708
G0 F9000 X166.984 Y139.605
G1 F1800 X152.655 Y125.276 E2904.64502
G0 F9000 X153.277 Y125.276
G1 F1800 X166.984 Y138.983 E2905.63792
G0 F9000 X166.984 Y138.36
G1 F1800 X153.9 Y125.276 E2906.58568
G0 F9000 X154.522 Y125.276
G1 F1800 X166.984 Y137.738 E2907.48839
G0 F9000 X166.984 Y137.116
G1 F1800 X155.144 Y125.276 E2908.34604
G0 F9000 X155.766 Y125.276
G1 F1800 X166.984 Y136.494 E2909.15864
G0 F9000 X166.984 Y135.871
G1 F1800 X156.389 Y125.276 E2909.92611
G0 F9000 X157.011 Y125.276
G1 F1800 X166.984 Y135.249 E2910.64852
G0 F9000 X166.984 Y134.627
G1 F1800 X157.633 Y125.276 E2911.32588
G0 F9000 X158.255 Y125.276
G1 F1800 X166.984 Y134.005 E2911.95818
G0 F9000 X166.984 Y133.382
G1 F1800 X158.878 Y125.276 E2912.54535
G0 F9000 X159.5 Y125.276
G1 F1800 X166.984 Y132.76 E2913.08747
G0 F9000 X166.984 Y132.138
G1 F1800 X160.122 Y125.276 E2913.58453
G0 F9000 X160.744 Y125.276
G1 F1800 X166.984 Y131.515 E2914.0365
G0 F9000 X166.984 Y130.893
G1 F1800 X161.367 Y125.276 E2914.44338
G0 F9000 X161.989 Y125.276
G1 F1800 X166.984 Y130.271 E2914.8052
G0 F9000 X166.984 Y129.649
G1 F1800 X162.611 Y125.276 E2915.12197
G0 F9000 X163.233 Y125.276
G1 F1800 X166.984 Y129.026 E2915.39364
G0 F9000 X166.984 Y128.404
G1 F1800 X163.856 Y125.276 E2915.62023
G0 F9000 X164.478 Y125.276
G1 F1800 X166.984 Y127.782 E2915.80175
G0 F9000 X166.984 Y127.16
G1 F1800 X165.1 Y125.276 E2915.93822
G0 F9000 X165.722 Y125.276
G1 F1800 X166.984 Y126.537 E2916.0296
G0 F9000 X166.984 Y125.915
G1 F1800 X166.345 Y125.276 E2916.07589
G0 F9000 X167.82 Y125.32
G1 F1500 E2914.07589
;MESH:NONMESH
G0 F300 Z3.92
G0 F9000 X167.408 Y124.908
G0 X123.255 Y126.666
;TIME_ELAPSED:2472.105590
;LAYER:13
;TYPE:WALL-INNER
;MESH:custom_clip.stl
G1 F1500 E2916.07589
G1 F1275.4 X123.246 Y126.828 E2916.08762
G1 F1271.3 X123.256 Y127.262 E2916.1191
G1 F1189.2 X123.287 Y127.668 E2916.15067
G0 F9000 X123.431 Y128.407
G0 X123.255 Y126.666
G1 F1247.2 X123.352 Y126.22 E2916.18441
G1 F1237.5 X123.472 Y125.888 E2916.21071
G1 X123.634 Y125.576 E2916.2369
G1 X123.835 Y125.275 E2916.26387
G1 X124.162 Y124.935 E2916.29901
G1 X124.392 Y124.76 E2916.32055
G1 X123.261 Y124.761 E2916.40481
G1 F1247.2 X123.255 Y126.666 E2916.54563
G1 F1500 E2914.54563
G0 F9000 X123.255 Y172.666
G1 F1500 E2916.54563
G1 F1275.4 X123.246 Y172.828 E2916.55736
G1 F1261.1 X123.261 Y173.351 E2916.59561
G1 F1500 E2914.59561
G0 F9000 X124.341 Y175.237
G1 F1500 E2916.59561
G1 F1289.9 X123.835 Y174.733 E2916.64665
G1 F1458.6 X123.625 Y174.251 E2916.67989
G1 F1872.3 X123.477 Y173.739 E2916.70613
G1 F1936.4 X123.407 Y173.647 E2916.71164
G1 F1442.6 X123.261 Y173.351 E2916.73273
G1 F1571.4 X123.124 Y173.799 E2916.76021
G1 F1872.3 X123.181 Y174.378 E2916.78886
G1 F1404.3 X123.263 Y174.914 E2916.82446
G1 F1227.9 X123.263 Y175.237 E2916.84872
G1 F1249.2 X124.341 Y175.237 E2916.92828
G1 F1500 E2914.92828
G0 F9000 X150 Y175.34
G1 F1500 E2916.92828
G1 F1800 X176.84 Y175.34 E2918.30304
G1 X176.84 Y124.66 E2920.8989
G1 X127.266 Y124.661 E2923.43811
G1 X127.543 Y124.832 E2923.45478
G1 X127.835 Y125.06 E2923.47376
G1 X128.229 Y125.514 E2923.50455
G1 X128.47 Y126.016 E2923.53307
G1 X128.569 Y126.322 E2923.54955
G1 X128.668 Y126.772 E2923.57315
G1 X128.636 Y127.478 E2923.60934
G1 X128.467 Y127.982 E2923.63657
G1 X128.27 Y128.414 E2923.66089
G1 X127.956 Y128.802 E2923.68646
G1 X127.598 Y129.141 E2923.71171
G1 X127.073 Y129.444 E2923.74276
G1 X126.579 Y129.603 E2923.76934
G1 X126.215 Y129.651 E2923.78815
G1 X125.868 Y129.656 E2923.80592
G1 X125.422 Y129.605 E2923.82892
G1 X124.926 Y129.445 E2923.85561
G1 X124.4 Y129.149 E2923.88652
G1 X124.016 Y128.77 E2923.91416
G1 X123.807 Y128.505 E2923.93145
G1 X123.643 Y128.24 E2923.94741
G1 X123.588 Y128.132 E2923.95362
G1 F1571.4 X123.279 Y127.656 E2923.98691
G1 X123.16 Y128.212 E2924.02027
G1 F1800 X123.16 Y172.205 E2926.27362
G1 F1480.4 X123.255 Y172.666 E2926.30294
G1 X123.447 Y172.252 E2926.33136
G1 F1800 X123.561 Y171.932 E2926.34876
G1 X123.717 Y171.631 E2926.36612
G1 X123.925 Y171.317 E2926.38541
G1 X124.277 Y170.959 E2926.41113
G1 X124.705 Y170.664 E2926.43775
G1 X125.054 Y170.511 E2926.45727
G1 X125.491 Y170.375 E2926.48072
G1 X125.961 Y170.34 E2926.50486
G1 X126.345 Y170.354 E2926.52454
G1 X126.791 Y170.459 E2926.54801
G1 X127.145 Y170.588 E2926.5673
G1 X127.511 Y170.808 E2926.58918
G1 X127.854 Y171.084 E2926.61173
G1 X128.232 Y171.529 E2926.64163
G1 X128.436 Y171.935 E2926.66491
G1 X128.55 Y172.252 E2926.68216
G1 X128.668 Y172.77 E2926.70937
G1 X128.636 Y173.478 E2926.74568
G1 X128.467 Y173.982 E2926.7729
G1 X128.275 Y174.412 E2926.79702
G1 X127.929 Y174.83 E2926.82482
G1 X127.594 Y175.15 E2926.84855
G1 X127.253 Y175.34 E2926.86854
G1 X150 Y175.34 E2928.03366
G0 F9000 X150 Y175.78
;TYPE:WALL-OUTER
G1 F1800 X177.28 Y175.78 E2929.43095
G1 X177.28 Y124.22 E2932.07189
G1 F1791.9 X152.017 Y124.222 E2933.37176
G1 F1779.8 X126.754 Y124.223 E2934.68045
G1 F1650 X126.366 Y124.256 E2934.70221
G1 F1565.2 X125.892 Y124.25 E2934.73013
G1 F1559.1 X125.571 Y124.257 E2934.74912
G1 F1653.4 X125.158 Y124.221 E2934.77223
G1 F1791.9 X122.721 Y124.221 E2934.89762
G1 F1800 X122.721 Y175.779 E2937.53846
G1 X125.009 Y175.78 E2937.65565
G1 F1643.2 X125.496 Y175.738 E2937.68308
G1 F1543.9 X125.868 Y175.749 E2937.7053
G1 X126.5 Y175.738 E2937.74305
G1 F1643.2 X126.987 Y175.78 E2937.77048
G1 F1800 X150 Y175.78 E2938.94922
G1 F1500 E2936.94922
G0 F9000 X126.161 Y175.246
G1 F1500 E2938.94922
G1 F1571.4 X125.835 Y175.246 E2938.96834
G1 F1540.9 X125.53 Y175.216 E2938.98668
G1 F1643.2 X125.084 Y175.029 E2939.01382
G1 F1800 X124.668 Y174.796 E2939.03824
G1 X124.357 Y174.492 E2939.06051
G1 X124.181 Y174.273 E2939.07491
G1 X123.998 Y173.972 E2939.09295
G1 X123.856 Y173.606 E2939.11306
G1 X123.792 Y173.236 E2939.13229
G1 X123.772 Y172.828 E2939.15321
G1 X123.89 Y172.263 E2939.18278
G1 X124.084 Y171.874 E2939.20504
G1 X124.283 Y171.581 E2939.22318
G1 X124.578 Y171.286 E2939.24455
G1 X124.939 Y171.042 E2939.26687
G1 X125.231 Y170.914 E2939.2832
G1 X125.596 Y170.808 E2939.30267
G1 X125.916 Y170.78 E2939.31912
G1 X126.304 Y170.797 E2939.33902
G1 X126.64 Y170.873 E2939.35666
G1 X126.956 Y170.989 E2939.3739
G1 X127.261 Y171.17 E2939.39207
G1 X127.529 Y171.381 E2939.40954
G1 X127.848 Y171.747 E2939.43441
G1 X128.103 Y172.257 E2939.46361
G1 X128.225 Y172.809 E2939.49257
G1 X128.199 Y173.399 E2939.52282
G1 X128.074 Y173.781 E2939.54341
G1 X127.897 Y174.178 E2939.56567
G1 X127.625 Y174.512 E2939.58773
G1 X127.349 Y174.776 E2939.6073
G1 X126.912 Y175.028 E2939.63313
G1 F1643.2 X126.466 Y175.216 E2939.66029
G1 F1540.9 X126.161 Y175.246 E2939.67863
G1 F1500 E2937.67863
G0 F9000 X126.085 Y174.332
G0 X126.169 Y171.673
G0 X126.157 Y129.215
G1 F1500 E2939.67863
G1 F1800 X125.839 Y129.215 E2939.69492
G1 X125.496 Y129.166 E2939.71266
G1 X125.124 Y129.046 E2939.73268
G1 X124.666 Y128.794 E2939.75946
G1 X124.357 Y128.492 E2939.78159
G1 X124.181 Y128.273 E2939.79598
G1 X123.998 Y127.972 E2939.81403
G1 X123.858 Y127.612 E2939.83381
G1 X123.792 Y127.236 E2939.85336
G1 X123.772 Y126.828 E2939.87429
G1 X123.89 Y126.263 E2939.90385
G1 X124.084 Y125.874 E2939.92612
G1 X124.265 Y125.602 E2939.94285
G1 X124.578 Y125.287 E2939.9656
G1 X124.939 Y125.042 E2939.98794
G1 X125.231 Y124.914 E2940.00427
G1 F1656.9 X125.593 Y124.771 E2940.02593
G1 F1559.1 X125.914 Y124.75 E2940.04495
G1 F1565.2 X126.311 Y124.762 E2940.06835
G1 F1629.6 X126.614 Y124.856 E2940.0863
G1 F1760 X126.973 Y124.998 E2940.10652
G1 F1800 X127.272 Y125.178 E2940.1244
G1 X127.543 Y125.395 E2940.14218
G1 X127.87 Y125.782 E2940.16813
G1 X128.104 Y126.261 E2940.19544
G1 X128.225 Y126.809 E2940.22418
G1 X128.199 Y127.399 E2940.25443
G1 X128.074 Y127.781 E2940.27502
G1 X127.899 Y128.17 E2940.29687
G1 X127.634 Y128.502 E2940.31863
G1 X127.318 Y128.8 E2940.34087
G1 X126.894 Y129.037 E2940.36575
G1 X126.461 Y129.175 E2940.38903
G1 X126.157 Y129.215 E2940.40474
G0 F9000 X125.254 Y129.643
;TYPE:FILL
G1 F3600 X123.249 Y137.124 E2940.80144
G0 F9000 X123.249 Y137.998
G1 F3600 X132.752 Y147.501 E2941.48981
G0 F9000 X132.52 Y147.501
G0 X132.52 Y150.657
G0 X132.751 Y150.657
G1 F3600 X123.249 Y153.203 E2941.99367
G0 F9000 X123.48 Y153.204
G0 X123.48 Y156.666
G0 X123.249 Y156.665
G1 F3600 X132.752 Y166.169 E2942.68208
G0 F9000 X132.52 Y166.169
G0 X132.52 Y164.323
G0 X132.751 Y164.323
G1 F3600 X123.248 Y166.869 E2943.18599
G0 F9000 X123.248 Y165.998
G1 F3600 X132.5 Y175.251 E2943.85622
G0 F9000 X132.5 Y175.019
G0 X132.52 Y171.155
G0 X132.752 Y171.155
G1 F3600 X128.639 Y172.257 E2944.07432
G0 F9000 X128.861 Y172.187
G0 X128.517 Y171.518
G0 X127.991 Y170.779
G0 X127.849 Y170.96
G1 F3600 X132.752 Y152.661 E2945.04466
G0 F9000 X132.52 Y152.661
G0 X132.52 Y156.835
G0 X132.752 Y156.835
G1 F3600 X123.249 Y147.331 E2945.73307
G0 F9000 X123.249 Y146.37
G1 F3600 X132.751 Y143.824 E2946.23693
G0 F9000 X132.52 Y143.824
G0 X132.52 Y138.167
G0 X132.752 Y138.167
G1 F3600 X123.249 Y128.664 E2946.9253
G0 F9000 X123.481 Y128.665
G0 X123.481 Y132.705
G0 X123.25 Y132.704
G1 F3600 X132.751 Y130.159 E2947.42911
G0 F9000 X132.52 Y130.159
G0 X132.52 Y128.833
G0 X132.752 Y128.833
G1 F3600 X128.668 Y124.749 E2947.72494
G0 F9000 X128.668 Y124.981
G0 X132.52 Y127.161
G0 X132.752 Y127.161
G1 F3600 X123.249 Y162.627 E2949.60561
G0 F9000 X123.48 Y162.628
G0 X123.48 Y160.037
G0 X123.249 Y160.036
G1 F3600 X132.751 Y157.49 E2950.10948
G0 F9000 X132.52 Y157.49
G0 X123.481 Y139.538
G0 X123.25 Y139.537
G1 F3600 X132.751 Y136.991 E2950.61329
G1 F1500 E2948.61329
G0 F9000 X132.52 Y136.991
G0 X132.592 Y124.909
G0 X132.62 Y123.335
G0 X167.38 Y123.335
G0 X167.408 Y124.908
G0 X167.48 Y135.328
G0 X167.248 Y135.328
G1 F1500 E2950.61329
G1 F3600 X176.752 Y144.832 E2951.30173
G0 F9000 X176.752 Y145.7
G1 F3600 X167.249 Y148.246 E2951.80565
G0 F9000 X167.48 Y148.246
G0 X167.48 Y151.421
G0 X167.248 Y151.421
G1 F3600 X174.395 Y124.748 E2953.22005
G0 F9000 X175.336 Y124.748
G1 F3600 X176.752 Y126.164 E2953.32262
G0 F9000 X176.751 Y125.202
G1 F3600 X167.248 Y127.748 E2953.82654
G0 F9000 X167.48 Y127.748
G0 X167.48 Y125.994
G0 X167.248 Y125.994
G1 F3600 X176.752 Y135.498 E2954.51498
G0 F9000 X176.52 Y135.498
G0 X176.52 Y138.867
G0 X176.751 Y138.867
G1 F3600 X167.248 Y141.413 E2955.01889
G0 F9000 X167.48 Y141.413
G0 X167.48 Y144.661
G0 X167.248 Y144.661
G1 F3600 X176.752 Y154.166 E2955.70737
G0 F9000 X176.52 Y154.166
G0 X176.52 Y152.533
G0 X176.751 Y152.533
G1 F3600 X167.248 Y155.079 E2956.21129
G0 F9000 X167.48 Y155.079
G0 X167.48 Y153.995
G0 X167.248 Y153.995
G1 F3600 X176.752 Y163.499 E2956.89973
G0 F9000 X176.52 Y163.499
G0 X176.52 Y166.198
G0 X176.752 Y166.198
G1 F3600 X167.249 Y168.745 E2957.40365
G0 F9000 X167.48 Y168.745
G0 X167.48 Y172.663
G0 X167.248 Y172.663
G1 F3600 X169.836 Y175.251 E2957.59112
G0 F9000 X169.836 Y175.02
G0 X168.465 Y175.02
G0 X168.465 Y175.252
G1 F3600 X176.751 Y173.031 E2958.03052
G1 X176.752 Y172.833
G1 X167.248 Y163.329 E2958.71896
G0 F9000 X167.48 Y163.329
G0 X167.48 Y161.912
G0 X167.249 Y161.912
G1 F3600 X176.752 Y159.366 E2959.22287
G0 F9000 X176.52 Y159.366
G0 X176.52 Y166.954
G0 X176.752 Y166.954
G1 F3600 X174.528 Y175.253 E2959.66295
G0 F9000 X174.528 Y175.02
G0 X167.695 Y175.02
G0 X167.695 Y175.252
G1 F3600 X176.752 Y141.455 E2961.45514
G0 F9000 X176.52 Y141.455
G0 X176.52 Y132.034
G0 X176.752 Y132.034
G1 F3600 X167.249 Y134.581 E2961.95907
G0 F9000 X167.48 Y134.581
G0 X167.48 Y125.922
G0 X167.248 Y125.922
G1 F3600 X167.563 Y124.747 E2962.02137
G1 F1500 E2960.02137
G0 F9000 X167.563 Y124.98
G0 X167.4 Y174.942
G0 X167.4 Y176.665
G0 X150 Y176.665
G0 X150 Y174.942
;TYPE:SKIN
G1 F1500 E2962.02137
G1 F1800 X132.796 Y174.94 E2962.90257
G1 X132.796 Y125.056 E2965.45766
G1 X167.204 Y125.056 E2967.22006
G1 X167.204 Y174.943 E2969.7753
G1 X150 Y174.942 E2970.6565
G1 F1500 E2968.6565
G0 F9000 X150 Y176.665
G0 X167.4 Y176.665
G0 X167.4 Y174.942
G0 X166.895 Y174.723
G1 F1500 E2970.6565
G1 F1800 X166.984 Y174.633 E2970.66299
G0 F9000 X166.984 Y174.011
G1 F1800 X166.273 Y174.723 E2970.71453
G0 F9000 X165.65 Y174.723
G1 F1800 X166.984 Y173.389 E2970.81116
G0 F9000 X166.984 Y172.767
G1 F1800 X165.028 Y174.723 E2970.95284
G0 F9000 X164.406 Y174.723
G1 F1800 X166.984 Y172.144 E2971.13962
G0 F9000 X166.984 Y171.522
G1 F1800 X163.784 Y174.723 E2971.37146
G0 F9000 X163.161 Y174.723
G1 F1800 X166.984 Y170.9 E2971.64838
G0 F9000 X166.984 Y170.278
G1 F1800 X162.539 Y174.723 E2971.97036
G0 F9000 X161.917 Y174.723
G1 F1800 X166.984 Y169.655 E2972.33744
G0 F9000 X166.984 Y169.033
G1 F1800 X161.295 Y174.723 E2972.74957
G0 F9000 X160.672 Y174.723
G1 F1800 X166.984 Y168.411 E2973.20679
G0 F9000 X166.984 Y167.789
G1 F1800 X160.05 Y174.723 E2973.70907
G0 F9000 X159.428 Y174.723
G1 F1800 X166.984 Y167.166 E2974.25644
G0 F9000 X166.984 Y166.544
G1 F1800 X158.806 Y174.723 E2974.84886
G0 F9000 X158.184 Y174.722
G1 F1800 X166.984 Y165.922 E2975.4863
G0 F9000 X166.984 Y165.3
G1 F1800 X157.562 Y174.722 E2976.16881
G0 F9000 X156.94 Y174.722
G1 F1800 X166.984 Y164.677 E2976.8964
G0 F9000 X166.984 Y164.055
G1 F1800 X156.317 Y174.722 E2977.66908
G0 F9000 X155.695 Y174.722
G1 F1800 X166.984 Y163.433 E2978.48682
G0 F9000 X166.984 Y162.811
G1 F1800 X155.073 Y174.722 E2979.34962
G0 F9000 X154.451 Y174.722
G1 F1800 X166.984 Y162.188 E2980.2575
G0 F9000 X166.984 Y161.566
G1 F1800 X153.828 Y174.722 E2981.21048
G0 F9000 X153.206 Y174.722
G1 F1800 X166.984 Y160.944 E2982.20852
G0 F9000 X166.984 Y160.322
G1 F1800 X152.584 Y174.722 E2983.25161
G0 F9000 X151.961 Y174.722
G1 F1800 X166.984 Y159.699 E2984.33983
G0 F9000 X166.984 Y159.077
G1 F1800 X151.339 Y174.722 E2985.4731
G0 F9000 X150.717 Y174.722
G1 F1800 X166.984 Y158.455 E2986.65144
G0 F9000 X166.984 Y157.833
G1 F1800 X150.095 Y174.722 E2987.87482
G0 F9000 X149.473 Y174.721
G1 F1800 X166.984 Y157.21 E2989.14326
G0 F9000 X166.984 Y156.588
G1 F1800 X148.851 Y174.721 E2990.45676
G0 F9000 X148.229 Y174.721
G1 F1800 X166.984 Y155.966 E2991.81532
G0 F9000 X166.984 Y155.344
G1 F1800 X147.606 Y174.721 E2993.21896
G0 F9000 X146.984 Y174.721
G1 F1800 X166.984 Y154.721 E2994.6677
G0 F9000 X166.984 Y154.099
G1 F1800 X146.362 Y174.721 E2996.16149
G0 F9000 X145.74 Y174.721
G1 F1800 X166.984 Y153.477 E2997.70034
G0 F9000 X166.984 Y152.855
G1 F1800 X145.117 Y174.721 E2999.28428
G0 F9000 X144.495 Y174.721
G1 F1800 X166.984 Y152.232 E3000.91332
G0 F9000 X166.984 Y151.61
G1 F1800 X143.873 Y174.721 E3002.5874
G0 F9000 X143.251 Y174.721
G1 F1800 X166.984 Y150.988 E3004.30655
G0 F9000 X166.984 Y150.366
G1 F1800 X142.628 Y174.721 E3006.07078
G0 F9000 X142.006 Y174.721
G1 F1800 X166.984 Y149.743 E3007.88011
G0 F9000 X166.984 Y149.121
G1 F1800 X141.385 Y174.72 E3009.73442
G0 F9000 X140.762 Y174.72
G1 F1800 X166.984 Y148.499 E3011.63383
G0 F9000 X166.984 Y147.877
G1 F1800 X140.14 Y174.72 E3013.57829
G0 F9000 X139.518 Y174.72
G1 F1800 X166.984 Y147.254 E3015.56784
G0 F9000 X166.984 Y146.632
G1 F1800 X138.896 Y174.72 E3017.60245
G0 F9000 X138.273 Y174.72
G1 F1800 X166.984 Y146.01 E3019.68215
G0 F9000 X166.984 Y145.388
G1 F1800 X137.651 Y174.72 E3021.8069
G0 F9000 X137.029 Y174.72
G1 F1800 X166.984 Y144.765 E3023.97675
G0 F9000 X166.984 Y144.143
G1 F1800 X136.407 Y174.72 E3026.19165
G0 F9000 X135.784 Y174.72
G1 F1800 X166.984 Y143.521 E3028.45164
G0 F9000 X166.984 Y142.899
G1 F1800 X135.162 Y174.72 E3030.75669
G0 F9000 X134.54 Y174.72
G1 F1800 X166.984 Y142.276 E3033.10684
G0 F9000 X166.984 Y141.654
G1 F1800 X133.918 Y174.72 E3035.50203
G0 F9000 X133.295 Y174.72
G1 F1800 X166.984 Y141.032 E3037.94232
G0 F9000 X166.984 Y140.409
G1 F1800 X133.016 Y174.377 E3040.40286
G0 F9000 X133.016 Y173.755
G1 F1800 X166.984 Y139.787 E3042.86339
G0 F9000 X166.984 Y139.165
G1 F1800 X133.016 Y173.133 E3045.32393
G0 F9000 X133.016 Y172.511
G1 F1800 X166.984 Y138.543 E3047.78447
G0 F9000 X166.984 Y137.92
G1 F1800 X133.016 Y171.888 E3050.245
G0 F9000 X133.016 Y171.266
G1 F1800 X166.984 Y137.298 E3052.70554
G0 F9000 X166.984 Y136.676
G1 F1800 X133.016 Y170.644 E3055.16607
G0 F9000 X133.016 Y170.022
G1 F1800 X166.984 Y136.054 E3057.62661
G0 F9000 X166.984 Y135.431
G1 F1800 X133.016 Y169.399 E3060.08715
G0 F9000 X133.016 Y168.777
G1 F1800 X166.984 Y134.809 E3062.54768
G0 F9000 X166.984 Y134.187
G1 F1800 X133.016 Y168.155 E3065.00822
G0 F9000 X133.016 Y167.533
G1 F1800 X166.984 Y133.565 E3067.46875
G0 F9000 X166.984 Y132.942
G1 F1800 X133.016 Y166.91 E3069.92929
G0 F9000 X133.016 Y166.288
G1 F1800 X166.984 Y132.32 E3072.38983
G0 F9000 X166.984 Y131.698
G1 F1800 X133.016 Y165.666 E3074.85036
G0 F9000 X133.016 Y165.044
G1 F1800 X166.984 Y131.076 E3077.3109
G0 F9000 X166.984 Y130.453
G1 F1800 X133.016 Y164.421 E3079.77143
G0 F9000 X133.016 Y163.799
G1 F1800 X166.984 Y129.831 E3082.23197
G0 F9000 X166.984 Y129.209
G1 F1800 X133.016 Y163.177 E3084.6925
G0 F9000 X133.016 Y162.555
G1 F1800 X166.984 Y128.587 E3087.15304
G0 F9000 X166.984 Y127.964
G1 F1800 X133.016 Y161.932 E3089.61358
G0 F9000 X133.016 Y161.31
G1 F1800 X166.984 Y127.342 E3092.07411
G0 F9000 X166.984 Y126.72
G1 F1800 X133.016 Y160.688 E3094.53465
G0 F9000 X133.016 Y160.066
G1 F1800 X166.984 Y126.098 E3096.99518
G0 F9000 X166.984 Y125.475
G1 F1800 X133.016 Y159.443 E3099.45572
G0 F9000 X133.016 Y158.821
G1 F1800 X166.561 Y125.276 E3101.88562
G0 F9000 X165.939 Y125.276
G1 F1800 X133.016 Y158.199 E3104.27045
G0 F9000 X133.016 Y157.577
G1 F1800 X165.317 Y125.276 E3106.61024
G0 F9000 X164.694 Y125.276
G1 F1800 X133.016 Y156.954 E3108.90489
G0 F9000 X133.016 Y156.332
G1 F1800 X164.072 Y125.276 E3111.15449
G0 F9000 X163.45 Y125.276
G1 F1800 X133.016 Y155.71 E3113.35904
G0 F9000 X133.016 Y155.088
G1 F1800 X162.828 Y125.276 E3115.51853
G0 F9000 X162.205 Y125.276
G1 F1800 X133.016 Y154.465 E3117.63289
G0 F9000 X133.016 Y153.843
G1 F1800 X161.583 Y125.276 E3119.70219
G0 F9000 X160.961 Y125.276
G1 F1800 X133.016 Y153.221 E3121.72644
G0 F9000 X133.016 Y152.599
G1 F1800 X160.339 Y125.276 E3123.70563
G0 F9000 X159.716 Y125.276
G1 F1800 X133.016 Y151.976 E3125.6397
G0 F9000 X133.016 Y151.354
G1 F1800 X159.094 Y125.276 E3127.5287
G0 F9000 X158.472 Y125.276
G1 F1800 X133.016 Y150.732 E3129.37266
G0 F9000 X133.016 Y150.11
G1 F1800 X157.85 Y125.276 E3131.17156
G0 F9000 X157.227 Y125.276
G1 F1800 X133.016 Y149.487 E3132.92532
G0 F9000 X133.016 Y148.865
G1 F1800 X156.605 Y125.276 E3134.63404
G0 F9000 X155.983 Y125.276
G1 F1800 X133.016 Y148.243 E3136.2977
G0 F9000 X133.016 Y147.621
G1 F1800 X155.361 Y125.276 E3137.9163
G0 F9000 X154.738 Y125.276
G1 F1800 X133.016 Y146.998 E3139.48977
G0 F9000 X133.016 Y146.376
G1 F1800 X154.116 Y125.276 E3141.01819
G0 F9000 X153.494 Y125.276
G1 F1800 X133.016 Y145.754 E3142.50155
G0 F9000 X133.016 Y145.132
G1 F1800 X152.872 Y125.276 E3143.93986
G0 F9000 X152.249 Y125.276
G1 F1800 X133.016 Y144.509 E3145.33304
G0 F9000 X133.016 Y143.887
G1 F1800 X151.627 Y125.276 E3146.68116
G0 F9000 X151.005 Y125.276
G1 F1800 X133.016 Y143.265 E3147.98423
G0 F9000 X133.016 Y142.643
G1 F1800 X150.383 Y125.276 E3149.24224
G0 F9000 X149.76 Y125.276
G1 F1800 X133.016 Y142.02 E3150.45512
G0 F9000 X133.016 Y141.398
G1 F1800 X149.138 Y125.276 E3151.62295
G0 F9000 X148.516 Y125.276
G1 F1800 X133.016 Y140.776 E3152.74572
G0 F9000 X133.016 Y140.154
G1 F1800 X147.894 Y125.276 E3153.82344
G0 F9000 X147.271 Y125.276
G1 F1800 X133.016 Y139.531 E3154.85602
G0 F9000 X133.016 Y138.909
G1 F1800 X146.649 Y125.276 E3155.84356
G0 F9000 X146.027 Y125.276
G1 F1800 X133.016 Y138.287 E3156.78603
G0 F9000 X133.016 Y137.664
G1 F1800 X145.404 Y125.276 E3157.68338
G0 F9000 X144.782 Y125.276
G1 F1800 X133.016 Y137.042 E3158.53567
G0 F9000 X133.016 Y136.42
G1 F1800 X144.16 Y125.276 E3159.34291
G0 F9000 X143.538 Y125.276
G1 F1800 X133.016 Y135.798 E3160.10509
G0 F9000 X133.016 Y135.175
G1 F1800 X142.915 Y125.276 E3160.82214
G0 F9000 X142.293 Y125.276
G1 F1800 X133.016 Y134.553 E3161.49414
G0 F9000 X133.016 Y133.931
G1 F1800 X141.671 Y125.276 E3162.12108
G0 F9000 X141.049 Y125.276
G1 F1800 X133.016 Y133.309 E3162.70297
G0 F9000 X133.016 Y132.686
G1 F1800 X140.426 Y125.276 E3163.23972
G0 F9000 X139.804 Y125.276
G1 F1800 X133.016 Y132.064 E3163.73143
G0 F9000 X133.016 Y131.442
G1 F1800 X139.182 Y125.276 E3164.17807
G0 F9000 X138.56 Y125.276
G1 F1800 X133.016 Y130.82 E3164.57966
G0 F9000 X133.016 Y130.197
G1 F1800 X137.937 Y125.276 E3164.93612
G0 F9000 X137.315 Y125.276
G1 F1800 X133.016 Y129.575 E3165.24753
G0 F9000 X133.016 Y128.953
G1 F1800 X136.693 Y125.276 E3165.51388
G0 F9000 X136.071 Y125.276
G1 F1800 X133.016 Y128.331 E3165.73517
G0 F9000 X133.016 Y127.708
G1 F1800 X135.448 Y125.276 E3165.91134
G0 F9000 X134.826 Y125.276
G1 F1800 X133.016 Y127.086 E3166.04245
G0 F9000 X133.016 Y126.464
G1 F1800 X134.204 Y125.276 E3166.12851
G0 F9000 X133.582 Y125.276
G1 F1800 X133.016 Y125.842 E3166.16951
G0 F9000 X132.18 Y125.842
G1 F1500 E3164.16951
;MESH:NONMESH
G0 F300 Z4.2
G0 F9000 X128.696 Y125.938
G0 X127.23 Y126.482
G0 X124.679 Y126.812
G0 X123.255 Y126.666
;TIME_ELAPSED:2657.331489
;LAYER:14
;TYPE:WALL-INNER
;MESH:custom_clip.stl
G1 F1500 E3166.16951
G1 F1275.4 X123.246 Y126.828 E3166.18124
G1 F1271.3 X123.256 Y127.262 E3166.21272
G1 F1189.2 X123.287 Y127.668 E3166.24429
G0 F9000 X123.431 Y128.407
G0 X123.255 Y126.666
G1 F1247.2 X123.352 Y126.22 E3166.27803
G1 F1237.5 X123.472 Y125.888 E3166.30433
G1 X123.634 Y125.576 E3166.33052
G1 X123.835 Y125.275 E3166.35748
G1 X124.162 Y124.935 E3166.39263
G1 X124.392 Y124.76 E3166.41416
G1 X123.261 Y124.761 E3166.49842
G1 F1247.2 X123.255 Y126.666 E3166.63924
G1 F1500 E3164.63924
G0 F9000 X123.255 Y172.666
G1 F1500 E3166.63924
G1 F1275.4 X123.246 Y172.828 E3166.65097
G1 F1261.1 X123.261 Y173.351 E3166.68922
G1 F1500 E3164.68922
G0 F9000 X124.341 Y175.237
G1 F1500 E3166.68922
G1 F1289.9 X123.835 Y174.733 E3166.74027
G1 F1458.6 X123.625 Y174.251 E3166.7735
G1 F1872.3 X123.477 Y173.739 E3166.79975
G1 F1936.4 X123.407 Y173.647 E3166.80525
G1 F1442.6 X123.261 Y173.351 E3166.82634
G1 F1571.4 X123.124 Y173.799 E3166.85383
G1 F1872.3 X123.181 Y174.378 E3166.88248
G1 F1404.3 X123.263 Y174.914 E3166.91808
G1 F1227.9 X123.263 Y175.237 E3166.94233
G1 F1249.2 X124.341 Y175.237 E3167.02189
G1 F1500 E3165.02189
G0 F9000 X125.279 Y174.124
G0 X126.857 Y174.024
G0 X127.962 Y175.112
G0 X132.52 Y175.02
G0 X132.84 Y175.34
G1 F1500 E3167.02189
G1 F1800 X132.84 Y124.66 E3169.61775
G1 X127.266 Y124.661 E3169.90326
G1 X127.543 Y124.832 E3169.91993
G1 X127.835 Y125.06 E3169.93891
G1 X128.229 Y125.514 E3169.9697
G1 X128.47 Y126.016 E3169.99822
G1 X128.569 Y126.322 E3170.01469
G1 X128.666 Y126.764 E3170.03787
G1 X128.631 Y127.47 E3170.07408
G1 X128.467 Y127.982 E3170.10161
G1 X128.276 Y128.41 E3170.12562
G1 X127.929 Y128.83 E3170.15353
G1 X127.595 Y129.149 E3170.17718
G1 X127.067 Y129.446 E3170.20821
G1 X126.576 Y129.604 E3170.23463
G1 X126.215 Y129.651 E3170.25328
G1 X125.868 Y129.656 E3170.27105
G1 X125.422 Y129.605 E3170.29405
G1 X124.926 Y129.445 E3170.32074
G1 X124.4 Y129.149 E3170.35166
G1 X124.016 Y128.77 E3170.37929
G1 X123.807 Y128.505 E3170.39658
G1 X123.643 Y128.24 E3170.41254
G1 X123.588 Y128.132 E3170.41875
G1 F1571.4 X123.279 Y127.656 E3170.45205
G1 X123.16 Y128.212 E3170.4854
G1 F1800 X123.16 Y172.205 E3172.73875
G1 F1480.4 X123.255 Y172.666 E3172.76807
G1 X123.447 Y172.252 E3172.79649
G1 F1800 X123.561 Y171.932 E3172.81389
G1 X123.717 Y171.631 E3172.83125
G1 X123.925 Y171.317 E3172.85055
G1 X124.277 Y170.959 E3172.87626
G1 X124.705 Y170.664 E3172.90289
G1 X125.054 Y170.511 E3172.92241
G1 X125.491 Y170.375 E3172.94585
G1 X125.961 Y170.34 E3172.96999
G1 X126.342 Y170.354 E3172.98952
G1 X126.737 Y170.442 E3173.01024
G1 X127.147 Y170.589 E3173.03255
G1 X127.474 Y170.784 E3173.05205
G1 X127.829 Y171.054 E3173.0749
G1 X128.229 Y171.513 E3173.10608
G1 X128.47 Y172.016 E3173.13465
G1 X128.569 Y172.322 E3173.15113
G1 X128.667 Y172.766 E3173.17442
G1 X128.636 Y173.477 E3173.21087
G1 X128.467 Y173.982 E3173.23814
G1 X128.275 Y174.412 E3173.26227
G1 X127.929 Y174.83 E3173.29006
G1 X127.594 Y175.15 E3173.31379
G1 X127.253 Y175.34 E3173.33378
G1 X132.84 Y175.34 E3173.61995
G0 F9000 X133.28 Y175.78
;TYPE:WALL-OUTER
G1 F1800 X133.28 Y124.22 E3176.26089
G1 F1783.8 X126.755 Y124.223 E3176.59814
G1 F1650 X126.366 Y124.256 E3176.61995
G1 F1565.2 X125.892 Y124.25 E3176.64788
G1 F1559.1 X125.571 Y124.257 E3176.66686
G1 F1653.4 X125.158 Y124.221 E3176.68998
G1 F1791.9 X122.721 Y124.221 E3176.81537
G1 F1800 X122.721 Y175.779 E3179.4562
G1 X125.009 Y175.78 E3179.5734
G1 F1643.2 X125.496 Y175.738 E3179.60082
G1 F1543.9 X125.868 Y175.749 E3179.62305
G1 X126.5 Y175.738 E3179.6608
G1 F1643.2 X126.987 Y175.78 E3179.68822
G1 F1800 X133.28 Y175.78 E3180.01056
G1 F1500 E3178.01056
G0 F9000 X126.161 Y175.246
G1 F1500 E3180.01056
G1 F1571.4 X125.835 Y175.246 E3180.02968
G1 F1540.9 X125.53 Y175.216 E3180.04802
G1 F1643.2 X125.084 Y175.029 E3180.07516
G1 F1800 X124.668 Y174.796 E3180.09958
G1 X124.357 Y174.492 E3180.12185
G1 X124.181 Y174.273 E3180.13624
G1 X123.998 Y173.972 E3180.15429
G1 X123.856 Y173.606 E3180.1744
G1 X123.792 Y173.236 E3180.19363
G1 X123.772 Y172.828 E3180.21455
G1 X123.89 Y172.263 E3180.24412
G1 X124.084 Y171.874 E3180.26638
G1 X124.283 Y171.581 E3180.28452
G1 X124.578 Y171.286 E3180.30589
G1 X124.939 Y171.042 E3180.32821
G1 X125.231 Y170.914 E3180.34454
G1 X125.596 Y170.808 E3180.36401
G1 X125.916 Y170.78 E3180.38046
G1 X126.304 Y170.797 E3180.40035
G1 X126.622 Y170.867 E3180.41703
G1 X126.973 Y170.998 E3180.43622
G1 X127.272 Y171.178 E3180.4541
G1 X127.542 Y171.395 E3180.47184
G1 X127.87 Y171.782 E3180.49782
G1 X128.107 Y172.267 E3180.52547
G1 X128.224 Y172.828 E3180.55483
G1 X128.199 Y173.399 E3180.5841
G1 X128.074 Y173.781 E3180.60469
G1 X127.897 Y174.178 E3180.62695
G1 X127.625 Y174.512 E3180.64902
G1 X127.349 Y174.776 E3180.66858
G1 X126.912 Y175.028 E3180.69442
G1 F1643.2 X126.466 Y175.216 E3180.72157
G1 F1540.9 X126.161 Y175.246 E3180.73991
G1 F1500 E3178.73991
G0 F9000 X126.085 Y174.332
G0 X126.169 Y171.673
G0 X126.157 Y129.215
G1 F1500 E3180.73991
G1 F1800 X125.839 Y129.215 E3180.7562
G1 X125.496 Y129.166 E3180.77395
G1 X125.124 Y129.046 E3180.79397
G1 X124.666 Y128.794 E3180.82074
G1 X124.357 Y128.492 E3180.84287
G1 X124.181 Y128.273 E3180.85727
G1 X123.998 Y127.972 E3180.87531
G1 X123.858 Y127.612 E3180.89509
G1 X123.792 Y127.236 E3180.91465
G1 X123.772 Y126.828 E3180.93557
G1 X123.89 Y126.263 E3180.96513
G1 X124.084 Y125.874 E3180.9874
G1 X124.265 Y125.602 E3181.00413
G1 X124.578 Y125.287 E3181.02688
G1 X124.939 Y125.042 E3181.04923
G1 X125.231 Y124.914 E3181.06556
G1 F1656.9 X125.593 Y124.771 E3181.08721
G1 F1559.1 X125.914 Y124.75 E3181.10624
G1 F1565.2 X126.311 Y124.762 E3181.12963
G1 F1629.6 X126.614 Y124.856 E3181.14758
G1 F1760 X126.973 Y124.998 E3181.16781
G1 F1800 X127.272 Y125.178 E3181.18568
G1 X127.543 Y125.395 E3181.20346
G1 X127.87 Y125.782 E3181.22941
G1 X128.107 Y126.267 E3181.25706
G1 X128.224 Y126.828 E3181.28642
G1 X128.197 Y127.394 E3181.31544
G1 X128.074 Y127.781 E3181.33624
G1 X127.897 Y128.178 E3181.3585
G1 X127.625 Y128.512 E3181.38057
G1 X127.349 Y128.776 E3181.40013
G1 X126.872 Y129.046 E3181.42821
G1 X126.461 Y129.175 E3181.45027
G1 X126.157 Y129.215 E3181.46597
G0 F9000 X126.17 Y129.971
G0 X124.994 Y129.802
G0 X125.065 Y129.582
;TYPE:FILL
G1 F3600 X123.249 Y136.359 E3181.82534
G0 F9000 X123.481 Y136.36
G0 X123.481 Y137.719
G0 X123.249 Y137.718
G1 F3600 X132.752 Y147.221 E3182.51371
G0 F9000 X132.52 Y147.221
G0 X132.52 Y144.029
G0 X132.751 Y144.029
G1 F3600 X123.249 Y146.575 E3183.01758
G0 F9000 X123.249 Y147.051
G1 F3600 X132.752 Y156.555 E3183.70598
G0 F9000 X132.52 Y156.555
G0 X132.52 Y157.695
G0 X132.752 Y157.695
G1 F3600 X123.249 Y160.241 E3184.2099
G0 F9000 X123.48 Y160.242
G0 X123.48 Y161.863
G0 X123.249 Y161.862
G1 F3600 X132.752 Y126.395 E3186.09062
G0 F9000 X132.52 Y126.395
G0 X132.52 Y128.553
G0 X132.752 Y128.553
G1 F3600 X128.948 Y124.749 E3186.36617
G0 F9000 X128.204 Y124.749
G1 F3600 X127.843 Y124.846 E3186.38531
G0 F9000 X128.061 Y124.922
G0 X128.448 Y125.372
G0 X128.822 Y126.265
G0 X128.926 Y126.737
G0 X128.894 Y127.518
G0 X128.501 Y128.545
G0 X127.749 Y129.36
G0 X127.174 Y129.683
G0 X126.633 Y129.858
G0 X125.867 Y129.915
G0 X125.368 Y129.86
G0 X124.822 Y129.683
G0 X124.241 Y129.357
G0 X123.871 Y128.952
G0 X123.434 Y128.414
G0 X123.249 Y128.384
G1 F3600 X132.752 Y137.887 E3187.07368
G0 F9000 X132.751 Y137.196
G1 F3600 X123.25 Y139.742 E3187.5775
G0 F9000 X123.481 Y139.743
G0 X123.481 Y132.91
G0 X123.25 Y132.909
G1 F3600 X132.751 Y130.364 E3188.0813
G0 F9000 X132.52 Y130.364
G0 X132.52 Y150.862
G0 X132.751 Y150.862
G1 F3600 X123.25 Y153.408 E3188.58512
G0 F9000 X123.48 Y153.409
G0 X123.48 Y156.386
G0 X123.249 Y156.385
G1 F3600 X132.752 Y165.889 E3189.27352
G0 F9000 X132.52 Y165.889
G0 X132.52 Y164.528
G0 X132.751 Y164.528
G1 F3600 X123.248 Y167.074 E3189.77744
G0 F9000 X123.48 Y167.075
G0 X123.48 Y165.719
G0 X123.248 Y165.718
G1 F3600 X132.752 Y175.222 E3190.46588
G0 F9000 X132.55 Y175.05
G0 X132.52 Y171.36
G0 X132.752 Y171.36
G1 F3600 X128.688 Y172.449 E3190.68138
G0 F9000 X128.914 Y172.401
G0 X128.491 Y171.47
G0 X127.822 Y170.645
G0 X127.68 Y170.826
G1 F3600 X132.752 Y151.896 E3191.68519
G0 F9000 X132.18 Y151.896
G1 F1500 E3189.68519
G0 F9000 X132.6 Y175.02
G0 X134.165 Y175.02
G0 X165.835 Y175.02
G0 X167.4 Y175.02
G0 X167.16 Y175.34
;TYPE:WALL-INNER
G1 F1500 E3191.68519
G1 F1800 X176.84 Y175.34 E3192.18101
G1 X176.84 Y124.66 E3194.77687
G1 X167.16 Y124.66 E3195.27268
G1 X167.16 Y175.34 E3197.86854
G0 F9000 X166.72 Y175.78
;TYPE:WALL-OUTER
G1 F1800 X177.28 Y175.78 E3198.40943
G1 X177.28 Y124.22 E3201.05037
G1 X166.72 Y124.22 E3201.59126
G1 X166.72 Y175.78 E3204.23219
G0 F9000 X167.49 Y175.252
;TYPE:FILL
G1 F3600 X176.752 Y140.69 E3206.06494
G0 F9000 X176.52 Y140.69
G0 X176.52 Y139.072
G0 X176.751 Y139.072
G1 F3600 X167.248 Y141.618 E3206.56886
G0 F9000 X167.48 Y141.618
G0 X167.48 Y144.381
G0 X167.248 Y144.381
G1 F3600 X176.752 Y153.886 E3207.25733
G0 F9000 X176.52 Y153.886
G0 X176.52 Y152.738
G0 X176.751 Y152.738
G1 F3600 X167.248 Y155.284 E3207.76125
G0 F9000 X167.48 Y155.284
G0 X167.48 Y153.715
G0 X167.248 Y153.715
G1 F3600 X176.752 Y163.219 E3208.44969
G0 F9000 X176.52 Y163.219
G0 X176.52 Y166.189
G0 X176.752 Y166.189
G1 F3600 X174.323 Y175.253 E3208.93033
G0 F9000 X174.323 Y175.02
G0 X176.52 Y173.236
G0 X176.751 Y173.236
G1 F3600 X169.23 Y175.252 E3209.32916
G0 F9000 X170.116 Y175.251
G1 F3600 X167.248 Y172.383 E3209.53691
G0 F9000 X167.48 Y172.383
G0 X167.48 Y168.95
G0 X167.248 Y168.95
G1 F3600 X176.752 Y166.403 E3210.04089
G0 F9000 X176.52 Y166.403
G0 X176.52 Y172.553
G0 X176.752 Y172.553
G1 F3600 X167.248 Y163.049 E3210.72933
G0 F9000 X167.249 Y162.117
G1 F3600 X176.752 Y159.571 E3211.23325
G0 F9000 X176.52 Y159.571
G0 X167.48 Y150.656
G0 X167.248 Y150.656
G1 F3600 X174.19 Y124.747 E3212.60713
G0 F9000 X174.19 Y124.98
G0 X175.616 Y124.98
G0 X175.616 Y124.748
G1 F3600 X176.752 Y125.884 E3212.68942
G0 F9000 X176.751 Y125.407
G1 F3600 X167.248 Y127.953 E3213.19334
G0 F9000 X167.48 Y127.953
G0 X167.48 Y125.714
G0 X167.248 Y125.714
G1 F3600 X176.752 Y135.218 E3213.88178
G0 F9000 X176.52 Y135.218
G0 X176.52 Y132.239
G0 X176.752 Y132.239
G1 F3600 X167.249 Y134.785 E3214.38569
G0 F9000 X167.248 Y135.047
G1 F3600 X176.752 Y144.552 E3215.07417
G0 F9000 X176.52 Y144.552
G0 X176.52 Y145.905
G0 X176.752 Y145.905
G1 F3600 X167.249 Y148.451 E3215.57808
G0 F9000 X167.48 Y148.451
G0 X167.48 Y125.157
G0 X167.248 Y125.157
G1 F3600 X167.358 Y124.747 E3215.59983
G0 F9000 X167.82 Y125.191
G1 F1500 E3213.59983
;MESH:NONMESH
G0 F300 Z4.48
G0 F9000 X167.4 Y126.55
G0 X123.267 Y126.55
;TIME_ELAPSED:2698.111182
;LAYER:15
;TYPE:WALL-INNER
;MESH:custom_clip.stl
G1 F1500 E3215.59983
G1 F1218.5 X123.328 Y126.298 E3215.61945
G1 F1233.6 X123.432 Y125.984 E3215.64417
G1 F1237.5 X123.587 Y125.656 E3215.67119
G1 X123.835 Y125.275 E3215.70506
G1 X124.162 Y124.935 E3215.74021
G1 X124.392 Y124.76 E3215.76174
G1 X123.261 Y124.761 E3215.846
G1 F1224.1 X123.267 Y126.55 E3215.98075
G1 F1243.3 X123.25 Y126.968 E3216.01177
G1 X123.267 Y127.438 E3216.04664
G1 F1500 E3214.04664
G0 F9000 X123.409 Y128.332
G0 X123.408 Y171.662
G0 X123.267 Y172.55
G1 F1500 E3216.04664
G1 F1243.3 X123.25 Y172.968 E3216.07767
G1 X123.267 Y173.438 E3216.11254
G1 F1500 E3214.11254
G0 F9000 X124.341 Y175.237
G1 F1500 E3216.11254
G1 F1227.9 X123.937 Y174.834 E3216.15539
G1 X123.72 Y174.559 E3216.18169
G1 X123.52 Y174.235 E3216.21028
G1 F1226 X123.356 Y173.819 E3216.24391
G1 F1218.5 X123.267 Y173.438 E3216.27351
G1 X123.263 Y175.237 E3216.40964
G1 F1227.9 X124.341 Y175.237 E3216.49058
G1 F1500 E3214.49058
G0 F9000 X125.279 Y174.124
G0 X126.857 Y174.024
G0 X127.962 Y175.112
G0 X132.52 Y175.02
G0 X132.84 Y175.34
G1 F1500 E3216.49058
G1 F1800 X132.84 Y124.66 E3219.08644
G1 X127.266 Y124.661 E3219.37194
G1 X127.543 Y124.832 E3219.38861
G1 X127.835 Y125.06 E3219.40759
G1 X128.229 Y125.514 E3219.43838
G1 X128.47 Y126.016 E3219.4669
G1 X128.569 Y126.322 E3219.48338
G1 X128.666 Y126.764 E3219.50655
G1 X128.631 Y127.47 E3219.54276
G1 X128.467 Y127.982 E3219.5703
G1 X128.276 Y128.41 E3219.5943
G1 X127.929 Y128.83 E3219.62221
G1 X127.595 Y129.149 E3219.64587
G1 X127.067 Y129.446 E3219.6769
G1 X126.576 Y129.604 E3219.70332
G1 X126.215 Y129.651 E3219.72196
G1 X125.868 Y129.656 E3219.73974
G1 X125.422 Y129.605 E3219.76273
G1 X124.926 Y129.445 E3219.78943
G1 X124.4 Y129.149 E3219.82034
G1 X124.016 Y128.77 E3219.84798
G1 X123.807 Y128.505 E3219.86526
G1 X123.61 Y128.187 E3219.88442
G1 X123.473 Y127.837 E3219.90367
G1 F1447.9 X123.267 Y127.438 E3219.93227
G1 X123.16 Y127.896 E3219.96222
G1 F1791.9 X123.16 Y136.74 E3220.41727
G1 F1771.8 X123.16 Y145.584 E3220.87747
G1 F1756.1 X123.16 Y154.428 E3221.34179
G1 F1740.7 X123.16 Y163.272 E3221.81023
G1 F1721.7 X123.16 Y172.116 E3222.28382
G1 F1419.4 X123.267 Y172.55 E3222.31285
G1 F1391.9 X123.426 Y172.245 E3222.33563
G1 F1714.3 X123.561 Y171.932 E3222.35397
G1 F1800 X123.717 Y171.631 E3222.37133
G1 X123.925 Y171.317 E3222.39062
G1 X124.277 Y170.959 E3222.41634
G1 X124.705 Y170.664 E3222.44297
G1 X125.054 Y170.511 E3222.46248
G1 X125.491 Y170.375 E3222.48593
G1 X125.961 Y170.34 E3222.51007
G1 X126.342 Y170.354 E3222.5296
G1 X126.737 Y170.442 E3222.55032
G1 X127.147 Y170.589 E3222.57263
G1 X127.474 Y170.784 E3222.59213
G1 X127.829 Y171.054 E3222.61498
G1 X128.229 Y171.513 E3222.64616
G1 X128.47 Y172.016 E3222.67473
G1 X128.569 Y172.322 E3222.69121
G1 X128.667 Y172.766 E3222.71449
G1 X128.636 Y173.477 E3222.75095
G1 X128.467 Y173.982 E3222.77822
G1 X128.275 Y174.412 E3222.80234
G1 X127.929 Y174.83 E3222.83014
G1 X127.594 Y175.15 E3222.85387
G1 X127.253 Y175.34 E3222.87386
G1 X132.84 Y175.34 E3223.16003
G0 F9000 X133.28 Y175.78
;TYPE:WALL-OUTER
G1 F1800 X133.28 Y124.22 E3225.80097
G1 F1783.8 X126.755 Y124.223 E3226.13822
G1 F1650 X126.366 Y124.256 E3226.16003
G1 F1565.2 X125.892 Y124.25 E3226.18796
G1 F1559.1 X125.571 Y124.257 E3226.20694
G1 F1653.4 X125.158 Y124.221 E3226.23006
G1 F1791.9 X122.721 Y124.221 E3226.35545
G1 F1800 X122.721 Y175.779 E3228.99628
G1 X125.009 Y175.78 E3229.11348
G1 F1643.2 X125.496 Y175.738 E3229.1409
G1 F1543.9 X125.868 Y175.749 E3229.16313
G1 X126.5 Y175.738 E3229.20088
G1 F1643.2 X126.987 Y175.78 E3229.2283
G1 F1800 X133.28 Y175.78 E3229.55063
G1 F1500 E3227.55063
G0 F9000 X126.161 Y175.246
G1 F1500 E3229.55063
G1 F1571.4 X125.835 Y175.246 E3229.56976
G1 F1540.9 X125.53 Y175.216 E3229.5881
G1 F1643.2 X125.084 Y175.029 E3229.61523
G1 F1800 X124.668 Y174.796 E3229.63966
G1 X124.357 Y174.492 E3229.66193
G1 X124.181 Y174.273 E3229.67632
G1 X123.999 Y173.973 E3229.6943
G1 X123.873 Y173.644 E3229.71234
G1 X123.799 Y173.31 E3229.72986
G1 X123.78 Y172.953 E3229.74818
G1 X123.801 Y172.668 E3229.76281
G1 X123.894 Y172.255 E3229.7845
G1 X124.084 Y171.874 E3229.8063
G1 X124.283 Y171.581 E3229.82445
G1 X124.578 Y171.286 E3229.84581
G1 X124.939 Y171.042 E3229.86813
G1 X125.231 Y170.914 E3229.88446
G1 X125.596 Y170.808 E3229.90393
G1 X125.916 Y170.78 E3229.92038
G1 X126.304 Y170.797 E3229.94028
G1 X126.622 Y170.867 E3229.95695
G1 X126.973 Y170.998 E3229.97614
G1 X127.272 Y171.178 E3229.99402
G1 X127.542 Y171.395 E3230.01176
G1 X127.87 Y171.782 E3230.03775
G1 X128.104 Y172.261 E3230.06505
G1 X128.225 Y172.809 E3230.0938
G1 X128.199 Y173.399 E3230.12405
G1 X128.074 Y173.781 E3230.14463
G1 X127.897 Y174.178 E3230.1669
G1 X127.625 Y174.512 E3230.18896
G1 X127.349 Y174.776 E3230.20852
G1 X126.912 Y175.028 E3230.23436
G1 F1643.2 X126.466 Y175.216 E3230.26152
G1 F1540.9 X126.161 Y175.246 E3230.27986
G1 F1500 E3228.27986
G0 F9000 X126.085 Y174.332
G0 X126.169 Y171.673
G0 X126.157 Y129.215
G1 F1500 E3230.27986
G1 F1800 X125.839 Y129.215 E3230.29615
G1 X125.496 Y129.166 E3230.31389
G1 X125.124 Y129.046 E3230.33391
G1 X124.666 Y128.794 E3230.36069
G1 X124.357 Y128.492 E3230.38282
G1 X124.181 Y128.273 E3230.39721
G1 X123.999 Y127.973 E3230.41518
G1 X123.873 Y127.644 E3230.43323
G1 X123.799 Y127.31 E3230.45075
G1 X123.78 Y126.953 E3230.46906
G1 X123.801 Y126.668 E3230.4837
G1 X123.894 Y126.255 E3230.50538
G1 X124.084 Y125.874 E3230.52719
G1 X124.265 Y125.602 E3230.54393
G1 X124.578 Y125.287 E3230.56667
G1 X124.939 Y125.042 E3230.58902
G1 X125.231 Y124.914 E3230.60535
G1 F1656.9 X125.593 Y124.771 E3230.62701
G1 F1559.1 X125.914 Y124.75 E3230.64603
G1 F1565.2 X126.311 Y124.762 E3230.66943
G1 F1629.6 X126.614 Y124.856 E3230.68737
G1 F1760 X126.973 Y124.998 E3230.7076
G1 F1800 X127.272 Y125.178 E3230.72547
G1 X127.543 Y125.395 E3230.74326
G1 X127.87 Y125.782 E3230.76921
G1 X128.104 Y126.261 E3230.79651
G1 X128.225 Y126.809 E3230.82526
G1 X128.197 Y127.394 E3230.85526
G1 X128.074 Y127.781 E3230.87606
G1 X127.897 Y128.178 E3230.89832
G1 X127.625 Y128.512 E3230.92038
G1 X127.349 Y128.776 E3230.93995
G1 X126.872 Y129.046 E3230.96802
G1 X126.461 Y129.175 E3230.99008
G1 X126.157 Y129.215 E3231.00579
G0 F9000 X126.17 Y129.971
G0 X124.764 Y129.719
G0 X124.877 Y129.518
;TYPE:FILL
G1 F3600 X123.25 Y135.593 E3231.32792
G0 F9000 X123.481 Y135.594
G0 X123.481 Y137.439
G0 X123.249 Y137.438
G1 F3600 X132.752 Y146.941 E3232.01629
G0 F9000 X132.52 Y146.941
G0 X132.52 Y144.234
G0 X132.751 Y144.234
G1 F3600 X123.249 Y146.78 E3232.52016
G1 X123.249 Y146.771
G1 X132.752 Y156.275 E3233.20856
G0 F9000 X132.52 Y156.275
G0 X132.52 Y157.9
G0 X132.751 Y157.9
G1 F3600 X123.249 Y160.446 E3233.71243
G0 F9000 X123.249 Y161.097
G1 F3600 X132.752 Y125.629 E3235.5932
G0 F9000 X132.52 Y125.629
G0 X132.52 Y128.273
G0 X132.752 Y128.273
G1 F3600 X129.228 Y124.749 E3235.84846
G0 F9000 X128.97 Y124.749
G1 F3600 X127.925 Y125.029 E3235.90388
G0 F9000 X128.1 Y124.931
G0 X128.448 Y125.372
G0 X128.822 Y126.265
G0 X128.926 Y126.737
G0 X128.894 Y127.518
G0 X128.501 Y128.545
G0 X127.749 Y129.36
G0 X127.174 Y129.683
G0 X126.633 Y129.858
G0 X125.867 Y129.915
G0 X125.368 Y129.86
G0 X124.822 Y129.683
G0 X124.351 Y129.419
G0 X123.685 Y128.864
G0 X123.867 Y128.722
G1 F3600 X123.275 Y128.13 E3235.94676
G0 F9000 X123.409 Y128.332
G0 X123.64 Y128.674
G0 X124.276 Y129.446
G0 X124.389 Y129.244
G1 F3600 X132.752 Y137.607 E3236.55255
G1 X132.751 Y137.401
G1 X123.25 Y139.947 E3237.05637
G0 F9000 X123.481 Y139.948
G0 X123.481 Y133.115
G0 X123.25 Y133.114
G1 F3600 X132.751 Y130.569 E3237.56017
G0 F9000 X132.52 Y130.569
G0 X132.52 Y151.067
G0 X132.751 Y151.067
G1 F3600 X123.25 Y153.613 E3238.06399
G0 F9000 X123.48 Y153.614
G0 X123.48 Y156.106
G0 X123.249 Y156.105
G1 F3600 X132.752 Y165.609 E3238.75239
G0 F9000 X132.751 Y164.733
G1 F3600 X123.249 Y167.279 E3239.25626
G0 F9000 X123.48 Y167.28
G0 X123.48 Y165.439
G0 X123.248 Y165.438
G1 F3600 X132.752 Y174.942 E3239.9447
G0 F9000 X132.52 Y174.942
G0 X132.52 Y171.565
G0 X132.752 Y171.565
G1 F3600 X128.73 Y172.643 E3240.15798
G0 F9000 X128.956 Y172.594
G0 X128.444 Y171.367
G0 X127.628 Y170.511
G0 X127.507 Y170.706
G1 F3600 X132.752 Y151.131 E3241.19599
G0 F9000 X132.18 Y151.131
G1 F1500 E3239.19599
G0 F9000 X132.6 Y175.02
G0 X134.165 Y175.02
G0 X165.835 Y175.02
G0 X167.4 Y175.02
G0 X167.16 Y175.34
;TYPE:WALL-INNER
G1 F1500 E3241.19599
G1 F1800 X176.84 Y175.34 E3241.6918
G1 X176.84 Y124.66 E3244.28767
G1 X167.16 Y124.66 E3244.78348
G1 X167.16 Y175.34 E3247.37934
G0 F9000 X166.72 Y175.78
;TYPE:WALL-OUTER
G1 F1800 X177.28 Y175.78 E3247.92023
G1 X177.28 Y124.22 E3250.56117
G1 X166.72 Y124.22 E3251.10205
G1 X166.72 Y175.78 E3253.74299
G0 F9000 X167.285 Y175.252
;TYPE:FILL
G1 F3600 X176.752 Y139.924 E3255.61636
G0 F9000 X176.751 Y139.277
G1 F3600 X167.248 Y141.823 E3256.12027
G0 F9000 X167.48 Y141.823
G0 X167.48 Y144.101
G0 X167.248 Y144.101
G1 F3600 X176.752 Y153.606 E3256.80875
G0 F9000 X176.751 Y152.943
G1 F3600 X167.248 Y155.489 E3257.31266
G0 F9000 X167.48 Y155.489
G0 X167.48 Y153.435
G0 X167.248 Y153.435
G1 F3600 X176.752 Y162.939 E3258.0011
G0 F9000 X176.52 Y162.939
G0 X176.52 Y165.424
G0 X176.752 Y165.424
G1 F3600 X174.118 Y175.253 E3258.52232
G0 F9000 X174.118 Y175.02
G0 X176.52 Y173.441
G0 X176.752 Y173.441
G1 F3600 X169.995 Y175.252 E3258.88063
G0 F9000 X170.396 Y175.251
G1 F3600 X167.248 Y172.103 E3259.10866
G0 F9000 X167.48 Y172.103
G0 X167.48 Y169.155
G0 X167.248 Y169.155
G1 F3600 X176.752 Y166.608 E3259.61264
G0 F9000 X176.52 Y166.608
G0 X176.52 Y172.273
G0 X176.752 Y172.273
G1 F3600 X167.248 Y162.769 E3260.30108
G0 F9000 X167.249 Y162.322
G1 F3600 X176.752 Y159.776 E3260.80499
G0 F9000 X176.52 Y159.776
G0 X176.52 Y146.11
G0 X176.752 Y146.11
G1 F3600 X167.249 Y148.656 E3261.30891
G0 F9000 X167.48 Y148.656
G0 X167.48 Y149.891
G0 X167.248 Y149.891
G1 F3600 X173.985 Y124.747 E3262.64223
G0 F9000 X173.985 Y124.98
G0 X175.896 Y124.98
G0 X175.896 Y124.748
G1 F3600 X176.752 Y125.604 E3262.70423
G1 X176.751 Y125.612
G1 X167.249 Y128.158 E3263.2081
G0 F9000 X167.48 Y128.158
G0 X167.48 Y125.434
G0 X167.248 Y125.434
G1 F3600 X176.752 Y134.938 E3263.89654
G0 F9000 X176.52 Y134.938
G0 X176.52 Y132.444
G0 X176.752 Y132.444
G1 F3600 X167.248 Y134.991 E3264.40052
G0 F9000 X167.248 Y134.767
G1 F3600 X176.752 Y144.272 E3265.089
G0 F9000 X176.18 Y144.272
G1 F1500 E3263.089
;MESH:NONMESH
G0 F300 Z4.76
G0 F9000 X167.4 Y126.693
G0 X123.253 Y126.693
;TIME_ELAPSED:2738.295553
;LAYER:16
;TYPE:WALL-INNER
;MESH:custom_clip.stl
G1 F1500 E3265.089
G1 F1285.7 X123.244 Y126.852 E3265.10042
G1 F1241.4 X123.275 Y127.523 E3265.1503
G0 F9000 X123.253 Y126.693
G1 F1253.2 X123.352 Y126.22 E3265.18586
G1 F1237.5 X123.472 Y125.888 E3265.21216
G1 X123.634 Y125.576 E3265.23835
G1 X123.835 Y125.275 E3265.26532
G1 X124.162 Y124.935 E3265.30046
G1 X124.392 Y124.76 E3265.32199
G1 X123.261 Y124.761 E3265.40626
G1 F1253.2 X123.253 Y126.693 E3265.5484
G1 F1500 E3263.5484
G0 F9000 X123.253 Y172.693
G1 F1500 E3265.5484
G1 F1285.7 X123.244 Y172.852 E3265.55982
G1 F1241.4 X123.275 Y173.523 E3265.6097
G1 F1500 E3263.6097
G0 F9000 X124.341 Y175.237
G1 F1500 E3265.6097
G1 F1227.9 X123.937 Y174.834 E3265.65255
G1 X123.72 Y174.559 E3265.67885
G1 X123.518 Y174.232 E3265.70771
G1 F1218.5 X123.342 Y173.773 E3265.74491
G1 F1198.2 X123.275 Y173.523 E3265.76483
G1 F1203.6 X123.263 Y173.896 E3265.79341
G1 F1226 X123.263 Y175.237 E3265.89426
G1 F1227.9 X124.341 Y175.237 E3265.9752
G1 F1500 E3263.9752
G0 F9000 X125.279 Y174.124
G0 X126.857 Y174.024
G0 X127.962 Y175.112
G0 X132.52 Y175.02
G0 X132.84 Y175.34
G1 F1500 E3265.9752
G1 F1800 X132.84 Y124.66 E3268.57106
G1 X127.266 Y124.661 E3268.85656
G1 X127.543 Y124.832 E3268.87324
G1 X127.835 Y125.06 E3268.89221
G1 X128.229 Y125.514 E3268.923
G1 X128.47 Y126.016 E3268.95152
G1 X128.569 Y126.322 E3268.968
G1 X128.666 Y126.764 E3268.99117
G1 X128.631 Y127.47 E3269.02738
G1 X128.467 Y127.982 E3269.05492
G1 X128.276 Y128.41 E3269.07892
G1 X127.929 Y128.83 E3269.10683
G1 X127.595 Y129.149 E3269.13049
G1 X127.067 Y129.446 E3269.16152
G1 X126.576 Y129.604 E3269.18794
G1 X126.215 Y129.651 E3269.20658
G1 X125.868 Y129.656 E3269.22436
G1 X125.422 Y129.605 E3269.24735
G1 X124.926 Y129.445 E3269.27405
G1 X124.4 Y129.149 E3269.30496
G1 X124.016 Y128.77 E3269.3326
G1 X123.807 Y128.505 E3269.34988
G1 X123.643 Y128.24 E3269.36585
G1 F1736.8 X123.458 Y127.843 E3269.38909
G1 F1577.7 X123.402 Y127.759 E3269.39499
G1 F1320 X123.275 Y127.523 E3269.41371
G1 F1389.5 X123.176 Y127.896 E3269.43932
G1 F1736.8 X123.16 Y128.214 E3269.45622
G1 F1791.9 X123.16 Y150.237 E3270.58938
G1 F1775.8 X123.16 Y172.26 E3271.73279
G1 F1477.6 X123.253 Y172.693 E3271.76043
G1 F1488.7 X123.447 Y172.252 E3271.79027
G1 F1800 X123.561 Y171.932 E3271.80767
G1 X123.717 Y171.631 E3271.82503
G1 X123.925 Y171.317 E3271.84432
G1 X124.277 Y170.959 E3271.87004
G1 X124.705 Y170.664 E3271.89666
G1 X125.054 Y170.511 E3271.91618
G1 X125.491 Y170.375 E3271.93962
G1 X125.961 Y170.34 E3271.96376
G1 X126.342 Y170.354 E3271.98329
G1 X126.737 Y170.442 E3272.00402
G1 X127.147 Y170.589 E3272.02633
G1 X127.474 Y170.784 E3272.04583
G1 X127.829 Y171.054 E3272.06868
G1 X128.229 Y171.513 E3272.09986
G1 X128.47 Y172.016 E3272.12843
G1 X128.569 Y172.322 E3272.1449
G1 X128.667 Y172.766 E3272.16819
G1 X128.636 Y173.477 E3272.20464
G1 X128.467 Y173.982 E3272.23192
G1 X128.275 Y174.412 E3272.25604
G1 X127.929 Y174.83 E3272.28384
G1 X127.594 Y175.15 E3272.30756
G1 X127.253 Y175.34 E3272.32756
G1 X132.84 Y175.34 E3272.61373
G0 F9000 X133.28 Y175.78
;TYPE:WALL-OUTER
G1 F1800 X133.28 Y124.22 E3275.25466
G1 F1783.8 X126.755 Y124.223 E3275.59192
G1 F1650 X126.366 Y124.256 E3275.61373
G1 F1565.2 X125.892 Y124.25 E3275.64165
G1 F1559.1 X125.571 Y124.257 E3275.66064
G1 F1653.4 X125.158 Y124.221 E3275.68376
G1 F1791.9 X122.721 Y124.221 E3275.80915
G1 F1800 X122.721 Y175.779 E3278.44998
G1 X125.009 Y175.78 E3278.56717
G1 F1643.2 X125.496 Y175.738 E3278.5946
G1 F1543.9 X125.868 Y175.749 E3278.61683
G1 X126.5 Y175.738 E3278.65457
G1 F1643.2 X126.987 Y175.78 E3278.682
G1 F1800 X133.28 Y175.78 E3279.00433
G1 F1500 E3277.00433
G0 F9000 X126.161 Y175.246
G1 F1500 E3279.00433
G1 F1571.4 X125.835 Y175.246 E3279.02346
G1 F1540.9 X125.53 Y175.216 E3279.0418
G1 F1643.2 X125.084 Y175.029 E3279.06893
G1 F1800 X124.668 Y174.796 E3279.09335
G1 X124.357 Y174.492 E3279.11563
G1 X124.181 Y174.273 E3279.13002
G1 X123.999 Y173.973 E3279.14799
G1 X123.883 Y173.677 E3279.16428
G1 X123.808 Y173.362 E3279.18086
G1 X123.765 Y172.836 E3279.20789
G1 X123.856 Y172.417 E3279.22986
G1 X123.943 Y172.157 E3279.2439
G1 X124.084 Y171.874 E3279.26009
G1 X124.283 Y171.581 E3279.27824
G1 X124.578 Y171.286 E3279.29961
G1 X124.939 Y171.042 E3279.32192
G1 X125.231 Y170.914 E3279.33825
G1 X125.596 Y170.808 E3279.35772
G1 X125.916 Y170.78 E3279.37417
G1 X126.304 Y170.797 E3279.39407
G1 X126.622 Y170.867 E3279.41075
G1 X126.973 Y170.998 E3279.42994
G1 X127.272 Y171.178 E3279.44781
G1 X127.542 Y171.395 E3279.46555
G1 X127.87 Y171.782 E3279.49154
G1 X128.104 Y172.261 E3279.51884
G1 X128.225 Y172.809 E3279.54759
G1 X128.199 Y173.399 E3279.57784
G1 X128.074 Y173.781 E3279.59843
G1 X127.897 Y174.178 E3279.62069
G1 X127.625 Y174.512 E3279.64275
G1 X127.349 Y174.776 E3279.66232
G1 X126.912 Y175.028 E3279.68815
G1 F1643.2 X126.466 Y175.216 E3279.71531
G1 F1540.9 X126.161 Y175.246 E3279.73365
G1 F1500 E3277.73365
G0 F9000 X126.085 Y174.332
G0 X126.169 Y171.673
G0 X126.157 Y129.215
G1 F1500 E3279.73365
G1 F1800 X125.839 Y129.215 E3279.74994
G1 X125.496 Y129.166 E3279.76768
G1 X125.124 Y129.046 E3279.78771
G1 X124.666 Y128.794 E3279.81448
G1 X124.357 Y128.492 E3279.83661
G1 X124.181 Y128.273 E3279.851
G1 X123.999 Y127.973 E3279.86898
G1 X123.883 Y127.677 E3279.88526
G1 X123.808 Y127.362 E3279.90184
G1 X123.768 Y126.852 E3279.92805
G1 X123.856 Y126.417 E3279.95078
G1 X123.943 Y126.157 E3279.96482
G1 X124.084 Y125.874 E3279.98102
G1 X124.265 Y125.602 E3279.99775
G1 X124.578 Y125.287 E3280.0205
G1 X124.939 Y125.042 E3280.04284
G1 X125.231 Y124.914 E3280.05917
G1 F1656.9 X125.593 Y124.771 E3280.08083
G1 F1559.1 X125.914 Y124.75 E3280.09986
G1 F1565.2 X126.311 Y124.762 E3280.12325
G1 F1629.6 X126.614 Y124.856 E3280.1412
G1 F1760 X126.973 Y124.998 E3280.16142
G1 F1800 X127.272 Y125.178 E3280.1793
G1 X127.543 Y125.395 E3280.19708
G1 X127.87 Y125.782 E3280.22303
G1 X128.107 Y126.267 E3280.25068
G1 X128.224 Y126.828 E3280.28004
G1 X128.197 Y127.394 E3280.30906
G1 X128.074 Y127.781 E3280.32986
G1 X127.897 Y128.178 E3280.35212
G1 X127.625 Y128.512 E3280.37419
G1 X127.349 Y128.776 E3280.39375
G1 X126.872 Y129.046 E3280.42182
G1 X126.461 Y129.175 E3280.44389
G1 X126.157 Y129.215 E3280.45959
G0 F9000 X126.17 Y129.971
G0 X124.907 Y129.774
G0 X124.978 Y129.553
;TYPE:FILL
G1 F3600 X132.752 Y137.327 E3281.02272
G0 F9000 X132.752 Y137.606
G1 F3600 X123.25 Y140.152 E3281.52658
G0 F9000 X123.481 Y140.153
G0 X123.481 Y137.159
G0 X123.249 Y137.158
G1 F3600 X132.752 Y146.661 E3282.21495
G0 F9000 X132.52 Y146.661
G0 X132.52 Y144.439
G0 X132.751 Y144.439
G1 F3600 X123.249 Y146.985 E3282.71882
G0 F9000 X123.249 Y146.491
G1 F3600 X132.752 Y155.995 E3283.40722
G0 F9000 X132.52 Y155.995
G0 X132.52 Y158.105
G0 X132.751 Y158.105
G1 F3600 X123.249 Y160.651 E3283.91109
G0 F9000 X123.249 Y160.332
G1 F3600 X132.752 Y124.864 E3285.79186
G0 F9000 X132.55 Y124.95
G0 X129.735 Y124.981
G0 X129.735 Y124.749
G1 F3600 X128.069 Y125.195 E3285.8802
G0 F9000 X128.244 Y125.044
G0 X129.508 Y124.981
G0 X129.508 Y124.749
G1 F3600 X132.752 Y127.993 E3286.11518
G0 F9000 X132.52 Y127.993
G0 X132.52 Y130.773
G0 X132.751 Y130.773
G1 F3600 X123.25 Y133.319 E3286.619
G0 F9000 X123.481 Y133.32
G0 X123.481 Y134.829
G0 X123.25 Y134.828
G1 F3600 X124.699 Y129.418 E3286.90587
G0 F9000 X124.586 Y129.62
G0 X132.52 Y150.366
G0 X132.752 Y150.366
G1 F3600 X127.331 Y170.598 E3287.97872
G0 F9000 X127.452 Y170.402
G0 X128.012 Y170.869
G0 X128.444 Y171.367
G0 X128.658 Y171.875
G0 X128.981 Y172.852
G0 X128.751 Y172.842
G1 F3600 X132.752 Y171.77 E3288.19088
G0 F9000 X132.52 Y171.77
G0 X132.52 Y174.662
G0 X132.752 Y174.662
G1 F3600 X123.248 Y165.158 E3288.87932
G0 F9000 X123.48 Y165.159
G0 X123.48 Y167.485
G0 X123.249 Y167.484
G1 F3600 X132.751 Y164.938 E3289.38319
G0 F9000 X132.752 Y165.329
G1 F3600 X123.249 Y155.825 E3290.07159
G0 F9000 X123.48 Y155.826
G0 X123.48 Y153.819
G0 X123.25 Y153.818
G1 F3600 X132.751 Y151.272 E3290.57541
G0 F9000 X132.18 Y151.272
G1 F1500 E3288.57541
G0 F9000 X132.6 Y175.02
G0 X134.165 Y175.02
G0 X165.835 Y175.02
G0 X167.4 Y175.02
G0 X167.16 Y175.34
;TYPE:WALL-INNER
G1 F1500 E3290.57541
G1 F1800 X176.84 Y175.34 E3291.07122
G1 X176.84 Y124.66 E3293.66708
G1 X167.16 Y124.66 E3294.1629
G1 X167.16 Y175.34 E3296.75876
G0 F9000 X166.72 Y175.78
;TYPE:WALL-OUTER
G1 F1800 X177.28 Y175.78 E3297.29965
G1 X177.28 Y124.22 E3299.94058
G1 X166.72 Y124.22 E3300.48147
G1 X166.72 Y175.78 E3303.12241
G0 F9000 X167.394 Y175.106
G0 X167.48 Y174.625
G0 X167.248 Y174.625
;TYPE:FILL
G1 F3600 X176.752 Y139.159 E3305.00309
G0 F9000 X176.751 Y139.482
G1 F3600 X167.249 Y142.028 E3305.50696
G0 F9000 X167.48 Y142.028
G0 X167.48 Y143.821
G0 X167.248 Y143.821
G1 F3600 X176.752 Y153.325 E3306.1954
G1 X176.751 Y153.148
G1 X167.248 Y155.694 E3306.69932
G0 F9000 X167.48 Y155.694
G0 X167.48 Y153.155
G0 X167.248 Y153.155
G1 F3600 X176.752 Y162.659 E3307.38776
G0 F9000 X176.52 Y162.659
G0 X176.52 Y164.659
G0 X176.752 Y164.659
G1 F3600 X173.913 Y175.253 E3307.94953
G0 F9000 X173.913 Y175.02
G0 X170.76 Y175.02
G0 X170.76 Y175.252
G1 F3600 X176.752 Y173.646 E3308.26728
G0 F9000 X176.52 Y173.646
G0 X176.52 Y171.993
G0 X176.752 Y171.993
G1 F3600 X167.248 Y162.489 E3308.95572
G1 X167.249 Y162.527
G1 X176.752 Y159.981 E3309.45964
G0 F9000 X176.52 Y159.981
G0 X176.52 Y166.813
G0 X176.751 Y166.813
G1 F3600 X167.248 Y169.36 E3309.96357
G0 F9000 X167.48 Y169.36
G0 X167.48 Y171.823
G0 X167.248 Y171.823
G1 F3600 X170.676 Y175.251 E3310.21188
G0 F9000 X170.676 Y175.02
G0 X167.48 Y149.126
G0 X167.248 Y149.126
G1 F3600 X173.78 Y124.747 E3311.50463
G0 F9000 X173.78 Y124.98
G0 X176.176 Y124.98
G0 X176.176 Y124.748
G1 F3600 X176.752 Y125.324 E3311.54635
G0 F9000 X176.751 Y125.816
G1 F3600 X167.249 Y128.363 E3312.05023
G0 F9000 X167.48 Y128.363
G0 X167.48 Y125.154
G0 X167.248 Y125.154
G1 F3600 X176.752 Y134.658 E3312.73867
G0 F9000 X176.52 Y134.658
G0 X176.52 Y132.649
G0 X176.752 Y132.649
G1 F3600 X167.248 Y135.196 E3313.24265
G0 F9000 X167.248 Y134.487
G1 F3600 X176.752 Y143.992 E3313.93113
G0 F9000 X176.52 Y143.992
G0 X176.52 Y146.315
G0 X176.752 Y146.315
G1 F3600 X167.249 Y148.861 E3314.43505
G0 F9000 X167.82 Y148.861
G1 F1500 E3312.43505
;MESH:NONMESH
G0 F300 Z5.04
G0 F9000 X167.4 Y126.666
G0 X123.255 Y126.666
;TIME_ELAPSED:2778.541494
;LAYER:17
;TYPE:WALL-INNER
;MESH:custom_clip.stl
G1 F1500 E3314.43505
G1 F1247.2 X123.352 Y126.22 E3314.46878
G1 F1237.5 X123.472 Y125.888 E3314.49509
G1 X123.634 Y125.576 E3314.52128
G1 X123.835 Y125.275 E3314.54824
G1 X124.162 Y124.935 E3314.58339
G1 X124.392 Y124.76 E3314.60492
G1 X123.261 Y124.761 E3314.68918
G1 F1247.2 X123.255 Y126.666 E3314.83
G1 F1275.4 X123.246 Y126.828 E3314.84173
G1 F1261.1 X123.261 Y127.355 E3314.88027
G1 F1164.7 X123.299 Y127.758 E3314.91232
G1 F1500 E3312.91232
G0 F9000 X123.429 Y128.411
G0 X123.734 Y171.172
G0 X123.255 Y172.666
G1 F1500 E3314.91232
G1 F1275.4 X123.246 Y172.828 E3314.92405
G1 F1261.1 X123.261 Y173.355 E3314.96259
G1 F1500 E3312.96259
G0 F9000 X124.341 Y175.237
G1 F1500 E3314.96259
G1 F1283.6 X123.837 Y174.734 E3315.01373
G1 F1432.2 X123.648 Y174.308 E3315.04373
G1 F1783.8 X123.506 Y173.873 E3315.06738
G1 F2117.6 X123.478 Y173.747 E3315.073
G1 F1577.7 X123.261 Y173.355 E3315.09919
G1 X123.123 Y173.785 E3315.12558
G1 F1846.2 X123.189 Y174.44 E3315.15845
G1 F1384.6 X123.263 Y174.914 E3315.1904
G1 F1227.9 X123.263 Y175.237 E3315.21465
G1 F1245.3 X124.341 Y175.237 E3315.29446
G1 F1500 E3313.29446
G0 F9000 X125.279 Y174.124
G0 X127.248 Y173.472
G0 X128.686 Y174.079
G0 X128.938 Y173.579
G0 X128.636 Y173.477
G1 F1500 E3315.29446
G1 F1800 X128.467 Y173.982 E3315.32174
G1 X128.275 Y174.412 E3315.34586
G1 X127.929 Y174.83 E3315.37365
G1 X127.594 Y175.15 E3315.39738
G1 X127.253 Y175.34 E3315.41738
G1 X133.624 Y175.34 E3315.7437
G1 X133.624 Y124.66 E3318.33956
G1 X127.266 Y124.661 E3318.66522
G1 X127.543 Y124.832 E3318.6819
G1 X127.835 Y125.06 E3318.70087
G1 X128.229 Y125.514 E3318.73166
G1 X128.47 Y126.016 E3318.76019
G1 X128.569 Y126.322 E3318.77666
G1 X128.669 Y126.775 E3318.80042
G1 X128.631 Y127.47 E3318.83607
G1 X128.467 Y127.982 E3318.86361
G1 X128.276 Y128.41 E3318.88762
G1 X127.929 Y128.829 E3318.91548
G1 X127.596 Y129.148 E3318.9391
G1 X127.07 Y129.445 E3318.97004
G1 X126.579 Y129.603 E3318.99646
G1 X126.215 Y129.651 E3319.01527
G1 X125.868 Y129.656 E3319.03304
G1 X125.422 Y129.605 E3319.05604
G1 X124.926 Y129.445 E3319.08273
G1 X124.4 Y129.149 E3319.11365
G1 X124.016 Y128.77 E3319.14128
G1 X123.809 Y128.508 E3319.15838
G1 X123.63 Y128.212 E3319.1761
G1 F1370.2 X123.299 Y127.758 E3319.21391
G1 F1211 X123.236 Y127.953 E3319.22951
G1 F1534.9 X123.16 Y128.313 E3319.25161
G1 F1800 X123.16 Y172.205 E3321.49978
G1 F1480.4 X123.255 Y172.666 E3321.5291
G1 X123.447 Y172.252 E3321.55752
G1 F1800 X123.561 Y171.932 E3321.57492
G1 X123.717 Y171.631 E3321.59228
G1 X123.925 Y171.317 E3321.61158
G1 X124.277 Y170.959 E3321.63729
G1 X124.705 Y170.664 E3321.66392
G1 X125.054 Y170.511 E3321.68344
G1 X125.491 Y170.375 E3321.70688
G1 X125.961 Y170.34 E3321.73102
G1 X126.345 Y170.354 E3321.7507
G1 X126.791 Y170.459 E3321.77417
G1 X127.148 Y170.589 E3321.79363
G1 X127.544 Y170.832 E3321.81743
G1 X127.834 Y171.06 E3321.83632
G1 X128.226 Y171.511 E3321.86693
G1 X128.436 Y171.935 E3321.89116
G1 X128.55 Y172.252 E3321.90842
G1 X128.667 Y172.765 E3321.93537
G1 X128.636 Y173.477 E3321.97187
G1 F1500 E3319.97187
G0 F9000 X128.938 Y173.579
G0 X128.5 Y174.543
G0 X128.064 Y175.006
G0 X126.987 Y175.78
;TYPE:WALL-OUTER
G1 F1500 E3321.97187
G1 F1800 X134.064 Y175.78 E3322.33436
G1 X134.064 Y124.22 E3324.9753
G1 F1783.8 X126.755 Y124.223 E3325.35307
G1 F1650 X126.366 Y124.256 E3325.37489
G1 F1565.2 X125.892 Y124.25 E3325.40281
G1 F1559.1 X125.571 Y124.257 E3325.4218
G1 F1653.4 X125.158 Y124.221 E3325.44491
G1 F1791.9 X122.721 Y124.221 E3325.5703
G1 F1800 X122.721 Y175.779 E3328.21114
G1 X125.009 Y175.78 E3328.32833
G1 F1643.2 X125.496 Y175.738 E3328.35576
G1 F1543.9 X125.868 Y175.749 E3328.37798
G1 X126.5 Y175.738 E3328.41573
G1 F1643.2 X126.987 Y175.78 E3328.44316
G0 F9000 X126.161 Y175.246
G1 F1571.4 X125.835 Y175.246 E3328.46228
G1 F1540.9 X125.53 Y175.216 E3328.48062
G1 F1643.2 X125.084 Y175.029 E3328.50776
G1 F1800 X124.668 Y174.796 E3328.53218
G1 X124.357 Y174.492 E3328.55445
G1 X124.181 Y174.274 E3328.5688
G1 X124.045 Y174.058 E3328.58188
G1 X123.867 Y173.653 E3328.60454
G1 X123.792 Y173.236 E3328.62624
G1 X123.772 Y172.828 E3328.64716
G1 X123.89 Y172.263 E3328.67673
G1 X124.084 Y171.874 E3328.69899
G1 X124.283 Y171.581 E3328.71713
G1 X124.578 Y171.286 E3328.7385
G1 X124.939 Y171.042 E3328.76082
G1 X125.231 Y170.914 E3328.77715
G1 X125.596 Y170.808 E3328.79662
G1 X125.916 Y170.78 E3328.81307
G1 X126.304 Y170.797 E3328.83297
G1 X126.633 Y170.87 E3328.85023
G1 X126.973 Y170.998 E3328.86883
G1 X127.272 Y171.178 E3328.88671
G1 X127.542 Y171.395 E3328.90445
G1 X127.87 Y171.782 E3328.93044
G1 X128.107 Y172.268 E3328.95813
G1 X128.224 Y172.831 E3328.98759
G1 X128.199 Y173.399 E3329.01671
G1 X128.074 Y173.781 E3329.03729
G1 X127.897 Y174.178 E3329.05956
G1 X127.625 Y174.512 E3329.08162
G1 X127.349 Y174.776 E3329.10118
G1 X126.912 Y175.028 E3329.12702
G1 F1643.2 X126.466 Y175.216 E3329.15418
G1 F1540.9 X126.161 Y175.246 E3329.17252
G1 F1500 E3327.17252
G0 F9000 X126.085 Y174.332
G0 X126.169 Y171.673
G0 X126.157 Y129.215
G1 F1500 E3329.17252
G1 F1800 X125.839 Y129.215 E3329.18881
G1 X125.496 Y129.166 E3329.20655
G1 X125.124 Y129.046 E3329.22657
G1 X124.666 Y128.794 E3329.25335
G1 X124.357 Y128.492 E3329.27548
G1 X124.181 Y128.274 E3329.28983
G1 X124.045 Y128.058 E3329.30291
G1 X123.867 Y127.653 E3329.32557
G1 X123.792 Y127.236 E3329.34727
G1 X123.772 Y126.828 E3329.36819
G1 X123.89 Y126.263 E3329.39775
G1 X124.084 Y125.874 E3329.42002
G1 X124.265 Y125.602 E3329.43675
G1 X124.578 Y125.287 E3329.4595
G1 X124.939 Y125.042 E3329.48185
G1 X125.231 Y124.914 E3329.49818
G1 F1656.9 X125.593 Y124.771 E3329.51983
G1 F1559.1 X125.914 Y124.75 E3329.53886
G1 F1565.2 X126.311 Y124.762 E3329.56225
G1 F1629.6 X126.614 Y124.856 E3329.5802
G1 F1760 X126.973 Y124.998 E3329.60043
G1 F1800 X127.272 Y125.178 E3329.6183
G1 X127.543 Y125.395 E3329.63608
G1 X127.87 Y125.782 E3329.66203
G1 X128.104 Y126.261 E3329.68934
G1 X128.225 Y126.809 E3329.71809
G1 X128.197 Y127.394 E3329.74808
G1 X128.074 Y127.781 E3329.76888
G1 X127.897 Y128.178 E3329.79115
G1 X127.644 Y128.491 E3329.81176
G1 X127.349 Y128.776 E3329.83277
G1 X126.872 Y129.046 E3329.86085
G1 X126.461 Y129.175 E3329.88291
G1 X126.157 Y129.215 E3329.89862
G0 F9000 X125.393 Y129.688
;TYPE:FILL
G1 F3600 X133.536 Y137.831 E3330.48847
G0 F9000 X133.536 Y137.601
G1 F3600 X123.249 Y140.357 E3331.03396
G0 F9000 X123.48 Y140.357
G0 X123.48 Y136.877
G0 X123.248 Y136.877
G1 F3600 X133.536 Y147.164 E3331.77915
G0 F9000 X133.536 Y146.675
G1 F3600 X127.153 Y170.497 E3333.04237
G0 F9000 X127.232 Y170.281
G0 X128.012 Y170.869
G0 X128.451 Y171.376
G0 X128.752 Y172.096
G0 X128.973 Y173.059
G0 X128.743 Y173.049
G1 F3600 X133.535 Y171.765 E3333.29648
G0 F9000 X133.535 Y172.177
G1 F3600 X132.711 Y175.253 E3333.45959
G0 F9000 X133.536 Y175.166
G1 F3600 X123.248 Y164.878 E3334.20482
G0 F9000 X123.48 Y164.878
G0 X123.48 Y167.689
G0 X123.249 Y167.689
G1 F3600 X133.536 Y164.932 E3334.75032
G0 F9000 X133.536 Y165.832
G1 F3600 X123.248 Y155.544 E3335.49555
G0 F9000 X123.48 Y155.544
G0 X123.48 Y154.023
G0 X123.249 Y154.023
G1 F3600 X133.536 Y151.267 E3336.04104
G0 F9000 X133.304 Y151.267
G0 X133.304 Y156.498
G0 X133.536 Y156.498
G1 F3600 X123.248 Y146.211 E3336.78623
G0 F9000 X123.248 Y147.19
G1 F3600 X133.535 Y144.434 E3337.33172
G0 F9000 X133.304 Y144.434
G0 X133.304 Y130.768
G0 X133.535 Y130.768
G1 F3600 X123.248 Y133.525 E3337.87722
G0 F9000 X123.248 Y134.068
G1 F3600 X124.521 Y129.319 E3338.12906
G0 F9000 X124.408 Y129.52
G0 X125.368 Y129.86
G0 X126.246 Y129.908
G0 X126.635 Y129.857
G0 X127.173 Y129.683
G0 X127.75 Y129.36
G0 X128.501 Y128.546
G0 X128.885 Y127.546
G0 X128.929 Y126.754
G0 X128.755 Y126.087
G0 X128.388 Y125.211
G0 X128.213 Y125.362
G1 F3600 X130.501 Y124.749 E3338.25039
G0 F9000 X129.788 Y124.749
G1 F3600 X133.536 Y128.497 E3338.52188
G0 F9000 X133.304 Y128.497
G0 X132.578 Y124.981
G0 X132.578 Y124.748
G1 F3600 X123.248 Y159.569 E3340.36834
G0 F9000 X123.48 Y159.569
G0 X123.48 Y160.856
G0 X123.248 Y160.856
G1 F3600 X133.535 Y158.1 E3340.91383
G0 F9000 X132.964 Y158.1
G1 F1500 E3338.91383
G0 F9000 X133.384 Y175.02
G0 X134.952 Y175.02
G0 X165.835 Y175.02
G0 X167.4 Y175.02
G0 X167.16 Y175.34
;TYPE:WALL-INNER
G1 F1500 E3340.91383
G1 F1800 X176.84 Y175.34 E3341.40965
G1 X176.84 Y124.66 E3344.00551
G1 X167.16 Y124.66 E3344.50132
G1 X167.16 Y175.34 E3347.09719
G0 F9000 X166.72 Y175.78
;TYPE:WALL-OUTER
G1 F1800 X177.28 Y175.78 E3347.63807
G1 X177.28 Y124.22 E3350.27901
G1 X166.72 Y124.22 E3350.8199
G1 X166.72 Y175.78 E3353.46083
G1 F1500 E3351.46083
G0 F9000 X167.394 Y175.106
G0 X167.48 Y173.86
G0 X167.249 Y173.86
;TYPE:FILL
G1 F1500 E3353.46083
G1 F3600 X176.752 Y138.394 E3355.3415
G0 F9000 X176.52 Y138.394
G0 X176.52 Y139.687
G0 X176.751 Y139.687
G1 F3600 X167.249 Y142.233 E3355.84537
G0 F9000 X167.48 Y142.233
G0 X167.48 Y143.541
G0 X167.248 Y143.541
G1 F3600 X176.752 Y153.045 E3356.53381
G0 F9000 X176.751 Y153.353
G1 F3600 X167.248 Y155.899 E3357.03773
G0 F9000 X167.48 Y155.899
G0 X167.48 Y152.875
G0 X167.248 Y152.875
G1 F3600 X176.752 Y162.379 E3357.72617
G0 F9000 X176.52 Y162.379
G0 X176.52 Y163.894
G0 X176.752 Y163.894
G1 F3600 X173.708 Y175.253 E3358.32851
G0 F9000 X173.708 Y175.02
G0 X171.525 Y175.02
G0 X171.525 Y175.252
G1 F3600 X176.752 Y173.851 E3358.60569
G0 F9000 X176.52 Y173.851
G0 X176.52 Y171.713
G0 X176.752 Y171.713
G1 F3600 X167.248 Y162.209 E3359.29413
G0 F9000 X167.249 Y162.732
G1 F3600 X176.752 Y160.185 E3359.79806
G0 F9000 X176.52 Y160.185
G0 X176.52 Y167.018
G0 X176.751 Y167.018
G1 F3600 X167.248 Y169.565 E3360.30199
G0 F9000 X167.48 Y169.565
G0 X167.48 Y171.543
G0 X167.248 Y171.543
G1 F3600 X170.956 Y175.251 E3360.57059
G0 F9000 X170.956 Y175.02
G0 X167.48 Y149.066
G0 X167.249 Y149.066
G1 F3600 X176.752 Y146.52 E3361.0745
G0 F9000 X176.52 Y146.52
G0 X176.52 Y143.712
G0 X176.752 Y143.712
G1 F3600 X167.248 Y134.207 E3361.76298
G0 F9000 X167.48 Y134.207
G0 X167.48 Y135.401
G0 X167.248 Y135.401
G1 F3600 X176.752 Y132.854 E3362.26696
G0 F9000 X176.52 Y132.854
G0 X176.52 Y134.378
G0 X176.752 Y134.378
G1 F3600 X167.248 Y124.874 E3362.9554
G0 F9000 X167.45 Y124.95
G0 X167.48 Y128.568
G0 X167.249 Y128.568
G1 F3600 X176.751 Y126.021 E3363.45928
G0 F9000 X176.752 Y125.044
G1 F3600 X176.456 Y124.748 E3363.48072
G0 F9000 X176.456 Y124.98
G0 X173.575 Y124.98
G0 X173.575 Y124.747
G1 F3600 X167.248 Y148.361 E3364.7329
G0 F9000 X167.82 Y148.361
G1 F1500 E3362.7329
;MESH:NONMESH
G0 F300 Z5.32
G0 F9000 X167.4 Y126.666
G0 X123.255 Y126.666
;TIME_ELAPSED:2819.370541
;LAYER:18
;TYPE:WALL-INNER
;MESH:custom_clip.stl
G1 F1500 E3364.7329
G1 F1247.2 X123.352 Y126.22 E3364.76664
G1 F1237.5 X123.472 Y125.888 E3364.79294
G1 X123.634 Y125.576 E3364.81914
G1 X123.835 Y125.275 E3364.8461
G1 X124.162 Y124.935 E3364.88125
G1 X124.392 Y124.76 E3364.90278
G1 X123.261 Y124.761 E3364.98704
G1 F1247.2 X123.255 Y126.666 E3365.12786
G1 F1275.4 X123.246 Y126.828 E3365.13959
G1 F1271.3 X123.256 Y127.262 E3365.17107
G1 F1189.2 X123.287 Y127.668 E3365.20264
G1 F1500 E3363.20264
G0 F9000 X123.431 Y128.407
G0 X123.734 Y171.172
G0 X123.255 Y172.666
G1 F1500 E3365.20264
G1 F1275.4 X123.246 Y172.828 E3365.21437
G1 F1261.1 X123.261 Y173.351 E3365.25262
G1 F1500 E3363.25262
G0 F9000 X124.341 Y175.237
G1 F1500 E3365.25262
G1 F1289.9 X123.835 Y174.733 E3365.30367
G1 F1458.6 X123.625 Y174.251 E3365.3369
G1 F1872.3 X123.477 Y173.739 E3365.36314
G1 F1936.4 X123.407 Y173.647 E3365.36865
G1 F1442.6 X123.261 Y173.351 E3365.38974
G1 F1571.4 X123.124 Y173.799 E3365.41723
G1 F1872.3 X123.181 Y174.378 E3365.44588
G1 F1404.3 X123.263 Y174.914 E3365.48148
G1 F1227.9 X123.263 Y175.237 E3365.50573
G1 F1249.2 X124.341 Y175.237 E3365.58529
G1 F1500 E3363.58529
G0 F9000 X134 Y175.34
G1 F1500 E3365.58529
G1 F1800 X134 Y124.66 E3368.18115
G1 X127.266 Y124.661 E3368.52607
G1 X127.543 Y124.832 E3368.54275
G1 X127.835 Y125.06 E3368.56172
G1 X128.229 Y125.514 E3368.59251
G1 X128.47 Y126.016 E3368.62103
G1 X128.57 Y126.326 E3368.63772
G1 X128.664 Y126.765 E3368.66071
G1 X128.631 Y127.47 E3368.69686
G1 X128.467 Y127.983 E3368.72445
G1 X128.274 Y128.412 E3368.74854
G1 X127.929 Y128.829 E3368.77627
G1 X127.591 Y129.152 E3368.80021
G1 X127.067 Y129.446 E3368.83099
G1 X126.579 Y129.603 E3368.85724
G1 X126.215 Y129.651 E3368.87605
G1 X125.868 Y129.656 E3368.89383
G1 X125.422 Y129.605 E3368.91682
G1 X124.926 Y129.445 E3368.94351
G1 X124.4 Y129.149 E3368.97443
G1 X124.016 Y128.77 E3369.00206
G1 X123.807 Y128.505 E3369.01935
G1 X123.643 Y128.24 E3369.03531
G1 X123.588 Y128.132 E3369.04152
G1 F1571.4 X123.279 Y127.656 E3369.07482
G1 X123.16 Y128.212 E3369.10818
G1 F1800 X123.16 Y172.205 E3371.36153
G1 F1480.4 X123.255 Y172.666 E3371.39084
G1 X123.447 Y172.252 E3371.41926
G1 F1800 X123.561 Y171.932 E3371.43666
G1 X123.717 Y171.631 E3371.45403
G1 X123.925 Y171.317 E3371.47332
G1 X124.277 Y170.959 E3371.49903
G1 X124.705 Y170.664 E3371.52566
G1 X125.054 Y170.511 E3371.54518
G1 X125.491 Y170.375 E3371.56862
G1 X125.961 Y170.34 E3371.59276
G1 X126.345 Y170.354 E3371.61244
G1 X126.791 Y170.459 E3371.63591
G1 X127.148 Y170.589 E3371.65537
G1 X127.544 Y170.832 E3371.67917
G1 X127.834 Y171.06 E3371.69806
G1 X128.226 Y171.511 E3371.72867
G1 X128.436 Y171.935 E3371.75291
G1 X128.57 Y172.326 E3371.77408
G1 X128.661 Y172.753 E3371.79644
G1 X128.637 Y173.475 E3371.83344
G1 X128.467 Y173.982 E3371.86083
G1 X128.275 Y174.412 E3371.88495
G1 X127.929 Y174.83 E3371.91274
G1 X127.594 Y175.15 E3371.93647
G1 X127.253 Y175.34 E3371.95647
G1 X134 Y175.34 E3372.30205
G1 F1500 E3370.30205
G0 F9000 X134 Y176.665
G0 X126.987 Y176.665
G0 X126.987 Y175.78
;TYPE:WALL-OUTER
G1 F1500 E3372.30205
G1 F1800 X134.44 Y175.78 E3372.6838
G1 X134.44 Y124.22 E3375.32474
G1 F1783.8 X126.755 Y124.223 E3375.72194
G1 F1650 X126.366 Y124.256 E3375.74376
G1 F1565.2 X125.892 Y124.25 E3375.77168
G1 F1559.1 X125.571 Y124.257 E3375.79067
G1 F1653.4 X125.158 Y124.221 E3375.81378
G1 F1791.9 X122.721 Y124.221 E3375.93918
G1 F1800 X122.721 Y175.779 E3378.58001
G1 X125.009 Y175.78 E3378.6972
G1 F1643.2 X125.496 Y175.738 E3378.72463
G1 F1543.9 X125.868 Y175.749 E3378.74685
G1 X126.5 Y175.738 E3378.7846
G1 F1643.2 X126.987 Y175.78 E3378.81203
G0 F9000 X126.161 Y175.246
G1 F1571.4 X125.835 Y175.246 E3378.83116
G1 F1540.9 X125.53 Y175.216 E3378.84949
G1 F1643.2 X125.084 Y175.029 E3378.87663
G1 F1800 X124.668 Y174.796 E3378.90105
G1 X124.357 Y174.492 E3378.92333
G1 X124.181 Y174.273 E3378.93772
G1 X123.998 Y173.972 E3378.95576
G1 X123.856 Y173.606 E3378.97587
G1 X123.792 Y173.236 E3378.9951
G1 X123.772 Y172.828 E3379.01603
G1 X123.89 Y172.263 E3379.04559
G1 X124.084 Y171.874 E3379.06785
G1 X124.283 Y171.581 E3379.086
G1 X124.578 Y171.286 E3379.10737
G1 X124.939 Y171.042 E3379.12968
G1 X125.231 Y170.914 E3379.14601
G1 X125.596 Y170.808 E3379.16548
G1 X125.916 Y170.78 E3379.18193
G1 X126.304 Y170.797 E3379.20183
G1 X126.64 Y170.873 E3379.21947
G1 X126.973 Y170.998 E3379.23769
G1 X127.272 Y171.178 E3379.25557
G1 X127.542 Y171.395 E3379.27331
G1 X127.87 Y171.782 E3379.29929
G1 X128.053 Y172.157 E3379.32067
G1 X128.14 Y172.418 E3379.33476
G1 X128.22 Y172.809 E3379.3552
G1 X128.199 Y173.398 E3379.38539
G1 X128.074 Y173.781 E3379.40602
G1 X127.897 Y174.178 E3379.42829
G1 X127.625 Y174.512 E3379.45035
G1 X127.349 Y174.776 E3379.46991
G1 X126.912 Y175.028 E3379.49575
G1 F1643.2 X126.466 Y175.216 E3379.52291
G1 F1540.9 X126.161 Y175.246 E3379.54125
G1 F1500 E3377.54125
G0 F9000 X126.085 Y174.332
G0 X126.169 Y171.673
G0 X126.157 Y129.215
G1 F1500 E3379.54125
G1 F1800 X125.839 Y129.215 E3379.55754
G1 X125.496 Y129.166 E3379.57528
G1 X125.124 Y129.046 E3379.5953
G1 X124.666 Y128.794 E3379.62208
G1 X124.357 Y128.492 E3379.64421
G1 X124.181 Y128.273 E3379.6586
G1 X123.998 Y127.972 E3379.67664
G1 X123.858 Y127.612 E3379.69643
G1 X123.792 Y127.236 E3379.71598
G1 X123.772 Y126.828 E3379.73691
G1 X123.89 Y126.263 E3379.76647
G1 X124.084 Y125.874 E3379.78873
G1 X124.265 Y125.602 E3379.80547
G1 X124.578 Y125.287 E3379.82821
G1 X124.939 Y125.042 E3379.85056
G1 X125.231 Y124.914 E3379.86689
G1 F1656.9 X125.593 Y124.771 E3379.88855
G1 F1559.1 X125.914 Y124.75 E3379.90757
G1 F1565.2 X126.311 Y124.762 E3379.93097
G1 F1629.6 X126.614 Y124.856 E3379.94892
G1 F1760 X126.973 Y124.998 E3379.96914
G1 F1800 X127.272 Y125.178 E3379.98702
G1 X127.543 Y125.395 E3380.0048
G1 X127.87 Y125.782 E3380.03075
G1 X128.053 Y126.157 E3380.05212
G1 X128.14 Y126.418 E3380.06621
G1 X128.216 Y126.774 E3380.08486
G1 X128.197 Y127.394 E3380.11663
G1 X128.074 Y127.781 E3380.13743
G1 X127.88 Y128.199 E3380.16104
G1 X127.644 Y128.491 E3380.18027
G1 X127.329 Y128.794 E3380.20265
G1 X126.872 Y129.046 E3380.22938
G1 X126.461 Y129.175 E3380.25145
G1 X126.157 Y129.215 E3380.26715
G0 F9000 X125.712 Y129.727
;TYPE:FILL
G1 F3600 X132.752 Y136.767 E3380.77711
G0 F9000 X132.52 Y136.767
G0 X132.52 Y138.016
G0 X132.752 Y138.016
G1 F3600 X123.25 Y140.562 E3381.28098
G0 F9000 X123.481 Y140.563
G0 X123.481 Y136.599
G0 X123.249 Y136.598
G1 F3600 X132.752 Y146.101 E3381.96934
G0 F9000 X132.52 Y146.101
G0 X132.52 Y144.849
G0 X132.751 Y144.849
G1 F3600 X123.249 Y147.395 E3382.47321
G0 F9000 X123.481 Y147.396
G0 X123.481 Y145.932
G0 X123.249 Y145.931
G1 F3600 X132.752 Y155.435 E3383.16161
G0 F9000 X132.52 Y155.435
G0 X132.52 Y158.515
G0 X132.751 Y158.515
G1 F3600 X123.249 Y161.061 E3383.66548
G0 F9000 X123.48 Y161.062
G0 X123.48 Y158.803
G0 X123.249 Y158.802
G1 F3600 X132.373 Y124.748 E3385.47127
G0 F9000 X132.373 Y124.981
G0 X131.267 Y124.981
G0 X131.267 Y124.748
G1 F3600 X128.334 Y125.534 E3385.6268
G0 F9000 X128.545 Y125.434
G0 X130.068 Y124.981
G0 X130.068 Y124.749
G1 F3600 X132.752 Y127.433 E3385.82122
G0 F9000 X132.52 Y127.433
G0 X132.52 Y131.183
G0 X132.751 Y131.183
G1 F3600 X123.25 Y133.729 E3386.32504
G0 F9000 X123.25 Y133.297
G1 F3600 X124.343 Y129.217 E3386.54138
G0 F9000 X124.179 Y129.38
G0 X132.52 Y148.836
G0 X132.752 Y148.836
G1 F3600 X126.966 Y170.429 E3387.68641
G0 F9000 X127.046 Y170.213
G0 X128.012 Y170.869
G0 X128.447 Y171.371
G0 X128.823 Y172.27
G0 X128.964 Y173.265
G0 X128.733 Y173.257
G1 F3600 X132.751 Y172.18 E3387.89948
G0 F9000 X132.52 Y172.18
G0 X132.52 Y174.102
G0 X132.752 Y174.102
G1 F3600 X123.248 Y164.598 E3388.58792
G0 F9000 X123.48 Y164.599
G0 X123.48 Y167.895
G0 X123.249 Y167.894
G1 F3600 X132.751 Y165.347 E3389.0918
G0 F9000 X132.752 Y164.769
G1 F3600 X123.249 Y155.265 E3389.7802
G0 F9000 X123.48 Y155.266
G0 X123.48 Y154.229
G0 X123.249 Y154.228
G1 F3600 X132.752 Y151.682 E3390.28412
G0 F9000 X132.52 Y151.682
G0 X132.52 Y174.337
G0 X132.752 Y174.337
G1 F3600 X132.506 Y175.253 E3390.3327
G0 F9000 X132.507 Y175.02
G0 X133.512 Y174.852
;TYPE:SKIN
G1 F1269.2 X132.888 Y174.852 E3390.37803
G1 X132.888 Y125.148 E3393.98853
G1 X133.512 Y125.148 E3394.03386
G1 X133.512 Y174.852 E3397.64436
G0 F9000 X132.18 Y174.68
G1 F1500 E3395.64436
G0 F9000 X132.6 Y175.02
G0 X132.6 Y176.665
G0 X134.8 Y176.655
G0 X165.835 Y175.02
G0 X167.4 Y175.02
G0 X167.16 Y175.34
;TYPE:WALL-INNER
G1 F1500 E3397.64436
G1 F1800 X176.84 Y175.34 E3398.14018
G1 X176.84 Y124.66 E3400.73604
G1 X167.16 Y124.66 E3401.23186
G1 X167.16 Y175.34 E3403.82772
G0 F9000 X166.72 Y175.78
;TYPE:WALL-OUTER
G1 F1800 X177.28 Y175.78 E3404.36861
G1 X177.28 Y124.22 E3407.00954
G1 X166.72 Y124.22 E3407.55043
G1 X166.72 Y175.78 E3410.19136
G1 F1500 E3408.19136
G0 F9000 X167.394 Y175.106
G0 X167.48 Y173.095
G0 X167.249 Y173.095
;TYPE:FILL
G1 F1500 E3410.19136
G1 F3600 X176.751 Y137.63 E3412.07197
G0 F9000 X176.52 Y137.63
G0 X176.52 Y139.892
G0 X176.751 Y139.892
G1 F3600 X167.249 Y142.438 E3412.57584
G0 F9000 X167.248 Y143.261
G1 F3600 X176.752 Y152.765 E3413.26428
G0 F9000 X176.751 Y153.558
G1 F3600 X167.249 Y156.104 E3413.76815
G0 F9000 X167.48 Y156.104
G0 X167.48 Y152.595
G0 X167.248 Y152.595
G1 F3600 X176.752 Y162.099 E3414.45659
G0 F9000 X176.52 Y162.099
G0 X176.52 Y163.129
G0 X176.752 Y163.129
G1 F3600 X173.503 Y175.253 E3415.0995
G0 F9000 X173.503 Y175.02
G0 X172.289 Y175.02
G0 X172.289 Y175.252
G1 F3600 X176.752 Y174.056 E3415.33616
G0 F9000 X176.52 Y174.056
G0 X176.52 Y171.433
G0 X176.752 Y171.433
G1 F3600 X167.248 Y161.929 E3416.0246
G0 F9000 X167.48 Y161.929
G0 X167.48 Y162.937
G0 X167.249 Y162.937
G1 F3600 X176.752 Y160.39 E3416.52853
G0 F9000 X176.52 Y160.39
G0 X176.52 Y167.223
G0 X176.751 Y167.223
G1 F3600 X167.248 Y169.77 E3417.03246
G0 F9000 X167.48 Y169.77
G0 X167.48 Y171.263
G0 X167.248 Y171.263
G1 F3600 X171.237 Y175.251 E3417.32137
G0 F9000 X171.237 Y175.02
G0 X167.48 Y149.271
G0 X167.248 Y149.271
G1 F3600 X176.752 Y146.725 E3417.82534
G0 F9000 X176.52 Y146.725
G0 X176.52 Y143.432
G0 X176.752 Y143.432
G1 F3600 X167.248 Y133.927 E3418.51381
G0 F9000 X167.48 Y133.927
G0 X167.48 Y135.606
G0 X167.248 Y135.606
G1 F3600 X176.751 Y133.059 E3419.01774
G0 F9000 X176.52 Y133.059
G0 X176.52 Y134.098
G0 X176.752 Y134.098
G1 F3600 X167.403 Y124.748 E3419.69499
G0 F9000 X167.403 Y124.98
G0 X167.48 Y128.773
G0 X167.249 Y128.773
G1 F3600 X176.751 Y126.226 E3420.19887
G0 F9000 X176.52 Y126.226
G0 X173.37 Y124.98
G0 X173.37 Y124.747
G1 F3600 X167.248 Y147.596 E3421.41049
G0 F9000 X167.82 Y147.596
G1 F1500 E3419.41049
;MESH:NONMESH
G0 F300 Z5.6
G0 F9000 X167.4 Y126.693
G0 X123.253 Y126.693
;TIME_ELAPSED:2865.320952
;LAYER:19
;TYPE:WALL-INNER
;MESH:custom_clip.stl
G1 F1500 E3421.41049
G1 F1285.7 X123.244 Y126.852 E3421.42191
G1 F1241.4 X123.275 Y127.523 E3421.4718
G0 F9000 X123.253 Y126.693
G1 F1253.2 X123.352 Y126.22 E3421.50735
G1 F1237.5 X123.472 Y125.888 E3421.53365
G1 X123.634 Y125.576 E3421.55985
G1 X123.835 Y125.275 E3421.58681
G1 X124.162 Y124.935 E3421.62196
G1 X124.392 Y124.76 E3421.64349
G1 X123.261 Y124.761 E3421.72775
G1 F1253.2 X123.253 Y126.693 E3421.86989
G1 F1500 E3419.86989
G0 F9000 X123.253 Y172.693
G1 F1500 E3421.86989
G1 F1285.7 X123.244 Y172.852 E3421.88131
G1 F1241.4 X123.275 Y173.523 E3421.9312
G1 F1500 E3419.9312
G0 F9000 X124.341 Y175.237
G1 F1500 E3421.9312
G1 F1227.9 X123.937 Y174.834 E3421.97405
G1 X123.72 Y174.559 E3422.00035
G1 X123.518 Y174.232 E3422.02921
G1 F1218.5 X123.342 Y173.773 E3422.0664
G1 F1198.2 X123.275 Y173.523 E3422.08632
G1 F1203.6 X123.263 Y173.896 E3422.11491
G1 F1226 X123.263 Y175.237 E3422.21575
G1 F1227.9 X124.341 Y175.237 E3422.29669
G1 F1500 E3420.29669
G0 F9000 X134.228 Y175.34
G1 F1500 E3422.29669
G1 F1800 X134.228 Y124.66 E3424.89255
G1 X127.266 Y124.661 E3425.24915
G1 X127.543 Y124.832 E3425.26582
G1 X127.835 Y125.06 E3425.2848
G1 X128.229 Y125.514 E3425.31559
G1 X128.47 Y126.016 E3425.34411
G1 X128.569 Y126.322 E3425.36059
G1 X128.669 Y126.775 E3425.38435
G1 X128.631 Y127.47 E3425.42
G1 X128.467 Y127.982 E3425.44754
G1 X128.276 Y128.41 E3425.47154
G1 X127.929 Y128.829 E3425.49941
G1 X127.587 Y129.149 E3425.5234
G1 X127.07 Y129.445 E3425.55391
G1 X126.579 Y129.603 E3425.58033
G1 X126.215 Y129.651 E3425.59914
G1 X125.868 Y129.656 E3425.61691
G1 X125.422 Y129.605 E3425.63991
G1 X124.926 Y129.445 E3425.6666
G1 X124.4 Y129.149 E3425.69752
G1 X124.016 Y128.77 E3425.72515
G1 X123.807 Y128.505 E3425.74244
G1 X123.643 Y128.24 E3425.7584
G1 F1736.8 X123.458 Y127.843 E3425.78165
G1 F1577.7 X123.402 Y127.759 E3425.78755
G1 F1320 X123.275 Y127.523 E3425.80627
G1 F1389.5 X123.176 Y127.896 E3425.83188
G1 F1736.8 X123.16 Y128.214 E3425.84878
G1 F1791.9 X123.16 Y150.237 E3426.98194
G1 F1775.8 X123.16 Y172.26 E3428.12535
G1 F1477.6 X123.253 Y172.693 E3428.15298
G1 F1488.7 X123.447 Y172.252 E3428.18282
G1 F1800 X123.561 Y171.932 E3428.20022
G1 X123.717 Y171.631 E3428.21759
G1 X123.925 Y171.317 E3428.23688
G1 X124.277 Y170.959 E3428.26259
G1 X124.705 Y170.664 E3428.28922
G1 X125.054 Y170.511 E3428.30874
G1 X125.491 Y170.375 E3428.33218
G1 X125.961 Y170.34 E3428.35632
G1 X126.345 Y170.354 E3428.376
G1 X126.791 Y170.459 E3428.39947
G1 X127.148 Y170.589 E3428.41893
G1 X127.544 Y170.832 E3428.44273
G1 X127.834 Y171.06 E3428.46162
G1 X128.226 Y171.511 E3428.49223
G1 X128.436 Y171.935 E3428.51647
G1 X128.569 Y172.322 E3428.53743
G1 X128.662 Y172.775 E3428.56111
G1 X128.637 Y173.475 E3428.59699
G1 X128.467 Y173.982 E3428.62438
G1 X128.275 Y174.412 E3428.6485
G1 X127.929 Y174.83 E3428.67629
G1 X127.594 Y175.15 E3428.70002
G1 X127.253 Y175.34 E3428.72002
G1 X134.228 Y175.34 E3429.07728
G0 F9000 X134.668 Y175.78
;TYPE:WALL-OUTER
G1 F1800 X134.668 Y124.22 E3431.71822
G1 F1783.8 X126.755 Y124.223 E3432.12721
G1 F1650 X126.366 Y124.256 E3432.14902
G1 F1565.2 X125.892 Y124.25 E3432.17695
G1 F1559.1 X125.571 Y124.257 E3432.19593
G1 F1653.4 X125.158 Y124.221 E3432.21905
G1 F1791.9 X122.721 Y124.221 E3432.34444
G1 F1800 X122.721 Y175.779 E3434.98527
G1 X125.009 Y175.78 E3435.10247
G1 F1643.2 X125.496 Y175.738 E3435.12989
G1 F1543.9 X125.868 Y175.749 E3435.15212
G1 X126.5 Y175.738 E3435.18987
G1 F1643.2 X126.987 Y175.78 E3435.21729
G1 F1800 X134.668 Y175.78 E3435.61072
G1 F1500 E3433.61072
G0 F9000 X126.161 Y175.246
G1 F1500 E3435.61072
G1 F1571.4 X125.835 Y175.246 E3435.62985
G1 F1540.9 X125.53 Y175.216 E3435.64818
G1 F1643.2 X125.084 Y175.029 E3435.67532
G1 F1800 X124.668 Y174.796 E3435.69974
G1 X124.357 Y174.492 E3435.72202
G1 X124.181 Y174.273 E3435.73641
G1 X123.999 Y173.973 E3435.75438
G1 X123.883 Y173.677 E3435.77067
G1 X123.808 Y173.362 E3435.78725
G1 X123.768 Y172.852 E3435.81345
G1 X123.856 Y172.417 E3435.83619
G1 X123.943 Y172.157 E3435.85023
G1 X124.084 Y171.874 E3435.86642
G1 X124.283 Y171.581 E3435.88457
G1 X124.578 Y171.286 E3435.90593
G1 X124.939 Y171.042 E3435.92825
G1 X125.231 Y170.914 E3435.94458
G1 X125.596 Y170.808 E3435.96405
G1 X125.916 Y170.78 E3435.9805
G1 X126.304 Y170.797 E3436.0004
G1 X126.646 Y170.875 E3436.01836
G1 X126.973 Y170.998 E3436.03626
G1 X127.272 Y171.178 E3436.05413
G1 X127.542 Y171.395 E3436.07188
G1 X127.87 Y171.782 E3436.09786
G1 X128.105 Y172.263 E3436.12528
G1 X128.224 Y172.81 E3436.15395
G1 X128.199 Y173.398 E3436.1841
G1 X128.074 Y173.781 E3436.20474
G1 X127.897 Y174.178 E3436.227
G1 X127.625 Y174.512 E3436.24906
G1 X127.349 Y174.776 E3436.26863
G1 X126.912 Y175.028 E3436.29446
G1 F1643.2 X126.466 Y175.216 E3436.32162
G1 F1540.9 X126.161 Y175.246 E3436.33996
G1 F1500 E3434.33996
G0 F9000 X126.085 Y174.332
G0 X126.169 Y171.673
G0 X126.157 Y129.215
G1 F1500 E3436.33996
G1 F1800 X125.839 Y129.215 E3436.35625
G1 X125.496 Y129.166 E3436.37399
G1 X125.124 Y129.046 E3436.39402
G1 X124.666 Y128.794 E3436.42079
G1 X124.357 Y128.492 E3436.44292
G1 X124.181 Y128.273 E3436.45731
G1 X123.999 Y127.973 E3436.47529
G1 X123.883 Y127.677 E3436.49157
G1 X123.808 Y127.362 E3436.50815
G1 X123.768 Y126.852 E3436.53436
G1 X123.856 Y126.417 E3436.55709
G1 X123.943 Y126.157 E3436.57113
G1 X124.084 Y125.874 E3436.58733
G1 X124.265 Y125.602 E3436.60406
G1 X124.578 Y125.287 E3436.62681
G1 X124.939 Y125.042 E3436.64915
G1 X125.231 Y124.914 E3436.66548
G1 F1656.9 X125.593 Y124.771 E3436.68714
G1 F1559.1 X125.914 Y124.75 E3436.70617
G1 F1565.2 X126.311 Y124.762 E3436.72956
G1 F1629.6 X126.614 Y124.856 E3436.74751
G1 F1760 X126.973 Y124.998 E3436.76773
G1 F1800 X127.272 Y125.178 E3436.78561
G1 X127.543 Y125.395 E3436.80339
G1 X127.87 Y125.782 E3436.82934
G1 X128.104 Y126.261 E3436.85665
G1 X128.225 Y126.809 E3436.88539
G1 X128.197 Y127.394 E3436.91539
G1 X128.074 Y127.781 E3436.93619
G1 X127.897 Y128.178 E3436.95846
G1 X127.644 Y128.491 E3436.97907
G1 X127.327 Y128.794 E3437.00153
G1 X126.872 Y129.046 E3437.02817
G1 X126.461 Y129.175 E3437.05024
G1 X126.157 Y129.215 E3437.06594
G0 F9000 X126.006 Y129.741
;TYPE:FILL
G1 F3600 X132.752 Y136.487 E3437.5546
G0 F9000 X132.52 Y136.487
G0 X132.52 Y138.221
G0 X132.752 Y138.221
G1 F3600 X123.25 Y140.767 E3438.05847
G0 F9000 X123.481 Y140.768
G0 X123.481 Y136.319
G0 X123.249 Y136.318
G1 F3600 X132.752 Y145.821 E3438.74684
G0 F9000 X132.751 Y145.054
G1 F3600 X123.249 Y147.6 E3439.2507
G0 F9000 X123.481 Y147.601
G0 X123.481 Y145.652
G0 X123.249 Y145.651
G1 F3600 X132.752 Y155.155 E3439.93911
G0 F9000 X132.52 Y155.155
G0 X132.52 Y151.887
G0 X132.752 Y151.887
G1 F3600 X123.249 Y154.433 E3440.44302
G0 F9000 X123.249 Y154.985
G1 F3600 X132.752 Y164.489 E3441.13143
G0 F9000 X132.52 Y164.489
G0 X132.52 Y165.552
G0 X132.752 Y165.552
G1 F3600 X123.249 Y168.099 E3441.63535
G0 F9000 X123.48 Y168.1
G0 X123.48 Y164.319
G0 X123.248 Y164.318
G1 F3600 X132.752 Y173.822 E3442.32379
G0 F9000 X132.752 Y173.572
G1 F3600 X132.301 Y175.253 E3442.41294
G0 F9000 X132.302 Y175.02
G0 X132.52 Y172.385
G0 X132.751 Y172.385
G1 F3600 X128.726 Y173.464 E3442.62638
G0 F9000 X128.956 Y173.474
G0 X128.928 Y172.75
G0 X128.697 Y171.874
G0 X128.442 Y171.364
G0 X128.012 Y170.869
G0 X127.798 Y170.723
G0 X126.853 Y170.149
G0 X126.777 Y170.368
G1 F3600 X132.752 Y148.071 E3443.80874
G0 F9000 X132.52 Y148.071
G0 X132.52 Y158.72
G0 X132.751 Y158.72
G1 F3600 X123.249 Y161.266 E3444.31261
G0 F9000 X123.48 Y161.267
G0 X123.48 Y158.038
G0 X123.249 Y158.037
G1 F3600 X132.168 Y124.748 E3446.07783
G1 X132.033 Y124.748
G1 X128.421 Y125.716 E3446.26937
G0 F9000 X128.632 Y125.616
G0 X130.347 Y124.981
G0 X130.347 Y124.748
G1 F3600 X132.752 Y127.153 E3446.44358
G0 F9000 X132.52 Y127.153
G0 X132.52 Y131.388
G0 X132.751 Y131.388
G1 F3600 X123.25 Y133.934 E3446.9474
G0 F9000 X123.481 Y133.935
G0 X123.481 Y132.533
G0 X123.25 Y132.532
G1 F3600 X124.181 Y129.057 E3447.13167
G1 F1500 E3445.13167
G0 F9000 X124.016 Y129.218
G0 X132.6 Y174.944
G0 X133.832 Y174.944
;TYPE:SKIN
G1 F1500 E3447.13167
G1 F1800 X132.796 Y174.944 E3447.18473
G1 X132.796 Y125.056 E3449.74002
G1 X133.832 Y125.056 E3449.79309
G1 X133.832 Y174.944 E3452.34838
G0 F9000 X133.314 Y174.426
G1 F1328.9 X133.314 Y125.574 E3455.73777
G0 F9000 X132.18 Y125.574
G1 F1500 E3453.73777
G0 F9000 X132.6 Y175.02
G0 X132.6 Y176.665
G0 X134.983 Y176.655
G0 X165.835 Y175.02
G0 X167.4 Y175.02
G0 X167.16 Y175.34
;TYPE:WALL-INNER
G1 F1500 E3455.73777
G1 F1800 X176.84 Y175.34 E3456.23358
G1 X176.84 Y124.66 E3458.82944
G1 X167.16 Y124.66 E3459.32526
G1 X167.16 Y175.34 E3461.92112
G0 F9000 X166.72 Y175.78
;TYPE:WALL-OUTER
G1 F1800 X177.28 Y175.78 E3462.46201
G1 X177.28 Y124.22 E3465.10294
G1 X166.72 Y124.22 E3465.64383
G1 X166.72 Y175.78 E3468.28477
G1 F1500 E3466.28477
G0 F9000 X167.394 Y175.106
G0 X167.48 Y172.33
G0 X167.249 Y172.33
;TYPE:FILL
G1 F1500 E3468.28477
G1 F3600 X176.751 Y136.865 E3470.16537
G0 F9000 X176.52 Y136.865
G0 X176.52 Y133.818
G0 X176.752 Y133.818
G1 F3600 X167.683 Y124.748 E3470.82234
G0 F9000 X167.683 Y124.98
G0 X167.48 Y128.978
G0 X167.249 Y128.978
G1 F3600 X176.752 Y126.431 E3471.32627
G0 F9000 X176.52 Y126.431
G0 X173.166 Y124.98
G0 X173.166 Y124.747
G1 F3600 X167.248 Y146.831 E3472.49734
G0 F9000 X167.48 Y146.831
G0 X167.48 Y149.476
G0 X167.248 Y149.476
G1 F3600 X176.752 Y146.93 E3473.0013
G0 F9000 X176.52 Y146.93
G0 X176.52 Y143.152
G0 X176.752 Y143.152
G1 F3600 X167.248 Y133.647 E3473.68978
G0 F9000 X167.48 Y133.647
G0 X167.48 Y135.811
G0 X167.248 Y135.811
G1 F3600 X176.751 Y133.264 E3474.19371
G0 F9000 X176.52 Y133.264
G0 X176.52 Y140.097
G0 X176.751 Y140.097
G1 F3600 X167.249 Y142.643 E3474.69757
G0 F9000 X167.248 Y142.981
G1 F3600 X176.752 Y152.485 E3475.38601
G0 F9000 X176.52 Y152.485
G0 X176.52 Y153.763
G0 X176.751 Y153.763
G1 F3600 X167.249 Y156.309 E3475.88988
G0 F9000 X167.48 Y156.309
G0 X167.48 Y152.315
G0 X167.248 Y152.315
G1 F3600 X176.752 Y161.819 E3476.57832
G0 F9000 X176.752 Y162.364
G1 F3600 X173.298 Y175.252 E3477.26175
G0 F9000 X173.054 Y175.252
G1 F3600 X176.752 Y174.261 E3477.45784
G0 F9000 X176.52 Y174.261
G0 X176.52 Y171.153
G0 X176.752 Y171.153
G1 F3600 X167.248 Y161.649 E3478.14628
G0 F9000 X167.48 Y161.649
G0 X167.48 Y163.142
G0 X167.249 Y163.142
G1 F3600 X176.752 Y160.595 E3478.65021
G0 F9000 X176.52 Y160.595
G0 X176.52 Y167.428
G0 X176.751 Y167.428
G1 F3600 X167.249 Y169.975 E3479.15409
G0 F9000 X167.48 Y169.975
G0 X167.48 Y170.983
G0 X167.248 Y170.983
G1 F3600 X171.517 Y175.251 E3479.46329
G0 F9000 X171.517 Y174.68
G1 F1500 E3477.46329
;MESH:NONMESH
G0 F300 Z5.88
G0 F9000 X167.4 Y126.672
G0 X123.255 Y126.672
;TIME_ELAPSED:2913.031154
;LAYER:20
;TYPE:WALL-INNER
;MESH:custom_clip.stl
G1 F1500 E3479.46329
G1 F1277.4 X123.246 Y126.832 E3479.47486
G1 F1257.1 X123.263 Y127.391 E3479.51587
G0 F9000 X123.255 Y126.672
G1 F1249.2 X123.352 Y126.22 E3479.54999
G1 F1237.5 X123.472 Y125.888 E3479.57629
G1 X123.634 Y125.576 E3479.60248
G1 X123.835 Y125.275 E3479.62945
G1 X124.162 Y124.935 E3479.66459
G1 X124.392 Y124.76 E3479.68613
G1 X123.261 Y124.761 E3479.77039
G1 F1249.2 X123.255 Y126.672 E3479.91143
G1 F1500 E3477.91143
G0 F9000 X123.255 Y172.672
G1 F1500 E3479.91143
G1 F1277.4 X123.246 Y172.832 E3479.923
G1 F1257.1 X123.263 Y173.391 E3479.96401
G1 F1500 E3477.96401
G0 F9000 X124.341 Y175.237
G1 F1500 E3479.96401
G1 F1227.9 X123.937 Y174.834 E3480.00686
G1 X123.723 Y174.563 E3480.03278
G1 X123.513 Y174.23 E3480.06234
G1 X123.344 Y173.752 E3480.10041
G1 F1226 X123.263 Y173.391 E3480.12823
G1 X123.263 Y175.237 E3480.26706
G1 F1227.9 X124.341 Y175.237 E3480.348
G1 F1500 E3478.348
G0 F9000 X134.372 Y175.34
G1 F1500 E3480.348
G1 F1800 X134.372 Y124.66 E3482.94386
G1 X127.266 Y124.661 E3483.30783
G1 X127.543 Y124.832 E3483.3245
G1 X127.835 Y125.06 E3483.34348
G1 X128.227 Y125.511 E3483.37409
G1 X128.435 Y125.928 E3483.39796
G1 X128.616 Y126.439 E3483.42572
G1 X128.656 Y126.987 E3483.45387
G1 X128.631 Y127.47 E3483.47864
G1 X128.467 Y127.982 E3483.50618
G1 X128.274 Y128.412 E3483.53032
G1 X127.929 Y128.829 E3483.55804
G1 X127.587 Y129.149 E3483.58203
G1 X127.072 Y129.444 E3483.61243
G1 X126.579 Y129.603 E3483.63896
G1 X126.215 Y129.651 E3483.65777
G1 X125.868 Y129.656 E3483.67554
G1 X125.422 Y129.605 E3483.69854
G1 X124.926 Y129.445 E3483.72523
G1 X124.4 Y129.149 E3483.75615
G1 X124.016 Y128.77 E3483.78378
G1 X123.809 Y128.509 E3483.80084
G1 X123.609 Y128.19 E3483.82013
G1 X123.47 Y127.821 E3483.84033
G1 F1455.9 X123.263 Y127.391 E3483.87055
G1 F1328.9 X123.16 Y127.828 E3483.9017
G1 F1461.3 X123.16 Y129.677 E3484.01836
G1 F1472.1 X123.16 Y131.526 E3484.13416
G1 F1485.9 X123.16 Y133.375 E3484.24888
G1 F1497.2 X123.16 Y135.224 E3484.36275
G1 F1511.5 X123.16 Y137.073 E3484.47554
G1 F1523.1 X123.16 Y138.922 E3484.58746
G1 F1534.9 X123.16 Y140.771 E3484.69853
G1 F1546.9 X123.16 Y142.62 E3484.80873
G1 F1562.1 X123.16 Y144.469 E3484.91786
G1 F1574.6 X123.16 Y146.318 E3485.02613
G1 F1590.4 X123.16 Y148.167 E3485.13332
G1 F1603.2 X123.16 Y150.016 E3485.23965
G1 F1616.3 X123.16 Y151.865 E3485.34512
G1 F1629.6 X123.16 Y153.714 E3485.44973
G1 F1646.6 X123.16 Y155.563 E3485.55326
G1 F1660.4 X123.16 Y157.412 E3485.65593
G1 F1678 X123.16 Y159.261 E3485.75752
G1 F1692.3 X123.16 Y161.11 E3485.85826
G1 F1706.9 X123.16 Y162.959 E3485.95813
G1 F1721.7 X123.16 Y164.808 E3486.05714
G1 F1740.7 X123.16 Y166.657 E3486.15508
G1 F1756.1 X123.16 Y168.506 E3486.25215
G1 F1775.8 X123.16 Y170.355 E3486.34815
G1 F1791.9 X123.16 Y172.204 E3486.44329
G1 F1483.1 X123.255 Y172.672 E3486.47297
G1 X123.447 Y172.252 E3486.50168
G1 F1800 X123.561 Y171.932 E3486.51908
G1 X123.717 Y171.631 E3486.53644
G1 X123.925 Y171.317 E3486.55574
G1 X124.277 Y170.959 E3486.58145
G1 X124.705 Y170.664 E3486.60808
G1 X125.054 Y170.511 E3486.6276
G1 X125.491 Y170.375 E3486.65104
G1 X125.961 Y170.34 E3486.67518
G1 X126.345 Y170.354 E3486.69486
G1 X126.791 Y170.459 E3486.71833
G1 X127.152 Y170.592 E3486.73803
G1 X127.544 Y170.832 E3486.76158
G1 X127.834 Y171.06 E3486.78047
G1 X128.226 Y171.511 E3486.81108
G1 X128.435 Y171.928 E3486.83497
G1 X128.616 Y172.438 E3486.86269
G1 X128.656 Y172.987 E3486.89088
G1 X128.636 Y173.477 E3486.916
G1 X128.467 Y173.982 E3486.94328
G1 X128.275 Y174.412 E3486.9674
G1 X127.929 Y174.83 E3486.99519
G1 X127.594 Y175.15 E3487.01892
G1 X127.253 Y175.34 E3487.03892
G1 X134.372 Y175.34 E3487.40356
G0 F9000 X134.812 Y175.78
;TYPE:WALL-OUTER
G1 F1800 X134.812 Y124.22 E3490.04449
G1 F1783.8 X126.755 Y124.223 E3490.46093
G1 F1650 X126.366 Y124.256 E3490.48274
G1 F1565.2 X125.892 Y124.25 E3490.51066
G1 F1559.1 X125.571 Y124.257 E3490.52965
G1 F1653.4 X125.158 Y124.221 E3490.55277
G1 F1791.9 X122.721 Y124.221 E3490.67816
G1 F1800 X122.721 Y175.779 E3493.31899
G1 X125.009 Y175.78 E3493.43619
G1 F1643.2 X125.496 Y175.738 E3493.46361
G1 F1543.9 X125.868 Y175.749 E3493.48584
G1 X126.5 Y175.738 E3493.52359
G1 F1643.2 X126.987 Y175.78 E3493.55101
G1 F1800 X134.812 Y175.78 E3493.95181
G1 F1500 E3491.95181
G0 F9000 X126.161 Y175.246
G1 F1500 E3493.95181
G1 F1571.4 X125.835 Y175.246 E3493.97094
G1 F1540.9 X125.53 Y175.216 E3493.98928
G1 F1643.2 X125.084 Y175.029 E3494.01641
G1 F1800 X124.668 Y174.796 E3494.04084
G1 X124.357 Y174.492 E3494.06311
G1 X124.181 Y174.274 E3494.07746
G1 X123.998 Y173.974 E3494.09546
G1 X123.873 Y173.636 E3494.11392
G1 X123.799 Y173.298 E3494.13164
G1 X123.772 Y172.832 E3494.15555
G1 X123.856 Y172.417 E3494.17724
G1 X123.943 Y172.157 E3494.19128
G1 X124.084 Y171.874 E3494.20748
G1 X124.283 Y171.581 E3494.22562
G1 X124.578 Y171.286 E3494.24699
G1 X124.939 Y171.042 E3494.26931
G1 X125.231 Y170.914 E3494.28564
G1 X125.596 Y170.808 E3494.3051
G1 X125.916 Y170.78 E3494.32156
G1 X126.304 Y170.797 E3494.34145
G1 X126.64 Y170.873 E3494.3591
G1 X126.973 Y170.998 E3494.37731
G1 X127.272 Y171.178 E3494.39519
G1 X127.542 Y171.395 E3494.41293
G1 X127.857 Y171.757 E3494.43751
G1 X128.053 Y172.152 E3494.4601
G1 X128.184 Y172.557 E3494.4819
G1 X128.216 Y172.941 E3494.50164
G1 X128.199 Y173.398 E3494.52506
G1 X128.074 Y173.781 E3494.5457
G1 X127.897 Y174.178 E3494.56796
G1 X127.625 Y174.512 E3494.59002
G1 X127.349 Y174.776 E3494.60959
G1 X126.912 Y175.028 E3494.63543
G1 F1643.2 X126.466 Y175.216 E3494.66258
G1 F1540.9 X126.161 Y175.246 E3494.68092
G1 F1500 E3492.68092
G0 F9000 X126.085 Y174.332
G0 X126.169 Y171.673
G0 X126.157 Y129.215
G1 F1500 E3494.68092
G1 F1800 X125.839 Y129.215 E3494.69721
G1 X125.496 Y129.166 E3494.71496
G1 X125.124 Y129.046 E3494.73498
G1 X124.666 Y128.794 E3494.76175
G1 X124.357 Y128.492 E3494.78388
G1 X124.181 Y128.274 E3494.79823
G1 X123.998 Y127.974 E3494.81623
G1 X123.873 Y127.636 E3494.83469
G1 X123.799 Y127.298 E3494.85241
G1 X123.772 Y126.832 E3494.87632
G1 X123.856 Y126.417 E3494.89801
G1 X123.943 Y126.157 E3494.91205
G1 X124.084 Y125.874 E3494.92825
G1 X124.265 Y125.602 E3494.94498
G1 X124.578 Y125.287 E3494.96773
G1 X124.939 Y125.042 E3494.99008
G1 X125.231 Y124.914 E3495.00641
G1 F1656.9 X125.593 Y124.771 E3495.02806
G1 F1559.1 X125.914 Y124.75 E3495.04709
G1 F1565.2 X126.311 Y124.762 E3495.07048
G1 F1629.6 X126.614 Y124.856 E3495.08843
G1 F1760 X126.973 Y124.998 E3495.10865
G1 F1800 X127.272 Y125.178 E3495.12653
G1 X127.543 Y125.395 E3495.14431
G1 X127.857 Y125.757 E3495.16886
G1 X128.053 Y126.152 E3495.19144
G1 X128.184 Y126.557 E3495.21325
G1 X128.216 Y126.941 E3495.23298
G1 X128.197 Y127.394 E3495.25621
G1 X128.074 Y127.781 E3495.27701
G1 X127.88 Y128.199 E3495.30061
G1 X127.644 Y128.491 E3495.31984
G1 X127.327 Y128.794 E3495.3423
G1 X126.872 Y129.046 E3495.36894
G1 X126.461 Y129.175 E3495.39101
G1 X126.157 Y129.215 E3495.40671
G0 F9000 X126.276 Y129.731
;TYPE:FILL
G1 F3600 X132.752 Y136.207 E3495.87581
G0 F9000 X132.52 Y136.207
G0 X132.52 Y138.426
G0 X132.751 Y138.426
G1 F3600 X123.249 Y140.972 E3496.37968
G0 F9000 X123.48 Y140.972
G0 X123.48 Y145.371
G0 X123.248 Y145.371
G1 F3600 X132.752 Y154.875 E3497.06812
G0 F9000 X132.52 Y154.875
G0 X132.52 Y152.092
G0 X132.752 Y152.092
G1 F3600 X123.249 Y154.638 E3497.57204
G1 X123.248 Y154.704
G1 X132.752 Y164.209 E3498.26051
G0 F9000 X132.52 Y164.209
G0 X132.52 Y165.757
G0 X132.752 Y165.757
G1 F3600 X123.249 Y168.304 E3498.76444
G0 F9000 X123.48 Y168.304
G0 X126.639 Y170.096
G0 X126.585 Y170.321
G1 F3600 X132.752 Y147.306 E3499.98487
G0 F9000 X132.52 Y147.306
G0 X132.52 Y145.541
G0 X132.752 Y145.541
G1 F3600 X123.248 Y136.037 E3500.67331
G0 F9000 X123.48 Y136.037
G0 X123.48 Y134.14
G0 X123.248 Y134.14
G1 F3600 X132.751 Y131.593 E3501.17724
G0 F9000 X132.52 Y131.593
G0 X132.52 Y126.873
G0 X132.752 Y126.873
G1 F3600 X130.627 Y124.748 E3501.33117
G0 F9000 X130.627 Y124.981
G0 X131.963 Y124.981
G0 X131.963 Y124.748
G1 F3600 X123.248 Y157.274 E3503.05594
G0 F9000 X123.48 Y157.274
G0 X123.48 Y161.471
G0 X123.248 Y161.471
G1 F3600 X132.751 Y158.925 E3503.55985
G0 F9000 X132.52 Y158.925
G0 X123.48 Y164.038
G0 X123.248 Y164.038
G1 F3600 X132.752 Y173.542 E3504.24829
G0 F9000 X132.752 Y172.807
G1 F3600 X132.096 Y175.253 E3504.37801
G0 F9000 X132.097 Y175.02
G0 X132.52 Y172.59
G0 X132.751 Y172.59
G1 F3600 X128.659 Y173.687 E3504.595
G0 F9000 X128.877 Y173.76
G0 X128.915 Y172.996
G0 X128.892 Y172.652
G0 X123.48 Y147.805
G0 X123.248 Y147.805
G1 F3600 X132.751 Y145.259 E3505.09892
G0 F9000 X132.52 Y145.259
G0 X123.48 Y131.774
G0 X123.248 Y131.774
G1 F3600 X124.019 Y128.896 E3505.25153
G0 F9000 X123.856 Y129.059
G0 X124.241 Y129.357
G0 X124.822 Y129.683
G0 X125.368 Y129.86
G0 X126.246 Y129.908
G0 X126.635 Y129.857
G0 X127.178 Y129.682
G0 X127.74 Y129.358
G0 X128.497 Y128.551
G0 X128.894 Y127.518
G0 X128.878 Y126.604
G0 X128.734 Y125.819
G0 X128.515 Y125.896
G1 F3600 X132.751 Y124.761 E3505.47615
G1 F1500 E3503.47615
G0 F9000 X132.52 Y124.981
G0 X132.6 Y174.944
G0 X133.976 Y174.944
;TYPE:SKIN
G1 F1500 E3505.47615
G1 F1800 X132.796 Y174.944 E3505.53659
G1 X132.796 Y125.056 E3508.09189
G1 X133.976 Y125.056 E3508.15233
G1 X133.976 Y174.944 E3510.70762
G0 F9000 X133.571 Y174.539
G1 F2140.5 X133.201 Y174.539 E3510.72356
G1 X133.201 Y125.461 E3512.83744
G1 X133.571 Y125.461 E3512.85337
G1 X133.571 Y174.539 E3514.96726
G0 F9000 X132.18 Y174.539
G1 F1500 E3512.96726
G0 F9000 X132.6 Y175.02
G0 X132.6 Y176.665
G0 X135.377 Y176.654
G0 X165.835 Y175.02
G0 X167.4 Y175.02
G0 X167.16 Y175.34
;TYPE:WALL-INNER
G1 F1500 E3514.96726
G1 F1800 X176.84 Y175.34 E3515.46307
G1 X176.84 Y124.66 E3518.05893
G1 X167.16 Y124.66 E3518.55475
G1 X167.16 Y175.34 E3521.15061
G0 F9000 X166.72 Y175.78
;TYPE:WALL-OUTER
G1 F1800 X177.28 Y175.78 E3521.6915
G1 X177.28 Y124.22 E3524.33243
G1 X166.72 Y124.22 E3524.87332
G1 X166.72 Y175.78 E3527.51426
G1 F1500 E3525.51426
G0 F9000 X167.394 Y175.106
G0 X167.48 Y171.565
G0 X167.249 Y171.565
;TYPE:FILL
G1 F1500 E3527.51426
G1 F3600 X176.751 Y136.1 E3529.39486
G0 F9000 X176.52 Y136.1
G0 X176.52 Y133.538
G0 X176.752 Y133.538
G1 F3600 X167.963 Y124.748 E3530.03155
G0 F9000 X167.963 Y124.98
G0 X167.48 Y129.183
G0 X167.249 Y129.183
G1 F3600 X176.752 Y126.636 E3530.53548
G0 F9000 X176.52 Y126.636
G0 X172.961 Y124.98
G0 X172.961 Y124.747
G1 F3600 X167.248 Y146.066 E3531.66598
G0 F9000 X167.48 Y146.066
G0 X167.48 Y142.848
G0 X167.249 Y142.848
G1 F3600 X176.751 Y140.302 E3532.16984
G0 F9000 X176.52 Y140.302
G0 X176.52 Y142.872
G0 X176.752 Y142.872
G1 F3600 X167.248 Y133.367 E3532.85832
G0 F9000 X167.48 Y133.367
G0 X167.48 Y136.016
G0 X167.248 Y136.016
G1 F3600 X176.751 Y133.469 E3533.36225
G0 F9000 X176.52 Y133.469
G0 X167.48 Y142.701
G0 X167.248 Y142.701
G1 F3600 X176.752 Y152.205 E3534.05069
G0 F9000 X176.52 Y152.205
G0 X176.52 Y153.968
G0 X176.751 Y153.968
G1 F3600 X167.249 Y156.514 E3534.55456
G0 F9000 X167.48 Y156.514
G0 X167.48 Y152.035
G0 X167.248 Y152.035
G1 F3600 X176.752 Y161.539 E3535.243
G1 X176.752 Y161.599
G1 X173.093 Y175.252 E3535.96699
G0 F9000 X173.819 Y175.252
G1 F3600 X176.752 Y174.466 E3536.12252
G0 F9000 X176.52 Y174.466
G0 X176.52 Y170.873
G0 X176.752 Y170.873
G1 F3600 X167.248 Y161.369 E3536.81096
G0 F9000 X167.48 Y161.369
G0 X167.48 Y163.347
G0 X167.249 Y163.347
G1 F3600 X176.752 Y160.8 E3537.31489
G0 F9000 X176.52 Y160.8
G0 X176.52 Y167.633
G0 X176.751 Y167.633
G1 F3600 X167.249 Y170.18 E3537.81877
G0 F9000 X167.248 Y170.703
G1 F3600 X171.797 Y175.251 E3538.14825
G0 F9000 X171.797 Y175.02
G0 X167.48 Y149.681
G0 X167.248 Y149.681
G1 F3600 X176.752 Y147.135 E3538.65221
G0 F9000 X176.18 Y147.135
G1 F1500 E3536.65221
;MESH:NONMESH
G0 F300 Z6.16
G0 F9000 X167.4 Y126.666
G0 X123.255 Y126.666
;TIME_ELAPSED:2962.281346
;LAYER:21
;TYPE:WALL-INNER
;MESH:custom_clip.stl
G1 F1500 E3538.65221
G1 F1247.2 X123.352 Y126.22 E3538.68595
G1 F1237.5 X123.472 Y125.888 E3538.71225
G1 X123.634 Y125.576 E3538.73845
G1 X123.835 Y125.275 E3538.76541
G1 X124.162 Y124.935 E3538.80056
G1 X124.392 Y124.76 E3538.82209
G1 X123.261 Y124.761 E3538.90635
G1 F1247.2 X123.255 Y126.666 E3539.04717
G1 F1275.4 X123.246 Y126.828 E3539.0589
G1 F1257.1 X123.263 Y127.487 E3539.10725
G1 F1500 E3537.10725
G0 F9000 X123.409 Y128.379
G0 X123.734 Y171.172
G0 X123.255 Y172.666
G1 F1500 E3539.10725
G1 F1275.4 X123.246 Y172.828 E3539.11898
G1 F1257.1 X123.263 Y173.487 E3539.16732
G1 F1500 E3537.16732
G0 F9000 X124.341 Y175.237
G1 F1500 E3539.16732
G1 F1227.9 X123.937 Y174.834 E3539.21017
G1 X123.724 Y174.563 E3539.23605
G1 X123.481 Y174.178 E3539.27023
G1 F1226 X123.263 Y173.511 E3539.323
G1 X123.263 Y175.237 E3539.4528
G1 F1227.9 X124.341 Y175.237 E3539.53374
G1 F1500 E3537.53374
G0 F9000 X125.279 Y174.124
G0 X126.857 Y174.024
G0 X127.962 Y175.112
G0 X134.136 Y175.02
G0 X134.456 Y175.34
G1 F1500 E3539.53374
G1 F1800 X134.456 Y124.66 E3542.1296
G1 X127.266 Y124.661 E3542.49788
G1 X127.543 Y124.832 E3542.51455
G1 X127.834 Y125.059 E3542.53346
G1 X128.141 Y125.424 E3542.55788
G1 X128.393 Y125.8 E3542.58107
G1 X128.569 Y126.32 E3542.60919
G1 X128.669 Y126.768 E3542.6327
G1 X128.631 Y127.471 E3542.66876
G1 X128.467 Y127.982 E3542.69625
G1 X128.274 Y128.412 E3542.72039
G1 X127.929 Y128.829 E3542.74811
G1 X127.587 Y129.148 E3542.77207
G1 X127.07 Y129.445 E3542.80261
G1 X126.579 Y129.603 E3542.82903
G1 X126.215 Y129.651 E3542.84783
G1 X125.868 Y129.656 E3542.86561
G1 X125.422 Y129.605 E3542.8886
G1 X124.926 Y129.445 E3542.91529
G1 X124.4 Y129.149 E3542.94621
G1 X124.016 Y128.77 E3542.97385
G1 X123.81 Y128.509 E3542.99088
G1 X123.618 Y128.205 E3543.00929
G1 F1609.8 X123.257 Y127.475 E3543.05594
G1 X123.16 Y128.116 E3543.09307
G1 F1800 X123.16 Y172.205 E3545.35133
G1 F1480.4 X123.255 Y172.666 E3545.38065
G1 X123.447 Y172.252 E3545.40907
G1 F1800 X123.561 Y171.932 E3545.42647
G1 X123.717 Y171.631 E3545.44383
G1 X123.925 Y171.317 E3545.46312
G1 X124.277 Y170.959 E3545.48884
G1 X124.705 Y170.664 E3545.51547
G1 X125.054 Y170.511 E3545.53498
G1 X125.491 Y170.375 E3545.55843
G1 X125.961 Y170.34 E3545.58257
G1 X126.345 Y170.354 E3545.60225
G1 X126.791 Y170.459 E3545.62572
G1 X127.152 Y170.592 E3545.64542
G1 X127.544 Y170.832 E3545.66897
G1 X127.834 Y171.06 E3545.68786
G1 X128.094 Y171.362 E3545.70827
G1 X128.392 Y171.797 E3545.73528
G1 X128.569 Y172.32 E3545.76356
G1 X128.667 Y172.785 E3545.7879
G1 X128.636 Y173.478 E3545.82343
G1 X128.467 Y173.982 E3545.85066
G1 X128.275 Y174.412 E3545.87478
G1 X127.929 Y174.83 E3545.90257
G1 X127.594 Y175.15 E3545.9263
G1 X127.253 Y175.34 E3545.9463
G1 X134.456 Y175.34 E3546.31524
G0 F9000 X134.896 Y175.78
;TYPE:WALL-OUTER
G1 F1800 X134.896 Y124.22 E3548.95618
G1 F1783.8 X126.755 Y124.223 E3549.37695
G1 F1650 X126.366 Y124.256 E3549.39877
G1 F1565.2 X125.892 Y124.25 E3549.42669
G1 F1559.1 X125.571 Y124.257 E3549.44568
G1 F1653.4 X125.158 Y124.221 E3549.46879
G1 F1791.9 X122.721 Y124.221 E3549.59419
G1 F1800 X122.721 Y175.779 E3552.23502
G1 X125.009 Y175.78 E3552.35221
G1 F1643.2 X125.496 Y175.738 E3552.37964
G1 F1543.9 X125.868 Y175.749 E3552.40186
G1 X126.5 Y175.738 E3552.43961
G1 F1643.2 X126.987 Y175.78 E3552.46704
G1 F1800 X134.896 Y175.78 E3552.87214
G1 F1500 E3550.87214
G0 F9000 X126.161 Y175.246
G1 F1500 E3552.87214
G1 F1571.4 X125.835 Y175.246 E3552.89127
G1 F1540.9 X125.53 Y175.216 E3552.90961
G1 F1643.2 X125.084 Y175.029 E3552.93674
G1 F1800 X124.668 Y174.796 E3552.96116
G1 X124.357 Y174.492 E3552.98344
G1 X124.197 Y174.296 E3552.9964
G1 X123.966 Y173.92 E3553.019
G1 X123.797 Y173.397 E3553.04715
G1 X123.772 Y172.828 E3553.07633
G1 X123.89 Y172.265 E3553.10579
G1 X124.071 Y171.897 E3553.1268
G1 X124.256 Y171.614 E3553.14411
G1 X124.578 Y171.286 E3553.16766
G1 X124.939 Y171.042 E3553.18998
G1 X125.231 Y170.914 E3553.20631
G1 X125.596 Y170.808 E3553.22577
G1 X125.916 Y170.78 E3553.24223
G1 X126.304 Y170.797 E3553.26212
G1 X126.64 Y170.873 E3553.27976
G1 X126.973 Y170.998 E3553.29798
G1 X127.272 Y171.178 E3553.31586
G1 X127.543 Y171.396 E3553.33367
G1 X127.76 Y171.648 E3553.35071
G1 X127.995 Y171.997 E3553.37226
G1 X128.139 Y172.416 E3553.39495
G1 X128.223 Y172.799 E3553.41504
G1 X128.199 Y173.398 E3553.44574
G1 X128.074 Y173.781 E3553.46638
G1 X127.897 Y174.178 E3553.48864
G1 X127.625 Y174.512 E3553.5107
G1 X127.349 Y174.776 E3553.53027
G1 X126.912 Y175.028 E3553.55611
G1 F1643.2 X126.466 Y175.216 E3553.58326
G1 F1540.9 X126.161 Y175.246 E3553.6016
G1 F1500 E3551.6016
G0 F9000 X126.085 Y174.332
G0 X126.169 Y171.673
G0 X126.157 Y129.215
G1 F1500 E3553.6016
G1 F1800 X125.839 Y129.215 E3553.61789
G1 X125.496 Y129.166 E3553.63564
G1 X125.124 Y129.046 E3553.65566
G1 X124.666 Y128.794 E3553.68243
G1 X124.357 Y128.492 E3553.70456
G1 X124.197 Y128.296 E3553.71752
G1 X123.966 Y127.92 E3553.74013
G1 X123.797 Y127.397 E3553.76828
G1 X123.772 Y126.828 E3553.79745
G1 X123.89 Y126.263 E3553.82701
G1 X124.084 Y125.874 E3553.84928
G1 X124.265 Y125.602 E3553.86601
G1 X124.578 Y125.287 E3553.88876
G1 X124.939 Y125.042 E3553.91111
G1 X125.231 Y124.914 E3553.92744
G1 F1656.9 X125.593 Y124.771 E3553.94909
G1 F1559.1 X125.914 Y124.75 E3553.96812
G1 F1565.2 X126.311 Y124.762 E3553.99151
G1 F1629.6 X126.614 Y124.856 E3554.00946
G1 F1760 X126.973 Y124.998 E3554.02969
G1 F1800 X127.272 Y125.178 E3554.04756
G1 X127.543 Y125.396 E3554.06538
G1 X127.76 Y125.648 E3554.08241
G1 X127.995 Y125.997 E3554.10396
G1 X128.139 Y126.416 E3554.12665
G1 X128.225 Y126.805 E3554.14706
G1 X128.197 Y127.395 E3554.17731
G1 X128.074 Y127.781 E3554.19807
G1 X127.88 Y128.199 E3554.22167
G1 X127.644 Y128.491 E3554.2409
G1 X127.327 Y128.794 E3554.26336
G1 X126.872 Y129.046 E3554.29
G1 X126.461 Y129.175 E3554.31207
G1 X126.157 Y129.215 E3554.32777
G0 F9000 X126.524 Y129.699
;TYPE:FILL
G1 F3600 X134.368 Y137.543 E3554.89597
G0 F9000 X134.367 Y138.198
G1 F3600 X123.249 Y141.177 E3555.48552
G0 F9000 X123.48 Y141.177
G0 X123.48 Y145.091
G0 X123.248 Y145.091
G1 F3600 X134.368 Y156.21 E3556.29099
G0 F9000 X134.136 Y156.21
G0 X134.136 Y158.697
G0 X134.367 Y158.697
G1 F3600 X123.248 Y161.676 E3556.88059
G0 F9000 X123.48 Y161.676
G0 X123.48 Y163.758
G0 X123.248 Y163.758
G1 F3600 X134.368 Y174.878 E3557.68609
G0 F9000 X134.136 Y174.878
G0 X131.893 Y175.02
G0 X131.892 Y175.252
G1 F3600 X134.368 Y166.01 E3558.17617
G0 F9000 X134.368 Y165.544
G1 F3600 X123.248 Y154.424 E3558.98167
G0 F9000 X123.249 Y154.843
G1 F3600 X134.368 Y151.864 E3559.57127
G0 F9000 X134.136 Y151.864
G0 X134.136 Y146.877
G0 X134.368 Y146.877
G1 F3600 X123.248 Y135.757 E3560.37677
G0 F9000 X123.48 Y135.757
G0 X123.48 Y134.345
G0 X123.249 Y134.345
G1 F3600 X134.367 Y131.365 E3560.96634
G0 F9000 X134.136 Y131.365
G0 X134.136 Y128.209
G0 X134.368 Y128.209
G1 F3600 X130.907 Y124.748 E3561.21705
G0 F9000 X131.759 Y124.747
G1 F3600 X123.248 Y156.509 E3562.90131
G0 F9000 X123.48 Y156.509
G0 X123.48 Y148.01
G0 X123.248 Y148.01
G1 F3600 X134.367 Y145.031 E3563.49092
G0 F9000 X134.136 Y145.031
G0 X134.136 Y140.509
G0 X134.368 Y140.509
G1 F3600 X126.392 Y170.276 E3565.06939
G0 F9000 X126.447 Y170.05
G0 X123.48 Y168.509
G0 X123.249 Y168.509
G1 F3600 X134.368 Y165.529 E3565.65901
G0 F9000 X134.136 Y165.529
G0 X134.136 Y172.362
G0 X134.367 Y172.362
G1 F3600 X128.583 Y173.912 E3565.96572
G1 F1500 E3563.96572
G0 F9000 X128.801 Y173.986
G0 X128.894 Y173.524
G0 X128.921 Y172.912
G0 X123.48 Y131.008
G0 X123.248 Y131.008
G1 F1500 E3565.96572
G1 F3600 X123.862 Y128.717 E3566.08721
G0 F9000 X123.68 Y128.858
G0 X124.241 Y129.357
G0 X124.822 Y129.683
G0 X125.368 Y129.86
G0 X126.246 Y129.908
G0 X126.635 Y129.857
G0 X127.178 Y129.682
G0 X127.74 Y129.358
G0 X128.499 Y128.547
G0 X128.893 Y127.522
G0 X128.922 Y126.892
G0 X128.801 Y126.011
G0 X128.581 Y126.083
G1 F3600 X133.564 Y124.748 E3566.35144
G0 F9000 X133.564 Y125.321
G1 F1500 E3564.35144
G0 F9000 X134.216 Y175.02
G0 X135.782 Y175.02
G0 X165.714 Y175.024
G0 X167.276 Y175.024
G0 X167.036 Y175.34
;TYPE:WALL-INNER
G1 F1500 E3566.35144
G1 F1800 X176.84 Y175.34 E3566.85361
G1 X176.84 Y124.66 E3569.44947
G1 X167.04 Y124.66 E3569.95143
G1 X167.036 Y175.34 E3572.54729
G0 F9000 X166.596 Y175.78
;TYPE:WALL-OUTER
G1 F1800 X177.28 Y175.78 E3573.09453
G1 X177.28 Y124.22 E3575.73547
G1 X166.6 Y124.22 E3576.28251
G1 X166.596 Y175.78 E3578.92344
G1 F1500 E3576.92344
G0 F9000 X167.27 Y175.106
G0 X167.356 Y171.265
G0 X167.124 Y171.264
;TYPE:FILL
G1 F1500 E3578.92344
G1 F3600 X176.751 Y135.335 E3580.82866
G0 F9000 X176.52 Y135.335
G0 X176.52 Y133.674
G0 X176.751 Y133.674
G1 F3600 X167.128 Y136.253 E3581.33895
G0 F9000 X167.359 Y136.254
G0 X167.359 Y132.967
G0 X167.127 Y132.966
G1 F3600 X176.752 Y142.592 E3582.03619
G0 F9000 X176.52 Y142.592
G0 X176.52 Y140.507
G0 X176.752 Y140.507
G1 F3600 X167.127 Y143.086 E3582.54658
G0 F9000 X167.126 Y142.3
G1 F3600 X176.752 Y151.925 E3583.24382
G0 F9000 X176.52 Y151.925
G0 X176.52 Y154.173
G0 X176.751 Y154.173
G1 F3600 X167.126 Y156.752 E3583.75421
G0 F9000 X167.357 Y156.753
G0 X167.357 Y160.967
G0 X167.125 Y160.966
G1 F3600 X176.752 Y170.593 E3584.45156
G0 F9000 X176.52 Y170.593
G0 X176.52 Y167.838
G0 X176.751 Y167.838
G1 F3600 X167.125 Y170.418 E3584.96202
G1 X167.124 Y170.299
G1 X172.077 Y175.251 E3585.32076
G0 F9000 X172.888 Y175.253
G1 F3600 X176.752 Y160.834 E3586.08537
G1 X176.752 Y161.005
G1 X167.126 Y163.585 E3586.59582
G0 F9000 X167.356 Y163.586
G0 X176.52 Y161.259
G0 X176.752 Y161.259
G1 F3600 X167.125 Y151.633 E3587.29313
G0 F9000 X167.357 Y151.634
G0 X167.358 Y149.92
G0 X167.127 Y149.919
G1 F3600 X176.751 Y147.34 E3587.80347
G0 F9000 X176.52 Y147.34
G0 X167.358 Y145.757
G0 X167.126 Y145.756
G1 F3600 X172.756 Y124.747 E3588.91754
G0 F9000 X172.756 Y124.98
G0 X176.52 Y126.841
G0 X176.752 Y126.841
G1 F3600 X167.128 Y129.42 E3589.42788
G0 F9000 X167.359 Y129.421
G0 X168.243 Y124.98
G0 X168.243 Y124.748
G1 F3600 X176.752 Y133.258 E3590.04428
G1 F1500 E3588.04428
G0 F9000 X176.52 Y133.258
G0 X176.52 Y174.671
G0 X176.752 Y174.671
G1 F1500 E3590.04428
G1 F3600 X174.584 Y175.252 E3590.15924
G0 F9000 X174.584 Y174.68
G1 F1500 E3588.15924
;MESH:NONMESH
G0 F300 Z6.44
G0 F9000 X167.279 Y126.671
G0 X123.255 Y126.666
;TIME_ELAPSED:3005.623144
;LAYER:22
;TYPE:WALL-INNER
;MESH:custom_clip.stl
G1 F1500 E3590.15924
G1 F1275.4 X123.246 Y126.828 E3590.17097
G1 F1257.1 X123.263 Y127.383 E3590.21169
G1 F1171.6 X123.293 Y127.7 E3590.23675
G1 F1500 E3588.23675
G0 F9000 X123.404 Y128.277
G0 X134.198 Y175.05
G0 X134.488 Y175.34
G1 F1500 E3590.23675
G1 F1800 X134.488 Y124.66 E3592.83261
G1 X127.266 Y124.661 E3593.20253
G1 X127.543 Y124.832 E3593.2192
G1 X127.833 Y125.058 E3593.23803
G1 X128.169 Y125.447 E3593.26436
G1 X128.364 Y125.781 E3593.28417
G1 X128.597 Y126.356 E3593.31595
G1 X128.656 Y126.991 E3593.34861
G1 X128.631 Y127.47 E3593.37318
G1 X128.467 Y127.982 E3593.40072
G1 X128.274 Y128.412 E3593.42486
G1 X127.929 Y128.829 E3593.45258
G1 X127.587 Y129.149 E3593.47657
G1 X127.072 Y129.444 E3593.50697
G1 X126.579 Y129.603 E3593.5335
G1 X126.215 Y129.651 E3593.55231
G1 X125.868 Y129.656 E3593.57009
G1 X125.422 Y129.605 E3593.59308
G1 X124.926 Y129.445 E3593.61977
G1 X124.4 Y129.149 E3593.65069
G1 X124.016 Y128.77 E3593.67832
G1 X123.768 Y128.466 E3593.69842
G1 F1565.2 X123.297 Y127.687 E3593.75204
G1 F1356.2 X123.238 Y127.875 E3593.76544
G1 F1529 X123.161 Y128.409 E3593.79797
G1 F1800 X123.16 Y172.205 E3596.04123
G1 F1480.4 X123.255 Y172.666 E3596.07054
G1 X123.447 Y172.252 E3596.09896
G1 F1800 X123.561 Y171.932 E3596.11636
G1 X123.717 Y171.631 E3596.13373
G1 X123.925 Y171.317 E3596.15302
G1 X124.277 Y170.959 E3596.17874
G1 X124.705 Y170.664 E3596.20536
G1 X125.054 Y170.511 E3596.22488
G1 X125.491 Y170.375 E3596.24832
G1 X125.961 Y170.34 E3596.27246
G1 X126.345 Y170.354 E3596.29214
G1 X126.791 Y170.459 E3596.31561
G1 X127.143 Y170.588 E3596.33481
G1 X127.474 Y170.784 E3596.35452
G1 X127.831 Y171.055 E3596.37748
G1 X128.169 Y171.447 E3596.40399
G1 X128.363 Y171.78 E3596.42373
G1 X128.597 Y172.352 E3596.45538
G1 X128.656 Y172.991 E3596.48825
G1 X128.636 Y173.477 E3596.51317
G1 X128.467 Y173.982 E3596.54044
G1 X128.275 Y174.412 E3596.56456
G1 X127.929 Y174.83 E3596.59236
G1 X127.594 Y175.15 E3596.61609
G1 X127.253 Y175.34 E3596.63608
G1 X134.488 Y175.34 E3597.00666
G1 F1500 E3595.00666
G0 F9000 X134.168 Y175.02
G0 X127.962 Y175.112
G0 X126.857 Y174.024
G0 X125.279 Y174.124
G0 X124.341 Y175.237
G1 F1500 E3597.00666
G1 F1227.9 X123.865 Y174.762 E3597.05715
G1 F1429.6 X123.69 Y174.448 E3597.08034
G1 F1922.3 X123.479 Y173.744 E3597.11558
G1 F1995 X123.426 Y173.676 E3597.11957
G1 F1472.1 X123.262 Y173.362 E3597.14175
G1 F1574.6 X123.125 Y173.798 E3597.16852
G1 F1867.9 X123.184 Y174.409 E3597.19881
G1 F1399.3 X123.263 Y174.914 E3597.23249
G1 F1227.9 X123.263 Y175.237 E3597.25674
G1 X124.341 Y175.237 E3597.33769
G1 F1500 E3595.33769
G0 F9000 X123.262 Y173.362
G1 F1500 E3597.33769
G1 F1261.1 X123.246 Y172.828 E3597.37674
G1 F1275.4 X123.255 Y172.666 E3597.38847
G1 F1500 E3595.38847
G0 F9000 X123.255 Y126.666
G1 F1500 E3597.38847
G1 F1247.2 X123.352 Y126.22 E3597.42221
G1 F1237.5 X123.472 Y125.888 E3597.44851
G1 X123.634 Y125.576 E3597.4747
G1 X123.835 Y125.275 E3597.50167
G1 X124.162 Y124.935 E3597.53681
G1 X124.392 Y124.76 E3597.55834
G1 X123.261 Y124.761 E3597.64261
G1 F1247.2 X123.255 Y126.666 E3597.78343
G1 F1500 E3595.78343
G0 F9000 X124.665 Y126.976
G0 X125.705 Y128.304
G0 X126.157 Y129.215
;TYPE:WALL-OUTER
G1 F1500 E3597.78343
G1 F1800 X125.839 Y129.215 E3597.79972
G1 X125.496 Y129.166 E3597.81746
G1 X125.124 Y129.046 E3597.83748
G1 X124.666 Y128.794 E3597.86426
G1 X124.357 Y128.492 E3597.88639
G1 X124.089 Y128.164 E3597.90808
G1 X123.855 Y127.596 E3597.93955
G1 X123.796 Y127.265 E3597.95677
G1 X123.772 Y126.828 E3597.97919
G1 X123.89 Y126.263 E3598.00875
G1 X124.084 Y125.874 E3598.03102
G1 X124.265 Y125.602 E3598.04775
G1 X124.578 Y125.287 E3598.0705
G1 X124.939 Y125.042 E3598.09284
G1 X125.231 Y124.914 E3598.10918
G1 F1656.9 X125.593 Y124.771 E3598.13083
G1 F1559.1 X125.914 Y124.75 E3598.14986
G1 F1565.2 X126.311 Y124.762 E3598.17325
G1 F1629.6 X126.614 Y124.856 E3598.1912
G1 F1760 X126.973 Y124.998 E3598.21142
G1 F1800 X127.272 Y125.178 E3598.2293
G1 X127.543 Y125.396 E3598.24711
G1 X127.823 Y125.725 E3598.26924
G1 X127.983 Y126.001 E3598.28558
G1 X128.164 Y126.46 E3598.31086
G1 X128.215 Y126.94 E3598.33558
G1 X128.197 Y127.394 E3598.35885
G1 X128.074 Y127.781 E3598.37965
G1 X127.88 Y128.199 E3598.40326
G1 X127.644 Y128.491 E3598.42249
G1 X127.327 Y128.794 E3598.44495
G1 X126.872 Y129.046 E3598.47159
G1 X126.461 Y129.175 E3598.49365
G1 X126.157 Y129.215 E3598.50936
G1 F1500 E3596.50936
G0 F9000 X126.17 Y129.971
G0 X126.35 Y170.134
G0 X126.169 Y171.673
G0 X126.085 Y174.332
G0 X126.161 Y175.246
G1 F1500 E3598.50936
G1 F1571.4 X125.835 Y175.246 E3598.52848
G1 F1540.9 X125.53 Y175.216 E3598.54682
G1 F1643.2 X125.084 Y175.029 E3598.57396
G1 F1800 X124.668 Y174.796 E3598.59838
G1 X124.357 Y174.492 E3598.62066
G1 X124.09 Y174.165 E3598.64228
G1 X123.862 Y173.623 E3598.6724
G1 X123.798 Y173.284 E3598.69007
G1 X123.772 Y172.828 E3598.71346
G1 X123.89 Y172.263 E3598.74303
G1 X124.084 Y171.874 E3598.76529
G1 X124.283 Y171.581 E3598.78343
G1 X124.578 Y171.286 E3598.8048
G1 X124.939 Y171.042 E3598.82712
G1 X125.231 Y170.914 E3598.84345
G1 X125.596 Y170.808 E3598.86292
G1 X125.916 Y170.78 E3598.87937
G1 X126.304 Y170.797 E3598.89926
G1 X126.64 Y170.873 E3598.91691
G1 X126.973 Y170.998 E3598.93513
G1 X127.272 Y171.178 E3598.953
G1 X127.543 Y171.396 E3598.97082
G1 X127.823 Y171.725 E3598.99295
G1 X127.983 Y172.001 E3599.00929
G1 X128.164 Y172.457 E3599.03442
G1 X128.216 Y172.973 E3599.06098
G1 X128.199 Y173.398 E3599.08277
G1 X128.074 Y173.781 E3599.1034
G1 X127.897 Y174.178 E3599.12567
G1 X127.625 Y174.512 E3599.14773
G1 X127.349 Y174.776 E3599.16729
G1 X126.912 Y175.028 E3599.19313
G1 F1643.2 X126.466 Y175.216 E3599.22029
G1 F1540.9 X126.161 Y175.246 E3599.23863
G1 F1500 E3597.23863
G0 F9000 X134.928 Y175.78
G1 F1500 E3599.23863
G1 F1800 X134.928 Y124.22 E3601.87956
G1 F1783.8 X126.755 Y124.223 E3602.30199
G1 F1650 X126.366 Y124.256 E3602.32381
G1 F1565.2 X125.892 Y124.25 E3602.35173
G1 F1559.1 X125.571 Y124.257 E3602.37072
G1 F1653.4 X125.158 Y124.221 E3602.39383
G1 F1791.9 X122.721 Y124.221 E3602.51922
G1 F1800 X122.721 Y175.779 E3605.16006
G1 X125.009 Y175.78 E3605.27725
G1 F1643.2 X125.496 Y175.738 E3605.30468
G1 F1543.9 X125.868 Y175.749 E3605.3269
G1 X126.5 Y175.738 E3605.36465
G1 F1643.2 X126.987 Y175.78 E3605.39208
G1 F1800 X134.928 Y175.78 E3605.79882
G0 F9000 X134.254 Y175.106
G0 X134.168 Y174.63
G0 X134.4 Y174.63
;TYPE:FILL
G1 F3600 X123.248 Y163.478 E3606.60664
G0 F9000 X123.48 Y163.479
G0 X123.48 Y161.882
G0 X123.248 Y161.881
G1 F3600 X134.4 Y158.893 E3607.198
G0 F9000 X134.168 Y158.893
G0 X134.168 Y155.962
G0 X134.4 Y155.962
G1 F3600 X123.249 Y144.811 E3608.00574
G0 F9000 X123.48 Y144.812
G0 X123.48 Y148.216
G0 X123.249 Y148.215
G1 F3600 X134.399 Y145.227 E3608.597
G0 F9000 X134.168 Y145.227
G0 X134.168 Y146.628
G0 X134.4 Y146.628
G1 F3600 X123.249 Y135.477 E3609.40474
G0 F9000 X123.25 Y134.549
G1 F3600 X134.399 Y131.562 E3609.99594
G0 F9000 X134.168 Y131.562
G0 X134.168 Y127.961
G0 X134.4 Y127.961
G1 F3600 X131.187 Y124.748 E3610.22868
G0 F9000 X131.553 Y124.748
G1 F3600 X123.249 Y155.742 E3611.8722
G0 F9000 X123.249 Y155.048
G1 F3600 X134.4 Y152.06 E3612.46352
G0 F9000 X134.168 Y152.06
G0 X123.48 Y154.145
G0 X123.248 Y154.144
G1 F3600 X134.4 Y165.296 E3613.27133
G1 X134.4 Y165.126
G1 X131.686 Y175.253 E3613.80835
G0 F9000 X131.687 Y175.02
G0 X128.704 Y174.235
G0 X128.493 Y174.141
G1 F3600 X134.4 Y172.559 E3614.12157
G0 F9000 X134.168 Y172.559
G0 X134.168 Y165.726
G0 X134.4 Y165.726
G1 F3600 X123.249 Y168.714 E3614.71288
G0 F9000 X123.48 Y168.715
G0 X126.199 Y170.029
G0 X126.191 Y170.261
G1 F3600 X134.4 Y139.624 E3616.33748
G0 F9000 X134.168 Y139.624
G0 X134.168 Y138.394
G0 X134.4 Y138.394
G1 F3600 X123.249 Y141.382 E3616.92879
G0 F9000 X123.48 Y141.383
G0 X123.48 Y130.241
G0 X123.249 Y130.24
G1 F3600 X123.707 Y128.529 E3617.01952
G0 F9000 X123.5 Y128.633
G0 X124.241 Y129.357
G0 X124.822 Y129.683
G0 X125.368 Y129.86
G0 X125.866 Y129.887
G0 X126.817 Y129.862
G0 X126.747 Y129.642
G1 F3600 X134.4 Y137.295 E3617.57388
G0 F9000 X134.168 Y137.295
G0 X128.872 Y126.184
G0 X128.655 Y126.268
G1 F3600 X134.327 Y124.748 E3617.87465
G0 F9000 X133.956 Y125.321
G1 F1500 E3615.87465
G0 F9000 X134.248 Y175.02
G0 X135.814 Y175.02
G0 X165.649 Y175.02
G0 X167.212 Y175.02
G0 X166.972 Y175.34
;TYPE:WALL-INNER
G1 F1500 E3617.87465
G1 F1800 X176.84 Y175.34 E3618.38009
G1 X176.84 Y124.66 E3620.97596
G1 X166.972 Y124.66 E3621.4814
G1 X166.972 Y175.34 E3624.07726
G0 F9000 X166.532 Y175.78
;TYPE:WALL-OUTER
G1 F1800 X177.28 Y175.78 E3624.62778
G1 X177.28 Y124.22 E3627.26871
G1 X166.532 Y124.22 E3627.81923
G1 X166.532 Y175.78 E3630.46017
G1 F1500 E3628.46017
G0 F9000 X167.206 Y175.106
G0 X167.292 Y170.738
G0 X167.06 Y170.738
;TYPE:FILL
G1 F1500 E3630.46017
G1 F3600 X176.751 Y134.57 E3632.37806
G0 F9000 X176.751 Y133.879
G1 F3600 X167.06 Y136.476 E3632.89196
G0 F9000 X167.292 Y136.476
G0 X167.292 Y132.619
G0 X167.06 Y132.619
G1 F3600 X176.752 Y142.312 E3633.59405
G0 F9000 X176.52 Y142.312
G0 X176.52 Y140.712
G0 X176.752 Y140.712
G1 F3600 X167.06 Y143.309 E3634.10799
G0 F9000 X167.292 Y143.309
G0 X167.292 Y141.953
G0 X167.06 Y141.953
G1 F3600 X176.752 Y151.645 E3634.81005
G0 F9000 X176.52 Y151.645
G0 X176.52 Y154.378
G0 X176.752 Y154.378
G1 F3600 X167.06 Y156.974 E3635.32398
G0 F9000 X167.292 Y156.974
G0 X167.292 Y160.621
G0 X167.06 Y160.621
G1 F3600 X176.752 Y170.313 E3636.02604
G0 F9000 X176.52 Y170.313
G0 X176.52 Y168.043
G0 X176.751 Y168.043
G1 F3600 X167.06 Y170.64 E3636.53993
G0 F9000 X167.06 Y169.955
G1 F3600 X172.357 Y175.251 E3636.92359
G0 F9000 X172.683 Y175.252
G1 F3600 X176.752 Y160.069 E3637.72872
G0 F9000 X176.752 Y160.979
G1 F3600 X167.06 Y151.287 E3638.43078
G0 F9000 X167.292 Y151.287
G0 X167.292 Y150.142
G0 X167.06 Y150.142
G1 F3600 X176.751 Y147.545 E3638.94467
G0 F9000 X176.52 Y147.545
G0 X167.292 Y145.237
G0 X167.06 Y145.237
G1 F3600 X172.55 Y124.748 E3640.03115
G0 F9000 X172.55 Y124.98
G0 X168.523 Y124.98
G0 X168.523 Y124.748
G1 F3600 X176.752 Y132.978 E3640.62727
G0 F9000 X176.52 Y132.978
G0 X176.52 Y127.046
G0 X176.752 Y127.046
G1 F3600 X167.061 Y129.643 E3641.14116
G1 F1500 E3639.14116
G0 F9000 X167.292 Y129.643
G0 X176.52 Y161.21
G0 X176.752 Y161.21
G1 F1500 E3641.14116
G1 F3600 X167.061 Y163.807 E3641.65506
G0 F9000 X167.292 Y163.807
G0 X175.348 Y175.02
G0 X175.348 Y175.252
G1 F3600 X176.752 Y174.876 E3641.72951
G0 F9000 X176.18 Y174.68
G1 F1500 E3639.72951
;MESH:NONMESH
G0 F300 Z6.72
G0 F9000 X167.212 Y126.666
G0 X123.255 Y126.666
;TIME_ELAPSED:3049.754218
;LAYER:23
;TYPE:WALL-INNER
;MESH:custom_clip.stl
G1 F1500 E3641.72951
G1 F1247.2 X123.352 Y126.22 E3641.76324
G1 F1237.5 X123.472 Y125.888 E3641.78955
G1 X123.634 Y125.576 E3641.81574
G1 X123.835 Y125.275 E3641.8427
G1 X124.162 Y124.935 E3641.87785
G1 X124.392 Y124.76 E3641.89938
G1 X123.261 Y124.761 E3641.98364
G1 F1247.2 X123.255 Y126.666 E3642.12446
G1 F1275.4 X123.246 Y126.828 E3642.13619
G1 F1253.2 X123.265 Y127.5 E3642.18565
G1 F1500 E3640.18565
G0 F9000 X123.407 Y128.332
G0 X134.152 Y175.05
G0 X134.472 Y175.34
G1 F1500 E3642.18565
G1 F1800 X134.472 Y124.66 E3644.78151
G1 X127.263 Y124.66 E3645.15076
G1 X127.657 Y124.897 E3645.17431
G1 X128.12 Y125.371 E3645.20825
G1 X128.422 Y125.88 E3645.23857
G1 X128.612 Y126.418 E3645.26779
G1 X128.656 Y126.97 E3645.29615
G1 X128.631 Y127.47 E3645.3218
G1 X128.467 Y127.983 E3645.34938
G1 X128.274 Y128.412 E3645.37348
G1 X127.929 Y128.829 E3645.4012
G1 X127.587 Y129.149 E3645.42519
G1 X127.072 Y129.444 E3645.45559
G1 X126.579 Y129.603 E3645.48212
G1 X126.215 Y129.651 E3645.50093
G1 X125.868 Y129.656 E3645.5187
G1 X125.422 Y129.605 E3645.54169
G1 X124.926 Y129.445 E3645.56839
G1 X124.403 Y129.151 E3645.59912
G1 X123.923 Y128.687 E3645.63332
G1 X123.617 Y128.2 E3645.66278
G1 F1606.5 X123.258 Y127.486 E3645.70864
G1 X123.16 Y128.114 E3645.74512
G1 F1800 X123.16 Y172.205 E3648.00349
G1 F1480.4 X123.255 Y172.666 E3648.0328
G1 X123.447 Y172.252 E3648.06122
G1 F1800 X123.561 Y171.932 E3648.07862
G1 X123.717 Y171.631 E3648.09599
G1 X123.925 Y171.317 E3648.11528
G1 X124.277 Y170.959 E3648.14099
G1 X124.705 Y170.664 E3648.16762
G1 X125.054 Y170.511 E3648.18714
G1 X125.491 Y170.375 E3648.21058
G1 X125.961 Y170.34 E3648.23472
G1 X126.345 Y170.354 E3648.2544
G1 X126.791 Y170.459 E3648.27787
G1 X127.146 Y170.589 E3648.29723
G1 X127.652 Y170.901 E3648.32768
G1 X128.118 Y171.367 E3648.36144
G1 X128.422 Y171.88 E3648.39198
G1 X128.612 Y172.418 E3648.42121
G1 X128.656 Y172.97 E3648.44957
G1 X128.636 Y173.476 E3648.47551
G1 X128.467 Y173.982 E3648.50283
G1 X128.275 Y174.412 E3648.52695
G1 X127.929 Y174.83 E3648.55475
G1 X127.594 Y175.15 E3648.57848
G1 X127.253 Y175.34 E3648.59847
G1 X134.472 Y175.34 E3648.96823
G1 F1500 E3646.96823
G0 F9000 X134.152 Y175.02
G0 X127.962 Y175.112
G0 X126.857 Y174.024
G0 X125.279 Y174.124
G0 X124.354 Y175.241
G1 F1500 E3648.96823
G1 F1239.4 X123.856 Y174.759 E3649.01979
G1 X123.482 Y174.17 E3649.07169
G1 F1226 X123.265 Y173.5 E3649.12465
G1 X123.26 Y175.24 E3649.2555
G1 F1239.4 X124.354 Y175.241 E3649.33688
G1 F1500 E3647.33688
G0 F9000 X123.265 Y173.5
G1 F1500 E3649.33688
G1 F1253.2 X123.246 Y172.828 E3649.38634
G1 F1275.4 X123.255 Y172.666 E3649.39807
G1 F1500 E3647.39807
G0 F9000 X124.665 Y172.978
G0 X126.085 Y174.332
G0 X126.161 Y175.246
;TYPE:WALL-OUTER
G1 F1500 E3649.39807
G1 F1571.4 X125.835 Y175.246 E3649.41719
G1 F1540.9 X125.53 Y175.216 E3649.43553
G1 F1643.2 X125.084 Y175.029 E3649.46267
G1 F1800 X124.668 Y174.795 E3649.48711
G1 X124.253 Y174.386 E3649.51696
G1 X123.966 Y173.917 E3649.54512
G1 X123.803 Y173.406 E3649.5726
G1 X123.772 Y172.828 E3649.60224
G1 X123.89 Y172.263 E3649.63181
G1 X124.084 Y171.874 E3649.65407
G1 X124.283 Y171.581 E3649.67221
G1 X124.578 Y171.286 E3649.69358
G1 X124.939 Y171.042 E3649.7159
G1 X125.231 Y170.914 E3649.73223
G1 X125.596 Y170.808 E3649.7517
G1 X125.916 Y170.78 E3649.76815
G1 X126.304 Y170.797 E3649.78805
G1 X126.64 Y170.873 E3649.80569
G1 X126.974 Y170.999 E3649.82397
G1 X127.383 Y171.246 E3649.84845
G1 X127.782 Y171.663 E3649.87801
G1 X128.01 Y172.047 E3649.90088
G1 X128.178 Y172.508 E3649.92602
G1 X128.216 Y172.923 E3649.94736
G1 X128.199 Y173.398 E3649.97171
G1 X128.074 Y173.781 E3649.99234
G1 X127.897 Y174.178 E3650.01461
G1 X127.625 Y174.512 E3650.03667
G1 X127.349 Y174.776 E3650.05623
G1 X126.912 Y175.028 E3650.08207
G1 F1643.2 X126.466 Y175.216 E3650.10923
G1 F1540.9 X126.161 Y175.246 E3650.12757
G1 F1500 E3648.12757
G0 F9000 X134.912 Y175.78
G1 F1500 E3650.12757
G1 F1800 X134.912 Y124.22 E3652.7685
G1 F1783.8 X126.755 Y124.223 E3653.1901
G1 F1650 X126.366 Y124.256 E3653.21192
G1 F1565.2 X125.892 Y124.25 E3653.23984
G1 F1559.1 X125.571 Y124.257 E3653.25883
G1 F1653.4 X125.158 Y124.221 E3653.28195
G1 F1791.9 X122.721 Y124.221 E3653.40734
G1 F1800 X122.721 Y175.779 E3656.04817
G1 X125.009 Y175.78 E3656.16536
G1 F1643.2 X125.496 Y175.738 E3656.19279
G1 F1543.9 X125.868 Y175.749 E3656.21501
G1 X126.5 Y175.738 E3656.25276
G1 F1643.2 X126.987 Y175.78 E3656.28019
G1 F1800 X134.912 Y175.78 E3656.68611
G1 F1500 E3654.68611
G0 F9000 X134.238 Y175.106
G0 X126.157 Y129.215
G1 F1500 E3656.68611
G1 F1800 X125.839 Y129.215 E3656.7024
G1 X125.496 Y129.166 E3656.72015
G1 X125.124 Y129.046 E3656.74017
G1 X124.666 Y128.794 E3656.76694
G1 X124.253 Y128.386 E3656.79668
G1 X123.966 Y127.917 E3656.82484
G1 X123.803 Y127.406 E3656.85232
G1 X123.772 Y126.828 E3656.88196
G1 X123.89 Y126.263 E3656.91153
G1 X124.084 Y125.874 E3656.93379
G1 X124.265 Y125.602 E3656.95053
G1 X124.578 Y125.287 E3656.97327
G1 X124.939 Y125.042 E3656.99562
G1 X125.231 Y124.914 E3657.01195
G1 F1656.9 X125.593 Y124.771 E3657.03361
G1 F1559.1 X125.914 Y124.75 E3657.05263
G1 F1565.2 X126.311 Y124.762 E3657.07603
G1 F1629.6 X126.614 Y124.856 E3657.09398
G1 F1760 X126.974 Y124.999 E3657.11427
G1 F1800 X127.383 Y125.246 E3657.13874
G1 X127.782 Y125.663 E3657.1683
G1 X128.01 Y126.047 E3657.19118
G1 X128.178 Y126.508 E3657.21631
G1 X128.216 Y126.923 E3657.23765
G1 X128.199 Y127.397 E3657.26195
G1 X128.074 Y127.781 E3657.28263
G1 X127.88 Y128.199 E3657.30624
G1 X127.644 Y128.491 E3657.32547
G1 X127.327 Y128.794 E3657.34793
G1 X126.872 Y129.046 E3657.37457
G1 X126.461 Y129.175 E3657.39663
G1 X126.157 Y129.215 E3657.41234
G0 F9000 X126.959 Y129.574
;TYPE:FILL
G1 F3600 X129.67 Y132.285 E3657.60872
G0 F9000 X129.992 Y132.607
G1 F3600 X131.208 Y133.823 E3657.6968
G0 F9000 X132.845 Y132.183
G1 F3600 X123.249 Y134.755 E3658.20566
G0 F9000 X123.248 Y135.197
G1 F3600 X129.956 Y141.905 E3658.69157
G0 F9000 X132.798 Y144.84
G1 F3600 X125.988 Y170.252 E3660.03911
G0 F9000 X125.996 Y170.021
G0 X123.48 Y168.919
G0 X123.249 Y168.919
G1 F3600 X132.845 Y166.347 E3660.54797
G0 F9000 X132.66 Y170.855
G1 F3600 X131.481 Y175.252 E3660.78115
G0 F9000 X131.482 Y175.02
G0 X133.027 Y173.131
G1 F3600 X128.388 Y174.374 E3661.02714
G0 F9000 X128.599 Y174.468
G0 X131.783 Y171.733
G1 F3600 X132.56 Y172.51 E3661.08342
G0 F9000 X132.881 Y172.831
G1 F3600 X132.988 Y172.938 E3661.09118
G0 F9000 X129.623 Y169.573
G1 F3600 X123.248 Y163.198 E3661.55296
G0 F9000 X123.48 Y163.198
G0 X123.48 Y162.086
G0 X123.249 Y162.086
G1 F3600 X132.845 Y159.515 E3662.06181
G0 F9000 X130.872 Y161.488
G1 F3600 X129.464 Y160.08 E3662.1638
G0 F9000 X129.142 Y159.758
G1 F3600 X123.248 Y153.864 E3662.59074
G0 F9000 X123.48 Y153.864
G0 X123.48 Y154.979
G0 X123.248 Y154.979
G1 F3600 X131.349 Y124.747 E3664.19387
G1 X131.467 Y124.748
G1 X132.459 Y125.74 E3664.26573
G0 F9000 X132.847 Y125.35
G1 F3600 X128.705 Y126.46 E3664.48537
G0 F9000 X128.934 Y126.439
G0 X128.895 Y127.517
G0 X128.492 Y128.556
G0 X127.74 Y129.358
G0 X127.177 Y129.683
G0 X126.635 Y129.857
G0 X125.867 Y129.915
G0 X125.368 Y129.86
G0 X124.822 Y129.683
G0 X124.248 Y129.361
G0 X123.82 Y128.95
G0 X123.43 Y128.409
G0 X123.567 Y128.287
G1 F3600 X123.248 Y129.478 E3664.54853
G0 F9000 X123.48 Y129.478
G0 X123.48 Y141.588
G0 X123.248 Y141.588
G1 F3600 X132.846 Y139.016 E3665.05749
G0 F9000 X132.87 Y145.842
G1 F3600 X123.249 Y148.42 E3665.56767
G0 F9000 X123.48 Y148.42
G0 X123.48 Y144.531
G0 X123.248 Y144.531
G1 F3600 X131.114 Y152.396 E3666.13742
G0 F9000 X131.436 Y152.719
G1 F3600 X132.123 Y153.405 E3666.18715
G0 F9000 X132.846 Y152.681
G1 F3600 X123.249 Y155.253 E3666.69606
G0 F9000 X123.48 Y155.253
G0 X129.448 Y158.107
G1 F900 X134.164 Y153.391 E3666.90103
G0 F9000 X134.164 Y154.013
G1 F900 X129.22 Y158.957 E3667.1159
G0 F9000 X128.992 Y159.808
G1 F900 X134.164 Y154.635 E3667.34071
G0 F9000 X134.164 Y155.257
G1 F900 X129.263 Y160.158 E3667.55372
G0 F9000 X129.961 Y160.083
G1 F900 X134.164 Y155.88 E3667.73639
G0 F9000 X134.164 Y156.502
G1 F900 X130.811 Y159.855 E3667.88212
G0 F9000 X131.662 Y159.627
G1 F900 X134.164 Y157.124 E3667.99088
G0 F9000 X134.164 Y157.746
G1 F900 X132.512 Y159.399 E3668.0627
G0 F9000 X134.152 Y159.613
G0 X134.164 Y159.613
G1 F900 X131.441 Y162.336 E3668.18105
G0 F9000 X131.752 Y162.647
G1 F900 X134.164 Y160.235 E3668.28588
G0 F9000 X134.164 Y160.858
G1 F900 X132.064 Y162.958 E3668.37715
G0 F9000 X132.375 Y163.27
G1 F900 X134.164 Y161.48 E3668.45493
G0 F9000 X134.164 Y162.102
G1 F900 X132.686 Y163.581 E3668.51919
G0 F9000 X134.152 Y163.347
G0 X134.164 Y163.347
G1 F900 X130.828 Y166.683 E3668.66418
G0 F9000 X131.678 Y166.455
G1 F900 X134.164 Y163.969 E3668.77222
G0 F9000 X134.164 Y164.591
G1 F900 X132.529 Y166.227 E3668.8433
G0 F9000 X134.152 Y166.458
G0 X134.164 Y166.458
G1 F900 X130.197 Y170.425 E3669.01572
G0 F9000 X129.886 Y170.114
G1 F900 X134.164 Y165.836 E3669.20165
G0 F9000 X134.164 Y165.213
G1 F900 X129.574 Y169.803 E3669.40114
G0 F9000 X130.508 Y170.737
G1 F900 X134.164 Y167.08 E3669.56006
G0 F9000 X134.164 Y167.702
G1 F900 X130.819 Y171.048 E3669.70546
G0 F9000 X131.13 Y171.359
G1 F900 X134.164 Y168.325 E3669.83733
G0 F9000 X134.164 Y168.947
G1 F900 X131.441 Y171.67 E3669.95567
G0 F9000 X132.633 Y171.722
G1 F900 X134.164 Y170.191 E3670.02221
G0 F9000 X134.164 Y169.569
G1 F900 X132.861 Y170.872 E3670.07885
G0 F9000 X134.152 Y170.814
G0 X134.164 Y170.814
G1 F900 X132.405 Y172.573 E3670.1553
G0 F9000 X132.686 Y172.914
G1 F900 X134.164 Y171.436 E3670.21953
G0 F9000 X134.164 Y172.058
G1 F900 X131.948 Y174.274 E3670.31584
G0 F9000 X131.812 Y175.032
G1 F900 X134.164 Y172.68 E3670.41807
G0 F9000 X134.164 Y173.303
G1 F900 X132.435 Y175.032 E3670.49321
G0 F9000 X133.057 Y175.032
G1 F900 X134.164 Y173.925 E3670.54133
G0 F9000 X134.164 Y174.547
G1 F900 X133.679 Y175.032 E3670.56241
G0 F9000 X133.679 Y175.02
G0 X129.978 Y166.911
G1 F900 X134.164 Y162.724 E3670.74436
G0 F9000 X134.152 Y162.724
G0 X131.13 Y162.025
G1 F900 X134.164 Y158.991 E3670.87622
G0 F9000 X134.164 Y158.369
G1 F900 X130.819 Y161.714 E3671.0216
G0 F9000 X132.686 Y154.247
G1 F900 X134.164 Y152.768 E3671.08586
G0 F9000 X134.164 Y152.146
G1 F900 X132.375 Y153.936 E3671.16364
G0 F9000 X132.064 Y153.625
G1 F900 X134.164 Y151.524 E3671.25493
G0 F9000 X134.164 Y150.902
G1 F900 X132.495 Y152.571 E3671.32747
G0 F9000 X131.645 Y152.799
G1 F900 X134.164 Y150.279 E3671.43697
G0 F9000 X134.164 Y149.657
G1 F900 X131.13 Y152.691 E3671.56884
G0 F9000 X131.041 Y152.158
G1 F900 X134.164 Y149.035 E3671.70457
G0 F9000 X134.164 Y148.413
G1 F900 X131.269 Y151.308 E3671.83039
G0 F9000 X131.497 Y150.457
G1 F900 X134.164 Y147.79 E3671.9463
G0 F9000 X134.164 Y147.168
G1 F900 X131.725 Y149.608 E3672.05233
G0 F9000 X131.953 Y148.757
G1 F900 X134.164 Y146.546 E3672.14843
G0 F9000 X134.164 Y145.924
G1 F900 X132.181 Y147.907 E3672.23461
G0 F9000 X132.409 Y147.057
G1 F900 X134.164 Y145.301 E3672.31091
G0 F9000 X134.164 Y144.679
G1 F900 X132.637 Y146.206 E3672.37728
G0 F9000 X132.865 Y145.356
G1 F900 X134.164 Y144.057 E3672.43373
G0 F9000 X134.164 Y143.434
G1 F900 X132.685 Y144.914 E3672.49803
G0 F9000 X132.374 Y144.603
G1 F900 X134.164 Y142.812 E3672.57585
G0 F9000 X134.164 Y142.19
G1 F900 X132.063 Y144.292 E3672.66719
G0 F9000 X131.752 Y143.98
G1 F900 X134.164 Y141.568 E3672.77202
G0 F9000 X134.164 Y140.945
G1 F900 X131.441 Y143.669 E3672.89039
G0 F9000 X131.129 Y143.358
G1 F900 X134.164 Y140.323 E3673.0223
G0 F9000 X134.164 Y139.701
G1 F900 X130.818 Y143.047 E3673.16772
G0 F9000 X130.507 Y142.736
G1 F900 X134.164 Y139.079 E3673.32666
G0 F9000 X134.164 Y138.456
G1 F900 X130.196 Y142.425 E3673.49914
G0 F9000 X129.885 Y142.114
G1 F900 X134.164 Y137.834 E3673.68514
G0 F9000 X134.164 Y137.212
G1 F900 X132.464 Y138.913 E3673.75905
G0 F9000 X131.613 Y139.141
G1 F900 X134.164 Y136.59 E3673.86992
G0 F9000 X134.164 Y135.967
G1 F900 X130.763 Y139.369 E3674.01775
G0 F9000 X129.912 Y139.597
G1 F900 X134.164 Y135.345 E3674.20255
G0 F9000 X134.164 Y134.723
G1 F900 X129.063 Y139.825 E3674.42428
G0 F9000 X132.685 Y135.58
G1 F900 X134.164 Y134.101 E3674.48856
G0 F9000 X134.164 Y133.478
G1 F900 X132.374 Y135.269 E3674.56638
G0 F9000 X132.063 Y134.958
G1 F900 X134.164 Y132.856 E3674.65771
G0 F9000 X134.164 Y132.234
G1 F900 X131.752 Y134.646 E3674.76254
G0 F9000 X131.441 Y134.335
G1 F900 X134.164 Y131.612 E3674.88089
G0 F9000 X134.164 Y130.989
G1 F900 X131.13 Y134.024 E3675.01278
G0 F9000 X130.747 Y132.54
G1 F900 X134.164 Y129.123 E3675.16129
G0 F9000 X134.164 Y129.745
G1 F900 X131.597 Y132.312 E3675.27285
G0 F9000 X132.446 Y132.085
G1 F900 X134.164 Y130.367 E3675.34752
G0 F9000 X134.152 Y130.367
G0 X134.152 Y128.5
G0 X134.164 Y128.5
G1 F900 X129.897 Y132.768 E3675.533
G0 F9000 X129.574 Y132.468
G1 F900 X134.164 Y127.878 E3675.73249
G0 F9000 X134.164 Y127.256
G1 F900 X129.679 Y131.741 E3675.92741
G0 F9000 X129.907 Y130.891
G1 F900 X134.164 Y126.634 E3676.11243
G0 F9000 X134.164 Y126.011
G1 F900 X130.135 Y130.041 E3676.28756
G0 F9000 X130.362 Y129.191
G1 F900 X134.164 Y125.389 E3676.45281
G0 F9000 X133.964 Y124.968
G1 F900 X132.685 Y126.246 E3676.50837
G0 F9000 X132.375 Y125.934
G1 F900 X133.341 Y124.968 E3676.55036
G0 F9000 X133.341 Y125.32
G1 F1500 E3674.55036
G0 F9000 X134.232 Y175.021
G0 X135.798 Y175.02
G0 X165.639 Y175.02
G0 X167.184 Y175.019
G0 X166.964 Y175.34
;TYPE:WALL-INNER
G1 F1500 E3676.55036
G1 F1800 X176.84 Y175.34 E3677.05621
G1 X176.84 Y124.66 E3679.65207
G1 X166.96 Y124.66 E3680.15813
G1 X166.964 Y175.34 E3682.75399
G0 F9000 X166.524 Y175.78
;TYPE:WALL-OUTER
G1 F1800 X177.28 Y175.78 E3683.30492
G1 X177.28 Y124.22 E3685.94586
G1 X166.52 Y124.22 E3686.49699
G1 X166.524 Y175.78 E3689.13792
G1 F1500 E3687.13792
G0 F9000 X167.198 Y175.106
G0 X167.284 Y170.847
G0 X167.052 Y170.847
;TYPE:FILL
G1 F1500 E3689.13792
G1 F3600 X176.752 Y168.248 E3689.65229
G0 F9000 X176.52 Y168.248
G0 X176.52 Y170.033
G0 X176.752 Y170.033
G1 F3600 X167.05 Y160.332 E3690.35504
G0 F9000 X167.283 Y160.332
G0 X167.283 Y157.182
G0 X167.051 Y157.182
G1 F3600 X176.752 Y154.583 E3690.86945
G0 F9000 X176.52 Y154.583
G0 X176.52 Y151.365
G0 X176.752 Y151.365
G1 F3600 X167.049 Y141.662 E3691.5723
G0 F9000 X167.282 Y141.662
G0 X167.282 Y143.517
G0 X167.05 Y143.517
G1 F3600 X176.752 Y140.917 E3692.08678
G0 F9000 X176.52 Y140.917
G0 X176.52 Y142.032
G0 X176.752 Y142.032
G1 F3600 X167.048 Y132.328 E3692.78971
G0 F9000 X167.281 Y132.328
G0 X167.281 Y129.851
G0 X167.049 Y129.851
G1 F3600 X176.752 Y127.251 E3693.30424
G0 F9000 X176.52 Y127.251
G0 X172.345 Y124.98
G0 X172.345 Y124.748
G1 F3600 X167.049 Y144.513 E3694.35232
G0 F9000 X167.282 Y144.513
G0 X167.283 Y150.349
G0 X167.05 Y150.349
G1 F3600 X176.751 Y147.75 E3694.86674
G0 F9000 X176.52 Y147.75
G0 X167.283 Y150.997
G0 X167.05 Y150.997
G1 F3600 X176.752 Y160.699 E3695.56952
G0 F9000 X176.752 Y161.415
G1 F3600 X167.051 Y164.015 E3696.08395
G0 F9000 X167.284 Y164.015
G0 X167.284 Y169.666
G0 X167.051 Y169.666
G1 F3600 X172.637 Y175.251 E3696.48855
G1 X172.478 Y175.252
G1 X176.752 Y159.304 E3697.33424
G0 F9000 X176.52 Y159.304
G0 X167.284 Y170.006
G0 X167.051 Y170.006
G1 F3600 X176.751 Y133.805 E3699.25388
G0 F9000 X176.751 Y134.084
G1 F3600 X167.049 Y136.684 E3699.76836
G0 F9000 X167.281 Y136.684
G0 X176.52 Y132.698
G0 X176.752 Y132.698
G1 F3600 X168.803 Y124.748 E3700.3442
G1 F1500 E3698.3442
G0 F9000 X168.803 Y124.98
G0 X176.52 Y175.081
G0 X176.752 Y175.081
G1 F1500 E3700.3442
G1 F3600 X176.114 Y175.252 E3700.37803
G0 F9000 X176.114 Y174.68
G1 F1500 E3698.37803
;MESH:NONMESH
G0 F300 Z7
G0 F9000 X167.181 Y126.547
G0 X123.267 Y126.55
;TIME_ELAPSED:3120.552569
;LAYER:24
;TYPE:WALL-INNER
;MESH:custom_clip.stl
G1 F1500 E3700.37803
G1 F1243.3 X123.25 Y126.972 E3700.40935
G1 F1253.2 X123.263 Y127.377 E3700.43916
G0 F9000 X123.267 Y126.55
G1 F1222.2 X123.351 Y126.221 E3700.46477
G1 F1237.5 X123.474 Y125.859 E3700.49326
G1 F1239.4 X123.775 Y125.336 E3700.53815
G1 X124.157 Y124.937 E3700.57924
G1 X124.389 Y124.76 E3700.60094
G1 X123.259 Y124.759 E3700.685
G1 F1226 X123.267 Y126.55 E3700.81969
G1 F1500 E3698.81969
G0 F9000 X123.739 Y128.842
G0 X123.267 Y172.55
G1 F1500 E3700.81969
G1 F1243.3 X123.25 Y172.972 E3700.851
G1 F1253.2 X123.263 Y173.377 E3700.88082
G1 F1500 E3698.88082
G0 F9000 X124.352 Y175.24
G1 F1500 E3700.88082
G1 F1237.5 X123.848 Y174.753 E3700.93303
G1 X123.559 Y174.298 E3700.97319
G1 F1235.6 X123.326 Y173.705 E3701.02073
G1 F1231.7 X123.263 Y173.377 E3701.04573
G1 F1233.6 X123.26 Y175.24 E3701.18496
G1 F1237.5 X124.352 Y175.24 E3701.26632
G1 F1500 E3699.26632
G0 F9000 X134.408 Y175.34
G1 F1500 E3701.26632
G1 F1800 X134.408 Y124.66 E3703.86218
G1 X127.266 Y124.661 E3704.228
G1 X127.545 Y124.833 E3704.24479
G1 X127.838 Y125.063 E3704.26387
G1 X128.217 Y125.502 E3704.29357
G1 X128.457 Y125.986 E3704.32124
G1 X128.616 Y126.422 E3704.34501
G1 X128.656 Y126.974 E3704.37336
G1 X128.631 Y127.47 E3704.3988
G1 X128.467 Y127.982 E3704.42634
G1 X128.275 Y128.411 E3704.45041
G1 X127.929 Y128.83 E3704.47824
G1 X127.587 Y129.149 E3704.5022
G1 X127.072 Y129.444 E3704.5326
G1 X126.579 Y129.603 E3704.55913
G1 X126.215 Y129.651 E3704.57794
G1 X125.868 Y129.656 E3704.59571
G1 X125.422 Y129.605 E3704.61871
G1 X124.926 Y129.445 E3704.6454
G1 X124.403 Y129.151 E3704.67613
G1 X123.927 Y128.691 E3704.71004
G1 F1787.8 X123.651 Y128.256 E3704.7366
G1 F1760 X123.439 Y127.735 E3704.76607
G1 F1623 X123.37 Y127.622 E3704.77359
G1 F1358.5 X123.263 Y127.377 E3704.79174
G1 F1445.3 X123.167 Y127.786 E3704.81854
G1 F1775.8 X123.16 Y128.28 E3704.84419
G1 F1800 X123.161 Y171.893 E3707.07807
G1 F1714.3 X123.182 Y172.206 E3707.09494
G1 F1389.5 X123.267 Y172.55 E3707.11845
G1 X123.425 Y172.245 E3707.14125
G1 F1714.3 X123.601 Y171.837 E3707.16514
G1 F1800 X123.859 Y171.389 E3707.19162
G1 X124.275 Y170.958 E3707.22231
G1 X124.702 Y170.665 E3707.24883
G1 X125.054 Y170.511 E3707.26851
G1 X125.491 Y170.375 E3707.29195
G1 X125.961 Y170.34 E3707.31609
G1 X126.345 Y170.354 E3707.33577
G1 X126.791 Y170.459 E3707.35924
G1 X127.153 Y170.592 E3707.379
G1 X127.545 Y170.833 E3707.40257
G1 X127.837 Y171.063 E3707.42161
G1 X128.215 Y171.498 E3707.45112
G1 X128.457 Y171.986 E3707.47902
G1 X128.616 Y172.422 E3707.50279
G1 X128.656 Y172.974 E3707.53114
G1 X128.636 Y173.477 E3707.55693
G1 X128.467 Y173.982 E3707.5842
G1 X128.275 Y174.412 E3707.60832
G1 X127.929 Y174.83 E3707.63612
G1 X127.594 Y175.15 E3707.65985
G1 X127.253 Y175.34 E3707.67984
G1 X134.408 Y175.34 E3708.04633
G0 F9000 X134.848 Y175.78
;TYPE:WALL-OUTER
G1 F1800 X134.848 Y124.22 E3710.68726
G1 F1783.8 X126.755 Y124.223 E3711.10556
G1 F1650 X126.366 Y124.256 E3711.12737
G1 F1565.2 X125.892 Y124.25 E3711.15529
G1 F1559.1 X125.571 Y124.257 E3711.17428
G1 F1653.4 X125.158 Y124.221 E3711.1974
G1 F1791.9 X122.72 Y124.22 E3711.32284
G1 F1800 X122.72 Y175.78 E3713.96378
G1 X125.009 Y175.78 E3714.08102
G1 F1643.2 X125.496 Y175.738 E3714.10845
G1 F1543.9 X125.868 Y175.749 E3714.13067
G1 X126.5 Y175.738 E3714.16842
G1 F1643.2 X126.987 Y175.78 E3714.19585
G1 F1800 X134.848 Y175.78 E3714.59849
G1 F1500 E3712.59849
G0 F9000 X126.161 Y175.246
G1 F1500 E3714.59849
G1 F1571.4 X125.835 Y175.246 E3714.61762
G1 F1540.9 X125.53 Y175.216 E3714.63596
G1 F1643.2 X125.084 Y175.029 E3714.66309
G1 F1800 X124.668 Y174.795 E3714.68754
G1 X124.258 Y174.391 E3714.71702
G1 X124.035 Y174.033 E3714.73862
G1 X123.854 Y173.573 E3714.76394
G1 X123.792 Y173.246 E3714.78099
G1 X123.78 Y172.958 E3714.79576
G1 X123.801 Y172.668 E3714.81065
G1 X123.863 Y172.393 E3714.82509
G1 X123.981 Y172.057 E3714.84333
G1 X124.233 Y171.635 E3714.8685
G1 X124.579 Y171.282 E3714.89382
G1 X124.931 Y171.046 E3714.91553
G1 X125.231 Y170.914 E3714.93232
G1 X125.596 Y170.808 E3714.95179
G1 X125.916 Y170.78 E3714.96824
G1 X126.304 Y170.797 E3714.98813
G1 X126.64 Y170.873 E3715.00578
G1 X126.973 Y170.998 E3715.02399
G1 X127.249 Y171.162 E3715.04044
G1 X127.547 Y171.399 E3715.05994
G1 X127.831 Y171.727 E3715.08216
G1 X128.043 Y172.136 E3715.10576
G1 X128.182 Y172.517 E3715.12653
G1 X128.216 Y172.929 E3715.14771
G1 X128.199 Y173.398 E3715.17175
G1 X128.074 Y173.781 E3715.19238
G1 X127.897 Y174.178 E3715.21465
G1 X127.625 Y174.512 E3715.23671
G1 X127.349 Y174.776 E3715.25627
G1 X126.912 Y175.028 E3715.28211
G1 F1643.2 X126.466 Y175.216 E3715.30927
G1 F1540.9 X126.161 Y175.246 E3715.32761
G1 F1500 E3713.32761
G0 F9000 X126.085 Y174.332
G0 X126.169 Y171.673
G0 X126.157 Y129.215
G1 F1500 E3715.32761
G1 F1800 X125.839 Y129.215 E3715.34389
G1 X125.496 Y129.166 E3715.36164
G1 X125.124 Y129.046 E3715.38166
G1 X124.666 Y128.794 E3715.40844
G1 X124.258 Y128.391 E3715.43781
G1 X124.035 Y128.033 E3715.45941
G1 X123.854 Y127.573 E3715.48473
G1 X123.792 Y127.246 E3715.50178
G1 X123.78 Y126.958 E3715.51655
G1 X123.801 Y126.668 E3715.53144
G1 X123.863 Y126.393 E3715.54588
G1 X123.981 Y126.057 E3715.56412
G1 X124.233 Y125.635 E3715.58929
G1 X124.579 Y125.282 E3715.61461
G1 X124.931 Y125.046 E3715.63632
G1 X125.231 Y124.914 E3715.65311
G1 F1656.9 X125.593 Y124.771 E3715.67477
G1 F1559.1 X125.914 Y124.75 E3715.69379
G1 F1565.2 X126.311 Y124.762 E3715.71718
G1 F1629.6 X126.614 Y124.856 E3715.73513
G1 F1760 X126.973 Y124.998 E3715.75536
G1 F1800 X127.249 Y125.162 E3715.7718
G1 X127.547 Y125.399 E3715.7913
G1 X127.831 Y125.727 E3715.81353
G1 X128.043 Y126.136 E3715.83712
G1 X128.182 Y126.517 E3715.8579
G1 X128.216 Y126.929 E3715.87907
G1 X128.197 Y127.394 E3715.90291
G1 X128.074 Y127.781 E3715.92371
G1 X127.88 Y128.199 E3715.94731
G1 X127.625 Y128.512 E3715.96799
G1 X127.327 Y128.794 E3715.989
G1 X126.872 Y129.046 E3716.01565
G1 X126.461 Y129.175 E3716.03771
G1 X126.157 Y129.215 E3716.05342
G0 F9000 X126.522 Y129.92
;TYPE:FILL
G1 F900 X123.469 Y132.973 E3716.18611
G0 F9000 X123.469 Y133.595
G1 F900 X127.528 Y129.536 E3716.36252
G0 F9000 X127.533 Y129.547
G0 X128.59 Y128.489
G0 X128.58 Y128.484
G1 F900 X132.097 Y124.968 E3716.51535
G0 F9000 X132.719 Y124.968
G1 F900 X123.469 Y134.217 E3716.91736
G0 F9000 X123.469 Y134.84
G1 F900 X132.784 Y125.525 E3717.32221
G0 F9000 X132.784 Y126.147
G1 F900 X123.469 Y135.462 E3717.72705
G0 F9000 X123.469 Y136.084
G1 F900 X132.784 Y126.769 E3718.1319
G0 F9000 X132.784 Y127.392
G1 F900 X123.469 Y136.706 E3718.53673
G0 F9000 X123.469 Y137.329
G1 F900 X132.784 Y128.014 E3718.94158
G0 F9000 X132.784 Y128.636
G1 F900 X123.469 Y137.951 E3719.34643
G0 F9000 X123.469 Y138.573
G1 F900 X132.784 Y129.258 E3719.75128
G0 F9000 X132.784 Y129.881
G1 F900 X123.469 Y139.195 E3720.15611
G0 F9000 X123.469 Y139.818
G1 F900 X132.784 Y130.503 E3720.56096
G0 F9000 X132.784 Y131.125
G1 F900 X123.469 Y140.44 E3720.96581
G0 F9000 X123.469 Y141.062
G1 F900 X132.784 Y131.747 E3721.37066
G0 F9000 X132.784 Y132.37
G1 F900 X123.469 Y141.684 E3721.77549
G0 F9000 X123.469 Y142.307
G1 F900 X132.784 Y132.992 E3722.18034
G0 F9000 X132.784 Y133.614
G1 F900 X123.469 Y142.929 E3722.58519
G0 F9000 X123.469 Y143.551
G1 F900 X132.784 Y134.236 E3722.99004
G0 F9000 X132.784 Y134.859
G1 F900 X123.469 Y144.173 E3723.39486
G0 F9000 X123.469 Y144.796
G1 F900 X132.784 Y135.481 E3723.79971
G0 F9000 X132.784 Y136.103
G1 F900 X123.469 Y145.418 E3724.20456
G0 F9000 X123.469 Y146.04
G1 F900 X132.784 Y136.725 E3724.60941
G0 F9000 X132.784 Y137.348
G1 F900 X123.469 Y146.662 E3725.01424
G0 F9000 X123.469 Y147.285
G1 F900 X132.784 Y137.97 E3725.41909
G0 F9000 X132.784 Y138.592
G1 F900 X123.469 Y147.907 E3725.82394
G0 F9000 X123.469 Y148.529
G1 F900 X132.784 Y139.214 E3726.22879
G0 F9000 X132.784 Y139.837
G1 F900 X123.469 Y149.151 E3726.63362
G0 F9000 X123.469 Y149.774
G1 F900 X132.784 Y140.459 E3727.03847
G0 F9000 X132.784 Y141.081
G1 F900 X123.469 Y150.397 E3727.44334
G0 F9000 X123.469 Y151.019
G1 F900 X132.784 Y141.703 E3727.84821
G0 F9000 X132.784 Y142.326
G1 F900 X123.469 Y151.641 E3728.25306
G0 F9000 X123.469 Y152.263
G1 F900 X132.784 Y142.948 E3728.65791
G0 F9000 X132.784 Y143.57
G1 F900 X123.469 Y152.886 E3729.06278
G0 F9000 X123.469 Y153.508
G1 F900 X132.784 Y144.193 E3729.46763
G0 F9000 X132.784 Y144.815
G1 F900 X123.469 Y154.13 E3729.87248
G0 F9000 X123.469 Y154.752
G1 F900 X132.784 Y145.437 E3730.27733
G0 F9000 X132.784 Y146.059
G1 F900 X123.469 Y155.375 E3730.6822
G0 F9000 X123.469 Y155.997
G1 F900 X132.784 Y146.682 E3731.08705
G0 F9000 X132.784 Y147.304
G1 F900 X123.469 Y156.619 E3731.4919
G0 F9000 X123.469 Y157.241
G1 F900 X132.784 Y147.926 E3731.89675
G0 F9000 X132.784 Y148.548
G1 F900 X123.469 Y157.864 E3732.30162
G0 F9000 X123.469 Y158.486
G1 F900 X132.784 Y149.171 E3732.70647
G0 F9000 X132.784 Y149.793
G1 F900 X123.469 Y159.108 E3733.11132
G0 F9000 X123.469 Y159.73
G1 F900 X132.784 Y150.415 E3733.51617
G0 F9000 X132.784 Y151.037
G1 F900 X123.469 Y160.353 E3733.92104
G0 F9000 X123.469 Y160.975
G1 F900 X132.784 Y151.66 E3734.32589
G0 F9000 X132.784 Y152.282
G1 F900 X123.469 Y161.597 E3734.73074
G0 F9000 X123.469 Y162.219
G1 F900 X132.784 Y152.904 E3735.13559
G0 F9000 X132.784 Y153.526
G1 F900 X123.469 Y162.842 E3735.54046
G0 F9000 X123.469 Y163.464
G1 F900 X132.784 Y154.149 E3735.94531
G0 F9000 X132.784 Y154.771
G1 F900 X123.469 Y164.086 E3736.35016
G0 F9000 X123.469 Y164.709
G1 F900 X132.784 Y155.393 E3736.75503
G0 F9000 X132.784 Y156.015
G1 F900 X123.469 Y165.331 E3737.15991
G0 F9000 X123.469 Y165.953
G1 F900 X132.784 Y156.638 E3737.56476
G0 F9000 X132.784 Y157.26
G1 F900 X123.469 Y166.575 E3737.96961
G0 F9000 X123.469 Y167.198
G1 F900 X132.784 Y157.882 E3738.37448
G0 F9000 X132.784 Y158.504
G1 F900 X123.469 Y167.82 E3738.77935
G0 F9000 X123.469 Y168.442
G1 F900 X132.784 Y159.127 E3739.1842
G0 F9000 X132.784 Y159.749
G1 F900 X123.469 Y169.064 E3739.58905
G0 F9000 X123.469 Y169.687
G1 F900 X132.784 Y160.371 E3739.99392
G0 F9000 X132.784 Y160.993
G1 F900 X123.469 Y170.309 E3740.39879
G0 F9000 X123.469 Y170.931
G1 F900 X132.784 Y161.616 E3740.80364
G0 F9000 X132.784 Y162.238
G1 F900 X124.683 Y170.339 E3741.15573
G0 F9000 X125.584 Y170.06
G1 F900 X132.784 Y162.86 E3741.46865
G0 F9000 X132.784 Y163.482
G1 F900 X126.225 Y170.042 E3741.75374
G0 F9000 X126.753 Y170.136
G1 F900 X132.784 Y164.105 E3742.01586
G0 F9000 X132.784 Y164.727
G1 F900 X127.222 Y170.289 E3742.2576
G0 F9000 X127.616 Y170.517
G1 F900 X132.784 Y165.349 E3742.48221
G0 F9000 X132.784 Y165.971
G1 F900 X127.975 Y170.78 E3742.69122
G0 F9000 X128.278 Y171.1
G1 F900 X132.784 Y166.594 E3742.88706
G0 F9000 X132.784 Y167.216
G1 F900 X128.541 Y171.459 E3743.07147
G0 F9000 X128.745 Y171.877
G1 F900 X132.784 Y167.838 E3743.24702
G0 F9000 X132.784 Y168.46
G1 F900 X128.911 Y172.333 E3743.41535
G0 F9000 X128.961 Y172.905
G1 F900 X132.784 Y169.083 E3743.58148
G0 F9000 X132.784 Y169.705
G1 F900 X128.937 Y173.552 E3743.74868
G0 F9000 X128.946 Y173.555
G0 X128.551 Y174.575
G0 X128.542 Y174.569
G1 F900 X132.784 Y170.327 E3743.93304
G0 F9000 X132.784 Y170.949
G1 F900 X128.701 Y175.032 E3744.1105
G0 F9000 X129.323 Y175.032
G1 F900 X132.784 Y171.572 E3744.2609
G0 F9000 X132.784 Y172.194
G1 F900 X129.946 Y175.032 E3744.38425
G0 F9000 X130.568 Y175.032
G1 F900 X132.784 Y172.816 E3744.48056
G0 F9000 X132.784 Y173.438
G1 F900 X131.19 Y175.032 E3744.54984
G0 F9000 X131.812 Y175.032
G1 F900 X132.784 Y174.061 E3744.59206
G0 F9000 X132.784 Y174.683
G1 F900 X132.435 Y175.032 E3744.60723
G1 F1500 E3742.60723
G0 F9000 X132.435 Y175.02
G0 X123.48 Y132.351
G0 X123.469 Y132.351
G1 F1500 E3744.60723
G1 F900 X125.857 Y129.963 E3744.71102
G0 F9000 X125.307 Y129.891
G1 F900 X123.469 Y131.728 E3744.79088
G0 F9000 X123.469 Y131.106
G1 F900 X124.836 Y129.739 E3744.85029
G0 F9000 X124.433 Y129.52
G1 F900 X123.469 Y130.484 E3744.89219
G0 F9000 X123.469 Y129.862
G1 F900 X124.072 Y129.258 E3744.91842
G0 F9000 X123.756 Y128.953
G1 F900 X123.469 Y129.239 E3744.93087
G0 F9000 X123.48 Y129.239
G0 X125.368 Y129.86
G0 X126.246 Y129.908
G0 X126.635 Y129.857
G0 X127.178 Y129.682
G0 X127.74 Y129.358
G0 X128.424 Y128.628
G0 X128.946 Y127.508
G0 X128.935 Y127.507
G1 F900 X131.474 Y124.968 E3745.04122
G0 F9000 X130.852 Y124.968
G1 F900 X128.956 Y126.864 E3745.12362
G0 F9000 X128.898 Y126.299
G1 F900 X130.229 Y124.968 E3745.18147
G0 F9000 X129.607 Y124.968
G1 F900 X128.73 Y125.845 E3745.21959
G0 F9000 X128.526 Y125.427
G1 F900 X128.985 Y124.968 E3745.23954
G0 F9000 X128.363 Y124.968
G1 F900 X128.256 Y125.075 E3745.24419
G1 F1500 E3743.24419
G0 F9000 X128.267 Y125.071
G0 X128.7 Y125.896
G0 X128.84 Y126.281
G0 X132.852 Y174.944
G0 X134.012 Y174.944
;TYPE:SKIN
G1 F1500 E3745.24419
G1 F1800 X133.048 Y174.944 E3745.29356
G1 X133.048 Y125.056 E3747.84886
G1 X134.012 Y125.056 E3747.89823
G1 X134.012 Y174.944 E3750.45353
G0 F9000 X133.53 Y174.462
G1 F1511.5 X133.53 Y125.538 E3753.43785
G0 F9000 X132.432 Y125.538
G1 F1500 E3751.43785
G0 F9000 X132.852 Y175.02
G0 X132.852 Y176.665
G0 X135.178 Y176.655
G0 X165.68 Y175.021
G0 X167.244 Y175.02
G0 X167.004 Y175.34
;TYPE:WALL-INNER
G1 F1500 E3753.43785
G1 F1800 X176.84 Y175.34 E3753.94165
G1 X176.84 Y124.66 E3756.53751
G1 X167.004 Y124.66 E3757.04132
G1 X167.004 Y175.34 E3759.63718
G0 F9000 X166.564 Y175.78
;TYPE:WALL-OUTER
G1 F1800 X177.28 Y175.78 E3760.18606
G1 X177.28 Y124.22 E3762.827
G1 X166.564 Y124.22 E3763.37588
G1 X166.564 Y175.78 E3766.01681
G1 F1500 E3764.01681
G0 F9000 X167.238 Y175.106
G0 X167.324 Y171.041
G0 X167.092 Y171.041
;TYPE:FILL
G1 F1500 E3766.01681
G1 F3600 X167.444 Y170.947 E3766.03547
G0 F9000 X167.444 Y169.778
G1 F3600 X167.092 Y169.427 E3766.06093
G0 F9000 X167.092 Y169.089
G1 F3600 X167.444 Y167.776 E3766.13056
G0 F9000 X167.324 Y164.208
G0 X167.093 Y164.208
G1 F3600 X167.443 Y164.115 E3766.14911
G0 F9000 X167.444 Y160.445
G1 F3600 X167.092 Y160.093 E3766.17461
G0 F9000 X167.324 Y160.093
G0 X167.324 Y157.376
G0 X167.092 Y157.376
G1 F3600 X167.444 Y157.282 E3766.19327
G0 F9000 X167.444 Y151.112
G1 F3600 X167.092 Y150.759 E3766.2188
G1 X167.092 Y150.543
G1 X167.444 Y150.449 E3766.23746
G0 F9000 X167.324 Y143.71
G0 X167.092 Y143.71
G1 F3600 X167.444 Y143.616 E3766.25613
G0 F9000 X167.092 Y143.587
G1 F3600 X167.444 Y142.274 E3766.32575
G0 F9000 X167.444 Y141.778
G1 F3600 X167.092 Y141.426 E3766.35125
G0 F9000 X167.324 Y141.426
G0 X167.324 Y136.877
G0 X167.092 Y136.877
G1 F3600 X167.444 Y136.783 E3766.36991
G0 F9000 X167.444 Y132.444
G1 F3600 X167.092 Y132.092 E3766.39541
G0 F9000 X167.324 Y132.092
G0 X167.324 Y130.044
G0 X167.093 Y130.044
G1 F3600 X167.443 Y129.95 E3766.41397
G0 F9000 X167.312 Y130.199
G1 F900 X172.543 Y124.968 E3766.64132
G0 F9000 X171.921 Y124.968
G1 F900 X167.312 Y129.577 E3766.84164
G0 F9000 X167.312 Y128.954
G1 F900 X171.299 Y124.968 E3767.0149
G0 F9000 X170.676 Y124.968
G1 F900 X167.312 Y128.332 E3767.16111
G0 F9000 X167.312 Y127.71
G1 F900 X170.054 Y124.968 E3767.28028
G0 F9000 X169.432 Y124.968
G1 F900 X167.312 Y127.088 E3767.37242
G0 F9000 X167.312 Y126.465
G1 F900 X168.81 Y124.968 E3767.43751
G0 F9000 X168.187 Y124.968
G1 F900 X167.312 Y125.843 E3767.47554
G0 F9000 X167.312 Y125.221
G1 F900 X167.565 Y124.968 E3767.48653
G0 F9000 X167.565 Y124.98
G0 X173.166 Y124.98
G0 X173.166 Y124.968
G1 F900 X167.312 Y130.821 E3767.74094
G0 F9000 X167.312 Y131.443
G1 F900 X173.788 Y124.968 E3768.02238
G0 F9000 X174.41 Y124.968
G1 F900 X167.312 Y132.066 E3768.33087
G0 F9000 X167.312 Y132.688
G1 F900 X175.032 Y124.968 E3768.6664
G0 F9000 X175.655 Y124.968
G1 F900 X167.312 Y133.31 E3769.02898
G0 F9000 X167.312 Y133.932
G1 F900 X176.277 Y124.968 E3769.4186
G0 F9000 X176.532 Y125.335
G1 F900 X167.312 Y134.555 E3769.81932
G0 F9000 X167.312 Y135.177
G1 F900 X176.532 Y125.957 E3770.22004
G0 F9000 X176.532 Y126.579
G1 F900 X167.312 Y135.799 E3770.62076
G0 F9000 X167.312 Y136.421
G1 F900 X176.532 Y127.201 E3771.02148
G0 F9000 X176.532 Y127.824
G1 F900 X167.312 Y137.044 E3771.4222
G0 F9000 X167.312 Y137.666
G1 F900 X176.532 Y128.446 E3771.82292
G0 F9000 X176.532 Y129.068
G1 F900 X167.312 Y138.288 E3772.22364
G0 F9000 X167.312 Y138.91
G1 F900 X176.532 Y129.69 E3772.62436
G0 F9000 X176.532 Y130.313
G1 F900 X167.312 Y139.533 E3773.02508
G0 F9000 X167.312 Y140.155
G1 F900 X176.532 Y130.935 E3773.4258
G0 F9000 X176.532 Y131.557
G1 F900 X167.312 Y140.777 E3773.82653
G0 F9000 X167.312 Y141.399
G1 F900 X176.532 Y132.179 E3774.22725
G0 F9000 X176.532 Y132.802
G1 F900 X167.313 Y142.021 E3774.62792
G0 F9000 X167.313 Y142.643
G1 F900 X176.532 Y133.424 E3775.0286
G0 F9000 X176.532 Y134.046
G1 F900 X167.313 Y143.265 E3775.42928
G0 F9000 X167.313 Y143.888
G1 F900 X176.532 Y134.668 E3775.82998
G0 F9000 X176.532 Y135.291
G1 F900 X167.313 Y144.51 E3776.23065
G0 F9000 X167.313 Y145.132
G1 F900 X176.532 Y135.913 E3776.63133
G0 F9000 X176.532 Y136.535
G1 F900 X167.313 Y145.755 E3777.03203
G0 F9000 X167.313 Y146.377
G1 F900 X176.532 Y137.158 E3777.43271
G0 F9000 X176.532 Y137.78
G1 F900 X167.313 Y146.999 E3777.83339
G0 F9000 X167.313 Y147.621
G1 F900 X176.532 Y138.402 E3778.23406
G0 F9000 X176.532 Y139.024
G1 F900 X167.313 Y148.244 E3778.63476
G0 F9000 X167.313 Y148.866
G1 F900 X176.532 Y139.647 E3779.03544
G0 F9000 X176.532 Y140.269
G1 F900 X167.313 Y149.488 E3779.43612
G0 F9000 X167.313 Y150.11
G1 F900 X176.532 Y140.891 E3779.83679
G0 F9000 X176.532 Y141.513
G1 F900 X167.312 Y150.733 E3780.23752
G0 F9000 X167.312 Y151.355
G1 F900 X176.532 Y142.136 E3780.63821
G0 F9000 X176.532 Y142.758
G1 F900 X167.312 Y151.978 E3781.03894
G0 F9000 X167.312 Y152.6
G1 F900 X176.532 Y143.38 E3781.43966
G0 F9000 X176.532 Y144.002
G1 F900 X167.312 Y153.222 E3781.84038
G0 F9000 X167.312 Y153.845
G1 F900 X176.532 Y144.625 E3782.2411
G0 F9000 X176.532 Y145.247
G1 F900 X167.312 Y154.467 E3782.64182
G0 F9000 X167.312 Y155.089
G1 F900 X176.532 Y145.869 E3783.04254
G0 F9000 X176.532 Y146.491
G1 F900 X167.312 Y155.711 E3783.44326
G0 F9000 X167.312 Y156.334
G1 F900 X176.532 Y147.114 E3783.84398
G0 F9000 X176.532 Y147.736
G1 F900 X167.312 Y156.956 E3784.2447
G0 F9000 X167.312 Y157.578
G1 F900 X176.532 Y148.358 E3784.64542
G0 F9000 X176.532 Y148.98
G1 F900 X167.312 Y158.2 E3785.04614
G0 F9000 X167.312 Y158.823
G1 F900 X176.532 Y149.603 E3785.44686
G0 F9000 X176.532 Y150.225
G1 F900 X167.312 Y159.445 E3785.84758
G0 F9000 X167.312 Y160.067
G1 F900 X176.532 Y150.847 E3786.24831
G0 F9000 X176.532 Y151.469
G1 F900 X167.312 Y160.689 E3786.64903
G0 F9000 X167.312 Y161.312
G1 F900 X176.532 Y152.092 E3787.04975
G0 F9000 X176.532 Y152.714
G1 F900 X167.312 Y161.934 E3787.45047
G0 F9000 X167.312 Y162.556
G1 F900 X176.532 Y153.336 E3787.85119
G0 F9000 X176.532 Y153.958
G1 F900 X167.312 Y163.178 E3788.25191
G0 F9000 X167.312 Y163.801
G1 F900 X176.532 Y154.581 E3788.65263
G0 F9000 X176.532 Y155.203
G1 F900 X167.312 Y164.423 E3789.05335
G0 F9000 X167.312 Y165.045
G1 F900 X176.532 Y155.825 E3789.45407
G0 F9000 X176.532 Y156.447
G1 F900 X167.312 Y165.667 E3789.85479
G0 F9000 X167.312 Y166.29
G1 F900 X176.532 Y157.07 E3790.25551
G0 F9000 X176.532 Y157.692
G1 F900 X167.312 Y166.912 E3790.65623
G0 F9000 X167.312 Y167.534
G1 F900 X176.532 Y158.314 E3791.05696
G0 F9000 X176.532 Y158.936
G1 F900 X167.312 Y168.156 E3791.45768
G0 F9000 X167.312 Y168.779
G1 F900 X176.532 Y159.559 E3791.8584
G0 F9000 X176.532 Y160.181
G1 F900 X167.312 Y169.401 E3792.25912
G0 F9000 X167.312 Y170.023
G1 F900 X176.532 Y160.803 E3792.65984
G0 F9000 X176.532 Y161.425
G1 F900 X167.312 Y170.645 E3793.06056
G0 F9000 X167.312 Y171.268
G1 F900 X176.532 Y162.048 E3793.46128
G0 F9000 X176.532 Y162.67
G1 F900 X167.312 Y171.89 E3793.862
G0 F9000 X167.312 Y172.512
G1 F900 X176.532 Y163.292 E3794.26272
G0 F9000 X176.532 Y163.914
G1 F900 X167.312 Y173.134 E3794.66344
G0 F9000 X167.312 Y173.757
G1 F900 X176.532 Y164.537 E3795.06416
G0 F9000 X176.532 Y165.159
G1 F900 X167.312 Y174.379 E3795.46488
G0 F9000 X167.312 Y175.001
G1 F900 X176.532 Y165.781 E3795.86561
G0 F9000 X176.532 Y166.403
G1 F900 X167.903 Y175.032 E3796.24064
G0 F9000 X168.525 Y175.032
G1 F900 X176.532 Y167.026 E3796.58862
G0 F9000 X176.532 Y167.648
G1 F900 X169.148 Y175.032 E3796.90954
G0 F9000 X169.77 Y175.032
G1 F900 X176.532 Y168.27 E3797.20343
G0 F9000 X176.532 Y168.892
G1 F900 X170.392 Y175.032 E3797.47029
G0 F9000 X171.014 Y175.032
G1 F900 X176.532 Y169.515 E3797.71009
G0 F9000 X176.532 Y170.137
G1 F900 X171.637 Y175.032 E3797.92284
G0 F9000 X172.259 Y175.032
G1 F900 X176.532 Y170.759 E3798.10856
G0 F9000 X176.532 Y171.381
G1 F900 X172.881 Y175.032 E3798.26724
G0 F9000 X173.503 Y175.032
G1 F900 X176.532 Y172.004 E3798.39886
G0 F9000 X176.532 Y172.626
G1 F900 X174.126 Y175.032 E3798.50343
G0 F9000 X174.748 Y175.032
G1 F900 X176.532 Y173.248 E3798.58097
G0 F9000 X176.532 Y173.87
G1 F900 X175.37 Y175.032 E3798.63147
G0 F9000 X175.993 Y175.032
G1 F900 X176.532 Y174.493 E3798.6549
G0 F9000 X176.18 Y174.493
G1 F1500 E3796.6549
;MESH:NONMESH
G0 F300 Z7.28
G0 F9000 X167.244 Y126.614
G0 X123.261 Y126.614
;TIME_ELAPSED:3302.508915
;LAYER:25
;TYPE:WALL-INNER
;MESH:custom_clip.stl
G1 F1500 E3798.6549
G1 F1257.1 X123.25 Y127.099 E3798.69047
G1 F1239.4 X123.269 Y127.457 E3798.71714
G0 F9000 X123.261 Y126.614
G1 F1237.5 X123.352 Y126.221 E3798.7472
G1 F1239.4 X123.473 Y125.86 E3798.77552
G1 X123.775 Y125.336 E3798.82051
G1 X124.157 Y124.937 E3798.8616
G1 X124.389 Y124.76 E3798.8833
G1 X123.259 Y124.759 E3798.96736
G1 F1237.5 X123.261 Y126.614 E3799.10556
G1 F1500 E3797.10556
G0 F9000 X123.261 Y172.614
G1 F1500 E3799.10556
G1 F1257.1 X123.25 Y173.099 E3799.14114
G1 F1239.4 X123.269 Y173.457 E3799.16781
G1 F1500 E3797.16781
G0 F9000 X124.363 Y175.235
G1 F1500 E3799.16781
G1 F1227.9 X124.041 Y174.946 E3799.2003
G1 X123.741 Y174.602 E3799.23457
G1 X123.476 Y174.122 E3799.27574
G1 F1226 X123.35 Y173.788 E3799.30258
G1 F1214.7 X123.269 Y173.457 E3799.32844
G1 X123.263 Y175.237 E3799.46355
G1 F1227.9 X124.363 Y175.235 E3799.54614
G1 F1500 E3797.54614
G0 F9000 X134.288 Y175.34
G1 F1500 E3799.54614
G1 F1800 X134.284 Y124.66 E3802.142
G1 X127.266 Y124.661 E3802.50147
G1 X127.547 Y124.835 E3802.5184
G1 X127.813 Y125.055 E3802.53608
G1 X128.105 Y125.366 E3802.55793
G1 X128.315 Y125.688 E3802.57762
G1 X128.431 Y125.92 E3802.5909
G1 X128.592 Y126.35 E3802.61442
G1 X128.646 Y126.725 E3802.63383
G1 X128.656 Y127.082 E3802.65212
G1 X128.619 Y127.458 E3802.67147
G1 X128.538 Y127.805 E3802.68972
G1 X128.291 Y128.385 E3802.72201
G1 X127.929 Y128.829 E3802.75136
G1 X127.587 Y129.149 E3802.77535
G1 X127.07 Y129.445 E3802.80586
G1 X126.579 Y129.603 E3802.83228
G1 X126.082 Y129.667 E3802.85795
G1 X125.705 Y129.643 E3802.8773
G1 X125.374 Y129.585 E3802.89451
G1 X124.931 Y129.442 E3802.91835
G1 X124.479 Y129.197 E3802.94469
G1 X124.118 Y128.879 E3802.96933
G1 X123.824 Y128.542 E3802.99223
G1 X123.57 Y128.084 E3803.01906
G1 X123.479 Y127.851 E3803.03187
G1 F1706.9 X123.427 Y127.769 E3803.03712
G1 F1382.2 X123.269 Y127.457 E3803.06044
G1 F1442.6 X123.16 Y127.912 E3803.09035
G1 F1791.9 X123.162 Y142.677 E3803.85005
G1 F1775.8 X123.164 Y157.442 E3804.61664
G1 F1756.1 X123.166 Y172.207 E3805.39182
G1 F1450.5 X123.261 Y172.614 E3805.41838
G1 X123.44 Y172.251 E3805.44411
G1 F1760 X123.568 Y171.893 E3805.46402
G1 F1783.8 X123.86 Y171.388 E3805.49418
G1 F1791.9 X124.275 Y170.958 E3805.52492
G1 F1800 X124.702 Y170.665 E3805.55145
G1 X125.054 Y170.511 E3805.57113
G1 X125.491 Y170.375 E3805.59457
G1 X125.961 Y170.34 E3805.61871
G1 X126.345 Y170.354 E3805.63839
G1 X126.791 Y170.459 E3805.66186
G1 X127.153 Y170.592 E3805.68162
G1 X127.548 Y170.835 E3805.70537
G1 X127.813 Y171.055 E3805.72301
G1 X128.107 Y171.369 E3805.74504
G1 X128.315 Y171.688 E3805.76455
G1 X128.462 Y171.992 E3805.78185
G1 X128.594 Y172.361 E3805.80192
G1 X128.65 Y172.762 E3805.82266
G1 X128.656 Y173.082 E3805.83905
G1 X128.625 Y173.417 E3805.85628
G1 X128.54 Y173.802 E3805.87648
G1 X128.291 Y174.385 E3805.90895
G1 X127.929 Y174.83 E3805.93833
G1 X127.594 Y175.15 E3805.96206
G1 X127.253 Y175.34 E3805.98206
G1 X134.288 Y175.34 E3806.34239
G0 F9000 X134.728 Y175.78
;TYPE:WALL-OUTER
G1 F1800 X134.724 Y124.22 E3808.98333
G1 F1783.8 X126.755 Y124.223 E3809.39522
G1 F1650 X126.366 Y124.256 E3809.41703
G1 F1565.2 X125.892 Y124.25 E3809.44495
G1 F1559.1 X125.571 Y124.257 E3809.46394
G1 F1653.4 X125.158 Y124.221 E3809.48706
G1 F1791.9 X122.72 Y124.22 E3809.6125
G1 F1800 X122.721 Y175.779 E3812.25338
G1 X125 Y175.78 E3812.37011
G1 F1763.9 X125.325 Y175.771 E3812.38711
G1 F1633 X125.651 Y175.743 E3812.40558
G1 F1568.3 X126.06 Y175.751 E3812.42963
G1 F1549.9 X126.499 Y175.738 E3812.45576
G1 F1643.2 X126.987 Y175.78 E3812.48324
G1 F1800 X134.728 Y175.78 E3812.87974
G1 F1500 E3810.87974
G0 F9000 X126.092 Y175.252
G1 F1500 E3812.87974
G1 F1565.2 X125.699 Y175.236 E3812.90291
G1 F1613 X125.455 Y175.168 E3812.91738
G1 F1740.7 X125.087 Y175.026 E3812.93828
G1 F1800 X124.717 Y174.82 E3812.95997
G1 X124.45 Y174.589 E3812.97805
G1 X124.177 Y174.27 E3812.99956
G1 X123.979 Y173.922 E3813.02006
G1 X123.887 Y173.689 E3813.0329
G1 X123.813 Y173.388 E3813.04877
G1 X123.78 Y173.105 E3813.06337
G1 X123.788 Y172.729 E3813.08263
G1 X123.856 Y172.417 E3813.09899
G1 X123.981 Y172.057 E3813.1185
G1 X124.233 Y171.635 E3813.14368
G1 X124.579 Y171.282 E3813.169
G1 X124.931 Y171.046 E3813.19071
G1 X125.231 Y170.914 E3813.20749
G1 X125.596 Y170.808 E3813.22696
G1 X125.916 Y170.78 E3813.24341
G1 X126.304 Y170.797 E3813.26331
G1 X126.612 Y170.865 E3813.27946
G1 X126.973 Y170.998 E3813.29917
G1 X127.274 Y171.179 E3813.31716
G1 X127.493 Y171.357 E3813.33161
G1 X127.767 Y171.653 E3813.35227
G1 X127.921 Y171.885 E3813.36654
G1 X128.048 Y172.141 E3813.38117
G1 X128.166 Y172.484 E3813.39975
G1 X128.212 Y172.8 E3813.41611
G1 X128.215 Y173.117 E3813.43235
G1 X128.183 Y173.395 E3813.44668
G1 X128.123 Y173.651 E3813.46015
G1 X127.912 Y174.153 E3813.48804
G1 X127.625 Y174.512 E3813.51158
G1 X127.349 Y174.776 E3813.53114
G1 X126.912 Y175.028 E3813.55698
G1 F1643.2 X126.466 Y175.216 E3813.58414
G1 F1546.9 X126.092 Y175.252 E3813.60654
G1 F1500 E3811.60654
G0 F9000 X126.089 Y129.223
G1 F1500 E3813.60654
G1 F1800 X125.733 Y129.204 E3813.6248
G1 X125.458 Y129.153 E3813.63912
G1 X125.121 Y129.041 E3813.65731
G1 X124.717 Y128.82 E3813.6809
G1 X124.45 Y128.589 E3813.69898
G1 X124.177 Y128.27 E3813.72049
G1 X123.979 Y127.922 E3813.741
G1 X123.887 Y127.689 E3813.75383
G1 X123.813 Y127.388 E3813.7697
G1 X123.78 Y127.105 E3813.7843
G1 X123.788 Y126.729 E3813.80356
G1 X123.856 Y126.417 E3813.81992
G1 X123.981 Y126.057 E3813.83944
G1 X124.233 Y125.635 E3813.86461
G1 X124.579 Y125.282 E3813.88993
G1 X124.931 Y125.046 E3813.91164
G1 X125.231 Y124.914 E3813.92842
G1 F1656.9 X125.593 Y124.771 E3813.95008
G1 F1559.1 X125.914 Y124.75 E3813.96911
G1 F1565.2 X126.311 Y124.762 E3813.9925
G1 F1629.6 X126.614 Y124.856 E3814.01045
G1 F1760 X126.973 Y124.998 E3814.03067
G1 F1800 X127.249 Y125.162 E3814.04712
G1 X127.47 Y125.335 E3814.06149
G1 X127.745 Y125.625 E3814.08196
G1 X127.921 Y125.885 E3814.09805
G1 X128.047 Y126.141 E3814.11266
G1 X128.156 Y126.441 E3814.12901
G1 X128.21 Y126.788 E3814.147
G1 X128.215 Y127.124 E3814.16421
G1 X128.183 Y127.395 E3814.17819
G1 X128.123 Y127.651 E3814.19165
G1 X127.912 Y128.153 E3814.21954
G1 X127.625 Y128.511 E3814.24305
G1 X127.327 Y128.794 E3814.2641
G1 X126.872 Y129.046 E3814.29074
G1 X126.461 Y129.175 E3814.3128
G1 X126.089 Y129.223 E3814.33201
G1 F1500 E3812.33201
G0 F9000 X133.892 Y174.943
;TYPE:SKIN
G1 F1500 E3814.33201
G1 F1800 X128.352 Y174.94 E3814.61578
G1 X128.636 Y174.585 E3814.63906
G1 X128.907 Y173.951 E3814.67438
G1 X128.999 Y173.579 E3814.69401
G1 X129.043 Y173.21 E3814.71304
G1 X129.044 Y172.728 E3814.73773
G1 X128.978 Y172.272 E3814.76133
G1 X128.835 Y171.864 E3814.78347
G1 X128.667 Y171.509 E3814.80359
G1 X128.434 Y171.141 E3814.8259
G1 X128.109 Y170.789 E3814.85044
G1 X127.798 Y170.527 E3814.87127
G1 X127.301 Y170.225 E3814.90106
G1 X126.933 Y170.089 E3814.92115
G1 X126.419 Y169.965 E3814.94823
G1 X125.952 Y169.944 E3814.97218
G1 X125.444 Y169.98 E3814.99826
G1 X125.026 Y170.096 E3815.02048
G1 X124.526 Y170.305 E3815.04824
G1 X124.042 Y170.635 E3815.07825
G1 X123.557 Y171.13 E3815.11374
G1 X123.556 Y128.835 E3817.28012
G1 X123.857 Y129.185 E3817.30376
G1 X124.242 Y129.513 E3817.32967
G1 X124.799 Y129.814 E3817.3621
G1 X125.275 Y129.97 E3817.38775
G1 X125.657 Y130.034 E3817.40759
G1 X126.11 Y130.063 E3817.43084
G1 X126.646 Y129.991 E3817.45854
G1 X127.211 Y129.814 E3817.48887
G1 X127.802 Y129.479 E3817.52367
G1 X128.239 Y129.077 E3817.55408
G1 X128.636 Y128.586 E3817.58642
G1 X128.919 Y127.918 E3817.62358
G1 X129.007 Y127.534 E3817.64376
G1 X129.051 Y127.157 E3817.6632
G1 X129.038 Y126.658 E3817.68877
G1 X128.978 Y126.266 E3817.70908
G1 X128.835 Y125.86 E3817.73113
G1 X128.662 Y125.503 E3817.75145
G1 X128.379 Y125.056 E3817.77855
G1 X133.888 Y125.056 E3818.06072
G1 X133.892 Y174.943 E3820.61596
G0 F9000 X133.293 Y174.723
G1 F1800 X133.671 Y174.344 E3820.64338
G0 F9000 X133.671 Y173.722
G1 F1800 X132.671 Y174.723 E3820.71585
G0 F9000 X132.049 Y174.722
G1 F1800 X133.671 Y173.1 E3820.83335
G0 F9000 X133.671 Y172.477
G1 F1800 X131.427 Y174.722 E3820.99593
G0 F9000 X130.806 Y174.721
G1 F1800 X133.671 Y171.855 E3821.2035
G0 F9000 X133.671 Y171.233
G1 F1800 X130.183 Y174.721 E3821.45616
G0 F9000 X129.562 Y174.72
G1 F1800 X133.671 Y170.611 E3821.7538
G0 F9000 X133.671 Y169.988
G1 F1800 X128.94 Y174.72 E3822.09654
G0 F9000 X129.147 Y173.891
G1 F1800 X133.671 Y169.366 E3822.42428
G0 F9000 X133.671 Y168.744
G1 F1800 X129.263 Y173.153 E3822.74362
G0 F9000 X129.241 Y172.552
G1 F1800 X133.671 Y168.122 E3823.06451
G0 F9000 X133.671 Y167.499
G1 F1800 X129.133 Y172.038 E3823.39327
G0 F9000 X128.953 Y171.596
G1 F1800 X133.671 Y166.877 E3823.73506
G0 F9000 X133.671 Y166.256
G1 F1800 X128.729 Y171.197 E3824.09301
G0 F9000 X128.46 Y170.844
G1 F1800 X133.671 Y165.633 E3824.47048
G0 F9000 X133.671 Y165.011
G1 F1800 X128.148 Y170.534 E3824.87054
G0 F9000 X127.793 Y170.267
G1 F1800 X133.671 Y164.389 E3825.29633
G0 F9000 X133.671 Y163.767
G1 F1800 X127.407 Y170.03 E3825.75004
G0 F9000 X126.95 Y169.865
G1 F1800 X133.671 Y163.144 E3826.23689
G0 F9000 X133.671 Y162.522
G1 F1800 X126.446 Y169.747 E3826.76024
G0 F9000 X125.837 Y169.734
G1 F1800 X133.671 Y161.9 E3827.32771
G0 F9000 X133.671 Y161.278
G1 F1800 X125.103 Y169.846 E3827.94835
G0 F9000 X123.776 Y169.928
G1 F1800 X133.671 Y160.033 E3828.66511
G0 F9000 X133.671 Y160.655
G1 F1800 X123.776 Y170.55 E3829.38188
G0 F9000 X123.776 Y169.305
G1 F1800 X133.671 Y159.411 E3830.0986
G0 F9000 X133.671 Y158.789
G1 F1800 X123.776 Y168.683 E3830.81533
G0 F9000 X123.776 Y168.061
G1 F1800 X133.67 Y158.167 E3831.53202
G0 F9000 X133.67 Y157.545
G1 F1800 X123.776 Y167.439 E3832.24871
G0 F9000 X123.776 Y166.816
G1 F1800 X133.67 Y156.923 E3832.96537
G0 F9000 X133.67 Y156.3
G1 F1800 X123.776 Y166.194 E3833.68206
G0 F9000 X123.776 Y165.572
G1 F1800 X133.67 Y155.678 E3834.39875
G0 F9000 X133.67 Y155.056
G1 F1800 X123.776 Y164.95 E3835.11544
G0 F9000 X123.776 Y164.327
G1 F1800 X133.67 Y154.434 E3835.83209
G0 F9000 X133.67 Y153.811
G1 F1800 X123.776 Y163.705 E3836.54878
G0 F9000 X123.776 Y163.083
G1 F1800 X133.67 Y153.189 E3837.26547
G0 F9000 X133.67 Y152.567
G1 F1800 X123.776 Y162.461 E3837.98216
G0 F9000 X123.776 Y161.838
G1 F1800 X133.67 Y151.945 E3838.69882
G0 F9000 X133.67 Y151.322
G1 F1800 X123.776 Y161.216 E3839.41551
G0 F9000 X123.776 Y160.594
G1 F1800 X133.67 Y150.7 E3840.1322
G0 F9000 X133.67 Y150.078
G1 F1800 X123.776 Y159.972 E3840.84889
G0 F9000 X123.776 Y159.349
G1 F1800 X133.669 Y149.456 E3841.56551
G0 F9000 X133.669 Y148.834
G1 F1800 X123.776 Y158.727 E3842.28212
G0 F9000 X123.776 Y158.105
G1 F1800 X133.669 Y148.212 E3842.99874
G0 F9000 X133.669 Y147.589
G1 F1800 X123.776 Y157.483 E3843.7154
G0 F9000 X123.776 Y156.86
G1 F1800 X133.669 Y146.967 E3844.43201
G0 F9000 X133.669 Y146.345
G1 F1800 X123.776 Y156.238 E3845.14863
G0 F9000 X123.776 Y155.616
G1 F1800 X133.669 Y145.723 E3845.86525
G0 F9000 X133.669 Y145.1
G1 F1800 X123.776 Y154.994 E3846.58191
G0 F9000 X123.776 Y154.371
G1 F1800 X133.669 Y144.478 E3847.29852
G0 F9000 X133.669 Y143.856
G1 F1800 X123.776 Y153.749 E3848.01514
G0 F9000 X123.776 Y153.127
G1 F1800 X133.669 Y143.234 E3848.73176
G0 F9000 X133.669 Y142.611
G1 F1800 X123.776 Y152.505 E3849.44841
G0 F9000 X123.776 Y151.882
G1 F1800 X133.669 Y141.989 E3850.16503
G0 F9000 X133.669 Y141.368
G1 F1800 X123.776 Y151.26 E3850.88161
G0 F9000 X123.776 Y150.638
G1 F1800 X133.669 Y140.745 E3851.59823
G0 F9000 X133.669 Y140.123
G1 F1800 X123.776 Y150.016 E3852.31485
G0 F9000 X123.776 Y149.393
G1 F1800 X133.669 Y139.501 E3853.03143
G0 F9000 X133.669 Y138.879
G1 F1800 X123.776 Y148.771 E3853.74801
G0 F9000 X123.776 Y148.149
G1 F1800 X133.669 Y138.256 E3854.46463
G0 F9000 X133.669 Y137.634
G1 F1800 X123.776 Y147.527 E3855.18125
G0 F9000 X123.776 Y146.904
G1 F1800 X133.669 Y137.012 E3855.89783
G0 F9000 X133.669 Y136.39
G1 F1800 X123.776 Y146.282 E3856.61441
G0 F9000 X123.776 Y145.66
G1 F1800 X133.669 Y135.767 E3857.33103
G0 F9000 X133.669 Y135.145
G1 F1800 X123.776 Y145.038 E3858.04765
G0 F9000 X123.776 Y144.415
G1 F1800 X133.669 Y134.523 E3858.76423
G0 F9000 X133.669 Y133.901
G1 F1800 X123.776 Y143.793 E3859.48081
G0 F9000 X123.776 Y143.171
G1 F1800 X133.668 Y133.279 E3860.19736
G0 F9000 X133.668 Y132.657
G1 F1800 X123.776 Y142.548 E3860.91387
G0 F9000 X123.776 Y141.926
G1 F1800 X133.668 Y132.035 E3861.63038
G0 F9000 X133.668 Y131.412
G1 F1800 X123.776 Y141.304 E3862.34692
G0 F9000 X123.776 Y140.682
G1 F1800 X133.668 Y130.79 E3863.06347
G0 F9000 X133.668 Y130.168
G1 F1800 X123.776 Y140.059 E3863.77998
G0 F9000 X123.776 Y139.437
G1 F1800 X133.668 Y129.545 E3864.49652
G0 F9000 X133.668 Y128.923
G1 F1800 X123.776 Y138.815 E3865.21307
G0 F9000 X123.776 Y138.193
G1 F1800 X133.668 Y128.301 E3865.92961
G0 F9000 X133.668 Y127.679
G1 F1800 X123.776 Y137.57 E3866.64612
G0 F9000 X123.776 Y136.948
G1 F1800 X133.668 Y127.056 E3867.36267
G0 F9000 X133.668 Y126.434
G1 F1800 X123.776 Y136.326 E3868.07922
G0 F9000 X123.776 Y135.704
G1 F1800 X133.668 Y125.812 E3868.79576
G0 F9000 X133.582 Y125.276
G1 F1800 X123.776 Y135.081 E3869.50604
G0 F9000 X123.776 Y134.459
G1 F1800 X132.959 Y125.276 E3870.17123
G0 F9000 X132.337 Y125.276
G1 F1800 X128.478 Y129.135 E3870.45076
G0 F9000 X128.196 Y129.418
G1 F1800 X123.776 Y133.837 E3870.7709
G0 F9000 X123.776 Y133.215
G1 F1800 X126.83 Y130.161 E3870.99212
G0 F9000 X126.083 Y130.286
G1 F1800 X123.776 Y132.592 E3871.15919
G0 F9000 X123.776 Y131.97
G1 F1800 X125.514 Y130.232 E3871.28509
G0 F9000 X125.01 Y130.114
G1 F1800 X123.776 Y131.348 E3871.37448
G0 F9000 X123.776 Y130.726
G1 F1800 X124.565 Y129.937 E3871.43163
G0 F9000 X124.157 Y129.723
G1 F1800 X123.776 Y130.103 E3871.45919
G1 F1500 E3869.45919
G0 F9000 X129.165 Y127.826
G1 F1500 E3871.45919
G1 F1800 X131.715 Y125.276 E3871.64391
G0 F9000 X131.093 Y125.276
G1 F1800 X129.268 Y127.1 E3871.77607
G0 F9000 X129.236 Y126.511
G1 F1800 X130.47 Y125.276 E3871.86549
G0 F9000 X129.848 Y125.276
G1 F1800 X129.121 Y126.003 E3871.91815
G0 F9000 X128.937 Y125.564
G1 F1800 X129.226 Y125.276 E3871.93905
G1 F1500 E3869.93905
G0 F9000 X129.226 Y123.335
G0 X135.6 Y123.347
G0 X165.78 Y175.341
G0 X167.104 Y175.34
;TYPE:WALL-INNER
G1 F1500 E3871.93905
G1 F1800 X176.84 Y175.34 E3872.43773
G1 X176.84 Y124.66 E3875.03359
G1 X167.104 Y124.66 E3875.53228
G1 X167.104 Y175.34 E3878.12814
G0 F9000 X166.664 Y175.78
;TYPE:WALL-OUTER
G1 F1800 X177.28 Y175.78 E3878.6719
G1 X177.28 Y124.22 E3881.31283
G1 X166.664 Y124.22 E3881.85659
G1 X166.664 Y175.78 E3884.49752
G0 F9000 X167.5 Y174.944
;TYPE:SKIN
G1 F1800 X167.5 Y125.056 E3887.05282
G1 X176.444 Y125.056 E3887.51093
G1 X176.444 Y174.944 E3890.06623
G1 X167.5 Y174.944 E3890.52435
G1 F1500 E3888.52435
G0 F9000 X167.5 Y176.665
G0 X175.605 Y176.665
G0 X175.605 Y174.724
G1 F1500 E3890.52435
G1 F1800 X176.224 Y174.105 E3890.56918
G0 F9000 X176.224 Y173.482
G1 F1800 X174.983 Y174.724 E3890.65911
G0 F9000 X174.361 Y174.724
G1 F1800 X176.224 Y172.86 E3890.7941
G0 F9000 X176.224 Y172.238
G1 F1800 X173.738 Y174.724 E3890.97418
G0 F9000 X173.116 Y174.724
G1 F1800 X176.224 Y171.616 E3891.19931
G0 F9000 X176.224 Y170.993
G1 F1800 X172.494 Y174.724 E3891.46954
G0 F9000 X171.871 Y174.724
G1 F1800 X176.224 Y170.371 E3891.78486
G0 F9000 X176.224 Y169.749
G1 F1800 X171.249 Y174.724 E3892.14523
G0 F9000 X170.627 Y174.724
G1 F1800 X176.224 Y169.127 E3892.55066
G0 F9000 X176.224 Y168.504
G1 F1800 X170.005 Y174.724 E3893.00118
G0 F9000 X169.382 Y174.724
G1 F1800 X176.224 Y167.882 E3893.49679
G0 F9000 X176.224 Y167.26
G1 F1800 X168.76 Y174.724 E3894.03746
G0 F9000 X168.138 Y174.724
G1 F1800 X176.224 Y166.637 E3894.62322
G0 F9000 X176.224 Y166.015
G1 F1800 X167.719 Y174.52 E3895.2393
G0 F9000 X167.719 Y173.898
G1 F1800 X176.224 Y165.393 E3895.85537
G0 F9000 X176.224 Y164.771
G1 F1800 X167.719 Y173.276 E3896.47145
G0 F9000 X167.719 Y172.654
G1 F1800 X176.224 Y164.148 E3897.08756
G0 F9000 X176.224 Y163.526
G1 F1800 X167.719 Y172.031 E3897.70364
G0 F9000 X167.719 Y171.409
G1 F1800 X176.224 Y162.904 E3898.31971
G0 F9000 X176.224 Y162.282
G1 F1800 X167.719 Y170.787 E3898.93579
G0 F9000 X167.719 Y170.165
G1 F1800 X176.224 Y161.659 E3899.5519
G0 F9000 X176.224 Y161.037
G1 F1800 X167.719 Y169.542 E3900.16798
G0 F9000 X167.719 Y168.92
G1 F1800 X176.224 Y160.415 E3900.78405
G0 F9000 X176.224 Y159.793
G1 F1800 X167.719 Y168.298 E3901.40013
G0 F9000 X167.719 Y167.676
G1 F1800 X176.224 Y159.17 E3902.01624
G0 F9000 X176.224 Y158.548
G1 F1800 X167.719 Y167.053 E3902.63231
G0 F9000 X167.719 Y166.431
G1 F1800 X176.224 Y157.926 E3903.24839
G0 F9000 X176.224 Y157.304
G1 F1800 X167.719 Y165.809 E3903.86447
G0 F9000 X167.719 Y165.187
G1 F1800 X176.224 Y156.681 E3904.48058
G0 F9000 X176.224 Y156.059
G1 F1800 X167.719 Y164.564 E3905.09665
G0 F9000 X167.719 Y163.942
G1 F1800 X176.224 Y155.437 E3905.71273
G0 F9000 X176.224 Y154.815
G1 F1800 X167.719 Y163.32 E3906.3288
G0 F9000 X167.719 Y162.697
G1 F1800 X176.224 Y154.192 E3906.94488
G0 F9000 X176.224 Y153.57
G1 F1800 X167.719 Y162.075 E3907.56096
G0 F9000 X167.719 Y161.453
G1 F1800 X176.224 Y152.948 E3908.17703
G0 F9000 X176.224 Y152.326
G1 F1800 X167.719 Y160.831 E3908.79311
G0 F9000 X167.719 Y160.208
G1 F1800 X176.224 Y151.703 E3909.40918
G0 F9000 X176.224 Y151.081
G1 F1800 X167.719 Y159.586 E3910.02526
G0 F9000 X167.719 Y158.964
G1 F1800 X176.224 Y150.459 E3910.64133
G0 F9000 X176.224 Y149.837
G1 F1800 X167.719 Y158.342 E3911.25741
G0 F9000 X167.719 Y157.719
G1 F1800 X176.224 Y149.214 E3911.87349
G0 F9000 X176.224 Y148.592
G1 F1800 X167.719 Y157.097 E3912.48956
G0 F9000 X167.719 Y156.475
G1 F1800 X176.224 Y147.97 E3913.10564
G0 F9000 X176.224 Y147.348
G1 F1800 X167.719 Y155.853 E3913.72171
G0 F9000 X167.719 Y155.23
G1 F1800 X176.224 Y146.725 E3914.33779
G0 F9000 X176.224 Y146.103
G1 F1800 X167.719 Y154.608 E3914.95386
G0 F9000 X167.719 Y153.986
G1 F1800 X176.224 Y145.481 E3915.56994
G0 F9000 X176.224 Y144.859
G1 F1800 X167.719 Y153.364 E3916.18602
G0 F9000 X167.719 Y152.741
G1 F1800 X176.224 Y144.236 E3916.80209
G0 F9000 X176.224 Y143.614
G1 F1800 X167.719 Y152.119 E3917.41817
G0 F9000 X167.719 Y151.497
G1 F1800 X176.224 Y142.992 E3918.03424
G0 F9000 X176.224 Y142.37
G1 F1800 X167.719 Y150.875 E3918.65032
G0 F9000 X167.719 Y150.252
G1 F1800 X176.224 Y141.747 E3919.26639
G0 F9000 X176.224 Y141.125
G1 F1800 X167.719 Y149.63 E3919.88247
G0 F9000 X167.719 Y149.008
G1 F1800 X176.224 Y140.503 E3920.49854
G0 F9000 X176.224 Y139.881
G1 F1800 X167.719 Y148.386 E3921.11462
G0 F9000 X167.719 Y147.763
G1 F1800 X176.224 Y139.258 E3921.7307
G0 F9000 X176.224 Y138.636
G1 F1800 X167.719 Y147.141 E3922.34677
G0 F9000 X167.719 Y146.519
G1 F1800 X176.224 Y138.014 E3922.96285
G0 F9000 X176.224 Y137.392
G1 F1800 X167.719 Y145.897 E3923.57892
G0 F9000 X167.719 Y145.274
G1 F1800 X176.224 Y136.769 E3924.195
G0 F9000 X176.224 Y136.147
G1 F1800 X167.719 Y144.652 E3924.81107
G0 F9000 X167.719 Y144.03
G1 F1800 X176.224 Y135.525 E3925.42715
G0 F9000 X176.224 Y134.903
G1 F1800 X167.719 Y143.408 E3926.04323
G0 F9000 X167.719 Y142.785
G1 F1800 X176.224 Y134.28 E3926.6593
G0 F9000 X176.224 Y133.658
G1 F1800 X167.719 Y142.163 E3927.27538
G0 F9000 X167.719 Y141.541
G1 F1800 X176.224 Y133.036 E3927.89145
G0 F9000 X176.224 Y132.414
G1 F1800 X167.719 Y140.919 E3928.50753
G0 F9000 X167.719 Y140.296
G1 F1800 X176.224 Y131.791 E3929.1236
G0 F9000 X176.224 Y131.169
G1 F1800 X167.719 Y139.674 E3929.73968
G0 F9000 X167.719 Y139.052
G1 F1800 X176.224 Y130.547 E3930.35576
G0 F9000 X176.224 Y129.925
G1 F1800 X167.719 Y138.43 E3930.97183
G0 F9000 X167.719 Y137.807
G1 F1800 X176.224 Y129.302 E3931.58791
G0 F9000 X176.224 Y128.68
G1 F1800 X167.719 Y137.185 E3932.20398
G0 F9000 X167.719 Y136.563
G1 F1800 X176.224 Y128.058 E3932.82006
G0 F9000 X176.224 Y127.435
G1 F1800 X167.719 Y135.941 E3933.43617
G0 F9000 X167.719 Y135.318
G1 F1800 X176.224 Y126.813 E3934.05225
G0 F9000 X176.224 Y126.191
G1 F1800 X167.719 Y134.696 E3934.66832
G0 F9000 X167.719 Y134.074
G1 F1800 X176.224 Y125.569 E3935.2844
G0 F9000 X175.895 Y125.276
G1 F1800 X167.719 Y133.452 E3935.87664
G0 F9000 X167.719 Y132.829
G1 F1800 X175.273 Y125.276 E3936.42379
G0 F9000 X174.65 Y125.276
G1 F1800 X167.719 Y132.207 E3936.92585
G0 F9000 X167.719 Y131.585
G1 F1800 X174.028 Y125.276 E3937.38286
G0 F9000 X173.406 Y125.276
G1 F1800 X167.719 Y130.963 E3937.79481
G0 F9000 X167.719 Y130.34
G1 F1800 X172.784 Y125.276 E3938.16166
G0 F9000 X172.161 Y125.276
G1 F1800 X167.719 Y129.718 E3938.48343
G0 F9000 X167.719 Y129.096
G1 F1800 X171.539 Y125.276 E3938.76014
G0 F9000 X170.917 Y125.276
G1 F1800 X167.719 Y128.474 E3938.99179
G0 F9000 X167.719 Y127.851
G1 F1800 X170.295 Y125.276 E3939.17835
G0 F9000 X169.672 Y125.276
G1 F1800 X167.719 Y127.229 E3939.31982
G0 F9000 X167.719 Y126.607
G1 F1800 X169.05 Y125.276 E3939.41623
G0 F9000 X168.428 Y125.276
G1 F1800 X167.719 Y125.985 E3939.46759
G0 F9000 X167.719 Y125.362
G1 F1800 X167.806 Y125.276 E3939.47386
G1 F1500 E3937.47386
;MESH:NONMESH
G0 F300 Z7.56
G0 F9000 X123.267 Y126.555
;TIME_ELAPSED:3419.537799
;LAYER:26
;TYPE:WALL-INNER
;MESH:custom_clip.stl
G1 F1500 E3939.47386
G1 F1253.2 X123.246 Y127.04 E3939.50957
G1 F1235.6 X123.275 Y127.541 E3939.54702
G0 F9000 X123.267 Y126.555
G1 F1220.3 X123.375 Y126.082 E3939.58367
G1 F1229.8 X123.627 Y125.589 E3939.62518
G1 F1235.6 X123.834 Y125.275 E3939.65324
G1 X124.155 Y124.938 E3939.68797
G1 X124.391 Y124.76 E3939.71003
G1 X123.26 Y124.76 E3939.79443
G1 F1226 X123.267 Y126.555 E3939.92941
G1 F1500 E3937.92941
G0 F9000 X123.267 Y172.555
G1 F1500 E3939.92941
G1 F1253.2 X123.246 Y173.04 E3939.96513
G1 F1235.6 X123.275 Y173.541 E3940.00257
G1 F1500 E3938.00257
G0 F9000 X124.383 Y175.236
G1 F1500 E3940.00257
G1 F1226 X124.088 Y175.021 E3940.03003
G1 X123.786 Y174.653 E3940.06583
G1 F1222.2 X123.52 Y174.24 E3940.10288
G1 F1211 X123.341 Y173.784 E3940.14018
G1 F1194.6 X123.275 Y173.541 E3940.15961
G1 F1200 X123.265 Y173.904 E3940.18751
G1 F1222.2 X123.263 Y175.237 E3940.28807
G1 F1226 X124.383 Y175.236 E3940.37229
G1 F1500 E3938.37229
G0 F9000 X134.096 Y175.34
G1 F1500 E3940.37229
G1 F1800 X134.092 Y124.66 E3942.96815
G1 X127.266 Y124.661 E3943.31778
G1 X127.547 Y124.835 E3943.33471
G1 X127.816 Y125.057 E3943.35258
G1 X128.213 Y125.484 E3943.38244
G1 X128.431 Y125.92 E3943.40741
G1 X128.592 Y126.361 E3943.43146
G1 X128.668 Y126.858 E3943.45721
G1 X128.629 Y127.502 E3943.49025
G1 X128.469 Y127.983 E3943.51622
G1 X128.323 Y128.289 E3943.53359
G1 X128.079 Y128.688 E3943.55754
G1 X127.681 Y129.056 E3943.58531
G1 X127.398 Y129.261 E3943.6032
G1 X127.068 Y129.445 E3943.62256
G1 X126.579 Y129.603 E3943.64888
G1 X126.215 Y129.651 E3943.66768
G1 X125.868 Y129.656 E3943.68546
G1 X125.422 Y129.605 E3943.70845
G1 X124.924 Y129.444 E3943.73526
G1 X124.525 Y129.213 E3943.75888
G1 X124.158 Y128.944 E3943.78218
G1 X123.816 Y128.518 E3943.81016
G1 X123.643 Y128.241 E3943.82689
G1 F1725.5 X123.456 Y127.851 E3943.85
G1 F1559.1 X123.4 Y127.769 E3943.85587
G1 F1311.3 X123.275 Y127.541 E3943.87416
G1 F1379.8 X123.179 Y127.904 E3943.89925
G1 F1725.5 X123.16 Y128.218 E3943.91605
G1 F1791.9 X123.16 Y142.854 E3944.66913
G1 F1775.8 X123.161 Y157.49 E3945.42901
G1 F1756.1 X123.161 Y172.126 E3946.19742
G1 F1434.8 X123.267 Y172.555 E3946.22582
G1 F1450.5 X123.672 Y171.711 E3946.28532
G1 F1800 X123.915 Y171.328 E3946.30855
G1 X124.275 Y170.958 E3946.33499
G1 X124.702 Y170.668 E3946.36143
G1 X125.132 Y170.483 E3946.38541
G1 X125.495 Y170.375 E3946.40481
G1 X125.961 Y170.34 E3946.42874
G1 X126.346 Y170.354 E3946.44848
G1 X126.791 Y170.46 E3946.47191
G1 X127.148 Y170.59 E3946.49137
G1 X127.474 Y170.784 E3946.5108
G1 X127.744 Y170.991 E3946.52822
G1 X128.211 Y171.48 E3946.56286
G1 X128.431 Y171.92 E3946.58806
G1 X128.592 Y172.362 E3946.61215
G1 X128.663 Y172.835 E3946.63665
G1 X128.636 Y173.481 E3946.66977
G1 X128.469 Y173.983 E3946.69686
G1 X128.361 Y174.219 E3946.71016
G1 X128.084 Y174.681 E3946.73775
G1 X127.738 Y175.009 E3946.76217
G1 X127.293 Y175.34 E3946.79058
G1 X134.096 Y175.34 E3947.13903
G0 F9000 X134.536 Y175.78
;TYPE:WALL-OUTER
G1 F1800 X134.532 Y124.22 E3949.77997
G1 F1783.8 X126.755 Y124.223 E3950.18193
G1 F1650 X126.366 Y124.256 E3950.20374
G1 F1565.2 X125.892 Y124.25 E3950.23167
G1 F1559.1 X125.571 Y124.257 E3950.25065
G1 F1653.4 X125.158 Y124.221 E3950.27377
G1 F1791.9 X122.72 Y124.22 E3950.39921
G1 F1800 X122.72 Y175.78 E3953.04015
G1 X125.009 Y175.78 E3953.15739
G1 F1643.2 X125.496 Y175.738 E3953.18482
G1 F1543.9 X125.868 Y175.749 E3953.20704
G1 X126.5 Y175.738 E3953.24479
G1 F1643.2 X126.987 Y175.78 E3953.27222
G1 F1800 X134.536 Y175.78 E3953.65888
G1 F1500 E3951.65888
G0 F9000 X126.161 Y175.246
G1 F1500 E3953.65888
G1 F1571.4 X125.835 Y175.246 E3953.67801
G1 F1540.9 X125.53 Y175.216 E3953.69635
G1 F1643.2 X125.083 Y175.028 E3953.72356
G1 F1800 X124.785 Y174.858 E3953.74113
G1 X124.462 Y174.621 E3953.76165
G1 X124.189 Y174.285 E3953.78382
G1 X123.999 Y173.974 E3953.80249
G1 X123.883 Y173.682 E3953.81858
G1 X123.811 Y173.394 E3953.83379
G1 X123.772 Y173.023 E3953.8529
G1 X123.8 Y172.669 E3953.87109
G1 X123.88 Y172.297 E3953.89058
G1 X124.079 Y171.883 E3953.9141
G1 X124.251 Y171.619 E3953.93024
G1 X124.576 Y171.285 E3953.95411
G1 X124.9 Y171.065 E3953.97417
G1 X125.257 Y170.905 E3953.99421
G1 X125.596 Y170.808 E3954.01227
G1 X125.916 Y170.78 E3954.02872
G1 X126.304 Y170.797 E3954.04862
G1 X126.64 Y170.873 E3954.06626
G1 X126.973 Y170.998 E3954.08448
G1 X127.249 Y171.162 E3954.10093
G1 X127.47 Y171.335 E3954.1153
G1 X127.847 Y171.736 E3954.14349
G1 X128.048 Y172.143 E3954.16674
G1 X128.166 Y172.49 E3954.18552
G1 X128.224 Y172.87 E3954.2052
G1 X128.199 Y173.402 E3954.23248
G1 X128.069 Y173.8 E3954.25393
G1 X127.961 Y174.036 E3954.26722
G1 X127.738 Y174.403 E3954.28922
G1 X127.436 Y174.689 E3954.31052
G1 X127.184 Y174.877 E3954.32663
G1 X126.912 Y175.029 E3954.34259
G1 F1643.2 X126.466 Y175.216 E3954.36972
G1 F1540.9 X126.161 Y175.246 E3954.38806
G1 F1500 E3952.38806
G0 F9000 X126.157 Y129.215
G1 F1500 E3954.38806
G1 F1800 X125.839 Y129.215 E3954.40435
G1 X125.496 Y129.166 E3954.4221
G1 X125.083 Y129.028 E3954.4444
G1 X124.785 Y128.858 E3954.46197
G1 X124.485 Y128.638 E3954.48103
G1 X124.189 Y128.285 E3954.50462
G1 X123.999 Y127.974 E3954.52329
G1 X123.883 Y127.682 E3954.53938
G1 X123.811 Y127.394 E3954.55459
G1 X123.772 Y127.023 E3954.5737
G1 X123.8 Y126.669 E3954.59189
G1 X123.88 Y126.297 E3954.61138
G1 X124.079 Y125.883 E3954.6349
G1 X124.261 Y125.605 E3954.65192
G1 X124.542 Y125.314 E3954.67264
G1 X124.934 Y125.047 E3954.69694
G1 F1791.9 X125.257 Y124.904 E3954.71511
G1 F1653.4 X125.593 Y124.771 E3954.73526
G1 F1559.1 X125.914 Y124.75 E3954.75429
G1 F1565.2 X126.311 Y124.762 E3954.77768
G1 F1629.6 X126.614 Y124.856 E3954.79563
G1 F1760 X126.973 Y124.998 E3954.81585
G1 F1800 X127.249 Y125.162 E3954.8323
G1 X127.494 Y125.357 E3954.84834
G1 X127.847 Y125.737 E3954.8749
G1 X128.048 Y126.143 E3954.89811
G1 X128.166 Y126.49 E3954.91688
G1 X128.224 Y126.9 E3954.93809
G1 X128.197 Y127.398 E3954.96364
G1 X128.069 Y127.8 E3954.98524
G1 X127.948 Y128.059 E3954.99989
G1 X127.736 Y128.406 E3955.02072
G1 X127.417 Y128.704 E3955.04307
G1 X127.184 Y128.877 E3955.05794
G1 X126.912 Y129.029 E3955.0739
G1 X126.461 Y129.175 E3955.09818
G1 X126.157 Y129.215 E3955.11389
G1 F1500 E3953.11389
G0 F9000 X133.7 Y174.944
;TYPE:SKIN
G1 F1500 E3955.11389
G1 F1800 X128.385 Y174.944 E3955.38612
G1 X128.671 Y174.472 E3955.41439
G1 X128.827 Y174.148 E3955.43281
G1 X129.031 Y173.55 E3955.46517
G1 X129.056 Y172.798 E3955.50371
G1 X128.982 Y172.288 E3955.53011
G1 X128.84 Y171.867 E3955.55287
G1 X128.536 Y171.25 E3955.5881
G1 X128.062 Y170.738 E3955.62383
G1 X127.689 Y170.452 E3955.64791
G1 X127.33 Y170.235 E3955.6694
G1 X126.93 Y170.088 E3955.69122
G1 X126.419 Y169.965 E3955.71814
G1 X125.952 Y169.944 E3955.74209
G1 X125.444 Y169.98 E3955.76817
G1 X125.021 Y170.101 E3955.79071
G1 X124.531 Y170.305 E3955.8179
G1 X124.006 Y170.662 E3955.85042
G1 X123.556 Y171.126 E3955.88352
G1 X123.556 Y128.827 E3958.0501
G1 X123.877 Y129.227 E3958.07637
G1 X124.285 Y129.529 E3958.10237
G1 X124.737 Y129.795 E3958.12924
G1 X125.316 Y129.986 E3958.16046
G1 X125.846 Y130.051 E3958.18782
G1 X126.241 Y130.044 E3958.20805
G1 X126.65 Y129.991 E3958.22917
G1 X127.208 Y129.814 E3958.25916
G1 X127.639 Y129.581 E3958.28425
G1 X127.996 Y129.306 E3958.30734
G1 X128.391 Y128.938 E3958.33499
G1 X128.657 Y128.494 E3958.3615
G1 X128.837 Y128.123 E3958.38262
G1 X129.017 Y127.578 E3958.41202
G1 X129.062 Y126.809 E3958.45148
G1 X128.978 Y126.285 E3958.47866
G1 X128.836 Y125.867 E3958.50127
G1 X128.563 Y125.289 E3958.53401
G1 X128.356 Y125.056 E3958.54998
G1 X133.696 Y125.056 E3958.82349
G1 X133.7 Y174.944 E3961.37879
G1 F1500 E3959.37879
G0 F9000 X123.848 Y170.517
G1 F1500 E3961.37879
G1 F1800 X123.776 Y170.445 E3961.384
G0 F9000 X124.169 Y170.216
G1 F1800 X123.776 Y169.823 E3961.41247
G0 F9000 X123.776 Y169.201
G1 F1800 X124.609 Y170.034 E3961.47281
G0 F9000 X125.057 Y169.86
G1 F1800 X123.776 Y168.578 E3961.56564
G0 F9000 X123.776 Y167.956
G1 F1800 X125.571 Y169.751 E3961.69566
G0 F9000 X126.174 Y169.732
G1 F1800 X123.776 Y167.334 E3961.86937
G0 F9000 X123.776 Y166.712
G1 F1800 X126.923 Y169.858 E3962.09729
G1 F1500 E3960.09729
G0 F9000 X129.147 Y172.083
G1 F1500 E3962.09729
G1 F1800 X131.788 Y174.724 E3962.28859
G0 F9000 X131.166 Y174.724
G1 F1800 X129.273 Y172.831 E3962.42572
G0 F9000 X129.254 Y173.434
G1 F1800 X130.544 Y174.724 E3962.51916
G0 F9000 X129.922 Y174.724
G1 F1800 X129.133 Y173.935 E3962.57631
G0 F9000 X128.956 Y174.381
G1 F1800 X129.299 Y174.724 E3962.60116
G1 F1500 E3960.60116
G0 F9000 X132.411 Y174.724
G1 F1500 E3962.60116
G1 F1800 X123.776 Y166.089 E3963.22665
G0 F9000 X123.776 Y165.467
G1 F1800 X133.033 Y174.724 E3963.8972
G0 F9000 X133.48 Y174.549
G1 F1800 X123.776 Y164.845 E3964.60013
G0 F9000 X123.776 Y164.223
G1 F1800 X133.48 Y173.926 E3965.30302
G0 F9000 X133.48 Y173.304
G1 F1800 X123.776 Y163.6 E3966.00595
G0 F9000 X123.776 Y162.978
G1 F1800 X133.48 Y172.682 E3966.70887
G0 F9000 X133.48 Y172.06
G1 F1800 X123.776 Y162.356 E3967.4118
G0 F9000 X123.776 Y161.734
G1 F1800 X133.48 Y171.437 E3968.11469
G0 F9000 X133.48 Y170.815
G1 F1800 X123.776 Y161.111 E3968.81762
G0 F9000 X123.776 Y160.489
G1 F1800 X133.48 Y170.193 E3969.52055
G0 F9000 X133.48 Y169.571
G1 F1800 X123.776 Y159.867 E3970.22347
G0 F9000 X123.776 Y159.245
G1 F1800 X133.48 Y168.948 E3970.92637
G0 F9000 X133.48 Y168.326
G1 F1800 X123.776 Y158.622 E3971.62929
G0 F9000 X123.776 Y158
G1 F1800 X133.48 Y167.704 E3972.33222
G0 F9000 X133.48 Y167.082
G1 F1800 X123.776 Y157.378 E3973.03515
G0 F9000 X123.776 Y156.755
G1 F1800 X133.479 Y166.459 E3973.73804
G0 F9000 X133.479 Y165.836
G1 F1800 X123.776 Y156.133 E3974.44089
G0 F9000 X123.776 Y155.51
G1 F1800 X133.479 Y165.214 E3975.14379
G0 F9000 X133.479 Y164.592
G1 F1800 X123.776 Y154.888 E3975.84668
G0 F9000 X123.776 Y154.266
G1 F1800 X133.479 Y163.97 E3976.54957
G0 F9000 X133.479 Y163.347
G1 F1800 X123.776 Y153.644 E3977.25242
G0 F9000 X123.776 Y153.021
G1 F1800 X133.479 Y162.725 E3977.95531
G0 F9000 X133.479 Y162.103
G1 F1800 X123.776 Y152.399 E3978.65821
G0 F9000 X123.776 Y151.777
G1 F1800 X133.479 Y161.481 E3979.3611
G0 F9000 X133.479 Y160.858
G1 F1800 X123.776 Y151.155 E3980.06395
G0 F9000 X123.776 Y150.532
G1 F1800 X133.479 Y160.236 E3980.76684
G0 F9000 X133.479 Y159.614
G1 F1800 X123.776 Y149.91 E3981.46973
G0 F9000 X123.776 Y149.288
G1 F1800 X133.479 Y158.992 E3982.17263
G0 F9000 X133.479 Y158.369
G1 F1800 X123.776 Y148.666 E3982.87548
G0 F9000 X123.776 Y148.043
G1 F1800 X133.478 Y157.746 E3983.5783
G0 F9000 X133.478 Y157.124
G1 F1800 X123.776 Y147.421 E3984.28112
G0 F9000 X123.776 Y146.799
G1 F1800 X133.478 Y156.502 E3984.98394
G0 F9000 X133.478 Y155.88
G1 F1800 X123.776 Y146.177 E3985.68676
G0 F9000 X123.776 Y145.554
G1 F1800 X133.478 Y155.257 E3986.38958
G0 F9000 X133.478 Y154.635
G1 F1800 X123.776 Y144.932 E3987.09239
G0 F9000 X123.776 Y144.31
G1 F1800 X133.478 Y154.013 E3987.79521
G0 F9000 X133.478 Y153.391
G1 F1800 X123.776 Y143.688 E3988.49803
G0 F9000 X123.775 Y143.065
G1 F1800 X133.478 Y152.768 E3989.20089
G0 F9000 X133.478 Y152.146
G1 F1800 X123.775 Y142.442 E3989.90378
G0 F9000 X123.775 Y141.82
G1 F1800 X133.478 Y151.524 E3990.60667
G0 F9000 X133.478 Y150.902
G1 F1800 X123.775 Y141.198 E3991.30956
G0 F9000 X123.775 Y140.576
G1 F1800 X133.478 Y150.279 E3992.01242
G0 F9000 X133.478 Y149.656
G1 F1800 X123.775 Y139.953 E3992.71527
G0 F9000 X123.775 Y139.331
G1 F1800 X133.478 Y149.034 E3993.41813
G0 F9000 X133.478 Y148.412
G1 F1800 X123.775 Y138.709 E3994.12098
G0 F9000 X123.775 Y138.087
G1 F1800 X133.478 Y147.79 E3994.82384
G0 F9000 X133.478 Y147.167
G1 F1800 X123.775 Y137.464 E3995.52669
G0 F9000 X123.775 Y136.842
G1 F1800 X133.478 Y146.545 E3996.22955
G0 F9000 X133.478 Y145.923
G1 F1800 X123.775 Y136.22 E3996.9324
G0 F9000 X123.775 Y135.598
G1 F1800 X133.478 Y145.301 E3997.63526
G0 F9000 X133.478 Y144.678
G1 F1800 X123.775 Y134.975 E3998.33811
G0 F9000 X123.775 Y134.353
G1 F1800 X133.478 Y144.056 E3999.04097
G0 F9000 X133.478 Y143.434
G1 F1800 X123.775 Y133.731 E3999.74382
G0 F9000 X123.775 Y133.109
G1 F1800 X133.478 Y142.812 E4000.44668
G0 F9000 X133.478 Y142.189
G1 F1800 X123.775 Y132.486 E4001.14953
G0 F9000 X123.775 Y131.864
G1 F1800 X133.477 Y141.566 E4001.85231
G0 F9000 X133.477 Y140.944
G1 F1800 X123.775 Y131.242 E4002.5551
G0 F9000 X123.775 Y130.62
G1 F1800 X133.477 Y140.322 E4003.25788
G0 F9000 X133.477 Y139.7
G1 F1800 X123.775 Y129.997 E4003.9607
G0 F9000 X123.967 Y129.567
G1 F1800 X133.477 Y139.077 E4004.64957
G0 F9000 X133.477 Y138.455
G1 F1800 X125.202 Y130.18 E4005.24899
G0 F9000 X125.914 Y130.27
G1 F1800 X133.477 Y137.833 E4005.79683
G0 F9000 X133.477 Y137.211
G1 F1800 X126.499 Y130.232 E4006.30233
G0 F9000 X126.998 Y130.11
G1 F1800 X133.477 Y136.588 E4006.77161
G0 F9000 X133.477 Y135.966
G1 F1800 X127.449 Y129.938 E4007.20826
G0 F9000 X127.837 Y129.704
G1 F1800 X133.477 Y135.344 E4007.6168
G0 F9000 X133.477 Y134.722
G1 F1800 X128.186 Y129.431 E4008.00007
G0 F9000 X128.508 Y129.13
G1 F1800 X133.477 Y134.099 E4008.36001
G0 F9000 X133.476 Y133.476
G1 F1800 X128.756 Y128.756 E4008.70191
G0 F9000 X128.972 Y128.35
G1 F1800 X133.476 Y132.854 E4009.02816
G0 F9000 X133.476 Y132.232
G1 F1800 X129.14 Y127.896 E4009.34225
G0 F9000 X129.249 Y127.382
G1 F1800 X133.476 Y131.61 E4009.64848
G0 F9000 X133.476 Y130.987
G1 F1800 X129.282 Y126.793 E4009.95228
G0 F9000 X129.111 Y126
G1 F1800 X133.476 Y130.365 E4010.26846
G0 F9000 X133.476 Y129.743
G1 F1800 X129.01 Y125.277 E4010.59197
G0 F9000 X129.632 Y125.277
G1 F1800 X133.476 Y129.121 E4010.87042
G0 F9000 X133.476 Y128.498
G1 F1800 X130.255 Y125.277 E4011.10373
G0 F9000 X130.877 Y125.277
G1 F1800 X133.476 Y127.876 E4011.292
G0 F9000 X133.476 Y127.254
G1 F1800 X131.499 Y125.277 E4011.43521
G0 F9000 X132.121 Y125.277
G1 F1800 X133.476 Y126.632 E4011.53336
G0 F9000 X133.476 Y126.009
G1 F1800 X132.744 Y125.277 E4011.58638
G0 F9000 X133.366 Y125.277
G1 F1800 X133.476 Y125.387 E4011.59435
G1 F1500 E4009.59435
G0 F9000 X135.42 Y125.386
G0 X165.835 Y175.34
G0 X167.16 Y175.34
;TYPE:WALL-INNER
G1 F1500 E4011.59435
G1 F1800 X176.84 Y175.34 E4012.09016
G1 X176.84 Y124.66 E4014.68603
G1 X167.16 Y124.66 E4015.18184
G1 X167.16 Y175.34 E4017.7777
G0 F9000 X166.72 Y175.78
;TYPE:WALL-OUTER
G1 F1800 X177.28 Y175.78 E4018.31859
G1 X177.28 Y124.22 E4020.95953
G1 X166.72 Y124.22 E4021.50041
G1 X166.72 Y175.78 E4024.14135
G0 F9000 X167.556 Y174.944
;TYPE:SKIN
G1 F1800 X167.556 Y125.056 E4026.69664
G1 X176.444 Y125.056 E4027.15189
G1 X176.444 Y174.944 E4029.70719
G1 X167.556 Y174.944 E4030.16243
G0 F9000 X167.776 Y174.621
G1 F1800 X167.879 Y174.724 E4030.1699
G0 F9000 X168.501 Y174.724
G1 F1800 X167.776 Y173.998 E4030.22245
G0 F9000 X167.776 Y173.376
G1 F1800 X169.124 Y174.724 E4030.32009
G0 F9000 X169.746 Y174.724
G1 F1800 X167.776 Y172.754 E4030.46279
G0 F9000 X167.776 Y172.132
G1 F1800 X170.368 Y174.724 E4030.65055
G0 F9000 X170.99 Y174.724
G1 F1800 X167.776 Y171.509 E4030.8834
G0 F9000 X167.776 Y170.887
G1 F1800 X171.613 Y174.724 E4031.16134
G0 F9000 X172.235 Y174.724
G1 F1800 X167.776 Y170.265 E4031.48433
G0 F9000 X167.776 Y169.643
G1 F1800 X172.857 Y174.724 E4031.85239
G0 F9000 X173.479 Y174.724
G1 F1800 X167.776 Y169.02 E4032.26553
G0 F9000 X167.776 Y168.398
G1 F1800 X174.102 Y174.724 E4032.72377
G0 F9000 X174.724 Y174.724
G1 F1800 X167.776 Y167.776 E4033.22706
G0 F9000 X167.776 Y167.154
G1 F1800 X175.346 Y174.724 E4033.7754
G0 F9000 X175.968 Y174.724
G1 F1800 X167.776 Y166.531 E4034.36884
G0 F9000 X167.776 Y165.909
G1 F1800 X176.224 Y174.358 E4034.98083
G0 F9000 X176.224 Y173.735
G1 F1800 X167.776 Y165.287 E4035.59277
G0 F9000 X167.776 Y164.665
G1 F1800 X176.224 Y173.113 E4036.20472
G0 F9000 X176.224 Y172.491
G1 F1800 X167.776 Y164.042 E4036.8167
G0 F9000 X167.776 Y163.42
G1 F1800 X176.224 Y171.869 E4037.42869
G0 F9000 X176.224 Y171.246
G1 F1800 X167.776 Y162.798 E4038.04063
G0 F9000 X167.776 Y162.176
G1 F1800 X176.224 Y170.624 E4038.65258
G0 F9000 X176.224 Y170.002
G1 F1800 X167.776 Y161.553 E4039.26456
G0 F9000 X167.776 Y160.931
G1 F1800 X176.224 Y169.38 E4039.87655
G0 F9000 X176.224 Y168.757
G1 F1800 X167.776 Y160.309 E4040.48849
G0 F9000 X167.776 Y159.687
G1 F1800 X176.224 Y168.135 E4041.10044
G0 F9000 X176.224 Y167.513
G1 F1800 X167.776 Y159.064 E4041.71242
G0 F9000 X167.776 Y158.442
G1 F1800 X176.224 Y166.891 E4042.32441
G0 F9000 X176.224 Y166.268
G1 F1800 X167.776 Y157.82 E4042.93635
G0 F9000 X167.776 Y157.198
G1 F1800 X176.224 Y165.646 E4043.5483
G0 F9000 X176.224 Y165.024
G1 F1800 X167.776 Y156.575 E4044.16028
G0 F9000 X167.776 Y155.953
G1 F1800 X176.224 Y164.402 E4044.77226
G0 F9000 X176.224 Y163.779
G1 F1800 X167.776 Y155.331 E4045.38421
G0 F9000 X167.776 Y154.709
G1 F1800 X176.224 Y163.157 E4045.99616
G0 F9000 X176.224 Y162.535
G1 F1800 X167.776 Y154.086 E4046.60814
G0 F9000 X167.776 Y153.464
G1 F1800 X176.224 Y161.913 E4047.22012
G0 F9000 X176.224 Y161.29
G1 F1800 X167.776 Y152.842 E4047.83207
G0 F9000 X167.776 Y152.22
G1 F1800 X176.224 Y160.668 E4048.44402
G0 F9000 X176.224 Y160.046
G1 F1800 X167.776 Y151.597 E4049.056
G0 F9000 X167.776 Y150.975
G1 F1800 X176.224 Y159.424 E4049.66798
G0 F9000 X176.224 Y158.801
G1 F1800 X167.776 Y150.353 E4050.27993
G0 F9000 X167.776 Y149.731
G1 F1800 X176.224 Y158.179 E4050.89188
G0 F9000 X176.224 Y157.557
G1 F1800 X167.776 Y149.108 E4051.50386
G0 F9000 X167.776 Y148.486
G1 F1800 X176.224 Y156.935 E4052.11584
G0 F9000 X176.224 Y156.312
G1 F1800 X167.776 Y147.864 E4052.72779
G0 F9000 X167.776 Y147.242
G1 F1800 X176.224 Y155.69 E4053.33974
G0 F9000 X176.224 Y155.068
G1 F1800 X167.776 Y146.619 E4053.95172
G0 F9000 X167.776 Y145.997
G1 F1800 X176.224 Y154.446 E4054.5637
G0 F9000 X176.224 Y153.823
G1 F1800 X167.776 Y145.375 E4055.17565
G0 F9000 X167.776 Y144.753
G1 F1800 X176.224 Y153.201 E4055.7876
G0 F9000 X176.224 Y152.579
G1 F1800 X167.776 Y144.13 E4056.39958
G0 F9000 X167.776 Y143.508
G1 F1800 X176.224 Y151.957 E4057.01156
G0 F9000 X176.224 Y151.334
G1 F1800 X167.776 Y142.886 E4057.62351
G0 F9000 X167.776 Y142.264
G1 F1800 X176.224 Y150.712 E4058.23546
G0 F9000 X176.224 Y150.09
G1 F1800 X167.776 Y141.641 E4058.84744
G0 F9000 X167.776 Y141.019
G1 F1800 X176.224 Y149.468 E4059.45942
G0 F9000 X176.224 Y148.845
G1 F1800 X167.776 Y140.397 E4060.07137
G0 F9000 X167.776 Y139.775
G1 F1800 X176.224 Y148.223 E4060.68331
G0 F9000 X176.224 Y147.601
G1 F1800 X167.776 Y139.152 E4061.2953
G0 F9000 X167.776 Y138.53
G1 F1800 X176.224 Y146.979 E4061.90728
G0 F9000 X176.224 Y146.356
G1 F1800 X167.776 Y137.908 E4062.51923
G0 F9000 X167.776 Y137.285
G1 F1800 X176.224 Y145.734 E4063.13121
G0 F9000 X176.224 Y145.112
G1 F1800 X167.776 Y136.663 E4063.74319
G0 F9000 X167.776 Y136.041
G1 F1800 X176.224 Y144.489 E4064.35514
G0 F9000 X176.224 Y143.867
G1 F1800 X167.776 Y135.419 E4064.96709
G0 F9000 X167.776 Y134.796
G1 F1800 X176.224 Y143.245 E4065.57907
G0 F9000 X176.224 Y142.623
G1 F1800 X167.776 Y134.174 E4066.19105
G0 F9000 X167.776 Y133.552
G1 F1800 X176.224 Y142 E4066.803
G0 F9000 X176.224 Y141.378
G1 F1800 X167.776 Y132.93 E4067.41495
G0 F9000 X167.776 Y132.307
G1 F1800 X176.224 Y140.756 E4068.02693
G0 F9000 X176.224 Y140.134
G1 F1800 X167.776 Y131.685 E4068.63891
G0 F9000 X167.776 Y131.063
G1 F1800 X176.224 Y139.511 E4069.25086
G0 F9000 X176.224 Y138.889
G1 F1800 X167.776 Y130.441 E4069.86281
G0 F9000 X167.776 Y129.818
G1 F1800 X176.224 Y138.267 E4070.47479
G0 F9000 X176.224 Y137.645
G1 F1800 X167.776 Y129.196 E4071.08677
G0 F9000 X167.776 Y128.574
G1 F1800 X176.224 Y137.022 E4071.69872
G0 F9000 X176.224 Y136.4
G1 F1800 X167.776 Y127.952 E4072.31067
G0 F9000 X167.776 Y127.329
G1 F1800 X176.224 Y135.778 E4072.92265
G0 F9000 X176.224 Y135.156
G1 F1800 X167.776 Y126.707 E4073.53463
G0 F9000 X167.776 Y126.085
G1 F1800 X176.224 Y134.533 E4074.14658
G0 F9000 X176.224 Y133.911
G1 F1800 X167.776 Y125.463 E4074.75852
G0 F9000 X168.212 Y125.276
G1 F1800 X176.224 Y133.289 E4075.33892
G0 F9000 X176.224 Y132.667
G1 F1800 X168.834 Y125.276 E4075.87427
G0 F9000 X169.456 Y125.276
G1 F1800 X176.224 Y132.044 E4076.36452
G0 F9000 X176.224 Y131.422
G1 F1800 X170.078 Y125.276 E4076.80972
G0 F9000 X170.701 Y125.276
G1 F1800 X176.224 Y130.8 E4077.20982
G0 F9000 X176.224 Y130.178
G1 F1800 X171.323 Y125.276 E4077.56487
G0 F9000 X171.945 Y125.276
G1 F1800 X176.224 Y129.555 E4077.87483
G0 F9000 X176.224 Y128.933
G1 F1800 X172.567 Y125.276 E4078.13973
G0 F9000 X173.19 Y125.276
G1 F1800 X176.224 Y128.311 E4078.35954
G0 F9000 X176.224 Y127.689
G1 F1800 X173.812 Y125.276 E4078.5343
G0 F9000 X174.434 Y125.276
G1 F1800 X176.224 Y127.066 E4078.66396
G0 F9000 X176.224 Y126.444
G1 F1800 X175.056 Y125.276 E4078.74857
G0 F9000 X175.679 Y125.276
G1 F1800 X176.224 Y125.822 E4078.78808
G1 F1500 E4076.78808
;MESH:NONMESH
G0 F300 Z7.84
G0 F9000 X123.254 Y126.675
;TIME_ELAPSED:3535.445478
;LAYER:27
;TYPE:WALL-INNER
;MESH:custom_clip.stl
G1 F1500 E4078.78808
G1 F1275.4 X123.246 Y126.832 E4078.79944
G1 F1257.1 X123.263 Y127.423 E4078.8428
G0 F9000 X123.254 Y126.675
G1 F1251.2 X123.37 Y126.091 E4078.88668
G1 F1239.4 X123.629 Y125.583 E4078.9291
G1 F1233.6 X123.834 Y125.277 E4078.95662
G1 X124.154 Y124.937 E4078.99152
G1 X124.384 Y124.762 E4079.01312
G1 X123.261 Y124.761 E4079.09704
G1 F1245.3 X123.254 Y126.675 E4079.23875
G1 F1500 E4077.23875
G0 F9000 X123.254 Y172.675
G1 F1500 E4079.23875
G1 F1275.4 X123.246 Y172.832 E4079.25012
G1 F1257.1 X123.263 Y173.423 E4079.29348
G1 F1500 E4077.29348
G0 F9000 X124.381 Y175.24
G1 F1500 E4079.29348
G1 F1235.6 X124.058 Y174.962 E4079.32528
G1 X123.797 Y174.678 E4079.35406
G1 X123.516 Y174.218 E4079.39428
G1 F1233.6 X123.348 Y173.77 E4079.43004
G1 F1227.9 X123.263 Y173.423 E4079.45686
G1 F1229.8 X123.261 Y175.239 E4079.59301
G1 F1235.6 X124.381 Y175.24 E4079.67658
G1 F1500 E4077.67658
G0 F9000 X133.784 Y175.34
G1 F1500 E4079.67658
G1 F1800 X133.784 Y124.66 E4082.27244
G1 X127.265 Y124.661 E4082.60635
G1 X127.687 Y124.914 E4082.63155
G1 X128.136 Y125.419 E4082.66616
G1 X128.317 Y125.697 E4082.68315
G1 X128.488 Y126.034 E4082.70251
G1 X128.626 Y126.534 E4082.72908
G1 X128.655 Y126.904 E4082.74809
G1 X128.644 Y127.251 E4082.76587
G1 X128.564 Y127.771 E4082.79282
G1 X128.278 Y128.406 E4082.82849
G1 X127.985 Y128.768 E4082.85234
G1 X127.736 Y129.01 E4082.87013
G1 X127.399 Y129.261 E4082.89165
G1 X127.068 Y129.445 E4082.91105
G1 X126.58 Y129.603 E4082.93732
G1 X126.082 Y129.667 E4082.96304
G1 X125.705 Y129.643 E4082.98239
G1 X125.374 Y129.585 E4082.9996
G1 X124.931 Y129.442 E4083.02345
G1 X124.48 Y129.198 E4083.04971
G1 X124.132 Y128.894 E4083.07338
G1 X123.877 Y128.618 E4083.09262
G1 X123.609 Y128.18 E4083.11893
G1 X123.473 Y127.833 E4083.13802
G1 F1455.9 X123.263 Y127.423 E4083.16719
G1 X123.16 Y127.892 E4083.1976
G1 F1800 X123.16 Y172.176 E4085.46585
G1 F1480.4 X123.254 Y172.675 E4085.49747
G1 X123.45 Y172.206 E4085.52913
G1 F1800 X123.504 Y172.051 E4085.53754
G1 X123.713 Y171.639 E4085.5612
G1 X123.916 Y171.331 E4085.5801
G1 X124.275 Y170.957 E4085.60665
G1 X124.701 Y170.668 E4085.63302
G1 X125.132 Y170.483 E4085.65704
G1 X125.495 Y170.375 E4085.67644
G1 X125.961 Y170.34 E4085.70037
G1 X126.344 Y170.354 E4085.72
G1 X126.775 Y170.454 E4085.74267
G1 X127.14 Y170.586 E4085.76255
G1 X127.685 Y170.913 E4085.7951
G1 X128.136 Y171.419 E4085.82982
G1 X128.317 Y171.697 E4085.84681
G1 X128.485 Y172.029 E4085.86587
G1 X128.626 Y172.536 E4085.89283
G1 X128.656 Y172.986 E4085.91593
G1 X128.636 Y173.328 E4085.93347
G1 X128.562 Y173.777 E4085.95678
G1 X128.279 Y174.407 E4085.99216
G1 X127.924 Y174.834 E4086.0206
G1 X127.736 Y175.011 E4086.03382
G1 X127.293 Y175.34 E4086.06209
G1 X133.784 Y175.34 E4086.39456
G0 F9000 X134.224 Y175.78
;TYPE:WALL-OUTER
G1 F1800 X134.224 Y124.22 E4089.0355
G1 F1783.8 X126.755 Y124.223 E4089.42154
G1 F1650 X126.366 Y124.256 E4089.44335
G1 F1565.2 X125.892 Y124.25 E4089.47128
G1 F1559.1 X125.571 Y124.257 E4089.49026
G1 F1653.4 X125.158 Y124.221 E4089.51338
G1 F1791.9 X122.72 Y124.22 E4089.63882
G1 F1800 X122.721 Y175.779 E4092.27971
G1 X125 Y175.78 E4092.39644
G1 F1763.9 X125.325 Y175.771 E4092.41343
G1 F1633 X125.651 Y175.743 E4092.43191
G1 F1568.3 X126.06 Y175.751 E4092.45596
G1 F1549.9 X126.499 Y175.738 E4092.48208
G1 F1643.2 X126.987 Y175.78 E4092.50956
G1 F1800 X134.224 Y175.78 E4092.88025
G1 F1500 E4090.88025
G0 F9000 X126.092 Y175.252
G1 F1500 E4092.88025
G1 F1565.2 X125.699 Y175.236 E4092.90342
G1 F1613 X125.455 Y175.168 E4092.91789
G1 F1740.7 X125.087 Y175.026 E4092.93879
G1 F1800 X124.717 Y174.82 E4092.96048
G1 X124.454 Y174.594 E4092.97824
G1 X124.239 Y174.363 E4092.9944
G1 X124.016 Y174.004 E4093.01605
G1 X123.883 Y173.673 E4093.03432
G1 X123.799 Y173.33 E4093.05241
G1 X123.776 Y172.786 E4093.0803
G1 X123.886 Y172.27 E4093.10732
G1 X124.08 Y171.882 E4093.12954
G1 X124.277 Y171.591 E4093.14754
G1 X124.545 Y171.311 E4093.16739
G1 X124.9 Y171.065 E4093.18952
G1 X125.257 Y170.905 E4093.20955
G1 X125.596 Y170.808 E4093.22761
G1 X125.916 Y170.78 E4093.24407
G1 X126.304 Y170.797 E4093.26396
G1 X126.64 Y170.873 E4093.2816
G1 X126.974 Y170.999 E4093.29989
G1 X127.402 Y171.256 E4093.32546
G1 X127.751 Y171.639 E4093.352
G1 X127.925 Y171.896 E4093.3679
G1 X128.065 Y172.172 E4093.38375
G1 X128.192 Y172.63 E4093.40809
G1 X128.216 Y172.943 E4093.42417
G1 X128.202 Y173.256 E4093.44022
G1 X128.138 Y173.647 E4093.46051
G1 X127.902 Y174.172 E4093.49
G1 X127.623 Y174.513 E4093.51256
G1 X127.417 Y174.704 E4093.52695
G1 X127.184 Y174.877 E4093.54182
G1 X126.912 Y175.029 E4093.55778
G1 F1643.2 X126.466 Y175.216 E4093.58491
G1 F1546.9 X126.092 Y175.252 E4093.60731
G1 F1500 E4091.60731
G0 F9000 X126.089 Y129.223
G1 F1500 E4093.60731
G1 F1800 X125.733 Y129.204 E4093.62557
G1 X125.458 Y129.153 E4093.63989
G1 X125.121 Y129.041 E4093.65808
G1 X124.717 Y128.82 E4093.68167
G1 X124.454 Y128.594 E4093.69943
G1 X124.22 Y128.336 E4093.71727
G1 X124.016 Y128.004 E4093.73723
G1 X123.883 Y127.673 E4093.7555
G1 X123.799 Y127.33 E4093.77359
G1 X123.776 Y126.786 E4093.80148
G1 X123.886 Y126.27 E4093.8285
G1 X124.08 Y125.882 E4093.85072
G1 X124.277 Y125.591 E4093.86872
G1 X124.58 Y125.281 E4093.89093
G1 X124.9 Y125.065 E4093.9107
G1 F1791.9 X125.257 Y124.904 E4093.93085
G1 F1653.4 X125.593 Y124.771 E4093.951
G1 F1559.1 X125.914 Y124.75 E4093.97003
G1 F1565.2 X126.311 Y124.762 E4093.99342
G1 F1629.6 X126.614 Y124.856 E4094.01137
G1 F1760 X126.974 Y124.999 E4094.03166
G1 F1800 X127.402 Y125.256 E4094.05723
G1 X127.751 Y125.639 E4094.08377
G1 X127.925 Y125.896 E4094.09967
G1 X128.081 Y126.213 E4094.11777
G1 X128.192 Y126.63 E4094.13987
G1 X128.216 Y126.938 E4094.15569
G1 X128.202 Y127.256 E4094.172
G1 X128.136 Y127.65 E4094.19246
G1 X127.902 Y128.172 E4094.22176
G1 X127.623 Y128.513 E4094.24433
G1 X127.435 Y128.689 E4094.25752
G1 X127.184 Y128.877 E4094.27358
G1 X126.912 Y129.029 E4094.28954
G1 X126.461 Y129.175 E4094.31382
G1 X126.089 Y129.223 E4094.33303
G1 F1500 E4092.33303
G0 F9000 X133.388 Y174.943
;TYPE:SKIN
G1 F1500 E4094.33303
G1 F1800 X128.354 Y174.94 E4094.59088
G1 X128.623 Y174.61 E4094.61268
G1 X128.946 Y173.885 E4094.65334
G1 X129.038 Y173.29 E4094.68418
G1 X129.048 Y172.888 E4094.70477
G1 X129.02 Y172.484 E4094.72552
G1 X128.848 Y171.866 E4094.75837
G1 X128.668 Y171.518 E4094.77844
G1 X128.438 Y171.157 E4094.80037
G1 X127.934 Y170.6 E4094.83884
G1 X127.326 Y170.235 E4094.87516
G1 X126.886 Y170.073 E4094.89918
G1 X126.418 Y169.965 E4094.92378
G1 X125.952 Y169.944 E4094.94767
G1 X125.448 Y169.98 E4094.97356
G1 X125.018 Y170.1 E4094.99642
G1 X124.533 Y170.305 E4095.02339
G1 X124.036 Y170.637 E4095.05401
G1 X123.557 Y171.127 E4095.0891
G1 X123.555 Y128.845 E4097.25481
G1 X123.834 Y129.154 E4097.27614
G1 X124.27 Y129.534 E4097.30576
G1 X124.754 Y129.798 E4097.334
G1 X125.28 Y129.97 E4097.36235
G1 X125.656 Y130.034 E4097.38188
G1 X126.11 Y130.063 E4097.40518
G1 X126.646 Y129.991 E4097.43289
G1 X127.208 Y129.814 E4097.46306
G1 X127.657 Y129.564 E4097.48939
G1 X127.989 Y129.312 E4097.51074
G1 X128.278 Y129.034 E4097.53128
G1 X128.623 Y128.611 E4097.55924
G1 X128.93 Y127.913 E4097.59829
G1 X129.028 Y127.367 E4097.62671
G1 X129.052 Y127.007 E4097.64519
G1 X129.02 Y126.489 E4097.67177
G1 X128.844 Y125.858 E4097.70532
G1 X128.62 Y125.426 E4097.73025
G1 X128.354 Y125.053 E4097.75371
G1 X133.388 Y125.056 E4098.01156
G1 X133.388 Y174.943 E4100.5668
G0 F9000 X132.67 Y174.723
G1 F1800 X133.168 Y174.225 E4100.60287
G0 F9000 X133.168 Y173.603
G1 F1800 X132.049 Y174.723 E4100.68397
G0 F9000 X131.427 Y174.722
G1 F1800 X133.168 Y172.981 E4100.81008
G0 F9000 X133.168 Y172.359
G1 F1800 X130.806 Y174.721 E4100.98118
G0 F9000 X130.184 Y174.72
G1 F1800 X133.168 Y171.736 E4101.19733
G0 F9000 X133.168 Y171.114
G1 F1800 X129.562 Y174.72 E4101.45854
G0 F9000 X128.94 Y174.72
G1 F1800 X133.168 Y170.492 E4101.7648
G0 F9000 X133.168 Y169.87
G1 F1800 X129.173 Y173.865 E4102.05418
G0 F9000 X129.26 Y173.156
G1 F1800 X133.168 Y169.247 E4102.3373
G0 F9000 X133.168 Y168.625
G1 F1800 X129.245 Y172.548 E4102.62147
G0 F9000 X129.13 Y172.04
G1 F1800 X133.168 Y168.003 E4102.91394
G0 F9000 X133.168 Y167.381
G1 F1800 X128.955 Y171.594 E4103.21911
G0 F9000 X128.726 Y171.2
G1 F1800 X133.168 Y166.758 E4103.54088
G0 F9000 X133.168 Y166.136
G1 F1800 X128.454 Y170.85 E4103.88235
G0 F9000 X128.16 Y170.522
G1 F1800 X133.168 Y165.514 E4104.24511
G0 F9000 X133.168 Y164.892
G1 F1800 X127.798 Y170.262 E4104.6341
G0 F9000 X127.409 Y170.029
G1 F1800 X133.168 Y164.269 E4105.0513
G0 F9000 X133.168 Y163.647
G1 F1800 X126.95 Y169.865 E4105.50171
G0 F9000 X126.446 Y169.747
G1 F1800 X133.168 Y163.025 E4105.98863
G0 F9000 X133.168 Y162.403
G1 F1800 X125.837 Y169.734 E4106.51966
G0 F9000 X125.102 Y169.846
G1 F1800 X133.168 Y161.78 E4107.10394
G0 F9000 X133.168 Y161.158
G1 F1800 X123.776 Y170.55 E4107.78427
G0 F9000 X123.776 Y169.928
G1 F1800 X133.168 Y160.536 E4108.46459
G0 F9000 X133.168 Y159.914
G1 F1800 X123.776 Y169.305 E4109.14488
G0 F9000 X123.776 Y168.683
G1 F1800 X133.168 Y159.291 E4109.82521
G0 F9000 X133.168 Y158.669
G1 F1800 X123.776 Y168.061 E4110.50554
G0 F9000 X123.776 Y167.439
G1 F1800 X133.168 Y158.047 E4111.18587
G0 F9000 X133.168 Y157.425
G1 F1800 X123.776 Y166.816 E4111.86616
G0 F9000 X123.776 Y166.194
G1 F1800 X133.168 Y156.802 E4112.54648
G0 F9000 X133.168 Y156.18
G1 F1800 X123.776 Y165.572 E4113.22681
G0 F9000 X123.776 Y164.95
G1 F1800 X133.168 Y155.558 E4113.90714
G0 F9000 X133.168 Y154.936
G1 F1800 X123.776 Y164.327 E4114.58743
G0 F9000 X123.776 Y163.705
G1 F1800 X133.168 Y154.313 E4115.26776
G0 F9000 X133.168 Y153.691
G1 F1800 X123.776 Y163.083 E4115.94808
G0 F9000 X123.776 Y162.461
G1 F1800 X133.168 Y153.069 E4116.62841
G0 F9000 X133.168 Y152.447
G1 F1800 X123.776 Y161.838 E4117.3087
G0 F9000 X123.776 Y161.216
G1 F1800 X133.168 Y151.824 E4117.98903
G0 F9000 X133.168 Y151.202
G1 F1800 X123.776 Y160.594 E4118.66936
G0 F9000 X123.776 Y159.972
G1 F1800 X133.168 Y150.58 E4119.34968
G0 F9000 X133.168 Y149.958
G1 F1800 X123.776 Y159.349 E4120.02997
G0 F9000 X123.776 Y158.727
G1 F1800 X133.168 Y149.335 E4120.7103
G0 F9000 X133.168 Y148.713
G1 F1800 X123.776 Y158.105 E4121.39063
G0 F9000 X123.776 Y157.483
G1 F1800 X133.168 Y148.091 E4122.07096
G0 F9000 X133.168 Y147.469
G1 F1800 X123.776 Y156.86 E4122.75125
G0 F9000 X123.776 Y156.238
G1 F1800 X133.168 Y146.846 E4123.43157
G0 F9000 X133.168 Y146.224
G1 F1800 X123.776 Y155.616 E4124.1119
G0 F9000 X123.776 Y154.994
G1 F1800 X133.168 Y145.602 E4124.79223
G0 F9000 X133.168 Y144.98
G1 F1800 X123.776 Y154.371 E4125.47252
G0 F9000 X123.776 Y153.749
G1 F1800 X133.168 Y144.357 E4126.15285
G0 F9000 X133.168 Y143.735
G1 F1800 X123.776 Y153.127 E4126.83317
G0 F9000 X123.776 Y152.505
G1 F1800 X133.168 Y143.113 E4127.5135
G0 F9000 X133.168 Y142.491
G1 F1800 X123.776 Y151.882 E4128.19379
G0 F9000 X123.776 Y151.26
G1 F1800 X133.168 Y141.868 E4128.87412
G0 F9000 X133.168 Y141.246
G1 F1800 X123.776 Y150.638 E4129.55445
G0 F9000 X123.776 Y150.016
G1 F1800 X133.168 Y140.624 E4130.23477
G0 F9000 X133.168 Y140.001
G1 F1800 X123.776 Y149.393 E4130.9151
G0 F9000 X123.776 Y148.771
G1 F1800 X133.168 Y139.379 E4131.59543
G0 F9000 X133.168 Y138.757
G1 F1800 X123.776 Y148.149 E4132.27575
G0 F9000 X123.776 Y147.527
G1 F1800 X133.168 Y138.135 E4132.95608
G0 F9000 X133.168 Y137.512
G1 F1800 X123.776 Y146.904 E4133.63641
G0 F9000 X123.776 Y146.282
G1 F1800 X133.168 Y136.89 E4134.31674
G0 F9000 X133.168 Y136.268
G1 F1800 X123.776 Y145.66 E4134.99706
G0 F9000 X123.776 Y145.038
G1 F1800 X133.168 Y135.646 E4135.67739
G0 F9000 X133.168 Y135.023
G1 F1800 X123.776 Y144.415 E4136.35772
G0 F9000 X123.776 Y143.793
G1 F1800 X133.168 Y134.401 E4137.03804
G0 F9000 X133.168 Y133.779
G1 F1800 X123.776 Y143.171 E4137.71837
G0 F9000 X123.776 Y142.548
G1 F1800 X133.168 Y133.157 E4138.39866
G0 F9000 X133.168 Y132.534
G1 F1800 X123.776 Y141.926 E4139.07899
G0 F9000 X123.776 Y141.304
G1 F1800 X133.168 Y131.912 E4139.75932
G0 F9000 X133.168 Y131.29
G1 F1800 X123.776 Y140.682 E4140.43964
G0 F9000 X123.776 Y140.059
G1 F1800 X133.168 Y130.668 E4141.11994
G0 F9000 X133.168 Y130.045
G1 F1800 X123.776 Y139.437 E4141.80026
G0 F9000 X123.776 Y138.815
G1 F1800 X133.168 Y129.423 E4142.48059
G0 F9000 X133.168 Y128.801
G1 F1800 X123.776 Y138.193 E4143.16092
G0 F9000 X123.776 Y137.57
G1 F1800 X133.168 Y128.179 E4143.84121
G0 F9000 X133.168 Y127.556
G1 F1800 X123.776 Y136.948 E4144.52153
G0 F9000 X123.776 Y136.326
G1 F1800 X133.168 Y126.934 E4145.20186
G0 F9000 X133.168 Y126.312
G1 F1800 X123.776 Y135.704 E4145.88219
G0 F9000 X123.776 Y135.081
G1 F1800 X133.168 Y125.69 E4146.56248
G0 F9000 X132.959 Y125.276
G1 F1800 X123.776 Y134.459 E4147.22767
G0 F9000 X123.776 Y133.837
G1 F1800 X128.215 Y129.398 E4147.54922
G0 F9000 X128.476 Y129.137
G1 F1800 X132.337 Y125.276 E4147.82889
G0 F9000 X131.716 Y125.275
G1 F1800 X129.176 Y127.815 E4148.01288
G0 F9000 X129.266 Y127.102
G1 F1800 X131.094 Y125.275 E4148.14526
G0 F9000 X130.473 Y125.274
G1 F1800 X129.242 Y126.504 E4148.2344
G0 F9000 X129.118 Y126.006
G1 F1800 X129.85 Y125.274 E4148.28742
G0 F9000 X129.229 Y125.273
G1 F1800 X128.937 Y125.564 E4148.30853
G1 F1500 E4146.30853
G0 F9000 X127.249 Y126.519
G0 X126.295 Y128.304
G0 X126.822 Y130.168
G1 F1500 E4148.30853
G1 F1800 X123.776 Y133.215 E4148.52921
G0 F9000 X123.776 Y132.592
G1 F1800 X126.083 Y130.286 E4148.69629
G0 F9000 X125.514 Y130.232
G1 F1800 X123.776 Y131.97 E4148.82218
G0 F9000 X123.776 Y131.348
G1 F1800 X125.012 Y130.112 E4148.91172
G0 F9000 X124.56 Y129.941
G1 F1800 X123.776 Y130.726 E4148.96854
G0 F9000 X123.776 Y130.103
G1 F1800 X124.157 Y129.722 E4148.99614
G1 F1500 E4146.99614
G0 F9000 X167.16 Y175.34
;TYPE:WALL-INNER
G1 F1500 E4148.99614
G1 F1800 X176.84 Y175.34 E4149.49196
G1 X176.84 Y124.66 E4152.08782
G1 X167.16 Y124.66 E4152.58363
G1 X167.16 Y175.34 E4155.17949
G0 F9000 X166.72 Y175.78
;TYPE:WALL-OUTER
G1 F1800 X177.28 Y175.78 E4155.72038
G1 X177.28 Y124.22 E4158.36132
G92 E0
G1 X166.72 Y124.22 E0.54089
G1 X166.72 Y175.78 E3.18182
G0 F9000 X167.556 Y174.944
;TYPE:SKIN
G1 F1800 X167.556 Y125.056 E5.73712
G1 X176.444 Y125.056 E6.19237
G1 X176.444 Y174.944 E8.74766
G1 X167.556 Y174.944 E9.20291
G1 F1500 E7.20291
G0 F9000 X167.556 Y176.665
G0 X175.605 Y176.665
G0 X175.605 Y174.724
G1 F1500 E9.20291
G1 F1800 X176.224 Y174.105 E9.24775
G0 F9000 X176.224 Y173.482
G1 F1800 X174.983 Y174.724 E9.33768
G0 F9000 X174.361 Y174.724
G1 F1800 X176.224 Y172.86 E9.47266
G0 F9000 X176.224 Y172.238
G1 F1800 X173.738 Y174.724 E9.65274
G0 F9000 X173.116 Y174.724
G1 F1800 X176.224 Y171.616 E9.87788
G0 F9000 X176.224 Y170.993
G1 F1800 X172.494 Y174.724 E10.1481
G0 F9000 X171.871 Y174.724
G1 F1800 X176.224 Y170.371 E10.46342
G0 F9000 X176.224 Y169.749
G1 F1800 X171.249 Y174.724 E10.82379
G0 F9000 X170.627 Y174.724
G1 F1800 X176.224 Y169.127 E11.22922
G0 F9000 X176.224 Y168.504
G1 F1800 X170.005 Y174.724 E11.67974
G0 F9000 X169.382 Y174.724
G1 F1800 X176.224 Y167.882 E12.17536
G0 F9000 X176.224 Y167.26
G1 F1800 X168.76 Y174.724 E12.71603
G0 F9000 X168.138 Y174.724
G1 F1800 X176.224 Y166.637 E13.30179
G0 F9000 X176.224 Y166.015
G1 F1800 X167.776 Y174.464 E13.91377
G0 F9000 X167.776 Y173.841
G1 F1800 X176.224 Y165.393 E14.52572
G0 F9000 X176.224 Y164.771
G1 F1800 X167.776 Y173.219 E15.13766
G0 F9000 X167.776 Y172.597
G1 F1800 X176.224 Y164.148 E15.74965
G0 F9000 X176.224 Y163.526
G1 F1800 X167.776 Y171.975 E16.36163
G0 F9000 X167.776 Y171.352
G1 F1800 X176.224 Y162.904 E16.97358
G0 F9000 X176.224 Y162.282
G1 F1800 X167.776 Y170.73 E17.58552
G0 F9000 X167.776 Y170.108
G1 F1800 X176.224 Y161.659 E18.1975
G0 F9000 X176.224 Y161.037
G1 F1800 X167.776 Y169.486 E18.80949
G0 F9000 X167.776 Y168.863
G1 F1800 X176.224 Y160.415 E19.42143
G0 F9000 X176.224 Y159.793
G1 F1800 X167.776 Y168.241 E20.03338
G0 F9000 X167.776 Y167.619
G1 F1800 X176.224 Y159.17 E20.64536
G0 F9000 X176.224 Y158.548
G1 F1800 X167.776 Y166.997 E21.25735
G0 F9000 X167.776 Y166.374
G1 F1800 X176.224 Y157.926 E21.86929
G0 F9000 X176.224 Y157.304
G1 F1800 X167.776 Y165.752 E22.48124
G0 F9000 X167.776 Y165.13
G1 F1800 X176.224 Y156.681 E23.09322
G0 F9000 X176.224 Y156.059
G1 F1800 X167.776 Y164.508 E23.70521
G0 F9000 X167.776 Y163.885
G1 F1800 X176.224 Y155.437 E24.31715
G0 F9000 X176.224 Y154.815
G1 F1800 X167.776 Y163.263 E24.9291
G0 F9000 X167.776 Y162.641
G1 F1800 X176.224 Y154.192 E25.54108
G0 F9000 X176.224 Y153.57
G1 F1800 X167.776 Y162.019 E26.15307
G0 F9000 X167.776 Y161.396
G1 F1800 X176.224 Y152.948 E26.76501
G0 F9000 X176.224 Y152.326
G1 F1800 X167.776 Y160.774 E27.37696
G0 F9000 X167.776 Y160.152
G1 F1800 X176.224 Y151.703 E27.98894
G0 F9000 X176.224 Y151.081
G1 F1800 X167.776 Y159.53 E28.60093
G0 F9000 X167.776 Y158.907
G1 F1800 X176.224 Y150.459 E29.21287
G0 F9000 X176.224 Y149.837
G1 F1800 X167.776 Y158.285 E29.82482
G0 F9000 X167.776 Y157.663
G1 F1800 X176.224 Y149.214 E30.4368
G0 F9000 X176.224 Y148.592
G1 F1800 X167.776 Y157.041 E31.04879
G0 F9000 X167.776 Y156.418
G1 F1800 X176.224 Y147.97 E31.66073
G0 F9000 X176.224 Y147.348
G1 F1800 X167.776 Y155.796 E32.27268
G0 F9000 X167.776 Y155.174
G1 F1800 X176.224 Y146.725 E32.88466
G0 F9000 X176.224 Y146.103
G1 F1800 X167.776 Y154.552 E33.49664
G0 F9000 X167.776 Y153.929
G1 F1800 X176.224 Y145.481 E34.10859
G0 F9000 X176.224 Y144.859
G1 F1800 X167.776 Y153.307 E34.72054
G0 F9000 X167.776 Y152.685
G1 F1800 X176.224 Y144.236 E35.33252
G0 F9000 X176.224 Y143.614
G1 F1800 X167.776 Y152.063 E35.9445
G0 F9000 X167.776 Y151.44
G1 F1800 X176.224 Y142.992 E36.55645
G0 F9000 X176.224 Y142.37
G1 F1800 X167.776 Y150.818 E37.1684
G0 F9000 X167.776 Y150.196
G1 F1800 X176.224 Y141.747 E37.78038
G0 F9000 X176.224 Y141.125
G1 F1800 X167.776 Y149.574 E38.39236
G0 F9000 X167.776 Y148.951
G1 F1800 X176.224 Y140.503 E39.00431
G0 F9000 X176.224 Y139.881
G1 F1800 X167.776 Y148.329 E39.61626
G0 F9000 X167.776 Y147.707
G1 F1800 X176.224 Y139.258 E40.22824
G0 F9000 X176.224 Y138.636
G1 F1800 X167.776 Y147.085 E40.84022
G0 F9000 X167.776 Y146.462
G1 F1800 X176.224 Y138.014 E41.45217
G0 F9000 X176.224 Y137.392
G1 F1800 X167.776 Y145.84 E42.06412
G0 F9000 X167.776 Y145.218
G1 F1800 X176.224 Y136.769 E42.6761
G0 F9000 X176.224 Y136.147
G1 F1800 X167.776 Y144.596 E43.28808
G0 F9000 X167.776 Y143.973
G1 F1800 X176.224 Y135.525 E43.90003
G0 F9000 X176.224 Y134.903
G1 F1800 X167.776 Y143.351 E44.51198
G0 F9000 X167.776 Y142.729
G1 F1800 X176.224 Y134.28 E45.12396
G0 F9000 X176.224 Y133.658
G1 F1800 X167.776 Y142.107 E45.73594
G0 F9000 X167.776 Y141.484
G1 F1800 X176.224 Y133.036 E46.34789
G0 F9000 X176.224 Y132.414
G1 F1800 X167.776 Y140.862 E46.95984
G0 F9000 X167.776 Y140.24
G1 F1800 X176.224 Y131.791 E47.57182
G0 F9000 X176.224 Y131.169
G1 F1800 X167.776 Y139.618 E48.1838
G0 F9000 X167.776 Y138.995
G1 F1800 X176.224 Y130.547 E48.79575
G0 F9000 X176.224 Y129.925
G1 F1800 X167.776 Y138.373 E49.40769
G0 F9000 X167.776 Y137.751
G1 F1800 X176.224 Y129.302 E50.01968
G0 F9000 X176.224 Y128.68
G1 F1800 X167.776 Y137.129 E50.63166
G0 F9000 X167.776 Y136.506
G1 F1800 X176.224 Y128.058 E51.24361
G0 F9000 X176.224 Y127.435
G1 F1800 X167.776 Y135.884 E51.85559
G0 F9000 X167.776 Y135.262
G1 F1800 X176.224 Y126.813 E52.46757
G0 F9000 X176.224 Y126.191
G1 F1800 X167.776 Y134.639 E53.07952
G0 F9000 X167.776 Y134.017
G1 F1800 X176.224 Y125.569 E53.69147
G0 F9000 X175.895 Y125.276
G1 F1800 X167.776 Y133.395 E54.27958
G0 F9000 X167.776 Y132.773
G1 F1800 X175.273 Y125.276 E54.82264
G0 F9000 X174.65 Y125.276
G1 F1800 X167.776 Y132.15 E55.32057
G0 F9000 X167.776 Y131.528
G1 F1800 X174.028 Y125.276 E55.77345
G0 F9000 X173.406 Y125.276
G1 F1800 X167.776 Y130.906 E56.18127
G0 F9000 X167.776 Y130.284
G1 F1800 X172.784 Y125.276 E56.54403
G0 F9000 X172.161 Y125.276
G1 F1800 X167.776 Y129.661 E56.86167
G0 F9000 X167.776 Y129.039
G1 F1800 X171.539 Y125.276 E57.13425
G0 F9000 X170.917 Y125.276
G1 F1800 X167.776 Y128.417 E57.36177
G0 F9000 X167.776 Y127.795
G1 F1800 X170.295 Y125.276 E57.54424
G0 F9000 X169.672 Y125.276
G1 F1800 X167.776 Y127.172 E57.68158
G0 F9000 X167.776 Y126.55
G1 F1800 X169.05 Y125.276 E57.77386
G0 F9000 X168.428 Y125.276
G1 F1800 X167.776 Y125.928 E57.82109
G1 F1500 E55.82109
;MESH:NONMESH
G0 F300 Z8.12
G0 F9000 X123.255 Y126.666
;TIME_ELAPSED:3732.536132
;LAYER:28
;TYPE:WALL-INNER
;MESH:custom_clip.stl
G1 F1500 E57.82109
G1 F1275.4 X123.246 Y126.828 E57.83282
G1 F1271.3 X123.256 Y127.262 E57.86431
G1 F1189.2 X123.287 Y127.668 E57.89587
G0 F9000 X123.255 Y126.666
G1 F1245.3 X123.352 Y126.22 E57.92967
G1 F1235.6 X123.469 Y125.892 E57.95565
G1 X123.635 Y125.57 E57.98268
G1 X123.834 Y125.275 E58.00924
G1 X124.121 Y124.975 E58.04022
G1 X124.386 Y124.761 E58.06563
G1 X123.26 Y124.76 E58.14966
G1 F1245.3 X123.255 Y126.666 E58.29077
G1 F1500 E56.29077
G0 F9000 X123.255 Y172.666
G1 F1500 E58.29077
G1 F1275.4 X123.246 Y172.828 E58.3025
G1 F1261.1 X123.261 Y173.351 E58.34075
G1 F1500 E56.34075
G0 F9000 X124.341 Y175.237
G1 F1500 E58.34075
G1 F1289.9 X123.835 Y174.733 E58.3918
G1 F1458.6 X123.625 Y174.251 E58.42503
G1 F1872.3 X123.477 Y173.739 E58.45127
G1 F1936.4 X123.407 Y173.647 E58.45678
G1 F1442.6 X123.261 Y173.351 E58.47787
G1 F1571.4 X123.124 Y173.799 E58.50536
G1 F1872.3 X123.181 Y174.378 E58.53401
G1 F1404.3 X123.263 Y174.914 E58.56961
G1 F1227.9 X123.263 Y175.237 E58.59386
G1 F1249.2 X124.341 Y175.237 E58.67342
G1 F1500 E56.67342
G0 F9000 X133.092 Y175.34
G1 F1500 E58.67342
G1 F1800 X133.092 Y124.66 E61.26928
G1 X127.266 Y124.661 E61.56769
G1 X127.543 Y124.832 E61.58437
G1 X127.835 Y125.06 E61.60334
G1 X128.229 Y125.514 E61.63413
G1 X128.47 Y126.016 E61.66265
G1 X128.569 Y126.322 E61.67913
G1 X128.668 Y126.771 E61.70268
G1 X128.631 Y127.47 E61.73853
G1 X128.467 Y127.982 E61.76607
G1 X128.275 Y128.41 E61.7901
G1 X127.927 Y128.831 E61.81807
G1 X127.642 Y129.101 E61.83818
G1 X127.259 Y129.339 E61.86128
G1 X126.949 Y129.483 E61.87879
G1 X126.624 Y129.585 E61.89623
G1 X126.372 Y129.633 E61.90937
G1 X125.918 Y129.668 E61.9327
G1 X125.417 Y129.603 E61.95857
G1 X124.927 Y129.445 E61.98494
G1 X124.4 Y129.15 E62.01588
G1 X124.016 Y128.77 E62.04355
G1 X123.807 Y128.505 E62.06084
G1 X123.643 Y128.24 E62.0768
G1 X123.588 Y128.132 E62.08301
G1 F1571.4 X123.279 Y127.656 E62.1163
G1 X123.16 Y128.212 E62.14966
G1 F1800 X123.16 Y172.205 E64.40301
G1 F1480.4 X123.255 Y172.666 E64.43232
G1 X123.447 Y172.252 E64.46075
G1 F1800 X123.559 Y171.936 E64.47792
G1 X123.675 Y171.7 E64.49139
G1 X123.918 Y171.324 E64.51432
G1 X124.257 Y170.987 E64.5388
G1 X124.564 Y170.747 E64.55876
G1 X124.966 Y170.549 E64.58171
G1 X125.41 Y170.385 E64.60596
G1 X125.966 Y170.34 E64.63453
G1 X126.342 Y170.354 E64.6538
G1 X126.748 Y170.445 E64.67511
G1 X127.146 Y170.588 E64.69678
G1 X127.544 Y170.832 E64.72069
G1 X127.834 Y171.06 E64.73958
G1 X128.229 Y171.513 E64.77037
G1 X128.52 Y172.12 E64.80485
G1 X128.667 Y172.764 E64.83868
G1 X128.636 Y173.477 E64.87524
G1 X128.467 Y173.982 E64.90251
G1 X128.274 Y174.413 E64.9267
G1 X127.927 Y174.831 E64.95453
G1 X127.646 Y175.099 E64.97442
G1 X127.259 Y175.339 E64.99774
G1 X133.092 Y175.34 E65.29651
G0 F9000 X133.532 Y175.78
;TYPE:WALL-OUTER
G1 F1800 X133.532 Y124.22 E67.93745
G1 F1783.8 X126.755 Y124.223 E68.28772
G1 F1650 X126.366 Y124.256 E68.30954
G1 F1565.2 X125.894 Y124.25 E68.33734
G1 F1552.9 X125.504 Y124.259 E68.3605
G1 F1650 X124.986 Y124.22 E68.38953
G1 F1800 X122.72 Y124.22 E68.50559
G1 X122.721 Y175.779 E71.14648
G1 X125.009 Y175.78 E71.26367
G1 F1643.2 X125.497 Y175.738 E71.29115
G1 F1546.9 X125.968 Y175.751 E71.31924
G1 F1565.2 X126.344 Y175.744 E71.34139
G1 F1629.6 X126.673 Y175.772 E71.36007
G1 F1763.9 X126.926 Y175.78 E71.3733
G1 F1800 X133.532 Y175.78 E71.71166
G1 F1500 E69.71166
G0 F9000 X125.936 Y175.253
G1 F1500 E71.71166
G1 F1549.9 X125.53 Y175.216 E71.73591
G1 F1643.2 X125.084 Y175.029 E71.76305
G1 F1800 X124.668 Y174.796 E71.78747
G1 X124.357 Y174.492 E71.80975
G1 X124.181 Y174.273 E71.82414
G1 X123.998 Y173.972 E71.84218
G1 X123.856 Y173.606 E71.86229
G1 X123.792 Y173.236 E71.88152
G1 X123.772 Y172.828 E71.90245
G1 X123.863 Y172.393 E71.92521
G1 X123.954 Y172.13 E71.93946
G1 X124.084 Y171.87 E71.95435
G1 X124.252 Y171.617 E71.96991
G1 X124.528 Y171.334 E71.99016
G1 X124.82 Y171.111 E72.00898
G1 X125.119 Y170.961 E72.02611
G1 X125.503 Y170.819 E72.04708
G1 X125.919 Y170.78 E72.06848
G1 X126.304 Y170.797 E72.08822
G1 X126.612 Y170.865 E72.10438
G1 X126.973 Y170.998 E72.12408
G1 X127.272 Y171.178 E72.14196
G1 X127.542 Y171.395 E72.1597
G1 X127.87 Y171.782 E72.18569
G1 X128.104 Y172.261 E72.21299
G1 X128.225 Y172.809 E72.24174
G1 X128.199 Y173.399 E72.27199
G1 X128.074 Y173.781 E72.29257
G1 X127.897 Y174.178 E72.31484
G1 X127.644 Y174.491 E72.33545
G1 X127.355 Y174.762 E72.35574
G1 X127.068 Y174.943 E72.37312
G1 X126.836 Y175.055 E72.38632
G1 F1740.7 X126.544 Y175.167 E72.40288
G1 F1609.8 X126.292 Y175.237 E72.41786
G1 F1565.2 X125.936 Y175.253 E72.43885
G1 F1500 E70.43885
G0 F9000 X125.907 Y129.223
G1 F1500 E72.43885
G1 F1800 X125.496 Y129.166 E72.46011
G1 X125.124 Y129.046 E72.48013
G1 X124.666 Y128.794 E72.5069
G1 X124.357 Y128.492 E72.52904
G1 X124.181 Y128.273 E72.54343
G1 X123.998 Y127.972 E72.56147
G1 X123.858 Y127.612 E72.58125
G1 X123.792 Y127.236 E72.60081
G1 X123.772 Y126.828 E72.62173
G1 X123.863 Y126.393 E72.64449
G1 X123.954 Y126.13 E72.65875
G1 X124.084 Y125.87 E72.67364
G1 X124.261 Y125.605 E72.68996
G1 X124.528 Y125.334 E72.70945
G1 X124.82 Y125.111 E72.72827
G1 X125.096 Y124.971 E72.74412
G1 F1650 X125.528 Y124.777 E72.77058
G1 F1552.9 X125.917 Y124.75 E72.79373
G1 F1565.2 X126.311 Y124.762 E72.81695
G1 F1629.6 X126.614 Y124.856 E72.8349
G1 F1760 X126.973 Y124.998 E72.85512
G1 F1800 X127.272 Y125.178 E72.873
G1 X127.543 Y125.395 E72.89078
G1 X127.87 Y125.782 E72.91673
G1 X128.104 Y126.261 E72.94403
G1 X128.225 Y126.809 E72.97278
G1 X128.197 Y127.394 E73.00278
G1 X128.074 Y127.781 E73.02358
G1 X127.897 Y128.178 E73.04584
G1 X127.644 Y128.491 E73.06646
G1 X127.355 Y128.762 E73.08675
G1 X127.068 Y128.943 E73.10413
G1 X126.836 Y129.055 E73.11732
G1 X126.542 Y129.153 E73.1332
G1 X126.263 Y129.204 E73.14772
G1 X125.907 Y129.223 E73.16599
G1 F1500 E71.16599
G0 F9000 X132.696 Y174.944
;TYPE:SKIN
G1 F1500 E73.16599
G1 F1800 X128.35 Y174.944 E73.38859
G1 X128.617 Y174.614 E73.41033
G1 X128.825 Y174.151 E73.43633
G1 X129.027 Y173.544 E73.4691
G1 X129.056 Y172.701 E73.5123
G1 X128.95 Y172.215 E73.53778
G1 X128.826 Y171.835 E73.55825
G1 X128.557 Y171.293 E73.58925
G1 X128.119 Y170.784 E73.62364
G1 X127.789 Y170.519 E73.64532
G1 X127.34 Y170.24 E73.6724
G1 X126.875 Y170.068 E73.69779
G1 X126.412 Y169.965 E73.72209
G1 X125.955 Y169.944 E73.74552
G1 X125.32 Y169.99 E73.77813
G1 X124.827 Y170.173 E73.80507
G1 X124.379 Y170.39 E73.83056
G1 X124.012 Y170.67 E73.85421
G1 X123.556 Y171.124 E73.88717
G1 X123.557 Y128.827 E76.05364
G1 X123.702 Y129.016 E76.06584
G1 X124.159 Y129.471 E76.09888
G1 X124.788 Y129.814 E76.13557
G1 X125.346 Y129.991 E76.16556
G1 X125.886 Y130.063 E76.19346
G1 X126.426 Y130.024 E76.22119
G1 X126.808 Y129.947 E76.24115
G1 X127.178 Y129.816 E76.26126
G1 X127.43 Y129.694 E76.2756
G1 X127.906 Y129.398 E76.30431
G1 X128.278 Y129.034 E76.33097
G1 X128.618 Y128.612 E76.35872
G1 X128.87 Y128.032 E76.39111
G1 X129.017 Y127.57 E76.41595
G1 X129.066 Y126.73 E76.45905
G1 X128.951 Y126.23 E76.48533
G1 X128.851 Y125.903 E76.50284
G1 X128.561 Y125.288 E76.53767
G1 X128.357 Y125.056 E76.55349
G1 X132.696 Y125.056 E76.77574
G1 X132.696 Y174.944 E79.33103
G1 F1500 E77.33103
G0 F9000 X123.848 Y170.517
G1 F1500 E79.33103
G1 F1800 X123.777 Y170.446 E79.33617
G0 F9000 X124.198 Y170.244
G1 F1800 X123.777 Y169.824 E79.36663
G0 F9000 X123.777 Y169.201
G1 F1800 X124.608 Y170.033 E79.42686
G0 F9000 X125.053 Y169.855
G1 F1800 X123.777 Y168.579 E79.51929
G0 F9000 X123.777 Y167.957
G1 F1800 X125.572 Y169.752 E79.64932
G0 F9000 X126.176 Y169.734
G1 F1800 X123.777 Y167.335 E79.82309
G0 F9000 X123.777 Y166.712
G1 F1800 X126.918 Y169.853 E80.05062
G1 F1500 E78.05062
G0 F9000 X129.134 Y172.069
G1 F1500 E80.05062
G1 F1800 X131.788 Y174.723 E80.24287
G0 F9000 X132.41 Y174.723
G1 F1800 X123.777 Y166.09 E80.86821
G0 F9000 X123.777 Y165.468
G1 F1800 X132.476 Y174.167 E81.49834
G0 F9000 X132.476 Y173.545
G1 F1800 X123.777 Y164.846 E82.12847
G0 F9000 X123.777 Y164.223
G1 F1800 X132.476 Y172.922 E82.7586
G0 F9000 X132.476 Y172.3
G1 F1800 X123.777 Y163.601 E83.38873
G0 F9000 X123.777 Y162.979
G1 F1800 X132.476 Y171.678 E84.01886
G0 F9000 X132.476 Y171.055
G1 F1800 X123.777 Y162.357 E84.64895
G0 F9000 X123.777 Y161.734
G1 F1800 X132.476 Y170.433 E85.27908
G0 F9000 X132.476 Y169.811
G1 F1800 X123.777 Y161.112 E85.9092
G0 F9000 X123.777 Y160.49
G1 F1800 X132.476 Y169.189 E86.53933
G0 F9000 X132.476 Y168.566
G1 F1800 X123.777 Y159.868 E87.16943
G0 F9000 X123.777 Y159.245
G1 F1800 X132.476 Y167.944 E87.79955
G0 F9000 X132.476 Y167.322
G1 F1800 X123.777 Y158.623 E88.42968
G0 F9000 X123.777 Y158.001
G1 F1800 X132.476 Y166.7 E89.05981
G0 F9000 X132.476 Y166.077
G1 F1800 X123.777 Y157.379 E89.6899
G0 F9000 X123.777 Y156.756
G1 F1800 X132.476 Y165.455 E90.32003
G0 F9000 X132.476 Y164.833
G1 F1800 X123.777 Y156.134 E90.95016
G0 F9000 X123.777 Y155.512
G1 F1800 X132.476 Y164.211 E91.58029
G0 F9000 X132.476 Y163.588
G1 F1800 X123.777 Y154.89 E92.21038
G0 F9000 X123.777 Y154.267
G1 F1800 X132.476 Y162.966 E92.84051
G0 F9000 X132.476 Y162.344
G1 F1800 X123.777 Y153.645 E93.47064
G0 F9000 X123.777 Y153.023
G1 F1800 X132.476 Y161.722 E94.10077
G0 F9000 X132.476 Y161.099
G1 F1800 X123.777 Y152.401 E94.73086
G0 F9000 X123.777 Y151.778
G1 F1800 X132.476 Y160.477 E95.36099
G0 F9000 X132.476 Y159.855
G1 F1800 X123.777 Y151.156 E95.99111
G0 F9000 X123.777 Y150.534
G1 F1800 X132.476 Y159.233 E96.62124
G0 F9000 X132.476 Y158.61
G1 F1800 X123.776 Y149.911 E97.25141
G0 F9000 X123.776 Y149.289
G1 F1800 X132.476 Y157.988 E97.88157
G0 F9000 X132.476 Y157.366
G1 F1800 X123.776 Y148.666 E98.51177
G0 F9000 X123.776 Y148.044
G1 F1800 X132.476 Y156.744 E99.14197
G0 F9000 X132.476 Y156.121
G1 F1800 X123.776 Y147.422 E99.77214
G0 F9000 X123.776 Y146.8
G1 F1800 X132.476 Y155.499 E100.4023
G0 F9000 X132.476 Y154.877
G1 F1800 X123.776 Y146.177 E101.0325
G0 F9000 X123.776 Y145.555
G1 F1800 X132.476 Y154.255 E101.6627
G0 F9000 X132.476 Y153.632
G1 F1800 X123.776 Y144.933 E102.29287
G0 F9000 X123.776 Y144.311
G1 F1800 X132.476 Y153.01 E102.92303
G0 F9000 X132.476 Y152.388
G1 F1800 X123.776 Y143.688 E103.55323
G0 F9000 X123.776 Y143.066
G1 F1800 X132.476 Y151.766 E104.18344
G0 F9000 X132.476 Y151.143
G1 F1800 X123.776 Y142.444 E104.8136
G0 F9000 X123.776 Y141.822
G1 F1800 X132.476 Y150.521 E105.44376
G0 F9000 X132.476 Y149.899
G1 F1800 X123.776 Y141.199 E106.07397
G0 F9000 X123.776 Y140.577
G1 F1800 X132.476 Y149.277 E106.70417
G0 F9000 X132.476 Y148.654
G1 F1800 X123.776 Y139.955 E107.33433
G0 F9000 X123.776 Y139.333
G1 F1800 X132.476 Y148.032 E107.9645
G0 F9000 X132.476 Y147.41
G1 F1800 X123.776 Y138.71 E108.5947
G0 F9000 X123.776 Y138.088
G1 F1800 X132.476 Y146.788 E109.2249
G0 F9000 X132.476 Y146.165
G1 F1800 X123.776 Y137.466 E109.85506
G0 F9000 X123.776 Y136.844
G1 F1800 X132.476 Y145.543 E110.48523
G0 F9000 X132.476 Y144.921
G1 F1800 X123.776 Y136.221 E111.11543
G0 F9000 X123.776 Y135.599
G1 F1800 X132.476 Y144.299 E111.74563
G0 F9000 X132.476 Y143.676
G1 F1800 X123.776 Y134.977 E112.37579
G0 F9000 X123.776 Y134.355
G1 F1800 X132.476 Y143.054 E113.00596
G0 F9000 X132.476 Y142.432
G1 F1800 X123.776 Y133.732 E113.63616
G0 F9000 X123.776 Y133.11
G1 F1800 X132.476 Y141.81 E114.26636
G0 F9000 X132.476 Y141.187
G1 F1800 X123.776 Y132.488 E114.89652
G0 F9000 X123.776 Y131.866
G1 F1800 X132.476 Y140.565 E115.52669
G0 F9000 X132.476 Y139.943
G1 F1800 X123.776 Y131.243 E116.15689
G0 F9000 X123.776 Y130.621
G1 F1800 X132.476 Y139.321 E116.78709
G0 F9000 X132.476 Y138.698
G1 F1800 X123.776 Y129.999 E117.41725
G0 F9000 X124.076 Y129.676
G1 F1800 X132.476 Y138.076 E118.02572
G0 F9000 X132.476 Y137.454
G1 F1800 X125.192 Y130.17 E118.55335
G0 F9000 X125.929 Y130.285
G1 F1800 X132.476 Y136.832 E119.0276
G0 F9000 X132.476 Y136.209
G1 F1800 X126.502 Y130.236 E119.4603
G0 F9000 X127.001 Y130.113
G1 F1800 X132.476 Y135.587 E119.85686
G0 F9000 X132.476 Y134.965
G1 F1800 X127.443 Y129.932 E120.22143
G0 F9000 X127.837 Y129.704
G1 F1800 X132.476 Y134.343 E120.55747
G0 F9000 X132.476 Y133.72
G1 F1800 X128.187 Y129.432 E120.86811
G0 F9000 X128.493 Y129.115
G1 F1800 X132.476 Y133.098 E121.15663
G0 F9000 X132.476 Y132.476
G1 F1800 X128.771 Y128.771 E121.42501
G0 F9000 X128.972 Y128.35
G1 F1800 X132.476 Y131.853 E121.67879
G0 F9000 X132.476 Y131.231
G1 F1800 X129.142 Y127.897 E121.92029
G0 F9000 X129.248 Y127.381
G1 F1800 X132.476 Y130.609 E122.15412
G0 F9000 X132.476 Y129.987
G1 F1800 X129.283 Y126.794 E122.38541
G0 F9000 X129.107 Y125.996
G1 F1800 X132.476 Y129.364 E122.62941
G0 F9000 X132.476 Y128.742
G1 F1800 X129.01 Y125.276 E122.88048
G0 F9000 X129.632 Y125.276
G1 F1800 X132.476 Y128.12 E123.08649
G0 F9000 X132.476 Y127.498
G1 F1800 X130.254 Y125.276 E123.24745
G0 F9000 X130.876 Y125.276
G1 F1800 X132.476 Y126.875 E123.36331
G0 F9000 X132.476 Y126.253
G1 F1800 X131.499 Y125.276 E123.43408
G0 F9000 X132.121 Y125.276
G1 F1800 X132.476 Y125.631 E123.45979
G1 F1500 E121.45979
G0 F9000 X129.276 Y172.834
G1 F1500 E123.45979
G1 F1800 X131.165 Y174.723 E123.59663
G0 F9000 X130.543 Y174.723
G1 F1800 X129.251 Y173.431 E123.69022
G0 F9000 X129.129 Y173.931
G1 F1800 X129.921 Y174.723 E123.74759
G0 F9000 X129.299 Y174.723
G1 F1800 X128.961 Y174.385 E123.77207
G1 F1500 E121.77207
G0 F9000 X167.16 Y175.34
;TYPE:WALL-INNER
G1 F1500 E123.77207
G1 F1800 X176.84 Y175.34 E124.26789
G1 X176.84 Y124.66 E126.86375
G1 X167.16 Y124.66 E127.35956
G1 X167.16 Y175.34 E129.95542
G0 F9000 X166.72 Y175.78
;TYPE:WALL-OUTER
G1 F1800 X177.28 Y175.78 E130.49631
G1 X177.28 Y124.22 E133.13725
G1 X166.72 Y124.22 E133.67814
G1 X166.72 Y175.78 E136.31907
G0 F9000 X167.556 Y174.944
;TYPE:SKIN
G1 F1800 X167.556 Y125.056 E138.87436
G1 X176.444 Y125.056 E139.32961
G1 X176.444 Y174.944 E141.88491
G1 X167.556 Y174.944 E142.34015
G0 F9000 X167.776 Y174.621
G1 F1800 X167.879 Y174.724 E142.34762
G0 F9000 X168.501 Y174.724
G1 F1800 X167.776 Y173.998 E142.40017
G0 F9000 X167.776 Y173.376
G1 F1800 X169.124 Y174.724 E142.49781
G0 F9000 X169.746 Y174.724
G1 F1800 X167.776 Y172.754 E142.64051
G0 F9000 X167.776 Y172.132
G1 F1800 X170.368 Y174.724 E142.82827
G0 F9000 X170.99 Y174.724
G1 F1800 X167.776 Y171.509 E143.06112
G0 F9000 X167.776 Y170.887
G1 F1800 X171.613 Y174.724 E143.33906
G0 F9000 X172.235 Y174.724
G1 F1800 X167.776 Y170.265 E143.66206
G0 F9000 X167.776 Y169.643
G1 F1800 X172.857 Y174.724 E144.03011
G0 F9000 X173.479 Y174.724
G1 F1800 X167.776 Y169.02 E144.44325
G0 F9000 X167.776 Y168.398
G1 F1800 X174.102 Y174.724 E144.90149
G0 F9000 X174.724 Y174.724
G1 F1800 X167.776 Y167.776 E145.40478
G0 F9000 X167.776 Y167.154
G1 F1800 X175.346 Y174.724 E145.95313
G0 F9000 X175.968 Y174.724
G1 F1800 X167.776 Y166.531 E146.54656
G0 F9000 X167.776 Y165.909
G1 F1800 X176.224 Y174.358 E147.15855
G0 F9000 X176.224 Y173.735
G1 F1800 X167.776 Y165.287 E147.77049
G0 F9000 X167.776 Y164.665
G1 F1800 X176.224 Y173.113 E148.38244
G0 F9000 X176.224 Y172.491
G1 F1800 X167.776 Y164.042 E148.99442
G0 F9000 X167.776 Y163.42
G1 F1800 X176.224 Y171.869 E149.60641
G0 F9000 X176.224 Y171.246
G1 F1800 X167.776 Y162.798 E150.21835
G0 F9000 X167.776 Y162.176
G1 F1800 X176.224 Y170.624 E150.8303
G0 F9000 X176.224 Y170.002
G1 F1800 X167.776 Y161.553 E151.44228
G0 F9000 X167.776 Y160.931
G1 F1800 X176.224 Y169.38 E152.05427
G0 F9000 X176.224 Y168.757
G1 F1800 X167.776 Y160.309 E152.66621
G0 F9000 X167.776 Y159.687
G1 F1800 X176.224 Y168.135 E153.27816
G0 F9000 X176.224 Y167.513
G1 F1800 X167.776 Y159.064 E153.89014
G0 F9000 X167.776 Y158.442
G1 F1800 X176.224 Y166.891 E154.50213
G0 F9000 X176.224 Y166.268
G1 F1800 X167.776 Y157.82 E155.11407
G0 F9000 X167.776 Y157.198
G1 F1800 X176.224 Y165.646 E155.72602
G0 F9000 X176.224 Y165.024
G1 F1800 X167.776 Y156.575 E156.338
G0 F9000 X167.776 Y155.953
G1 F1800 X176.224 Y164.402 E156.94999
G0 F9000 X176.224 Y163.779
G1 F1800 X167.776 Y155.331 E157.56193
G0 F9000 X167.776 Y154.709
G1 F1800 X176.224 Y163.157 E158.17388
G0 F9000 X176.224 Y162.535
G1 F1800 X167.776 Y154.086 E158.78586
G0 F9000 X167.776 Y153.464
G1 F1800 X176.224 Y161.913 E159.39784
G0 F9000 X176.224 Y161.29
G1 F1800 X167.776 Y152.842 E160.00979
G0 F9000 X167.776 Y152.22
G1 F1800 X176.224 Y160.668 E160.62174
G0 F9000 X176.224 Y160.046
G1 F1800 X167.776 Y151.597 E161.23372
G0 F9000 X167.776 Y150.975
G1 F1800 X176.224 Y159.424 E161.8457
G0 F9000 X176.224 Y158.801
G1 F1800 X167.776 Y150.353 E162.45765
G0 F9000 X167.776 Y149.731
G1 F1800 X176.224 Y158.179 E163.0696
G0 F9000 X176.224 Y157.557
G1 F1800 X167.776 Y149.108 E163.68158
G0 F9000 X167.776 Y148.486
G1 F1800 X176.224 Y156.935 E164.29356
G0 F9000 X176.224 Y156.312
G1 F1800 X167.776 Y147.864 E164.90551
G0 F9000 X167.776 Y147.242
G1 F1800 X176.224 Y155.69 E165.51746
G0 F9000 X176.224 Y155.068
G1 F1800 X167.776 Y146.619 E166.12944
G0 F9000 X167.776 Y145.997
G1 F1800 X176.224 Y154.446 E166.74142
G0 F9000 X176.224 Y153.823
G1 F1800 X167.776 Y145.375 E167.35337
G0 F9000 X167.776 Y144.753
G1 F1800 X176.224 Y153.201 E167.96532
G0 F9000 X176.224 Y152.579
G1 F1800 X167.776 Y144.13 E168.5773
G0 F9000 X167.776 Y143.508
G1 F1800 X176.224 Y151.957 E169.18928
G0 F9000 X176.224 Y151.334
G1 F1800 X167.776 Y142.886 E169.80123
G0 F9000 X167.776 Y142.264
G1 F1800 X176.224 Y150.712 E170.41318
G0 F9000 X176.224 Y150.09
G1 F1800 X167.776 Y141.641 E171.02516
G0 F9000 X167.776 Y141.019
G1 F1800 X176.224 Y149.468 E171.63714
G0 F9000 X176.224 Y148.845
G1 F1800 X167.776 Y140.397 E172.24909
G0 F9000 X167.776 Y139.775
G1 F1800 X176.224 Y148.223 E172.86104
G0 F9000 X176.224 Y147.601
G1 F1800 X167.776 Y139.152 E173.47302
G0 F9000 X167.776 Y138.53
G1 F1800 X176.224 Y146.979 E174.085
G0 F9000 X176.224 Y146.356
G1 F1800 X167.776 Y137.908 E174.69695
G0 F9000 X167.776 Y137.285
G1 F1800 X176.224 Y145.734 E175.30893
G0 F9000 X176.224 Y145.112
G1 F1800 X167.776 Y136.663 E175.92091
G0 F9000 X167.776 Y136.041
G1 F1800 X176.224 Y144.489 E176.53286
G0 F9000 X176.224 Y143.867
G1 F1800 X167.776 Y135.419 E177.14481
G0 F9000 X167.776 Y134.796
G1 F1800 X176.224 Y143.245 E177.75679
G0 F9000 X176.224 Y142.623
G1 F1800 X167.776 Y134.174 E178.36877
G0 F9000 X167.776 Y133.552
G1 F1800 X176.224 Y142 E178.98072
G0 F9000 X176.224 Y141.378
G1 F1800 X167.776 Y132.93 E179.59267
G0 F9000 X167.776 Y132.307
G1 F1800 X176.224 Y140.756 E180.20465
G0 F9000 X176.224 Y140.134
G1 F1800 X167.776 Y131.685 E180.81663
G0 F9000 X167.776 Y131.063
G1 F1800 X176.224 Y139.511 E181.42858
G0 F9000 X176.224 Y138.889
G1 F1800 X167.776 Y130.441 E182.04053
G0 F9000 X167.776 Y129.818
G1 F1800 X176.224 Y138.267 E182.65251
G0 F9000 X176.224 Y137.645
G1 F1800 X167.776 Y129.196 E183.26449
G0 F9000 X167.776 Y128.574
G1 F1800 X176.224 Y137.022 E183.87644
G0 F9000 X176.224 Y136.4
G1 F1800 X167.776 Y127.952 E184.48839
G0 F9000 X167.776 Y127.329
G1 F1800 X176.224 Y135.778 E185.10037
G0 F9000 X176.224 Y135.156
G1 F1800 X167.776 Y126.707 E185.71235
G0 F9000 X167.776 Y126.085
G1 F1800 X176.224 Y134.533 E186.3243
G0 F9000 X176.224 Y133.911
G1 F1800 X167.776 Y125.463 E186.93625
G0 F9000 X168.212 Y125.276
G1 F1800 X176.224 Y133.289 E187.51665
G0 F9000 X176.224 Y132.667
G1 F1800 X168.834 Y125.276 E188.05199
G0 F9000 X169.456 Y125.276
G1 F1800 X176.224 Y132.044 E188.54224
G0 F9000 X176.224 Y131.422
G1 F1800 X170.078 Y125.276 E188.98744
G0 F9000 X170.701 Y125.276
G1 F1800 X176.224 Y130.8 E189.38755
G0 F9000 X176.224 Y130.178
G1 F1800 X171.323 Y125.276 E189.74259
G0 F9000 X171.945 Y125.276
G1 F1800 X176.224 Y129.555 E190.05255
G0 F9000 X176.224 Y128.933
G1 F1800 X172.567 Y125.276 E190.31745
G0 F9000 X173.19 Y125.276
G1 F1800 X176.224 Y128.311 E190.53726
G0 F9000 X176.224 Y127.689
G1 F1800 X173.812 Y125.276 E190.71202
G0 F9000 X174.434 Y125.276
G1 F1800 X176.224 Y127.066 E190.84168
G0 F9000 X176.224 Y126.444
G1 F1800 X175.056 Y125.276 E190.92629
G0 F9000 X175.679 Y125.276
G1 F1800 X176.224 Y125.822 E190.9658
;TIME_ELAPSED:3843.590640
G1 F1500 E188.9658
M140 S0
M107
G91; relative positioning
 G1 Z1.0 F3000 ; move z up little to prevent scratching of print
 G90; absolute positioning
 G1 X0 Y200 F1000 ; prepare for part removal
 M104 S0; turn off extruder
 M140 S0 ; turn off bed
 G1 X0 Y300 F1000 ; prepare for part removal
 M84 ; disable motors
 M106 S0 ; turn off fan
M82 ;absolute extrusion mode
M104 S0
;End of Gcode
;SETTING_3 {"global_quality": "[general]\\nversion = 4\\nname = Low Quality #2\\
;SETTING_3 ndefinition = artillery_sidewinder_x1\\n\\n[metadata]\\ntype = qualit
;SETTING_3 y_changes\\nquality_type = low\\nsetting_version = 27\\n\\n[values]\\
;SETTING_3 nadhesion_type = brim\\n\\n", "extruder_quality": ["[general]\\nversi
;SETTING_3 on = 4\\nname = Low Quality #2\\ndefinition = artillery_base\\n\\n[me
;SETTING_3 tadata]\\ntype = quality_changes\\nquality_type = low\\nsetting_versi
;SETTING_3 on = 27\\nposition = 0\\n\\n[values]\\n\\n"]}
