solid OpenSCAD_Model
  facet normal 0 0 -1
    outer loop
      vertex -5.875 31.984455543377234 -3
      vertex -5 30.07339564756734 -3
      vertex -8.883767269704208 34.45726265715023 -3
    endloop
  endfacet
  facet normal 0 0 -1
    outer loop
      vertex -5.875 31.984455543377234 -3
      vertex -5 31.75 -3
      vertex -5 30.07339564756734 -3
    endloop
  endfacet
  facet normal 0 0 -1
    outer loop
      vertex -8.883767269704208 32.54273734284977 -3
      vertex -8.883767269704208 34.45726265715023 -3
      vertex -8.752361629554581 32.29236481383728 -3
    endloop
  endfacet
  facet normal 0 0 -1
    outer loop
      vertex -6.515544456622767 32.625 -3
      vertex -5.875 31.984455543377234 -3
      vertex -8.883767269704208 34.45726265715023 -3
    endloop
  endfacet
  facet normal 0 0 -1
    outer loop
      vertex -6.515544456622767 32.625 -3
      vertex -8.883767269704208 34.45726265715023 -3
      vertex -6.75 33.5 -3
    endloop
  endfacet
  facet normal 0 0 -1
    outer loop
      vertex -8.883767269704208 34.45726265715023 -3
      vertex -6.515544456622767 34.375 -3
      vertex -6.75 33.5 -3
    endloop
  endfacet
  facet normal 0 0 -1
    outer loop
      vertex -8.883767269704208 34.45726265715023 -3
      vertex -5.875 35.01554445662277 -3
      vertex -6.515544456622767 34.375 -3
    endloop
  endfacet
  facet normal 0 0 -1
    outer loop
      vertex -8.883767269704208 34.45726265715023 -3
      vertex -4.517853278978709 37.47083549639222 -3
      vertex -5.875 35.01554445662277 -3
    endloop
  endfacet
  facet normal 0 0 -1
    outer loop
      vertex -5.875 35.01554445662277 -3
      vertex -4.517853278978709 37.47083549639222 -3
      vertex -5 35.25 -3
    endloop
  endfacet
  facet normal -1 0 0
    outer loop
      vertex -8.883767269704208 32.54273734284977 -3
      vertex -8.883767269704208 32.54273734284977 0
      vertex -8.883767269704208 34.45726265715023 -3
    endloop
  endfacet
  facet normal -0.5680647467311558 0.8229838658936565 0
    outer loop
      vertex -7.9940429926844025 36.15249063296318 -3
      vertex -7.9940429926844025 36.15249063296318 0
      vertex -6.418419548170142 37.240064970741656 -3
    endloop
  endfacet
  facet normal -1 0 0
    outer loop
      vertex -8.883767269704208 34.45726265715023 -3
      vertex -8.883767269704208 32.54273734284977 0
      vertex -8.883767269704208 32.59592507304715 0
    endloop
  endfacet
  facet normal -0.5680647467311558 0.8229838658936565 0
    outer loop
      vertex -6.418419548170142 37.240064970741656 -3
      vertex -7.9940429926844025 36.15249063296318 0
      vertex -6.418419548170142 37.240064970741656 0
    endloop
  endfacet
  facet normal 0 0 1
    outer loop
      vertex -8.229987046779105 35.19522797581295 0
      vertex -6.418419548170142 37.240064970741656 0
      vertex -7.9940429926844025 36.15249063296318 0
    endloop
  endfacet
  facet normal 0 0 1
    outer loop
      vertex -6.418419548170142 37.240064970741656 0
      vertex -5.020999501937046 35.244373200414515 0
      vertex -3.941839013609819 37.252382100417634 0
    endloop
  endfacet
  facet normal 0 0 -1
    outer loop
      vertex -5 30.07339564756734 -3
      vertex -5 31.75 -3
      vertex -4.125 31.984455543377234 -3
    endloop
  endfacet
  facet normal 0 0 -1
    outer loop
      vertex -4.125 35.01554445662277 -3
      vertex -5 35.25 -3
      vertex -4.517853278978709 37.47083549639222 -3
    endloop
  endfacet
  facet normal 0 -1 0
    outer loop
      vertex -1 29.529164503607785 -2.6
      vertex 0 29.529164503607785 -2.6
      vertex -1 29.529164503607785 0
    endloop
  endfacet
  facet normal 0 -1 0
    outer loop
      vertex 0 29.529164503607785 -2.6
      vertex 0 29.529164503607785 0
      vertex -1 29.529164503607785 0
    endloop
  endfacet
  facet normal 0 0 -1
    outer loop
      vertex -5 30.07339564756734 -3
      vertex -4.125 31.984455543377234 -3
      vertex 37.86981229373115 33.05285443242396 -3
    endloop
  endfacet
  facet normal 0 0 -1
    outer loop
      vertex -4.125 31.984455543377234 -3
      vertex -3.4844555433772326 32.625 -3
      vertex 37.86981229373115 33.05285443242396 -3
    endloop
  endfacet
  facet normal 0 0 -1
    outer loop
      vertex -3.4844555433772326 32.625 -3
      vertex -3.25 33.5 -3
      vertex 37.86981229373115 33.05285443242396 -3
    endloop
  endfacet
  facet normal 0 0 -1
    outer loop
      vertex -3.4844555433772326 34.375 -3
      vertex 37.86981229373115 33.05285443242396 -3
      vertex -3.25 33.5 -3
    endloop
  endfacet
  facet normal 0 0 -1
    outer loop
      vertex -4.125 35.01554445662277 -3
      vertex 39.982146721021294 37.47083549639222 -3
      vertex -3.4844555433772326 34.375 -3
    endloop
  endfacet
  facet normal 0 0 -1
    outer loop
      vertex -4.125 35.01554445662277 -3
      vertex -4.517853278978709 37.47083549639222 -3
      vertex 39.982146721021294 37.47083549639222 -3
    endloop
  endfacet
  facet normal 0 1 0
    outer loop
      vertex -4.517853278978709 37.47083549639222 -3
      vertex -4.517853278978709 37.47083549639222 0
      vertex 39.982146721021294 37.47083549639222 0
    endloop
  endfacet
  facet normal 0 0 1
    outer loop
      vertex -3.4020949983371738 32.93237373862856 0
      vertex -1.4077559767589527 30.084206515512857 0
      vertex -3.25 33.5 0
    endloop
  endfacet
  facet normal 0 0 1
    outer loop
      vertex -3.4844555433772326 34.375 0
      vertex -3.25 33.5 0
      vertex -1.4077559767589527 30.084206515512857 0
    endloop
  endfacet
  facet normal 0 0 1
    outer loop
      vertex -3.941839013609819 37.252382100417634 0
      vertex -1.4077559767589527 30.084206515512857 0
      vertex -1 30.15697648883333 0
    endloop
  endfacet
  facet normal 0 0 1
    outer loop
      vertex -3.941839013609819 37.252382100417634 0
      vertex -1 30.15697648883333 0
      vertex 0 30.335441005525116 0
    endloop
  endfacet
  facet normal 0 0 1
    outer loop
      vertex -3.4844555433772326 34.375 0
      vertex -1.4077559767589527 30.084206515512857 0
      vertex -3.941839013609819 37.252382100417634 0
    endloop
  endfacet
  facet normal 0 0 1
    outer loop
      vertex -5.020999501937046 35.244373200414515 0
      vertex -5 35.25 0
      vertex -3.941839013609819 37.252382100417634 0
    endloop
  endfacet
  facet normal 0 0 1
    outer loop
      vertex -4.125 35.01554445662277 0
      vertex -3.941839013609819 37.252382100417634 0
      vertex -5 35.25 0
    endloop
  endfacet
  facet normal 0 0 1
    outer loop
      vertex -4.125 35.01554445662277 0
      vertex -3.4844555433772326 34.375 0
      vertex -3.941839013609819 37.252382100417634 0
    endloop
  endfacet
  facet normal 0 0 1
    outer loop
      vertex -1 29.529164503607785 0
      vertex 0 29.529164503607785 0
      vertex -1 30.15697648883333 0
    endloop
  endfacet
  facet normal 0 0 1
    outer loop
      vertex -1 30.15697648883333 0
      vertex 0 29.529164503607785 0
      vertex 0 30.335441005525116 0
    endloop
  endfacet
  facet normal 0 0 1
    outer loop
      vertex -3.941839013609819 37.252382100417634 0
      vertex 0 30.335441005525116 0
      vertex 5 31.22776358898404 0
    endloop
  endfacet
  facet normal 0 0 1
    outer loop
      vertex -4.517853278978709 37.47083549639222 0
      vertex -3.941839013609819 37.252382100417634 0
      vertex 39.982146721021294 37.47083549639222 0
    endloop
  endfacet
  facet normal 0 -1 0
    outer loop
      vertex 5 29.529164503607785 -2.6
      vertex 30 29.529164503607785 -2.6
      vertex 5 29.529164503607785 0
    endloop
  endfacet
  facet normal 0 0 -1
    outer loop
      vertex -3.4844555433772326 34.375 -3
      vertex 37.75 33.5 -3
      vertex 37.86981229373115 33.05285443242396 -3
    endloop
  endfacet
  facet normal 0 0 -1
    outer loop
      vertex -3.4844555433772326 34.375 -3
      vertex 37.98445554337723 34.375 -3
      vertex 37.75 33.5 -3
    endloop
  endfacet
  facet normal 0 0 -1
    outer loop
      vertex -3.4844555433772326 34.375 -3
      vertex 38.625 35.01554445662277 -3
      vertex 37.98445554337723 34.375 -3
    endloop
  endfacet
  facet normal 0 0 -1
    outer loop
      vertex -3.4844555433772326 34.375 -3
      vertex 39.5 35.25 -3
      vertex 38.625 35.01554445662277 -3
    endloop
  endfacet
  facet normal 0 0 -1
    outer loop
      vertex -3.4844555433772326 34.375 -3
      vertex 39.982146721021294 37.47083549639222 -3
      vertex 39.5 35.25 -3
    endloop
  endfacet
  facet normal 0 1 0
    outer loop
      vertex -4.517853278978709 37.47083549639222 -3
      vertex 39.982146721021294 37.47083549639222 0
      vertex 39.982146721021294 37.47083549639222 -3
    endloop
  endfacet
  facet normal 0 -1 0
    outer loop
      vertex 5 29.529164503607785 0
      vertex 30 29.529164503607785 -2.6
      vertex 30 29.529164503607785 0
    endloop
  endfacet
  facet normal 0 0 1
    outer loop
      vertex 5 29.529164503607785 0
      vertex 30 29.529164503607785 0
      vertex 5 31.22776358898404 0
    endloop
  endfacet
  facet normal 0 0 1
    outer loop
      vertex -3.941839013609819 37.252382100417634 0
      vertex 5 31.22776358898404 0
      vertex 39.982146721021294 37.47083549639222 0
    endloop
  endfacet
  facet normal 0 0 1
    outer loop
      vertex 5 31.22776358898404 0
      vertex 30 29.529164503607785 0
      vertex 39.982146721021294 37.47083549639222 0
    endloop
  endfacet
  facet normal 0 -1 0
    outer loop
      vertex 35 29.529164503607785 -2.6
      vertex 35.61623273029579 29.529164503607785 -2.6
      vertex 35 29.529164503607785 0
    endloop
  endfacet
  facet normal 0 -1 0
    outer loop
      vertex 35.61623273029579 29.529164503607785 -2.6
      vertex 35.61623273029579 29.529164503607785 0
      vertex 35 29.529164503607785 0
    endloop
  endfacet
  facet normal 0 0 -1
    outer loop
      vertex 39.5 29.529164503607785 -3
      vertex 39.5 31.75 -3
      vertex 39.982146721021294 29.529164503607785 -3
    endloop
  endfacet
  facet normal 0 0 -1
    outer loop
      vertex 39.982146721021294 29.529164503607785 -3
      vertex 39.5 31.75 -3
      vertex 40.375 31.984455543377234 -3
    endloop
  endfacet
  facet normal 0 0 -1
    outer loop
      vertex 39.982146721021294 29.529164503607785 -3
      vertex 40.375 31.984455543377234 -3
      vertex 41.01554445662277 32.625 -3
    endloop
  endfacet
  facet normal 0 0 -1
    outer loop
      vertex 39.982146721021294 29.529164503607785 -3
      vertex 41.01554445662277 32.625 -3
      vertex 43.5 33.5 -3
    endloop
  endfacet
  facet normal 0 0 -1
    outer loop
      vertex 39.5 35.25 -3
      vertex 39.982146721021294 37.47083549639222 -3
      vertex 40.375 35.01554445662277 -3
    endloop
  endfacet
  facet normal 0 0 -1
    outer loop
      vertex 39.982146721021294 37.47083549639222 -3
      vertex 41.01554445662277 34.375 -3
      vertex 40.375 35.01554445662277 -3
    endloop
  endfacet
  facet normal 0 0 -1
    outer loop
      vertex 41.01554445662277 32.625 -3
      vertex 41.25 33.5 -3
      vertex 43.5 33.5 -3
    endloop
  endfacet
  facet normal 0 0 -1
    outer loop
      vertex 41.01554445662277 34.375 -3
      vertex 43.5 33.5 -3
      vertex 41.25 33.5 -3
    endloop
  endfacet
  facet normal 0 0 -1
    outer loop
      vertex 39.982146721021294 37.47083549639222 -3
      vertex 43.5 33.5 -3
      vertex 41.01554445662277 34.375 -3
    endloop
  endfacet
  facet normal 0 0 -1
    outer loop
      vertex 39.982146721021294 37.47083549639222 -3
      vertex 43.041824102612836 35.358892688175075 -3
      vertex 43.5 33.5 -3
    endloop
  endfacet
  facet normal 0.9709418174260517 0.2393156642875596 0
    outer loop
      vertex 43.5 33.5 -3
      vertex 43.041824102612836 35.358892688175075 -3
      vertex 43.5 33.5 0
    endloop
  endfacet
  facet normal 0.7485107481711025 0.6631226582407936 0
    outer loop
      vertex 41.772258986924626 36.791935463574625 -3
      vertex 43.041824102612836 35.358892688175075 0
      vertex 43.041824102612836 35.358892688175075 -3
    endloop
  endfacet
  facet normal 0.9709418174260517 0.2393156642875596 0
    outer loop
      vertex 43.041824102612836 35.358892688175075 -3
      vertex 43.041824102612836 35.358892688175075 0
      vertex 43.5 33.5 0
    endloop
  endfacet
  facet normal 0.7485107481711025 0.6631226582407936 0
    outer loop
      vertex 41.772258986924626 36.791935463574625 -3
      vertex 41.772258986924626 36.791935463574625 0
      vertex 43.041824102612836 35.358892688175075 0
    endloop
  endfacet
  facet normal 0 0 1
    outer loop
      vertex 30 29.529164503607785 0
      vertex 35 29.529164503607785 0
      vertex 37.98445554337723 34.375 0
    endloop
  endfacet
  facet normal 0 0 1
    outer loop
      vertex 35 29.529164503607785 0
      vertex 35.61623273029579 29.529164503607785 0
      vertex 37.75 33.5 0
    endloop
  endfacet
  facet normal 0 0 1
    outer loop
      vertex 35.61623273029579 29.529164503607785 0
      vertex 36.4201732603866 29.529164503607785 0
      vertex 37.75 33.5 0
    endloop
  endfacet
  facet normal 0 0 1
    outer loop
      vertex 35 29.529164503607785 0
      vertex 37.75 33.5 0
      vertex 37.98445554337723 34.375 0
    endloop
  endfacet
  facet normal 0 0 1
    outer loop
      vertex 36.4201732603866 29.529164503607785 0
      vertex 37.98445554337723 32.625 0
      vertex 37.75 33.5 0
    endloop
  endfacet
  facet normal 0 0 1
    outer loop
      vertex 36.4201732603866 29.529164503607785 0
      vertex 38.29220445547892 32.31725108789831 0
      vertex 37.98445554337723 32.625 0
    endloop
  endfacet
  facet normal 0 0 1
    outer loop
      vertex 30 29.529164503607785 0
      vertex 37.98445554337723 34.375 0
      vertex 38.625 35.01554445662277 0
    endloop
  endfacet
  facet normal 0 0 1
    outer loop
      vertex 30 29.529164503607785 0
      vertex 38.625 35.01554445662277 0
      vertex 39.982146721021294 37.47083549639222 0
    endloop
  endfacet
  facet normal 0 0 1
    outer loop
      vertex 38.625 35.01554445662277 0
      vertex 39.5 35.25 0
      vertex 39.982146721021294 37.47083549639222 0
    endloop
  endfacet
  facet normal 0 0 1
    outer loop
      vertex 39.982146721021294 35.120809175469034 0
      vertex 39.982146721021294 37.47083549639222 0
      vertex 39.5 35.25 0
    endloop
  endfacet
  facet normal 0 0 1
    outer loop
      vertex 39.982146721021294 37.47083549639222 0
      vertex 43.5 33.5 0
      vertex 43.041824102612836 35.358892688175075 0
    endloop
  endfacet
  facet normal 0 0 -1
    outer loop
      vertex -7.9940429926844025 -36.15249063296318 -3
      vertex -8.315137369028943 -34.849759538191876 -3
      vertex -4.517853278978709 -37.47083549639222 -3
    endloop
  endfacet
  facet normal 0 0 -1
    outer loop
      vertex -8.883767269704208 -34.45726265715023 -3
      vertex -8.883767269704208 -32.54273734284977 -3
      vertex -8.315137369028943 -34.849759538191876 -3
    endloop
  endfacet
  facet normal 0 0 -1
    outer loop
      vertex -8.315137369028943 -34.849759538191876 -3
      vertex -8.883767269704208 -32.54273734284977 -3
      vertex -4.517853278978709 -37.47083549639222 -3
    endloop
  endfacet
  facet normal 0 0 -1
    outer loop
      vertex -6.515544456622767 -34.375 -3
      vertex -5.875 -35.01554445662277 -3
      vertex -8.883767269704208 -32.54273734284977 -3
    endloop
  endfacet
  facet normal 0 0 -1
    outer loop
      vertex -6.75 -33.5 -3
      vertex -6.515544456622767 -34.375 -3
      vertex -8.883767269704208 -32.54273734284977 -3
    endloop
  endfacet
  facet normal 0 0 -1
    outer loop
      vertex -6.75 -33.5 -3
      vertex -8.883767269704208 -32.54273734284977 -3
      vertex -6.515544456622767 -32.625 -3
    endloop
  endfacet
  facet normal 0 0 -1
    outer loop
      vertex -5.875 -35.01554445662277 -3
      vertex -5 -35.25 -3
      vertex -4.517853278978709 -37.47083549639222 -3
    endloop
  endfacet
  facet normal 0 0 -1
    outer loop
      vertex -5.875 -35.01554445662277 -3
      vertex -4.517853278978709 -37.47083549639222 -3
      vertex -8.883767269704208 -32.54273734284977 -3
    endloop
  endfacet
  facet normal -0.8854560256532094 -0.46472317204376973 0
    outer loop
      vertex -7.9940429926844025 -36.15249063296318 -3
      vertex -7.9940429926844025 -36.15249063296318 0
      vertex -8.883767269704208 -34.45726265715023 -3
    endloop
  endfacet
  facet normal -0.5680647467311558 -0.8229838658936565 0
    outer loop
      vertex -7.9940429926844025 -36.15249063296318 -3
      vertex -6.418419548170142 -37.240064970741656 -3
      vertex -7.9940429926844025 -36.15249063296318 0
    endloop
  endfacet
  facet normal -1 0 0
    outer loop
      vertex -8.883767269704208 -34.45726265715023 -3
      vertex -8.883767269704208 -34.45726265715023 0
      vertex -8.883767269704208 -32.54273734284977 -3
    endloop
  endfacet
  facet normal -0.1205366802553263 -0.9927088740980536 0
    outer loop
      vertex -6.418419548170142 -37.240064970741656 -3
      vertex -4.517853278978709 -37.47083549639222 -3
      vertex -4.517853278978709 -37.47083549639222 0
    endloop
  endfacet
  facet normal 0 0 -1
    outer loop
      vertex -8.883767269704208 -32.54273734284977 -3
      vertex -5.875 -31.984455543377234 -3
      vertex -6.515544456622767 -32.625 -3
    endloop
  endfacet
  facet normal 0 0 -1
    outer loop
      vertex -8.883767269704208 -32.54273734284977 -3
      vertex -5 -29.59002510654032 -3
      vertex -5.875 -31.984455543377234 -3
    endloop
  endfacet
  facet normal 0 0 -1
    outer loop
      vertex -5.875 -31.984455543377234 -3
      vertex -5 -29.59002510654032 -3
      vertex -5 -31.75 -3
    endloop
  endfacet
  facet normal -0.5680647467311558 -0.8229838658936565 0
    outer loop
      vertex -6.418419548170142 -37.240064970741656 -3
      vertex -6.418419548170142 -37.240064970741656 0
      vertex -7.9940429926844025 -36.15249063296318 0
    endloop
  endfacet
  facet normal -0.8854560256532094 -0.46472317204376973 0
    outer loop
      vertex -8.883767269704208 -34.45726265715023 -3
      vertex -7.9940429926844025 -36.15249063296318 0
      vertex -8.883767269704208 -34.45726265715023 0
    endloop
  endfacet
  facet normal -1 0 0
    outer loop
      vertex -8.883767269704208 -32.54273734284977 -3
      vertex -8.883767269704208 -34.45726265715023 0
      vertex -8.883767269704208 -32.54273734284977 0
    endloop
  endfacet
  facet normal -0.1205366802553263 -0.9927088740980536 0
    outer loop
      vertex -6.418419548170142 -37.240064970741656 -3
      vertex -4.517853278978709 -37.47083549639222 0
      vertex -6.418419548170142 -37.240064970741656 0
    endloop
  endfacet
  facet normal 0 0 1
    outer loop
      vertex -7.9940429926844025 -36.15249063296318 0
      vertex -4.517853278978709 -37.47083549639222 0
      vertex -8.883767269704208 -34.45726265715023 0
    endloop
  endfacet
  facet normal 0 0 1
    outer loop
      vertex -7.9940429926844025 -36.15249063296318 0
      vertex -6.418419548170142 -37.240064970741656 0
      vertex -4.517853278978709 -37.47083549639222 0
    endloop
  endfacet
  facet normal 0 0 -1
    outer loop
      vertex -5 -35.25 -3
      vertex -4.125 -35.01554445662277 -3
      vertex -4.517853278978709 -37.47083549639222 -3
    endloop
  endfacet
  facet normal 0 1 0
    outer loop
      vertex -1 -29.529164503607785 -2.6
      vertex 0 -29.529164503607785 0
      vertex 0 -29.529164503607785 -2.6
    endloop
  endfacet
  facet normal 0 1 0
    outer loop
      vertex -1 -29.529164503607785 -2.6
      vertex -1 -29.529164503607785 0
      vertex 0 -29.529164503607785 0
    endloop
  endfacet
  facet normal 0 0 -1
    outer loop
      vertex -4.517853278978709 -37.47083549639222 -3
      vertex -4.125 -35.01554445662277 -3
      vertex 37.75 -33.5 -3
    endloop
  endfacet
  facet normal 0 0 -1
    outer loop
      vertex -4.125 -35.01554445662277 -3
      vertex -3.4844555433772326 -34.375 -3
      vertex 37.75 -33.5 -3
    endloop
  endfacet
  facet normal 0 0 -1
    outer loop
      vertex -3.4844555433772326 -34.375 -3
      vertex -3.25 -33.5 -3
      vertex 37.75 -33.5 -3
    endloop
  endfacet
  facet normal 0 0 -1
    outer loop
      vertex -3.25 -33.5 -3
      vertex -3.4800383312127847 -32.64148526022553 -3
      vertex 37.77801775591113 -33.395436311425605 -3
    endloop
  endfacet
  facet normal 0 -1 0
    outer loop
      vertex -4.517853278978709 -37.47083549639222 -3
      vertex 39.982146721021294 -37.47083549639222 0
      vertex -4.517853278978709 -37.47083549639222 0
    endloop
  endfacet
  facet normal 0 0 1
    outer loop
      vertex -5.069853434686875 -35.23128282858711 0
      vertex -4.517853278978709 -37.47083549639222 0
      vertex -5 -35.25 0
    endloop
  endfacet
  facet normal 0 0 1
    outer loop
      vertex -5 -35.25 0
      vertex -4.517853278978709 -37.47083549639222 0
      vertex -4.125 -35.01554445662277 0
    endloop
  endfacet
  facet normal 0 0 1
    outer loop
      vertex -4.517853278978709 -37.47083549639222 0
      vertex -3.4844555433772326 -34.375 0
      vertex -4.125 -35.01554445662277 0
    endloop
  endfacet
  facet normal 0 0 1
    outer loop
      vertex -4.517853278978709 -37.47083549639222 0
      vertex -1 -29.732986833840375 0
      vertex -3.4844555433772326 -34.375 0
    endloop
  endfacet
  facet normal 0 0 1
    outer loop
      vertex -4.220171894258428 -31.958954311168547 0
      vertex -4.125 -31.984455543377234 0
      vertex -1 -29.732986833840375 0
    endloop
  endfacet
  facet normal 0 0 1
    outer loop
      vertex -4.125 -31.984455543377234 0
      vertex -3.4844555433772326 -32.625 0
      vertex -1 -29.732986833840375 0
    endloop
  endfacet
  facet normal 0 0 1
    outer loop
      vertex -3.4844555433772326 -34.375 0
      vertex -1 -29.732986833840375 0
      vertex -3.25 -33.5 0
    endloop
  endfacet
  facet normal 0 0 1
    outer loop
      vertex -3.25 -33.5 0
      vertex -1 -29.732986833840375 0
      vertex -3.4844555433772326 -32.625 0
    endloop
  endfacet
  facet normal 0 0 1
    outer loop
      vertex -4.517853278978709 -37.47083549639222 0
      vertex 0 -29.728013391828657 0
      vertex -1 -29.732986833840375 0
    endloop
  endfacet
  facet normal 0 0 1
    outer loop
      vertex -4.517853278978709 -37.47083549639222 0
      vertex 5 -29.703146181770084 0
      vertex 0 -29.728013391828657 0
    endloop
  endfacet
  facet normal 0 0 1
    outer loop
      vertex -1 -29.732986833840375 0
      vertex 0 -29.728013391828657 0
      vertex -1 -29.529164503607785 0
    endloop
  endfacet
  facet normal 0 0 1
    outer loop
      vertex -1 -29.529164503607785 0
      vertex 0 -29.728013391828657 0
      vertex 0 -29.529164503607785 0
    endloop
  endfacet
  facet normal 0 0 1
    outer loop
      vertex -4.517853278978709 -37.47083549639222 0
      vertex 30 -31.310623493721337 0
      vertex 5 -29.703146181770084 0
    endloop
  endfacet
  facet normal 0 1 0
    outer loop
      vertex 5 -29.529164503607785 -2.6
      vertex 5 -29.529164503607785 0
      vertex 30 -29.529164503607785 0
    endloop
  endfacet
  facet normal 0 0 -1
    outer loop
      vertex -4.517853278978709 -37.47083549639222 -3
      vertex 37.98445554337723 -34.375 -3
      vertex 38.625 -35.01554445662277 -3
    endloop
  endfacet
  facet normal 0 0 -1
    outer loop
      vertex -4.517853278978709 -37.47083549639222 -3
      vertex 38.625 -35.01554445662277 -3
      vertex 39.982146721021294 -37.47083549639222 -3
    endloop
  endfacet
  facet normal 0 0 -1
    outer loop
      vertex -4.517853278978709 -37.47083549639222 -3
      vertex 37.75 -33.5 -3
      vertex 37.98445554337723 -34.375 -3
    endloop
  endfacet
  facet normal 0 0 -1
    outer loop
      vertex -3.25 -33.5 -3
      vertex 37.77801775591113 -33.395436311425605 -3
      vertex 37.75 -33.5 -3
    endloop
  endfacet
  facet normal 0 -1 0
    outer loop
      vertex -4.517853278978709 -37.47083549639222 -3
      vertex 39.982146721021294 -37.47083549639222 -3
      vertex 39.982146721021294 -37.47083549639222 0
    endloop
  endfacet
  facet normal 0 1 0
    outer loop
      vertex 5 -29.529164503607785 -2.6
      vertex 30 -29.529164503607785 0
      vertex 30 -29.529164503607785 -2.6
    endloop
  endfacet
  facet normal 0 0 1
    outer loop
      vertex 5 -29.703146181770084 0
      vertex 30 -31.310623493721337 0
      vertex 5 -29.529164503607785 0
    endloop
  endfacet
  facet normal 0 0 1
    outer loop
      vertex -4.517853278978709 -37.47083549639222 0
      vertex 39.982146721021294 -37.47083549639222 0
      vertex 30 -31.310623493721337 0
    endloop
  endfacet
  facet normal 0 0 1
    outer loop
      vertex 5 -29.529164503607785 0
      vertex 30 -31.310623493721337 0
      vertex 30 -29.529164503607785 0
    endloop
  endfacet
  facet normal 0 1 0
    outer loop
      vertex 35 -29.529164503607785 -2.6
      vertex 35.61623273029579 -29.529164503607785 0
      vertex 35.61623273029579 -29.529164503607785 -2.6
    endloop
  endfacet
  facet normal 0 1 0
    outer loop
      vertex 35 -29.529164503607785 -2.6
      vertex 35 -29.529164503607785 0
      vertex 35.61623273029579 -29.529164503607785 0
    endloop
  endfacet
  facet normal 0 0 -1
    outer loop
      vertex 39.982146721021294 -37.47083549639222 -3
      vertex 38.625 -35.01554445662277 -3
      vertex 39.5 -35.25 -3
    endloop
  endfacet
  facet normal 0 0 -1
    outer loop
      vertex 39.982146721021294 -37.47083549639222 -3
      vertex 39.5 -35.25 -3
      vertex 40.375 -35.01554445662277 -3
    endloop
  endfacet
  facet normal 0 0 -1
    outer loop
      vertex 39.982146721021294 -37.47083549639222 -3
      vertex 40.375 -35.01554445662277 -3
      vertex 41.01554445662277 -34.375 -3
    endloop
  endfacet
  facet normal 0 0 -1
    outer loop
      vertex 39.982146721021294 -37.47083549639222 -3
      vertex 43.5 -33.5 -3
      vertex 41.772258986924626 -36.791935463574625 -3
    endloop
  endfacet
  facet normal 0 0 -1
    outer loop
      vertex 39.982146721021294 -37.47083549639222 -3
      vertex 41.01554445662277 -34.375 -3
      vertex 43.5 -33.5 -3
    endloop
  endfacet
  facet normal 0 0 -1
    outer loop
      vertex 41.01554445662277 -34.375 -3
      vertex 41.25 -33.5 -3
      vertex 43.5 -33.5 -3
    endloop
  endfacet
  facet normal 0 0 -1
    outer loop
      vertex 41.25 -33.5 -3
      vertex 41.01554445662277 -32.625 -3
      vertex 43.5 -33.5 -3
    endloop
  endfacet
  facet normal 0.9709418174260517 -0.2393156642875596 0
    outer loop
      vertex 43.041824102612836 -35.358892688175075 -3
      vertex 43.5 -33.5 -3
      vertex 43.5 -33.5 0
    endloop
  endfacet
  facet normal 0 0 -1
    outer loop
      vertex 39.5 -31.75 -3
      vertex 40.35493842652285 -29.949959351935266 -3
      vertex 40.375 -31.984455543377234 -3
    endloop
  endfacet
  facet normal 0 0 -1
    outer loop
      vertex 40.375 -31.984455543377234 -3
      vertex 40.35493842652285 -29.949959351935266 -3
      vertex 41.01554445662277 -32.625 -3
    endloop
  endfacet
  facet normal 0 0 -1
    outer loop
      vertex 43.5 -33.5 -3
      vertex 40.35493842652285 -29.949959351935266 -3
      vertex 40.36277343650909 -29.79189215562305 -3
    endloop
  endfacet
  facet normal 0 0 -1
    outer loop
      vertex 39.5 -31.75 -3
      vertex 39.5 -29.529164503607785 -3
      vertex 40.35493842652285 -29.949959351935266 -3
    endloop
  endfacet
  facet normal 0 0 -1
    outer loop
      vertex 39.5 -29.529164503607785 -3
      vertex 39.982146721021294 -29.529164503607785 -3
      vertex 40.35493842652285 -29.949959351935266 -3
    endloop
  endfacet
  facet normal 0 0 -1
    outer loop
      vertex 43.5 -33.5 -3
      vertex 41.01554445662277 -32.625 -3
      vertex 40.35493842652285 -29.949959351935266 -3
    endloop
  endfacet
  facet normal 0.7485107481711025 -0.6631226582407936 0
    outer loop
      vertex 41.772258986924626 -36.791935463574625 -3
      vertex 43.041824102612836 -35.358892688175075 0
      vertex 41.772258986924626 -36.791935463574625 0
    endloop
  endfacet
  facet normal 0.9709418174260517 -0.2393156642875596 0
    outer loop
      vertex 43.041824102612836 -35.358892688175075 -3
      vertex 43.5 -33.5 0
      vertex 43.041824102612836 -35.358892688175075 0
    endloop
  endfacet
  facet normal 0 0 1
    outer loop
      vertex 30 -31.310623493721337 0
      vertex 39.982146721021294 -37.47083549639222 0
      vertex 35 -30.41830091026241 0
    endloop
  endfacet
  facet normal 0 0 1
    outer loop
      vertex 35 -30.41830091026241 0
      vertex 35.61623273029579 -30.308325233880513 0
      vertex 35 -29.529164503607785 0
    endloop
  endfacet
  facet normal 0 0 1
    outer loop
      vertex 35 -29.529164503607785 0
      vertex 35.61623273029579 -30.308325233880513 0
      vertex 35.61623273029579 -29.529164503607785 0
    endloop
  endfacet
  facet normal 0 0 1
    outer loop
      vertex 37.98445554337723 -34.375 0
      vertex 39.982146721021294 -37.47083549639222 0
      vertex 38.625 -35.01554445662277 0
    endloop
  endfacet
  facet normal 0 0 1
    outer loop
      vertex 39.982146721021294 -37.47083549639222 0
      vertex 39.5 -35.25 0
      vertex 38.625 -35.01554445662277 0
    endloop
  endfacet
  facet normal 0 0 1
    outer loop
      vertex 35 -30.41830091026241 0
      vertex 39.982146721021294 -37.47083549639222 0
      vertex 37.98445554337723 -34.375 0
    endloop
  endfacet
  facet normal 0 0 1
    outer loop
      vertex 35 -30.41830091026241 0
      vertex 37.75 -33.5 0
      vertex 35.61623273029579 -30.308325233880513 0
    endloop
  endfacet
  facet normal 0 0 1
    outer loop
      vertex 35.61623273029579 -30.308325233880513 0
      vertex 37.75 -33.5 0
      vertex 35.88876892064309 -30.259687194389162 0
    endloop
  endfacet
  facet normal 0 0 1
    outer loop
      vertex 35 -30.41830091026241 0
      vertex 37.98445554337723 -34.375 0
      vertex 37.75 -33.5 0
    endloop
  endfacet
  facet normal 0 0 1
    outer loop
      vertex 35.88876892064309 -30.259687194389162 0
      vertex 37.75 -33.5 0
      vertex 37.98445554337723 -32.625 0
    endloop
  endfacet
  facet normal 0 0 1
    outer loop
      vertex 35.88876892064309 -30.259687194389162 0
      vertex 37.98445554337723 -32.625 0
      vertex 38.532718057264276 -32.07673748611296 0
    endloop
  endfacet
  facet normal 0 0 1
    outer loop
      vertex 39.982146721021294 -37.47083549639222 0
      vertex 39.982146721021294 -35.120809175469034 0
      vertex 39.5 -35.25 0
    endloop
  endfacet
  facet normal 0 0 1
    outer loop
      vertex 41.772258986924626 -36.791935463574625 0
      vertex 43.041824102612836 -35.358892688175075 0
      vertex 43.5 -33.5 0
    endloop
  endfacet
  facet normal 0 0 -1
    outer loop
      vertex -7.9940429926844025 -36.15249063296318 -3
      vertex -8.883767269704208 -34.45726265715023 -3
      vertex -8.315137369028943 -34.849759538191876 -3
    endloop
  endfacet
  facet normal 0 0 -1
    outer loop
      vertex -7.9940429926844025 -36.15249063296318 -3
      vertex -4.517853278978709 -37.47083549639222 -3
      vertex -6.418419548170142 -37.240064970741656 -3
    endloop
  endfacet
  facet normal 0 0 -1
    outer loop
      vertex -8.883767269704208 -32.54273734284977 -3
      vertex -8.883767269704208 -13.5 -3
      vertex -5 -29.59002510654032 -3
    endloop
  endfacet
  facet normal -1 0 0
    outer loop
      vertex -8.883767269704208 -32.54273734284977 -3
      vertex -8.883767269704208 -13.5 0
      vertex -8.883767269704208 -13.5 -3
    endloop
  endfacet
  facet normal -1 0 0
    outer loop
      vertex -8.883767269704208 -32.54273734284977 -3
      vertex -8.883767269704208 -32.54273734284977 0
      vertex -8.883767269704208 -13.5 0
    endloop
  endfacet
  facet normal 0 0 1
    outer loop
      vertex -8.883767269704208 -34.45726265715023 0
      vertex -4.517853278978709 -37.47083549639222 0
      vertex -8.883767269704208 -32.54273734284977 0
    endloop
  endfacet
  facet normal 0 0 1
    outer loop
      vertex -6.75 -33.5 0
      vertex -8.883767269704208 -32.54273734284977 0
      vertex -6.515544456622767 -34.375 0
    endloop
  endfacet
  facet normal 0 0 1
    outer loop
      vertex -6.75 -33.5 0
      vertex -6.515544456622767 -32.625 0
      vertex -8.883767269704208 -32.54273734284977 0
    endloop
  endfacet
  facet normal 0 0 1
    outer loop
      vertex -6.515544456622767 -34.375 0
      vertex -4.517853278978709 -37.47083549639222 0
      vertex -5.875 -35.01554445662277 0
    endloop
  endfacet
  facet normal 0 0 1
    outer loop
      vertex -5.875 -35.01554445662277 0
      vertex -4.517853278978709 -37.47083549639222 0
      vertex -5.069853434686875 -35.23128282858711 0
    endloop
  endfacet
  facet normal 0 0 1
    outer loop
      vertex -6.515544456622767 -34.375 0
      vertex -8.883767269704208 -32.54273734284977 0
      vertex -4.517853278978709 -37.47083549639222 0
    endloop
  endfacet
  facet normal 0 0 1
    outer loop
      vertex -8.883767269704208 -32.54273734284977 0
      vertex -6.515544456622767 -32.625 0
      vertex -1.1096396247530116 -13.5 0
    endloop
  endfacet
  facet normal 0 0 1
    outer loop
      vertex -8.883767269704208 -32.54273734284977 0
      vertex -1.1096396247530116 -13.5 0
      vertex -8.883767269704208 -13.5 0
    endloop
  endfacet
  facet normal 0 0 -1
    outer loop
      vertex -5 -29.59002510654032 -3
      vertex -8.883767269704208 -13.5 -3
      vertex -6.099005703753754 -12.008060076216216 -3
    endloop
  endfacet
  facet normal 0 0 -1
    outer loop
      vertex -5 -29.59002510654032 -3
      vertex -6.099005703753754 -12.008060076216216 -3
      vertex -5 -10.847327014286224 -3
    endloop
  endfacet
  facet normal 0 0 -1
    outer loop
      vertex -6.099005703753754 -12.008060076216216 -3
      vertex -6.225725054795446 -10.847327014286224 -3
      vertex -5 -10.847327014286224 -3
    endloop
  endfacet
  facet normal 0 0 -1
    outer loop
      vertex -6.262697007854259 -10.508668648955995 -3
      vertex -5 10.508668648955995 -3
      vertex -5 -10.508668648955995 -3
    endloop
  endfacet
  facet normal 1 0 0
    outer loop
      vertex -1 -29.529164503607785 -2.6
      vertex -1 -13.5 -2.6
      vertex -1 -29.529164503607785 0
    endloop
  endfacet
  facet normal 1 0 0
    outer loop
      vertex -1 -13.5 -2.6
      vertex -1 -13.5 0
      vertex -1 -29.529164503607785 0
    endloop
  endfacet
  facet normal 0 0 1
    outer loop
      vertex -6.515544456622767 -32.625 0
      vertex -5.875 -31.984455543377234 0
      vertex -1.1096396247530116 -13.5 0
    endloop
  endfacet
  facet normal 0 0 1
    outer loop
      vertex -5.875 -31.984455543377234 0
      vertex -5 -31.75 0
      vertex -1.1096396247530116 -13.5 0
    endloop
  endfacet
  facet normal 0 0 1
    outer loop
      vertex -5 -31.75 0
      vertex -4.220171894258428 -31.958954311168547 0
      vertex -1.1096396247530116 -13.5 0
    endloop
  endfacet
  facet normal 0 0 1
    outer loop
      vertex -4.220171894258428 -31.958954311168547 0
      vertex -1 -29.732986833840375 0
      vertex -1.1096396247530116 -13.5 0
    endloop
  endfacet
  facet normal 0 0 1
    outer loop
      vertex -1 -29.732986833840375 0
      vertex -1 -29.529164503607785 0
      vertex -1.1096396247530116 -13.5 0
    endloop
  endfacet
  facet normal 0 0 1
    outer loop
      vertex -1 -29.529164503607785 0
      vertex -1 -13.5 0
      vertex -1.1096396247530116 -13.5 0
    endloop
  endfacet
  facet normal 0 0 -1
    outer loop
      vertex -6.262697007854259 -10.508668648955995 -3
      vertex -8.557198155764532 10.508668648955995 -3
      vertex -5 10.508668648955995 -3
    endloop
  endfacet
  facet normal 0 0 -1
    outer loop
      vertex -8.594170108823342 10.847327014286224 -3
      vertex -5 30.07339564756734 -3
      vertex -5 10.847327014286224 -3
    endloop
  endfacet
  facet normal 0 0 -1
    outer loop
      vertex -8.594170108823342 10.847327014286224 -3
      vertex -8.883767269704208 13.5 -3
      vertex -8.883767269704208 32.54273734284977 -3
    endloop
  endfacet
  facet normal 0 0 -1
    outer loop
      vertex -8.594170108823342 10.847327014286224 -3
      vertex -8.883767269704208 32.54273734284977 -3
      vertex -8.752361629554581 32.29236481383728 -3
    endloop
  endfacet
  facet normal 0 0 -1
    outer loop
      vertex -8.594170108823342 10.847327014286224 -3
      vertex -8.752361629554581 32.29236481383728 -3
      vertex -5 30.07339564756734 -3
    endloop
  endfacet
  facet normal -1 0 0
    outer loop
      vertex -8.883767269704208 13.5 -3
      vertex -8.883767269704208 32.54273734284977 0
      vertex -8.883767269704208 32.54273734284977 -3
    endloop
  endfacet
  facet normal -1 0 0
    outer loop
      vertex -8.883767269704208 13.5 -3
      vertex -8.883767269704208 13.5 0
      vertex -8.883767269704208 32.54273734284977 0
    endloop
  endfacet
  facet normal 0 0 -1
    outer loop
      vertex -8.752361629554581 32.29236481383728 -3
      vertex -8.883767269704208 34.45726265715023 -3
      vertex -5 30.07339564756734 -3
    endloop
  endfacet
  facet normal 0 0 -1
    outer loop
      vertex -8.883767269704208 34.45726265715023 -3
      vertex -7.9940429926844025 36.15249063296318 -3
      vertex -6.418419548170142 37.240064970741656 -3
    endloop
  endfacet
  facet normal 0 0 -1
    outer loop
      vertex -8.883767269704208 34.45726265715023 -3
      vertex -6.418419548170142 37.240064970741656 -3
      vertex -4.517853278978709 37.47083549639222 -3
    endloop
  endfacet
  facet normal -0.8854560256532094 0.46472317204376973 0
    outer loop
      vertex -8.883767269704208 34.45726265715023 -3
      vertex -7.9940429926844025 36.15249063296318 0
      vertex -7.9940429926844025 36.15249063296318 -3
    endloop
  endfacet
  facet normal -0.1205366802553263 0.9927088740980536 0
    outer loop
      vertex -6.418419548170142 37.240064970741656 -3
      vertex -6.418419548170142 37.240064970741656 0
      vertex -4.517853278978709 37.47083549639222 -3
    endloop
  endfacet
  facet normal -1 0 0
    outer loop
      vertex -8.883767269704208 34.45726265715023 -3
      vertex -8.883767269704208 32.59592507304715 0
      vertex -8.883767269704208 34.45726265715023 0
    endloop
  endfacet
  facet normal -0.8854560256532094 0.46472317204376973 0
    outer loop
      vertex -8.883767269704208 34.45726265715023 -3
      vertex -8.883767269704208 34.45726265715023 0
      vertex -7.9940429926844025 36.15249063296318 0
    endloop
  endfacet
  facet normal -0.1205366802553263 0.9927088740980536 0
    outer loop
      vertex -4.517853278978709 37.47083549639222 -3
      vertex -6.418419548170142 37.240064970741656 0
      vertex -4.517853278978709 37.47083549639222 0
    endloop
  endfacet
  facet normal 0 0 1
    outer loop
      vertex -8.883767269704208 13.5 0
      vertex -8.229987046779105 35.19522797581295 0
      vertex -8.883767269704208 32.54273734284977 0
    endloop
  endfacet
  facet normal 0 0 1
    outer loop
      vertex -8.883767269704208 13.5 0
      vertex -5.875 31.984455543377234 0
      vertex -6.515544456622767 32.625 0
    endloop
  endfacet
  facet normal 0 0 1
    outer loop
      vertex -8.883767269704208 13.5 0
      vertex -6.515544456622767 32.625 0
      vertex -6.75 33.5 0
    endloop
  endfacet
  facet normal 0 0 1
    outer loop
      vertex -8.883767269704208 13.5 0
      vertex -6.75 33.5 0
      vertex -6.418419548170142 37.240064970741656 0
    endloop
  endfacet
  facet normal 0 0 1
    outer loop
      vertex -8.883767269704208 13.5 0
      vertex -5 31.75 0
      vertex -5.875 31.984455543377234 0
    endloop
  endfacet
  facet normal 0 0 1
    outer loop
      vertex -8.883767269704208 13.5 0
      vertex -4.125 31.984455543377234 0
      vertex -5 31.75 0
    endloop
  endfacet
  facet normal 0 0 1
    outer loop
      vertex -8.883767269704208 13.5 0
      vertex -6.418419548170142 37.240064970741656 0
      vertex -8.229987046779105 35.19522797581295 0
    endloop
  endfacet
  facet normal 0 0 1
    outer loop
      vertex -8.883767269704208 32.54273734284977 0
      vertex -8.229987046779105 35.19522797581295 0
      vertex -8.883767269704208 32.59592507304715 0
    endloop
  endfacet
  facet normal 0 0 1
    outer loop
      vertex -8.883767269704208 32.59592507304715 0
      vertex -8.229987046779105 35.19522797581295 0
      vertex -8.883767269704208 34.45726265715023 0
    endloop
  endfacet
  facet normal 0 0 1
    outer loop
      vertex -8.883767269704208 34.45726265715023 0
      vertex -8.229987046779105 35.19522797581295 0
      vertex -7.9940429926844025 36.15249063296318 0
    endloop
  endfacet
  facet normal 0 0 1
    outer loop
      vertex -6.75 33.5 0
      vertex -6.515544456622767 34.375 0
      vertex -6.418419548170142 37.240064970741656 0
    endloop
  endfacet
  facet normal 0 0 1
    outer loop
      vertex -6.515544456622767 34.375 0
      vertex -5.875 35.01554445662277 0
      vertex -6.418419548170142 37.240064970741656 0
    endloop
  endfacet
  facet normal 0 0 1
    outer loop
      vertex -5.875 35.01554445662277 0
      vertex -5.020999501937046 35.244373200414515 0
      vertex -6.418419548170142 37.240064970741656 0
    endloop
  endfacet
  facet normal 0 0 1
    outer loop
      vertex -6.418419548170142 37.240064970741656 0
      vertex -3.941839013609819 37.252382100417634 0
      vertex -4.517853278978709 37.47083549639222 0
    endloop
  endfacet
  facet normal 1 0 0
    outer loop
      vertex -1 13.5 -2.6
      vertex -1 29.529164503607785 -2.6
      vertex -1 13.5 0
    endloop
  endfacet
  facet normal 1 0 0
    outer loop
      vertex -1 29.529164503607785 -2.6
      vertex -1 29.529164503607785 0
      vertex -1 13.5 0
    endloop
  endfacet
  facet normal 0 0 1
    outer loop
      vertex -8.883767269704208 13.5 0
      vertex -1.2943198598123686 13.5 0
      vertex -1.4077559767589527 30.084206515512857 0
    endloop
  endfacet
  facet normal 0 0 1
    outer loop
      vertex -1.2943198598123686 13.5 0
      vertex -1 13.5 0
      vertex -1 29.529164503607785 0
    endloop
  endfacet
  facet normal 0 0 1
    outer loop
      vertex -8.883767269704208 13.5 0
      vertex -1.4077559767589527 30.084206515512857 0
      vertex -4.125 31.984455543377234 0
    endloop
  endfacet
  facet normal 0 0 1
    outer loop
      vertex -1.2943198598123686 13.5 0
      vertex -1 29.529164503607785 0
      vertex -1.4077559767589527 30.084206515512857 0
    endloop
  endfacet
  facet normal 0 0 1
    outer loop
      vertex -4.125 31.984455543377234 0
      vertex -1.4077559767589527 30.084206515512857 0
      vertex -3.4844555433772326 32.625 0
    endloop
  endfacet
  facet normal 0 0 1
    outer loop
      vertex -1.4077559767589527 30.084206515512857 0
      vertex -1 29.529164503607785 0
      vertex -1 30.15697648883333 0
    endloop
  endfacet
  facet normal 0 0 1
    outer loop
      vertex -3.4844555433772326 32.625 0
      vertex -1.4077559767589527 30.084206515512857 0
      vertex -3.4020949983371738 32.93237373862856 0
    endloop
  endfacet
  facet normal 0 0 -1
    outer loop
      vertex 41.772258986924626 -36.791935463574625 -3
      vertex 43.5 -33.5 -3
      vertex 43.041824102612836 -35.358892688175075 -3
    endloop
  endfacet
  facet normal 0.3546048870425373 -0.9350162426854141 0
    outer loop
      vertex 39.982146721021294 -37.47083549639222 -3
      vertex 41.772258986924626 -36.791935463574625 -3
      vertex 41.772258986924626 -36.791935463574625 0
    endloop
  endfacet
  facet normal 0.7485107481711025 -0.6631226582407936 0
    outer loop
      vertex 41.772258986924626 -36.791935463574625 -3
      vertex 43.041824102612836 -35.358892688175075 -3
      vertex 43.041824102612836 -35.358892688175075 0
    endloop
  endfacet
  facet normal 0 0 -1
    outer loop
      vertex 39.982146721021294 -29.529164503607785 -3
      vertex 40.36277343650909 -29.79189215562305 -3
      vertex 40.35493842652285 -29.949959351935266 -3
    endloop
  endfacet
  facet normal 0.3546048870425373 -0.9350162426854141 0
    outer loop
      vertex 39.982146721021294 -37.47083549639222 -3
      vertex 41.772258986924626 -36.791935463574625 0
      vertex 39.982146721021294 -37.47083549639222 0
    endloop
  endfacet
  facet normal -1 0 0
    outer loop
      vertex 35.61623273029579 -29.529164503607785 -2.6
      vertex 35.61623273029579 -29.529164503607785 0
      vertex 35.61623273029579 -13.5 0
    endloop
  endfacet
  facet normal -1 0 0
    outer loop
      vertex 35.61623273029579 -29.529164503607785 -2.6
      vertex 35.61623273029579 -13.5 0
      vertex 35.61623273029579 -13.5 -2.6
    endloop
  endfacet
  facet normal 0 0 1
    outer loop
      vertex 35.88876892064309 -30.259687194389162 0
      vertex 38.532718057264276 -32.07673748611296 0
      vertex 38.625 -31.984455543377234 0
    endloop
  endfacet
  facet normal 0 0 1
    outer loop
      vertex 39.982146721021294 -37.47083549639222 0
      vertex 40.375 -35.01554445662277 0
      vertex 39.982146721021294 -35.120809175469034 0
    endloop
  endfacet
  facet normal 0 0 1
    outer loop
      vertex 39.982146721021294 -37.47083549639222 0
      vertex 41.01554445662277 -34.375 0
      vertex 40.375 -35.01554445662277 0
    endloop
  endfacet
  facet normal 0 0 1
    outer loop
      vertex 39.982146721021294 -37.47083549639222 0
      vertex 41.772258986924626 -36.791935463574625 0
      vertex 43.5 -33.5 0
    endloop
  endfacet
  facet normal 0 0 1
    outer loop
      vertex 39.982146721021294 -37.47083549639222 0
      vertex 43.5 -33.5 0
      vertex 41.01554445662277 -34.375 0
    endloop
  endfacet
  facet normal 0 0 1
    outer loop
      vertex 41.01554445662277 -34.375 0
      vertex 43.5 -33.5 0
      vertex 41.25 -33.5 0
    endloop
  endfacet
  facet normal 0 0 1
    outer loop
      vertex 35.61623273029579 -30.308325233880513 0
      vertex 41.01641861504794 -13.5 0
      vertex 35.61623273029579 -29.529164503607785 0
    endloop
  endfacet
  facet normal 0 0 1
    outer loop
      vertex 35.61623273029579 -30.308325233880513 0
      vertex 35.88876892064309 -30.259687194389162 0
      vertex 41.01641861504794 -13.5 0
    endloop
  endfacet
  facet normal 0 0 1
    outer loop
      vertex 35.88876892064309 -30.259687194389162 0
      vertex 38.625 -31.984455543377234 0
      vertex 41.01641861504794 -13.5 0
    endloop
  endfacet
  facet normal 0 0 1
    outer loop
      vertex 35.61623273029579 -29.529164503607785 0
      vertex 41.01641861504794 -13.5 0
      vertex 35.61623273029579 -13.5 0
    endloop
  endfacet
  facet normal 0 0 1
    outer loop
      vertex 40.375 -31.984455543377234 0
      vertex 41.01554445662277 -32.625 0
      vertex 41.01641861504794 -13.5 0
    endloop
  endfacet
  facet normal 0 0 1
    outer loop
      vertex 41.25 -33.5 0
      vertex 41.01641861504794 -13.5 0
      vertex 41.01554445662277 -32.625 0
    endloop
  endfacet
  facet normal 0 0 1
    outer loop
      vertex 38.625 -31.984455543377234 0
      vertex 39.5 -31.75 0
      vertex 41.01641861504794 -13.5 0
    endloop
  endfacet
  facet normal 0 0 1
    outer loop
      vertex 39.5 -31.75 0
      vertex 40.375 -31.984455543377234 0
      vertex 41.01641861504794 -13.5 0
    endloop
  endfacet
  facet normal 0 0 1
    outer loop
      vertex 41.25 -33.5 0
      vertex 43.5 -33.5 0
      vertex 41.01641861504794 -13.5 0
    endloop
  endfacet
  facet normal 0 0 -1
    outer loop
      vertex 39.5 -29.529164503607785 -3
      vertex 39.5 29.529164503607785 -3
      vertex 39.982146721021294 -29.529164503607785 -3
    endloop
  endfacet
  facet normal 0 0 -1
    outer loop
      vertex 43.5 -33.5 -3
      vertex 40.36277343650909 -29.79189215562305 -3
      vertex 43.5 33.5 -3
    endloop
  endfacet
  facet normal 1 0 0
    outer loop
      vertex 43.5 -33.5 -3
      vertex 43.5 33.5 -3
      vertex 43.5 -33.5 0
    endloop
  endfacet
  facet normal 0 0 -1
    outer loop
      vertex 39.982146721021294 -29.529164503607785 -3
      vertex 43.5 33.5 -3
      vertex 40.36277343650909 -29.79189215562305 -3
    endloop
  endfacet
  facet normal 0 0 1
    outer loop
      vertex 43.5 -33.5 0
      vertex 42.4431568574672 13.5 0
      vertex 41.01641861504794 -13.5 0
    endloop
  endfacet
  facet normal 0 0 -1
    outer loop
      vertex 39.982146721021294 -29.529164503607785 -3
      vertex 39.5 29.529164503607785 -3
      vertex 39.982146721021294 29.529164503607785 -3
    endloop
  endfacet
  facet normal 0 0 -1
    outer loop
      vertex 39.982146721021294 -29.529164503607785 -3
      vertex 39.982146721021294 29.529164503607785 -3
      vertex 43.5 33.5 -3
    endloop
  endfacet
  facet normal 1 0 0
    outer loop
      vertex 43.5 -33.5 0
      vertex 43.5 33.5 -3
      vertex 43.5 33.5 0
    endloop
  endfacet
  facet normal 0 0 1
    outer loop
      vertex 43.5 -33.5 0
      vertex 43.5 33.5 0
      vertex 42.4431568574672 13.5 0
    endloop
  endfacet
  facet normal -1 0 0
    outer loop
      vertex 35.61623273029579 13.5 -2.6
      vertex 35.61623273029579 13.5 0
      vertex 35.61623273029579 29.529164503607785 0
    endloop
  endfacet
  facet normal -1 0 0
    outer loop
      vertex 35.61623273029579 13.5 -2.6
      vertex 35.61623273029579 29.529164503607785 0
      vertex 35.61623273029579 29.529164503607785 -2.6
    endloop
  endfacet
  facet normal 0 0 -1
    outer loop
      vertex 39.982146721021294 37.47083549639222 -3
      vertex 41.772258986924626 36.791935463574625 -3
      vertex 43.041824102612836 35.358892688175075 -3
    endloop
  endfacet
  facet normal 0.3546048870425373 0.9350162426854141 0
    outer loop
      vertex 39.982146721021294 37.47083549639222 -3
      vertex 39.982146721021294 37.47083549639222 0
      vertex 41.772258986924626 36.791935463574625 -3
    endloop
  endfacet
  facet normal 0.3546048870425373 0.9350162426854141 0
    outer loop
      vertex 41.772258986924626 36.791935463574625 -3
      vertex 39.982146721021294 37.47083549639222 0
      vertex 41.772258986924626 36.791935463574625 0
    endloop
  endfacet
  facet normal 0 0 1
    outer loop
      vertex 35.61623273029579 13.5 0
      vertex 36.4201732603866 29.529164503607785 0
      vertex 35.61623273029579 29.529164503607785 0
    endloop
  endfacet
  facet normal 0 0 1
    outer loop
      vertex 35.61623273029579 13.5 0
      vertex 43.5 33.5 0
      vertex 36.4201732603866 29.529164503607785 0
    endloop
  endfacet
  facet normal 0 0 1
    outer loop
      vertex 35.61623273029579 13.5 0
      vertex 42.4431568574672 13.5 0
      vertex 43.5 33.5 0
    endloop
  endfacet
  facet normal 0 0 1
    outer loop
      vertex 36.4201732603866 29.529164503607785 0
      vertex 38.625 31.984455543377234 0
      vertex 38.29220445547892 32.31725108789831 0
    endloop
  endfacet
  facet normal 0 0 1
    outer loop
      vertex 36.4201732603866 29.529164503607785 0
      vertex 39.5 31.75 0
      vertex 38.625 31.984455543377234 0
    endloop
  endfacet
  facet normal 0 0 1
    outer loop
      vertex 36.4201732603866 29.529164503607785 0
      vertex 40.375 31.984455543377234 0
      vertex 39.5 31.75 0
    endloop
  endfacet
  facet normal 0 0 1
    outer loop
      vertex 36.4201732603866 29.529164503607785 0
      vertex 43.5 33.5 0
      vertex 40.375 31.984455543377234 0
    endloop
  endfacet
  facet normal 0 0 1
    outer loop
      vertex 40.375 31.984455543377234 0
      vertex 43.5 33.5 0
      vertex 41.01554445662277 32.625 0
    endloop
  endfacet
  facet normal 0 0 1
    outer loop
      vertex 39.982146721021294 37.47083549639222 0
      vertex 40.375 35.01554445662277 0
      vertex 41.01554445662277 34.375 0
    endloop
  endfacet
  facet normal 0 0 1
    outer loop
      vertex 39.982146721021294 35.120809175469034 0
      vertex 40.375 35.01554445662277 0
      vertex 39.982146721021294 37.47083549639222 0
    endloop
  endfacet
  facet normal 0 0 1
    outer loop
      vertex 41.01554445662277 32.625 0
      vertex 43.5 33.5 0
      vertex 41.25 33.5 0
    endloop
  endfacet
  facet normal 0 0 1
    outer loop
      vertex 41.01554445662277 34.375 0
      vertex 41.25 33.5 0
      vertex 43.5 33.5 0
    endloop
  endfacet
  facet normal 0 0 1
    outer loop
      vertex 39.982146721021294 37.47083549639222 0
      vertex 41.01554445662277 34.375 0
      vertex 43.5 33.5 0
    endloop
  endfacet
  facet normal 0 0 1
    outer loop
      vertex 39.982146721021294 37.47083549639222 0
      vertex 43.041824102612836 35.358892688175075 0
      vertex 41.772258986924626 36.791935463574625 0
    endloop
  endfacet
  facet normal -1 0 0
    outer loop
      vertex 29.5 -10.847327014286224 -3
      vertex 29.5 -10.615 -2.875
      vertex 29.5 -10.574385037970886 -3
    endloop
  endfacet
  facet normal -1 0 0
    outer loop
      vertex 29.5 -10.847327014286224 -3
      vertex 29.5 -12.57347315653656 -1.9011271242968684
      vertex 29.5 -10.615 -2.875
    endloop
  endfacet
  facet normal 1 0 0
    outer loop
      vertex 29 -10.615 -2.875
      vertex 29 -12.381117935463106 -1.272219596657398
      vertex 29 -12.381117935463106 -1.750680889890861
    endloop
  endfacet
  facet normal 1 0 0
    outer loop
      vertex 29 -10.508668648955995 -3
      vertex 29 -7.5 0
      vertex 29 -10.496117935463106 -2.9613728757031317
    endloop
  endfacet
  facet normal 1 0 0
    outer loop
      vertex 29 -10.496117935463106 -2.9613728757031317
      vertex 29 -7.5 0
      vertex 29 -10.615 -2.875
    endloop
  endfacet
  facet normal 0 0.9510565162951545 0.30901699437494456
    outer loop
      vertex 29 -12.57347315653656 -1.9011271242968684
      vertex 29.5 -12.618882064536894 -1.7613728757031315
      vertex 29.5 -12.57347315653656 -1.9011271242968684
    endloop
  endfacet
  facet normal 0 0.9510565162951545 0.30901699437494456
    outer loop
      vertex 29 -12.57347315653656 -1.9011271242968684
      vertex 29 -12.618882064536894 -1.7613728757031315
      vertex 29.5 -12.618882064536894 -1.7613728757031315
    endloop
  endfacet
  facet normal 0 1 0
    outer loop
      vertex 29.5 -12.618882064536894 -1.7613728757031315
      vertex 29 -12.618882064536894 -1.1681144487368396
      vertex 29 -12.618882064536894 -1.1613728757031316
    endloop
  endfacet
  facet normal 0 1 0
    outer loop
      vertex 29.5 -12.618882064536894 -1.7613728757031315
      vertex 29 -12.618882064536894 -1.1613728757031316
      vertex 29.5 -12.618882064536894 -1.1613728757031316
    endloop
  endfacet
  facet normal 1 0 0
    outer loop
      vertex 29 -10.615 -2.875
      vertex 29 -7.5 0
      vertex 29 -12.381117935463106 -1.272219596657398
    endloop
  endfacet
  facet normal -1 0 0
    outer loop
      vertex 29.5 -12.57347315653656 -1.9011271242968684
      vertex 29.5 -12.618882064536894 -1.7613728757031315
      vertex 29.5 -12.618882064536894 -1.1613728757031316
    endloop
  endfacet
  facet normal 0 0.5877852522924736 -0.8090169943749471
    outer loop
      vertex 29 -12.618882064536894 -1.1613728757031316
      vertex 29.5 -12.5 -1.075
      vertex 29.5 -12.618882064536894 -1.1613728757031316
    endloop
  endfacet
  facet normal 0 0.5877852522924736 -0.8090169943749471
    outer loop
      vertex 29 -12.618882064536894 -1.1613728757031316
      vertex 29 -12.5 -1.075
      vertex 29.5 -12.5 -1.075
    endloop
  endfacet
  facet normal -1 0 0
    outer loop
      vertex 29.5 -12.381117935463106 -1.750680889890861
      vertex 29.5 -12.381117935463106 -1.1770709580437142
      vertex 29.5 -10.811354166666668 0
    endloop
  endfacet
  facet normal -1 0 0
    outer loop
      vertex 29.5 -10.508668648955995 -3
      vertex 29.5 -10.496117935463106 -2.9613728757031317
      vertex 29.5 -3.100000002980232 -3
    endloop
  endfacet
  facet normal 1 0 0
    outer loop
      vertex 29 -10.508668648955995 -3
      vertex 29 -7.5 -3
      vertex 29 -7.5 0
    endloop
  endfacet
  facet normal -1 0 0
    outer loop
      vertex 29.5 -10.496117935463106 -2.9613728757031317
      vertex 29.5 -10.615 -2.875
      vertex 29.5 -3.100000002980232 -1
    endloop
  endfacet
  facet normal -1 0 0
    outer loop
      vertex 29.5 -10.496117935463106 -2.9613728757031317
      vertex 29.5 -3.100000002980232 -1
      vertex 29.5 -3.100000002980232 -3
    endloop
  endfacet
  facet normal -1 0 0
    outer loop
      vertex 29.5 -10.615 -2.875
      vertex 29.5 -12.381117935463106 -1.750680889890861
      vertex 29.5 -3.100000002980232 -1
    endloop
  endfacet
  facet normal -1 0 0
    outer loop
      vertex 29.5 -12.381117935463106 -1.750680889890861
      vertex 29.5 -10.811354166666668 0
      vertex 29.5 -3.100000002980232 -1
    endloop
  endfacet
  facet normal -1 0 0
    outer loop
      vertex 29.5 -1.9 -1
      vertex 29.5 1.9 -1
      vertex 29.5 -1.9 -3
    endloop
  endfacet
  facet normal 1 0 0
    outer loop
      vertex 29 -12.381117935463106 -1.272219596657398
      vertex 29 -7.5 0
      vertex 29 -10.54152684346344 -0.10112712429686832
    endloop
  endfacet
  facet normal -1 0 0
    outer loop
      vertex 29.5 -12.381117935463106 -1.1770709580437142
      vertex 29.5 -12.5 -1.075
      vertex 29.5 -10.811354166666668 0
    endloop
  endfacet
  facet normal 1 0 0
    outer loop
      vertex 29 -10.54152684346344 -0.10112712429686832
      vertex 29 -7.5 0
      vertex 29 -10.508668648955995 0
    endloop
  endfacet
  facet normal -1 0 0
    outer loop
      vertex 29.5 -10.811354166666668 0
      vertex 29.5 -1.9 -1
      vertex 29.5 -3.100000002980232 -1
    endloop
  endfacet
  facet normal -1 0 0
    outer loop
      vertex 29.5 -10.811354166666668 0
      vertex 29.5 1.9 -1
      vertex 29.5 -1.9 -1
    endloop
  endfacet
  facet normal -1 0 0
    outer loop
      vertex 29.5 -10.811354166666668 0
      vertex 29.5 3.100000002980232 -1
      vertex 29.5 1.9 -1
    endloop
  endfacet
  facet normal -1 0 0
    outer loop
      vertex 29.5 -1.9 -3
      vertex 29.5 1.9 -1
      vertex 29.5 1.9 -3
    endloop
  endfacet
  facet normal -1 0 0
    outer loop
      vertex 29.5 10.508668648955995 -3
      vertex 29.5 3.100000002980232 -3
      vertex 29.5 10.496117935463106 -2.9613728757031317
    endloop
  endfacet
  facet normal -1 0 0
    outer loop
      vertex 29.5 10.496117935463106 -2.9613728757031317
      vertex 29.5 3.100000002980232 -3
      vertex 29.5 10.615 -2.875
    endloop
  endfacet
  facet normal -1 0 0
    outer loop
      vertex 29.5 10.615 -2.875
      vertex 29.5 3.100000002980232 -3
      vertex 29.5 12.381117935463106 -1.750680889890861
    endloop
  endfacet
  facet normal -1 0 0
    outer loop
      vertex 29.5 12.381117935463106 -1.750680889890861
      vertex 29.5 3.100000002980232 -3
      vertex 29.5 12.381117935463106 -1.1770709580437142
    endloop
  endfacet
  facet normal -1 0 0
    outer loop
      vertex 29.5 12.381117935463106 -1.1770709580437142
      vertex 29.5 3.100000002980232 -3
      vertex 29.5 3.100000002980232 -1
    endloop
  endfacet
  facet normal 1 0 0
    outer loop
      vertex 29 7.5 -3
      vertex 29 10.508668648955995 0
      vertex 29 7.5 0
    endloop
  endfacet
  facet normal 1 0 0
    outer loop
      vertex 29 7.5 -3
      vertex 29 10.508668648955995 -3
      vertex 29 10.496117935463106 -2.9613728757031317
    endloop
  endfacet
  facet normal 1 0 0
    outer loop
      vertex 29 7.5 -3
      vertex 29 10.496117935463106 -2.9613728757031317
      vertex 29 10.615 -2.875
    endloop
  endfacet
  facet normal 1 0 0
    outer loop
      vertex 29 7.5 -3
      vertex 29 10.615 -2.875
      vertex 29 12.381117935463106 -1.750680889890861
    endloop
  endfacet
  facet normal -1 0 0
    outer loop
      vertex 29.5 10.574385037970886 -3
      vertex 29.5 10.615 -2.875
      vertex 29.5 10.847327014286224 -3
    endloop
  endfacet
  facet normal -1 0 0
    outer loop
      vertex 29.5 10.847327014286224 -3
      vertex 29.5 10.615 -2.875
      vertex 29.5 12.57347315653656 -1.9011271242968684
    endloop
  endfacet
  facet normal 1 0 0
    outer loop
      vertex 29 7.5 -3
      vertex 29 12.381117935463106 -1.750680889890861
      vertex 29 10.54152684346344 -0.10112712429686832
    endloop
  endfacet
  facet normal 0 -0.9510565162951545 0.30901699437494456
    outer loop
      vertex 29 12.57347315653656 -1.9011271242968684
      vertex 29.5 12.57347315653656 -1.9011271242968684
      vertex 29.5 12.618882064536894 -1.7613728757031315
    endloop
  endfacet
  facet normal 0 -0.9510565162951545 0.30901699437494456
    outer loop
      vertex 29 12.57347315653656 -1.9011271242968684
      vertex 29.5 12.618882064536894 -1.7613728757031315
      vertex 29 12.618882064536894 -1.7613728757031315
    endloop
  endfacet
  facet normal 0 -1 0
    outer loop
      vertex 29.5 12.618882064536894 -1.7613728757031315
      vertex 29 12.618882064536894 -1.1613728757031316
      vertex 29 12.618882064536894 -1.1681144487368396
    endloop
  endfacet
  facet normal 0 -1 0
    outer loop
      vertex 29.5 12.618882064536894 -1.7613728757031315
      vertex 29.5 12.618882064536894 -1.1613728757031316
      vertex 29 12.618882064536894 -1.1613728757031316
    endloop
  endfacet
  facet normal -1 0 0
    outer loop
      vertex 29.5 12.57347315653656 -1.9011271242968684
      vertex 29.5 12.618882064536894 -1.1613728757031316
      vertex 29.5 12.618882064536894 -1.7613728757031315
    endloop
  endfacet
  facet normal 1 0 0
    outer loop
      vertex 29 7.5 -3
      vertex 29 10.54152684346344 -0.10112712429686832
      vertex 29 10.508668648955995 0
    endloop
  endfacet
  facet normal 0 -0.5877852522924736 -0.8090169943749471
    outer loop
      vertex 29 12.618882064536894 -1.1613728757031316
      vertex 29.5 12.618882064536894 -1.1613728757031316
      vertex 29 12.5 -1.075
    endloop
  endfacet
  facet normal 0 -0.5877852522924736 -0.8090169943749471
    outer loop
      vertex 29.5 12.618882064536894 -1.1613728757031316
      vertex 29.5 12.5 -1.075
      vertex 29 12.5 -1.075
    endloop
  endfacet
  facet normal 1 0 0
    outer loop
      vertex 29 12.381117935463106 -1.750680889890861
      vertex 29 12.381117935463106 -1.272219596657398
      vertex 29 10.54152684346344 -0.10112712429686832
    endloop
  endfacet
  facet normal -1 0 0
    outer loop
      vertex 29.5 -10.811354166666668 0
      vertex 29.5 12.381117935463106 -1.1770709580437142
      vertex 29.5 3.100000002980232 -1
    endloop
  endfacet
  facet normal -1 0 0
    outer loop
      vertex 29.5 -10.811354166666668 0
      vertex 29.5 10.811354166666668 0
      vertex 29.5 12.381117935463106 -1.1770709580437142
    endloop
  endfacet
  facet normal -1 0 0
    outer loop
      vertex 29.5 12.381117935463106 -1.1770709580437142
      vertex 29.5 10.811354166666668 0
      vertex 29.5 12.5 -1.075
    endloop
  endfacet
  facet normal 0 0.9510565162951561 0.3090169943749399
    outer loop
      vertex -9 10.508668648955995 -3
      vertex -9 10.496117935463106 -2.9613728757031317
      vertex -8.557198155764532 10.508668648955995 -3
    endloop
  endfacet
  facet normal 0 0.9510565162951561 0.30901699437493985
    outer loop
      vertex -9 10.496117935463106 -2.9613728757031317
      vertex -5 10.508668648955995 -3
      vertex -8.557198155764532 10.508668648955995 -3
    endloop
  endfacet
  facet normal 0 -0.5370202691637092 0.843569339477993
    outer loop
      vertex -9 10.847327014286224 -3
      vertex -8.594170108823342 10.847327014286224 -3
      vertex -9 12.57347315653656 -1.9011271242968684
    endloop
  endfacet
  facet normal 0 -0.537020269163709 0.843569339477993
    outer loop
      vertex -8.594170108823342 10.847327014286224 -3
      vertex -5 10.847327014286224 -3
      vertex -9 12.57347315653656 -1.9011271242968684
    endloop
  endfacet
  facet normal 0 0.5877852522924736 -0.809016994374947
    outer loop
      vertex -9 10.496117935463106 -2.9613728757031317
      vertex -9 10.615 -2.875
      vertex 29 10.615 -2.875
    endloop
  endfacet
  facet normal 0 0.9510565162951561 0.3090169943749399
    outer loop
      vertex -9 10.496117935463106 -2.9613728757031317
      vertex 29 10.508668648955995 -3
      vertex -5 10.508668648955995 -3
    endloop
  endfacet
  facet normal 0 -0.537020269163709 0.843569339477993
    outer loop
      vertex -5 10.847327014286224 -3
      vertex 29 12.57347315653656 -1.9011271242968684
      vertex -9 12.57347315653656 -1.9011271242968684
    endloop
  endfacet
  facet normal 0 0.5370202691637092 -0.843569339477993
    outer loop
      vertex -9 10.615 -2.875
      vertex -9 12.381117935463106 -1.750680889890861
      vertex 29 12.381117935463106 -1.750680889890861
    endloop
  endfacet
  facet normal 0 0.9510565162951559 0.30901699437493985
    outer loop
      vertex -9 10.496117935463106 -2.9613728757031317
      vertex 29 10.496117935463106 -2.9613728757031317
      vertex 29 10.508668648955995 -3
    endloop
  endfacet
  facet normal 0 0.5877852522924736 -0.809016994374947
    outer loop
      vertex -9 10.496117935463106 -2.9613728757031317
      vertex 29 10.615 -2.875
      vertex 29 10.496117935463106 -2.9613728757031317
    endloop
  endfacet
  facet normal 0 0.5370202691637092 -0.843569339477993
    outer loop
      vertex -9 10.615 -2.875
      vertex 29 12.381117935463106 -1.750680889890861
      vertex 29 10.615 -2.875
    endloop
  endfacet
  facet normal 0 -0.537020269163709 0.843569339477993
    outer loop
      vertex -5 10.847327014286224 -3
      vertex 29.5 10.847327014286224 -3
      vertex 29.5 12.57347315653656 -1.9011271242968684
    endloop
  endfacet
  facet normal 0 -0.5370202691637044 0.8435693394779961
    outer loop
      vertex -5 10.847327014286224 -3
      vertex 29.5 12.57347315653656 -1.9011271242968684
      vertex 29 12.57347315653656 -1.9011271242968684
    endloop
  endfacet
  facet normal -1 0 0
    outer loop
      vertex 29.5 10.508668648955995 -3
      vertex 29.5 10.496117935463106 -2.9613728757031317
      vertex 29.5 10.574385037970886 -3
    endloop
  endfacet
  facet normal -1 0 0
    outer loop
      vertex 29.5 10.496117935463106 -2.9613728757031317
      vertex 29.5 10.615 -2.875
      vertex 29.5 10.574385037970886 -3
    endloop
  endfacet
  facet normal -1 0 0
    outer loop
      vertex 29.5 10.615 -2.875
      vertex 29.5 12.484164137948918 -1.8362403241585257
      vertex 29.5 12.57347315653656 -1.9011271242968684
    endloop
  endfacet
  facet normal -1 0 0
    outer loop
      vertex 29.5 10.615 -2.875
      vertex 29.5 12.381117935463106 -1.750680889890861
      vertex 29.5 12.484164137948918 -1.8362403241585257
    endloop
  endfacet
  facet normal -1 0 0
    outer loop
      vertex 29.5 12.484164137948918 -1.8362403241585257
      vertex 29.5 12.381117935463106 -1.750680889890861
      vertex 29.5 12.383199320804476 -1.749355870044896
    endloop
  endfacet
  facet normal 0 -0.951056516295156 0.30901699437493985
    outer loop
      vertex -9 -10.508668648955995 -3
      vertex -6.262697007854259 -10.508668648955995 -3
      vertex -9 -10.496117935463106 -2.9613728757031317
    endloop
  endfacet
  facet normal 0 0.537020269163709 0.8435693394779931
    outer loop
      vertex -9 -10.847327014286224 -3
      vertex -9 -12.57347315653656 -1.9011271242968684
      vertex -6.225725054795446 -10.847327014286224 -3
    endloop
  endfacet
  facet normal 0 -0.9510565162951559 0.3090169943749399
    outer loop
      vertex -9 -10.496117935463106 -2.9613728757031317
      vertex -6.262697007854259 -10.508668648955995 -3
      vertex -5 -10.508668648955995 -3
    endloop
  endfacet
  facet normal 0 0.537020269163709 0.843569339477993
    outer loop
      vertex -6.225725054795446 -10.847327014286224 -3
      vertex -9 -12.57347315653656 -1.9011271242968684
      vertex -5 -10.847327014286224 -3
    endloop
  endfacet
  facet normal 0 -0.5877852522924736 -0.809016994374947
    outer loop
      vertex -9 -10.496117935463106 -2.9613728757031317
      vertex 29 -10.496117935463106 -2.9613728757031317
      vertex -9 -10.615 -2.875
    endloop
  endfacet
  facet normal 0 -0.9510565162951559 0.30901699437493985
    outer loop
      vertex -9 -10.496117935463106 -2.9613728757031317
      vertex -5 -10.508668648955995 -3
      vertex 29 -10.496117935463106 -2.9613728757031317
    endloop
  endfacet
  facet normal 0 -0.5370202691637092 -0.843569339477993
    outer loop
      vertex -9 -10.615 -2.875
      vertex 29 -10.615 -2.875
      vertex -9 -12.381117935463106 -1.750680889890861
    endloop
  endfacet
  facet normal 0 0.537020269163709 0.843569339477993
    outer loop
      vertex -5 -10.847327014286224 -3
      vertex -9 -12.57347315653656 -1.9011271242968684
      vertex 29.5 -10.847327014286224 -3
    endloop
  endfacet
  facet normal 0 -0.5877852522924736 -0.809016994374947
    outer loop
      vertex -9 -10.615 -2.875
      vertex 29 -10.496117935463106 -2.9613728757031317
      vertex 29 -10.615 -2.875
    endloop
  endfacet
  facet normal 0 -0.9510565162951561 0.3090169943749399
    outer loop
      vertex -5 -10.508668648955995 -3
      vertex 29 -10.508668648955995 -3
      vertex 29 -10.496117935463106 -2.9613728757031317
    endloop
  endfacet
  facet normal 0 0.537020269163709 0.843569339477993
    outer loop
      vertex -9 -12.57347315653656 -1.9011271242968684
      vertex 29 -12.57347315653656 -1.9011271242968684
      vertex 29.5 -10.847327014286224 -3
    endloop
  endfacet
  facet normal 0 -0.5370202691637092 -0.843569339477993
    outer loop
      vertex -9 -12.381117935463106 -1.750680889890861
      vertex 29 -10.615 -2.875
      vertex 29 -12.381117935463106 -1.750680889890861
    endloop
  endfacet
  facet normal -1 0 0
    outer loop
      vertex 29.5 -10.574385037970886 -3
      vertex 29.5 -10.615 -2.875
      vertex 29.5 -10.496117935463106 -2.9613728757031317
    endloop
  endfacet
  facet normal -1 0 0
    outer loop
      vertex 29.5 -10.574385037970886 -3
      vertex 29.5 -10.496117935463106 -2.9613728757031317
      vertex 29.5 -10.508668648955995 -3
    endloop
  endfacet
  facet normal 0 0.537020269163709 0.843569339477993
    outer loop
      vertex 29.5 -10.847327014286224 -3
      vertex 29 -12.57347315653656 -1.9011271242968684
      vertex 29.5 -12.57347315653656 -1.9011271242968684
    endloop
  endfacet
  facet normal -1 0 0
    outer loop
      vertex 29.5 -10.615 -2.875
      vertex 29.5 -12.57347315653656 -1.9011271242968684
      vertex 29.5 -12.484164137948918 -1.8362403241585257
    endloop
  endfacet
  facet normal -1 0 0
    outer loop
      vertex 29.5 -10.615 -2.875
      vertex 29.5 -12.484164137948918 -1.8362403241585257
      vertex 29.5 -12.381117935463106 -1.750680889890861
    endloop
  endfacet
  facet normal -1 0 0
    outer loop
      vertex 29.5 -12.484164137948918 -1.8362403241585257
      vertex 29.5 -12.383199320804476 -1.749355870044896
      vertex 29.5 -12.381117935463106 -1.750680889890861
    endloop
  endfacet
  facet normal 0 -0.9510565162951545 0.30901699437494456
    outer loop
      vertex -9 12.57347315653656 -1.9011271242968684
      vertex 29 12.57347315653656 -1.9011271242968684
      vertex -9 12.618882064536894 -1.7613728757031315
    endloop
  endfacet
  facet normal 0 -1 0
    outer loop
      vertex -9 12.618882064536894 -1.7613728757031315
      vertex 29 12.618882064536894 -1.7613728757031315
      vertex -9 12.618882064536894 -1.1613728757031316
    endloop
  endfacet
  facet normal 0 1 0
    outer loop
      vertex -9 12.381117935463106 -1.750680889890861
      vertex -9 12.381117935463106 -1.272219596657398
      vertex 29 12.381117935463106 -1.272219596657398
    endloop
  endfacet
  facet normal 0 -0.5877852522924736 -0.809016994374947
    outer loop
      vertex -9 12.618882064536894 -1.1613728757031316
      vertex 29 12.618882064536894 -1.1613728757031316
      vertex -9 12.5 -1.075
    endloop
  endfacet
  facet normal 0 -0.9510565162951545 0.30901699437494456
    outer loop
      vertex -9 12.618882064536894 -1.7613728757031315
      vertex 29 12.57347315653656 -1.9011271242968684
      vertex 29 12.618882064536894 -1.7613728757031315
    endloop
  endfacet
  facet normal 0 1 0
    outer loop
      vertex -9 12.381117935463106 -1.750680889890861
      vertex 29 12.381117935463106 -1.272219596657398
      vertex 29 12.381117935463106 -1.750680889890861
    endloop
  endfacet
  facet normal 0 -1 0
    outer loop
      vertex -9 12.618882064536894 -1.1613728757031316
      vertex 29 12.618882064536894 -1.7613728757031315
      vertex 29 12.618882064536894 -1.1681144487368396
    endloop
  endfacet
  facet normal 0 -1 0
    outer loop
      vertex -9 12.618882064536894 -1.1613728757031316
      vertex 29 12.618882064536894 -1.1681144487368396
      vertex 29 12.618882064536894 -1.1613728757031316
    endloop
  endfacet
  facet normal 0 -0.5877852522924736 -0.809016994374947
    outer loop
      vertex -9 12.5 -1.075
      vertex 29 12.618882064536894 -1.1613728757031316
      vertex 29 12.5 -1.075
    endloop
  endfacet
  facet normal 0 -1 0
    outer loop
      vertex 29 12.618882064536894 -1.7613728757031315
      vertex 29.5 12.618882064536894 -1.7613728757031315
      vertex 29 12.618882064536894 -1.1681144487368396
    endloop
  endfacet
  facet normal -1 0 0
    outer loop
      vertex 29.5 12.57347315653656 -1.9011271242968684
      vertex 29.5 12.484164137948918 -1.8362403241585257
      vertex 29.5 12.5 -1.075
    endloop
  endfacet
  facet normal -1 0 0
    outer loop
      vertex 29.5 12.381117935463106 -1.750680889890861
      vertex 29.5 12.381117935463106 -1.1770709580437142
      vertex 29.5 12.383199320804476 -1.749355870044896
    endloop
  endfacet
  facet normal -1 0 0
    outer loop
      vertex 29.5 12.484164137948918 -1.8362403241585257
      vertex 29.5 12.383199320804476 -1.749355870044896
      vertex 29.5 12.5 -1.075
    endloop
  endfacet
  facet normal -1 0 0
    outer loop
      vertex 29.5 12.57347315653656 -1.9011271242968684
      vertex 29.5 12.5 -1.075
      vertex 29.5 12.618882064536894 -1.1613728757031316
    endloop
  endfacet
  facet normal -1 0 0
    outer loop
      vertex 29.5 12.383199320804476 -1.749355870044896
      vertex 29.5 12.381117935463106 -1.1770709580437142
      vertex 29.5 12.5 -1.075
    endloop
  endfacet
  facet normal 0 0.9510565162951545 0.30901699437494456
    outer loop
      vertex -9 -12.57347315653656 -1.9011271242968684
      vertex -9 -12.618882064536894 -1.7613728757031315
      vertex 29 -12.618882064536894 -1.7613728757031315
    endloop
  endfacet
  facet normal 0 -1 0
    outer loop
      vertex -9 -12.381117935463106 -1.750680889890861
      vertex 29 -12.381117935463106 -1.750680889890861
      vertex -9 -12.381117935463106 -1.272219596657398
    endloop
  endfacet
  facet normal 0 1 0
    outer loop
      vertex -9 -12.618882064536894 -1.7613728757031315
      vertex -9 -12.618882064536894 -1.1613728757031316
      vertex 29 -12.618882064536894 -1.1613728757031316
    endloop
  endfacet
  facet normal 0 0.5877852522924736 -0.809016994374947
    outer loop
      vertex -9 -12.618882064536894 -1.1613728757031316
      vertex -9 -12.5 -1.075
      vertex 29 -12.5 -1.075
    endloop
  endfacet
  facet normal 0 0.9510565162951545 0.30901699437494456
    outer loop
      vertex -9 -12.57347315653656 -1.9011271242968684
      vertex 29 -12.618882064536894 -1.7613728757031315
      vertex 29 -12.57347315653656 -1.9011271242968684
    endloop
  endfacet
  facet normal 0 1 0
    outer loop
      vertex -9 -12.618882064536894 -1.7613728757031315
      vertex 29 -12.618882064536894 -1.1681144487368396
      vertex 29 -12.618882064536894 -1.7613728757031315
    endloop
  endfacet
  facet normal 0 -1 0
    outer loop
      vertex -9 -12.381117935463106 -1.272219596657398
      vertex 29 -12.381117935463106 -1.750680889890861
      vertex 29 -12.381117935463106 -1.272219596657398
    endloop
  endfacet
  facet normal 0 1 0
    outer loop
      vertex -9 -12.618882064536894 -1.7613728757031315
      vertex 29 -12.618882064536894 -1.1613728757031316
      vertex 29 -12.618882064536894 -1.1681144487368396
    endloop
  endfacet
  facet normal 0 0.5877852522924736 -0.809016994374947
    outer loop
      vertex -9 -12.618882064536894 -1.1613728757031316
      vertex 29 -12.5 -1.075
      vertex 29 -12.618882064536894 -1.1613728757031316
    endloop
  endfacet
  facet normal 0 1 0
    outer loop
      vertex 29 -12.618882064536894 -1.7613728757031315
      vertex 29 -12.618882064536894 -1.1681144487368396
      vertex 29.5 -12.618882064536894 -1.7613728757031315
    endloop
  endfacet
  facet normal -1 0 0
    outer loop
      vertex 29.5 -12.57347315653656 -1.9011271242968684
      vertex 29.5 -12.5 -1.075
      vertex 29.5 -12.484164137948918 -1.8362403241585257
    endloop
  endfacet
  facet normal -1 0 0
    outer loop
      vertex 29.5 -12.381117935463106 -1.750680889890861
      vertex 29.5 -12.383199320804476 -1.749355870044896
      vertex 29.5 -12.381117935463106 -1.1770709580437142
    endloop
  endfacet
  facet normal -1 0 0
    outer loop
      vertex 29.5 -12.484164137948918 -1.8362403241585257
      vertex 29.5 -12.5 -1.075
      vertex 29.5 -12.383199320804476 -1.749355870044896
    endloop
  endfacet
  facet normal -1 0 0
    outer loop
      vertex 29.5 -12.57347315653656 -1.9011271242968684
      vertex 29.5 -12.618882064536894 -1.1613728757031316
      vertex 29.5 -12.5 -1.075
    endloop
  endfacet
  facet normal -1 0 0
    outer loop
      vertex 29.5 -12.383199320804476 -1.749355870044896
      vertex 29.5 -12.5 -1.075
      vertex 29.5 -12.381117935463106 -1.1770709580437142
    endloop
  endfacet
  facet normal 0 0.5370202691637092 0.8435693394779931
    outer loop
      vertex -9 12.381117935463106 -1.272219596657398
      vertex -9 10.54152684346344 -0.10112712429686832
      vertex 29 10.54152684346344 -0.10112712429686832
    endloop
  endfacet
  facet normal 2.3048979233476722e-17 -0.5370202691637089 -0.8435693394779933
    outer loop
      vertex -9 12.5 -1.075
      vertex 29.5 10.811354166666668 0
      vertex -9 10.811354166666666 0
    endloop
  endfacet
  facet normal 0 0.9510565162951538 0.30901699437494695
    outer loop
      vertex -9 10.54152684346344 -0.10112712429686832
      vertex -9 10.508668648955995 0
      vertex 29 10.54152684346344 -0.10112712429686832
    endloop
  endfacet
  facet normal 0 0.5370202691637092 0.8435693394779931
    outer loop
      vertex -9 12.381117935463106 -1.272219596657398
      vertex 29 10.54152684346344 -0.10112712429686832
      vertex 29 12.381117935463106 -1.272219596657398
    endloop
  endfacet
  facet normal 0 -0.5370202691637094 -0.843569339477993
    outer loop
      vertex -9 12.5 -1.075
      vertex 29 12.5 -1.075
      vertex 29.5 10.811354166666668 0
    endloop
  endfacet
  facet normal 0 0.9510565162951538 0.30901699437494695
    outer loop
      vertex -9 10.508668648955995 0
      vertex 29 10.508668648955995 0
      vertex 29 10.54152684346344 -0.10112712429686832
    endloop
  endfacet
  facet normal 0 -0.5370202691637094 -0.843569339477993
    outer loop
      vertex 29 12.5 -1.075
      vertex 29.5 12.5 -1.075
      vertex 29.5 10.811354166666668 0
    endloop
  endfacet
  facet normal 0 -0.5370202691637092 0.8435693394779931
    outer loop
      vertex -9 -12.381117935463106 -1.272219596657398
      vertex 29 -12.381117935463106 -1.272219596657398
      vertex -9 -10.54152684346344 -0.10112712429686832
    endloop
  endfacet
  facet normal 0 0.5370202691637089 -0.8435693394779931
    outer loop
      vertex -9 -12.5 -1.075
      vertex -9 -10.811354166666666 0
      vertex 29 -12.5 -1.075
    endloop
  endfacet
  facet normal 0 -0.9510565162951538 0.30901699437494695
    outer loop
      vertex -9 -10.54152684346344 -0.10112712429686832
      vertex 29 -10.54152684346344 -0.10112712429686832
      vertex -9 -10.508668648955995 0
    endloop
  endfacet
  facet normal 0 0.5370202691637037 -0.8435693394779965
    outer loop
      vertex -9 -10.811354166666666 0
      vertex 29.5 -12.5 -1.075
      vertex 29 -12.5 -1.075
    endloop
  endfacet
  facet normal 0 -0.5370202691637092 0.8435693394779931
    outer loop
      vertex -9 -10.54152684346344 -0.10112712429686832
      vertex 29 -12.381117935463106 -1.272219596657398
      vertex 29 -10.54152684346344 -0.10112712429686832
    endloop
  endfacet
  facet normal 2.4777652675987494e-17 0.5370202691637093 -0.843569339477993
    outer loop
      vertex -9 -10.811354166666666 0
      vertex 29.5 -10.811354166666668 0
      vertex 29.5 -12.5 -1.075
    endloop
  endfacet
  facet normal 0 -0.9510565162951538 0.30901699437494695
    outer loop
      vertex -9 -10.508668648955995 0
      vertex 29 -10.54152684346344 -0.10112712429686832
      vertex 29 -10.508668648955995 0
    endloop
  endfacet
  facet normal 0 0 -1
    outer loop
      vertex -20.608033988749895 -5.675570504584947 -3
      vertex -20.89211303259031 -5.118033988749895 -3
      vertex -20.990000000000002 -4.5 -3
    endloop
  endfacet
  facet normal 0 0 -1
    outer loop
      vertex -18.990000000000002 -6.5 -3
      vertex -20.16557050458495 -6.118033988749895 -3
      vertex -20.608033988749895 -5.675570504584947 -3
    endloop
  endfacet
  facet normal 0 0 -1
    outer loop
      vertex -19.608033988749895 -6.402113032590307 -3
      vertex -20.16557050458495 -6.118033988749895 -3
      vertex -18.990000000000002 -6.5 -3
    endloop
  endfacet
  facet normal 0 0 -1
    outer loop
      vertex -20.608033988749895 -5.675570504584947 -3
      vertex -19.218115294937455 -4.5290067270632255 -3
      vertex -19.01900672706323 -4.728115294937453 -3
    endloop
  endfacet
  facet normal 0 0 -1
    outer loop
      vertex -20.608033988749895 -5.675570504584947 -3
      vertex -19.34595086466564 -4.278115294937453 -3
      vertex -19.218115294937455 -4.5290067270632255 -3
    endloop
  endfacet
  facet normal 0 0 -1
    outer loop
      vertex -20.608033988749895 -5.675570504584947 -3
      vertex -19.01900672706323 -4.728115294937453 -3
      vertex -18.768115294937452 -4.855950864665639 -3
    endloop
  endfacet
  facet normal -0.7071067811865489 -0.707106781186546 0
    outer loop
      vertex -20.16557050458495 -6.118033988749895 -3
      vertex -20.16557050458495 -6.118033988749895 -1
      vertex -20.608033988749895 -5.675570504584947 -3
    endloop
  endfacet
  facet normal -0.8910065241883668 -0.45399049973954886 0
    outer loop
      vertex -20.608033988749895 -5.675570504584947 -3
      vertex -20.608033988749895 -5.675570504584947 -1
      vertex -20.89211303259031 -5.118033988749895 -3
    endloop
  endfacet
  facet normal -0.9876883405951378 -0.15643446504023065 0
    outer loop
      vertex -20.89211303259031 -5.118033988749895 -3
      vertex -20.990000000000002 -4.5 -1
      vertex -20.990000000000002 -4.5 -3
    endloop
  endfacet
  facet normal -0.45399049973954547 -0.8910065241883685 0
    outer loop
      vertex -19.608033988749895 -6.402113032590307 -3
      vertex -20.16557050458495 -6.118033988749895 -1
      vertex -20.16557050458495 -6.118033988749895 -3
    endloop
  endfacet
  facet normal -0.15643446504023106 -0.9876883405951375 0
    outer loop
      vertex -19.608033988749895 -6.402113032590307 -3
      vertex -18.990000000000002 -6.5 -3
      vertex -18.990000000000002 -6.5 -1
    endloop
  endfacet
  facet normal 0 0 -1
    outer loop
      vertex -20.608033988749895 -5.675570504584947 -3
      vertex -19.39 -4 -3
      vertex -19.34595086466564 -4.278115294937453 -3
    endloop
  endfacet
  facet normal 0 0 -1
    outer loop
      vertex -20.608033988749895 -5.675570504584947 -3
      vertex -20.990000000000002 -4.5 -3
      vertex -20.990000000000002 4.5 -3
    endloop
  endfacet
  facet normal 0 0 -1
    outer loop
      vertex -20.608033988749895 -5.675570504584947 -3
      vertex -19.39 4 -3
      vertex -19.39 -4 -3
    endloop
  endfacet
  facet normal -1 0 0
    outer loop
      vertex -20.990000000000002 -4.5 -3
      vertex -20.990000000000002 -4.5 -1
      vertex -20.990000000000002 4.5 -3
    endloop
  endfacet
  facet normal 0 0 -1
    outer loop
      vertex -18.990000000000002 -6.5 -3
      vertex -20.608033988749895 -5.675570504584947 -3
      vertex -9 -6.5 -3
    endloop
  endfacet
  facet normal 0 0 -1
    outer loop
      vertex -20.608033988749895 -5.675570504584947 -3
      vertex -18.768115294937452 -4.855950864665639 -3
      vertex -9 -6.5 -3
    endloop
  endfacet
  facet normal 0 0 -1
    outer loop
      vertex -18.768115294937452 -4.855950864665639 -3
      vertex -18.490000000000002 -4.9 -3
      vertex -9 -6.5 -3
    endloop
  endfacet
  facet normal 0 0 -1
    outer loop
      vertex -18.490000000000002 -4.9 -3
      vertex -18.21188470506255 -4.855950864665639 -3
      vertex -9 -6.5 -3
    endloop
  endfacet
  facet normal 0 0 -1
    outer loop
      vertex -18.21188470506255 -4.855950864665639 -3
      vertex -17.960993272936776 -4.728115294937453 -3
      vertex -9 -6.5 -3
    endloop
  endfacet
  facet normal 0 0 -1
    outer loop
      vertex -17.960993272936776 -4.728115294937453 -3
      vertex -17.76188470506255 -4.5290067270632255 -3
      vertex -9 -6.5 -3
    endloop
  endfacet
  facet normal 0 0 -1
    outer loop
      vertex -17.76188470506255 -4.5290067270632255 -3
      vertex -17.63404913533436 -4.278115294937453 -3
      vertex -9 -6.5 -3
    endloop
  endfacet
  facet normal 0 0 -1
    outer loop
      vertex -17.63404913533436 -4.278115294937453 -3
      vertex -17.59 -4 -3
      vertex -9 -6.5 -3
    endloop
  endfacet
  facet normal 0 0 -1
    outer loop
      vertex -17.59 -4 -3
      vertex -17.59 4 -3
      vertex -9 -6.5 -3
    endloop
  endfacet
  facet normal -0.8910065241883668 -0.45399049973954886 0
    outer loop
      vertex -20.89211303259031 -5.118033988749895 -3
      vertex -20.608033988749895 -5.675570504584947 -1
      vertex -20.89211303259031 -5.118033988749895 -1
    endloop
  endfacet
  facet normal -0.9876883405951378 -0.15643446504023065 0
    outer loop
      vertex -20.89211303259031 -5.118033988749895 -3
      vertex -20.89211303259031 -5.118033988749895 -1
      vertex -20.990000000000002 -4.5 -1
    endloop
  endfacet
  facet normal -0.7071067811865489 -0.707106781186546 0
    outer loop
      vertex -20.608033988749895 -5.675570504584947 -3
      vertex -20.16557050458495 -6.118033988749895 -1
      vertex -20.608033988749895 -5.675570504584947 -1
    endloop
  endfacet
  facet normal -0.45399049973954547 -0.8910065241883685 0
    outer loop
      vertex -19.608033988749895 -6.402113032590307 -3
      vertex -19.608033988749895 -6.402113032590307 -1
      vertex -20.16557050458495 -6.118033988749895 -1
    endloop
  endfacet
  facet normal -0.15643446504023106 -0.9876883405951375 0
    outer loop
      vertex -19.608033988749895 -6.402113032590307 -3
      vertex -18.990000000000002 -6.5 -1
      vertex -19.608033988749895 -6.402113032590307 -1
    endloop
  endfacet
  facet normal 0 0 1
    outer loop
      vertex -20.16557050458495 -6.118033988749895 -1
      vertex -20.990000000000002 -4.5 -1
      vertex -20.608033988749895 -5.675570504584947 -1
    endloop
  endfacet
  facet normal 0 0 1
    outer loop
      vertex -20.608033988749895 -5.675570504584947 -1
      vertex -20.990000000000002 -4.5 -1
      vertex -20.89211303259031 -5.118033988749895 -1
    endloop
  endfacet
  facet normal 0 0 1
    outer loop
      vertex -19.608033988749895 -6.402113032590307 -1
      vertex -18.990000000000002 -6.5 -1
      vertex -20.16557050458495 -6.118033988749895 -1
    endloop
  endfacet
  facet normal 0 0 1
    outer loop
      vertex -20.16557050458495 -6.118033988749895 -1
      vertex -19.34595086466564 -4.278115294937453 -1
      vertex -19.39 -4 -1
    endloop
  endfacet
  facet normal 0 0 1
    outer loop
      vertex -20.16557050458495 -6.118033988749895 -1
      vertex -19.218115294937455 -4.5290067270632255 -1
      vertex -19.34595086466564 -4.278115294937453 -1
    endloop
  endfacet
  facet normal 0 0 1
    outer loop
      vertex -20.16557050458495 -6.118033988749895 -1
      vertex -19.01900672706323 -4.728115294937453 -1
      vertex -19.218115294937455 -4.5290067270632255 -1
    endloop
  endfacet
  facet normal 0 0 1
    outer loop
      vertex -20.16557050458495 -6.118033988749895 -1
      vertex -18.768115294937452 -4.855950864665639 -1
      vertex -19.01900672706323 -4.728115294937453 -1
    endloop
  endfacet
  facet normal 0 0 1
    outer loop
      vertex -20.16557050458495 -6.118033988749895 -1
      vertex -20.990000000000002 4.5 -1
      vertex -20.990000000000002 -4.5 -1
    endloop
  endfacet
  facet normal 0 0 1
    outer loop
      vertex -20.16557050458495 -6.118033988749895 -1
      vertex -19.39 -4 -1
      vertex -19.39 4 -1
    endloop
  endfacet
  facet normal 0 -1 0
    outer loop
      vertex -18.990000000000002 -6.5 -3
      vertex -9 -6.5 -1
      vertex -18.990000000000002 -6.5 -1
    endloop
  endfacet
  facet normal 0 0 1
    outer loop
      vertex -18.990000000000002 -6.5 -1
      vertex -9 -6.5 -1
      vertex -20.16557050458495 -6.118033988749895 -1
    endloop
  endfacet
  facet normal 0 0 1
    outer loop
      vertex -20.16557050458495 -6.118033988749895 -1
      vertex -9 -6.5 -1
      vertex -18.768115294937452 -4.855950864665639 -1
    endloop
  endfacet
  facet normal 0 0 1
    outer loop
      vertex -18.768115294937452 -4.855950864665639 -1
      vertex -9 -6.5 -1
      vertex -18.490000000000002 -4.9 -1
    endloop
  endfacet
  facet normal 0 0 1
    outer loop
      vertex -18.490000000000002 -4.9 -1
      vertex -9 -6.5 -1
      vertex -18.21188470506255 -4.855950864665639 -1
    endloop
  endfacet
  facet normal 0 0 1
    outer loop
      vertex -18.21188470506255 -4.855950864665639 -1
      vertex -9 -6.5 -1
      vertex -17.960993272936776 -4.728115294937453 -1
    endloop
  endfacet
  facet normal 0 0 1
    outer loop
      vertex -17.960993272936776 -4.728115294937453 -1
      vertex -9 -6.5 -1
      vertex -17.76188470506255 -4.5290067270632255 -1
    endloop
  endfacet
  facet normal 0 0 1
    outer loop
      vertex -17.76188470506255 -4.5290067270632255 -1
      vertex -9 -6.5 -1
      vertex -17.63404913533436 -4.278115294937453 -1
    endloop
  endfacet
  facet normal 0 0 1
    outer loop
      vertex -17.63404913533436 -4.278115294937453 -1
      vertex -9 -6.5 -1
      vertex -17.59 -4 -1
    endloop
  endfacet
  facet normal 0 -1 0
    outer loop
      vertex -18.990000000000002 -6.5 -3
      vertex -9 -6.5 -3
      vertex -9 -6.5 -1
    endloop
  endfacet
  facet normal 0 0 -1
    outer loop
      vertex -17.76188470506255 4.5290067270632255 -3
      vertex -9 -6.487 -3
      vertex -9 -6.5 -3
    endloop
  endfacet
  facet normal 0 0 1
    outer loop
      vertex -17.59 -4 -1
      vertex -9 -6.5 -1
      vertex -9 6.5 -1
    endloop
  endfacet
  facet normal 0 0 -1
    outer loop
      vertex -20.608033988749895 -5.675570504584947 -3
      vertex -20.990000000000002 4.5 -3
      vertex -19.39 4 -3
    endloop
  endfacet
  facet normal 0 0 -1
    outer loop
      vertex -20.990000000000002 4.5 -3
      vertex -19.34595086466564 4.278115294937453 -3
      vertex -19.39 4 -3
    endloop
  endfacet
  facet normal 0 0 -1
    outer loop
      vertex -20.990000000000002 4.5 -3
      vertex -20.89211303259031 5.118033988749895 -3
      vertex -20.608033988749895 5.675570504584947 -3
    endloop
  endfacet
  facet normal 0 0 -1
    outer loop
      vertex -20.990000000000002 4.5 -3
      vertex -20.608033988749895 5.675570504584947 -3
      vertex -20.16557050458495 6.118033988749895 -3
    endloop
  endfacet
  facet normal 0 0 -1
    outer loop
      vertex -20.990000000000002 4.5 -3
      vertex -20.16557050458495 6.118033988749895 -3
      vertex -18.990000000000002 6.5 -3
    endloop
  endfacet
  facet normal 0 0 -1
    outer loop
      vertex -20.990000000000002 4.5 -3
      vertex -18.990000000000002 6.5 -3
      vertex -19.34595086466564 4.278115294937453 -3
    endloop
  endfacet
  facet normal 0 0 -1
    outer loop
      vertex -19.34595086466564 4.278115294937453 -3
      vertex -18.990000000000002 6.5 -3
      vertex -19.218115294937455 4.5290067270632255 -3
    endloop
  endfacet
  facet normal 0 0 -1
    outer loop
      vertex -19.218115294937455 4.5290067270632255 -3
      vertex -18.990000000000002 6.5 -3
      vertex -19.01900672706323 4.728115294937453 -3
    endloop
  endfacet
  facet normal 0 0 -1
    outer loop
      vertex -20.16557050458495 6.118033988749895 -3
      vertex -19.608033988749895 6.402113032590307 -3
      vertex -18.990000000000002 6.5 -3
    endloop
  endfacet
  facet normal 0 0 -1
    outer loop
      vertex -19.01900672706323 4.728115294937453 -3
      vertex -18.990000000000002 6.5 -3
      vertex -18.768115294937452 4.855950864665639 -3
    endloop
  endfacet
  facet normal 0 0 -1
    outer loop
      vertex -18.768115294937452 4.855950864665639 -3
      vertex -18.990000000000002 6.5 -3
      vertex -18.490000000000002 4.9 -3
    endloop
  endfacet
  facet normal 0 0 -1
    outer loop
      vertex -18.490000000000002 4.9 -3
      vertex -18.990000000000002 6.5 -3
      vertex -18.21188470506255 4.855950864665639 -3
    endloop
  endfacet
  facet normal 0 0 -1
    outer loop
      vertex -17.76188470506255 4.5290067270632255 -3
      vertex -17.960993272936776 4.728115294937453 -3
      vertex -18.990000000000002 6.5 -3
    endloop
  endfacet
  facet normal 0 0 -1
    outer loop
      vertex -18.21188470506255 4.855950864665639 -3
      vertex -18.990000000000002 6.5 -3
      vertex -17.960993272936776 4.728115294937453 -3
    endloop
  endfacet
  facet normal -0.9876883405951378 0.15643446504023065 0
    outer loop
      vertex -20.990000000000002 4.5 -3
      vertex -20.990000000000002 4.5 -1
      vertex -20.89211303259031 5.118033988749895 -3
    endloop
  endfacet
  facet normal -0.8910065241883668 0.45399049973954886 0
    outer loop
      vertex -20.89211303259031 5.118033988749895 -3
      vertex -20.89211303259031 5.118033988749895 -1
      vertex -20.608033988749895 5.675570504584947 -3
    endloop
  endfacet
  facet normal -0.7071067811865489 0.707106781186546 0
    outer loop
      vertex -20.608033988749895 5.675570504584947 -3
      vertex -20.608033988749895 5.675570504584947 -1
      vertex -20.16557050458495 6.118033988749895 -3
    endloop
  endfacet
  facet normal -0.45399049973954547 0.8910065241883685 0
    outer loop
      vertex -20.16557050458495 6.118033988749895 -3
      vertex -19.608033988749895 6.402113032590307 -1
      vertex -19.608033988749895 6.402113032590307 -3
    endloop
  endfacet
  facet normal -0.15643446504023106 0.9876883405951375 0
    outer loop
      vertex -19.608033988749895 6.402113032590307 -3
      vertex -19.608033988749895 6.402113032590307 -1
      vertex -18.990000000000002 6.5 -3
    endloop
  endfacet
  facet normal 0 0 -1
    outer loop
      vertex -17.76188470506255 4.5290067270632255 -3
      vertex -18.990000000000002 6.5 -3
      vertex -9 -6.487 -3
    endloop
  endfacet
  facet normal 0 0 -1
    outer loop
      vertex -17.59 4 -3
      vertex -17.63404913533436 4.278115294937453 -3
      vertex -9 -6.5 -3
    endloop
  endfacet
  facet normal 0 0 -1
    outer loop
      vertex -17.63404913533436 4.278115294937453 -3
      vertex -17.76188470506255 4.5290067270632255 -3
      vertex -9 -6.5 -3
    endloop
  endfacet
  facet normal 0 1 0
    outer loop
      vertex -18.990000000000002 6.5 -3
      vertex -18.990000000000002 6.5 -1
      vertex -9 6.5 -3
    endloop
  endfacet
  facet normal -1 0 0
    outer loop
      vertex -20.990000000000002 -4.5 -1
      vertex -20.990000000000002 4.5 -1
      vertex -20.990000000000002 4.5 -3
    endloop
  endfacet
  facet normal 0 0 1
    outer loop
      vertex -20.16557050458495 -6.118033988749895 -1
      vertex -19.39 4 -1
      vertex -20.990000000000002 4.5 -1
    endloop
  endfacet
  facet normal 0 0 1
    outer loop
      vertex -20.990000000000002 4.5 -1
      vertex -19.39 4 -1
      vertex -19.34595086466564 4.278115294937453 -1
    endloop
  endfacet
  facet normal 0 0 1
    outer loop
      vertex -20.990000000000002 4.5 -1
      vertex -19.34595086466564 4.278115294937453 -1
      vertex -19.218115294937455 4.5290067270632255 -1
    endloop
  endfacet
  facet normal 0 0 1
    outer loop
      vertex -20.990000000000002 4.5 -1
      vertex -19.218115294937455 4.5290067270632255 -1
      vertex -19.01900672706323 4.728115294937453 -1
    endloop
  endfacet
  facet normal -0.9876883405951378 0.15643446504023065 0
    outer loop
      vertex -20.89211303259031 5.118033988749895 -3
      vertex -20.990000000000002 4.5 -1
      vertex -20.89211303259031 5.118033988749895 -1
    endloop
  endfacet
  facet normal -0.8910065241883668 0.45399049973954886 0
    outer loop
      vertex -20.608033988749895 5.675570504584947 -3
      vertex -20.89211303259031 5.118033988749895 -1
      vertex -20.608033988749895 5.675570504584947 -1
    endloop
  endfacet
  facet normal -0.7071067811865489 0.707106781186546 0
    outer loop
      vertex -20.16557050458495 6.118033988749895 -3
      vertex -20.608033988749895 5.675570504584947 -1
      vertex -20.16557050458495 6.118033988749895 -1
    endloop
  endfacet
  facet normal -0.45399049973954547 0.8910065241883685 0
    outer loop
      vertex -20.16557050458495 6.118033988749895 -3
      vertex -20.16557050458495 6.118033988749895 -1
      vertex -19.608033988749895 6.402113032590307 -1
    endloop
  endfacet
  facet normal -0.15643446504023106 0.9876883405951375 0
    outer loop
      vertex -18.990000000000002 6.5 -3
      vertex -19.608033988749895 6.402113032590307 -1
      vertex -18.990000000000002 6.5 -1
    endloop
  endfacet
  facet normal 0 0 1
    outer loop
      vertex -20.990000000000002 4.5 -1
      vertex -20.608033988749895 5.675570504584947 -1
      vertex -20.89211303259031 5.118033988749895 -1
    endloop
  endfacet
  facet normal 0 0 1
    outer loop
      vertex -20.990000000000002 4.5 -1
      vertex -19.608033988749895 6.402113032590307 -1
      vertex -20.608033988749895 5.675570504584947 -1
    endloop
  endfacet
  facet normal 0 0 1
    outer loop
      vertex -20.608033988749895 5.675570504584947 -1
      vertex -19.608033988749895 6.402113032590307 -1
      vertex -20.16557050458495 6.118033988749895 -1
    endloop
  endfacet
  facet normal 0 0 1
    outer loop
      vertex -20.990000000000002 4.5 -1
      vertex -19.01900672706323 4.728115294937453 -1
      vertex -18.768115294937452 4.855950864665639 -1
    endloop
  endfacet
  facet normal 0 0 1
    outer loop
      vertex -17.59 -4 -1
      vertex -9 6.5 -1
      vertex -17.59 4 -1
    endloop
  endfacet
  facet normal 0 0 1
    outer loop
      vertex -20.990000000000002 4.5 -1
      vertex -9 6.5 -1
      vertex -19.608033988749895 6.402113032590307 -1
    endloop
  endfacet
  facet normal 0 0 1
    outer loop
      vertex -20.990000000000002 4.5 -1
      vertex -18.768115294937452 4.855950864665639 -1
      vertex -9 6.5 -1
    endloop
  endfacet
  facet normal 0 0 1
    outer loop
      vertex -18.768115294937452 4.855950864665639 -1
      vertex -18.490000000000002 4.9 -1
      vertex -9 6.5 -1
    endloop
  endfacet
  facet normal 0 0 1
    outer loop
      vertex -18.490000000000002 4.9 -1
      vertex -18.21188470506255 4.855950864665639 -1
      vertex -9 6.5 -1
    endloop
  endfacet
  facet normal 0 0 1
    outer loop
      vertex -18.21188470506255 4.855950864665639 -1
      vertex -17.960993272936776 4.728115294937453 -1
      vertex -9 6.5 -1
    endloop
  endfacet
  facet normal 0 0 1
    outer loop
      vertex -19.608033988749895 6.402113032590307 -1
      vertex -9 6.5 -1
      vertex -18.990000000000002 6.5 -1
    endloop
  endfacet
  facet normal 0 0 1
    outer loop
      vertex -17.59 4 -1
      vertex -9 6.5 -1
      vertex -17.63404913533436 4.278115294937453 -1
    endloop
  endfacet
  facet normal 0 0 1
    outer loop
      vertex -17.76188470506255 4.5290067270632255 -1
      vertex -9 6.5 -1
      vertex -17.960993272936776 4.728115294937453 -1
    endloop
  endfacet
  facet normal 0 0 1
    outer loop
      vertex -17.63404913533436 4.278115294937453 -1
      vertex -9 6.5 -1
      vertex -17.76188470506255 4.5290067270632255 -1
    endloop
  endfacet
  facet normal 0 0 -1
    outer loop
      vertex -18.990000000000002 6.5 -3
      vertex -9 6.5 -3
      vertex -9 -6.487 -3
    endloop
  endfacet
  facet normal 0 1 0
    outer loop
      vertex -18.990000000000002 6.5 -1
      vertex -9 6.5 -1
      vertex -9 6.5 -3
    endloop
  endfacet
  facet normal 0.45399049973954264 0.8910065241883699 0
    outer loop
      vertex -19.01900672706323 -4.728115294937453 -3
      vertex -19.01900672706323 -4.728115294937453 -1
      vertex -18.768115294937452 -4.855950864665639 -3
    endloop
  endfacet
  facet normal 0.15643446504023206 0.9876883405951375 0
    outer loop
      vertex -18.768115294937452 -4.855950864665639 -3
      vertex -18.768115294937452 -4.855950864665639 -1
      vertex -18.490000000000002 -4.9 -3
    endloop
  endfacet
  facet normal -0.15643446504023012 0.9876883405951379 0
    outer loop
      vertex -18.490000000000002 -4.9 -3
      vertex -18.490000000000002 -4.9 -1
      vertex -18.21188470506255 -4.855950864665639 -3
    endloop
  endfacet
  facet normal -0.45399049973954775 0.8910065241883673 0
    outer loop
      vertex -18.21188470506255 -4.855950864665639 -3
      vertex -18.21188470506255 -4.855950864665639 -1
      vertex -17.960993272936776 -4.728115294937453 -3
    endloop
  endfacet
  facet normal 0.8910065241883699 0.4539904997395428 0
    outer loop
      vertex -19.218115294937455 -4.5290067270632255 -3
      vertex -19.34595086466564 -4.278115294937453 -3
      vertex -19.34595086466564 -4.278115294937453 -1
    endloop
  endfacet
  facet normal 0.7071067811865491 0.7071067811865459 0
    outer loop
      vertex -19.01900672706323 -4.728115294937453 -3
      vertex -19.218115294937455 -4.5290067270632255 -3
      vertex -19.218115294937455 -4.5290067270632255 -1
    endloop
  endfacet
  facet normal 0.9876883405951377 0.15643446504023056 0
    outer loop
      vertex -19.34595086466564 -4.278115294937453 -3
      vertex -19.39 -4 -3
      vertex -19.39 -4 -1
    endloop
  endfacet
  facet normal -0.7071067811865491 0.7071067811865459 0
    outer loop
      vertex -17.960993272936776 -4.728115294937453 -3
      vertex -17.960993272936776 -4.728115294937453 -1
      vertex -17.76188470506255 -4.5290067270632255 -3
    endloop
  endfacet
  facet normal -0.8910065241883648 0.4539904997395528 0
    outer loop
      vertex -17.76188470506255 -4.5290067270632255 -3
      vertex -17.76188470506255 -4.5290067270632255 -1
      vertex -17.63404913533436 -4.278115294937453 -3
    endloop
  endfacet
  facet normal -0.9876883405951377 0.15643446504023056 0
    outer loop
      vertex -17.63404913533436 -4.278115294937453 -3
      vertex -17.63404913533436 -4.278115294937453 -1
      vertex -17.59 -4 -3
    endloop
  endfacet
  facet normal -1 0 0
    outer loop
      vertex -17.59 -4 -3
      vertex -17.59 -4 -1
      vertex -17.59 4 -3
    endloop
  endfacet
  facet normal 0.45399049973954264 0.8910065241883699 0
    outer loop
      vertex -18.768115294937452 -4.855950864665639 -3
      vertex -19.01900672706323 -4.728115294937453 -1
      vertex -18.768115294937452 -4.855950864665639 -1
    endloop
  endfacet
  facet normal 0.15643446504023206 0.9876883405951375 0
    outer loop
      vertex -18.490000000000002 -4.9 -3
      vertex -18.768115294937452 -4.855950864665639 -1
      vertex -18.490000000000002 -4.9 -1
    endloop
  endfacet
  facet normal -0.15643446504023012 0.9876883405951379 0
    outer loop
      vertex -18.21188470506255 -4.855950864665639 -3
      vertex -18.490000000000002 -4.9 -1
      vertex -18.21188470506255 -4.855950864665639 -1
    endloop
  endfacet
  facet normal -0.45399049973954775 0.8910065241883673 0
    outer loop
      vertex -17.960993272936776 -4.728115294937453 -3
      vertex -18.21188470506255 -4.855950864665639 -1
      vertex -17.960993272936776 -4.728115294937453 -1
    endloop
  endfacet
  facet normal 0.8910065241883699 0.4539904997395428 0
    outer loop
      vertex -19.218115294937455 -4.5290067270632255 -3
      vertex -19.34595086466564 -4.278115294937453 -1
      vertex -19.218115294937455 -4.5290067270632255 -1
    endloop
  endfacet
  facet normal 0.9876883405951377 0.15643446504023056 0
    outer loop
      vertex -19.34595086466564 -4.278115294937453 -3
      vertex -19.39 -4 -1
      vertex -19.34595086466564 -4.278115294937453 -1
    endloop
  endfacet
  facet normal 0.7071067811865491 0.7071067811865459 0
    outer loop
      vertex -19.01900672706323 -4.728115294937453 -3
      vertex -19.218115294937455 -4.5290067270632255 -1
      vertex -19.01900672706323 -4.728115294937453 -1
    endloop
  endfacet
  facet normal 1 0 0
    outer loop
      vertex -19.39 -4 -3
      vertex -19.39 4 -1
      vertex -19.39 -4 -1
    endloop
  endfacet
  facet normal -0.7071067811865491 0.7071067811865459 0
    outer loop
      vertex -17.76188470506255 -4.5290067270632255 -3
      vertex -17.960993272936776 -4.728115294937453 -1
      vertex -17.76188470506255 -4.5290067270632255 -1
    endloop
  endfacet
  facet normal -0.8910065241883648 0.4539904997395528 0
    outer loop
      vertex -17.63404913533436 -4.278115294937453 -3
      vertex -17.76188470506255 -4.5290067270632255 -1
      vertex -17.63404913533436 -4.278115294937453 -1
    endloop
  endfacet
  facet normal -0.9876883405951377 0.15643446504023056 0
    outer loop
      vertex -17.59 -4 -3
      vertex -17.63404913533436 -4.278115294937453 -1
      vertex -17.59 -4 -1
    endloop
  endfacet
  facet normal 1 0 0
    outer loop
      vertex -19.39 -4 -3
      vertex -19.39 4 -3
      vertex -19.39 4 -1
    endloop
  endfacet
  facet normal 0.9876883405951377 -0.15643446504023056 0
    outer loop
      vertex -19.39 4 -3
      vertex -19.34595086466564 4.278115294937453 -3
      vertex -19.34595086466564 4.278115294937453 -1
    endloop
  endfacet
  facet normal 0.8910065241883699 -0.4539904997395428 0
    outer loop
      vertex -19.34595086466564 4.278115294937453 -3
      vertex -19.218115294937455 4.5290067270632255 -3
      vertex -19.218115294937455 4.5290067270632255 -1
    endloop
  endfacet
  facet normal 0.7071067811865491 -0.7071067811865459 0
    outer loop
      vertex -19.218115294937455 4.5290067270632255 -3
      vertex -19.01900672706323 4.728115294937453 -3
      vertex -19.01900672706323 4.728115294937453 -1
    endloop
  endfacet
  facet normal -0.9876883405951377 -0.15643446504023056 0
    outer loop
      vertex -17.59 4 -3
      vertex -17.59 4 -1
      vertex -17.63404913533436 4.278115294937453 -3
    endloop
  endfacet
  facet normal -0.7071067811865491 -0.7071067811865459 0
    outer loop
      vertex -17.76188470506255 4.5290067270632255 -3
      vertex -17.76188470506255 4.5290067270632255 -1
      vertex -17.960993272936776 4.728115294937453 -3
    endloop
  endfacet
  facet normal -0.8910065241883648 -0.4539904997395528 0
    outer loop
      vertex -17.63404913533436 4.278115294937453 -3
      vertex -17.63404913533436 4.278115294937453 -1
      vertex -17.76188470506255 4.5290067270632255 -3
    endloop
  endfacet
  facet normal 0.45399049973954264 -0.8910065241883699 0
    outer loop
      vertex -19.01900672706323 4.728115294937453 -3
      vertex -18.768115294937452 4.855950864665639 -3
      vertex -18.768115294937452 4.855950864665639 -1
    endloop
  endfacet
  facet normal 0.15643446504023206 -0.9876883405951375 0
    outer loop
      vertex -18.768115294937452 4.855950864665639 -3
      vertex -18.490000000000002 4.9 -3
      vertex -18.490000000000002 4.9 -1
    endloop
  endfacet
  facet normal -0.15643446504023012 -0.9876883405951379 0
    outer loop
      vertex -18.490000000000002 4.9 -3
      vertex -18.21188470506255 4.855950864665639 -3
      vertex -18.21188470506255 4.855950864665639 -1
    endloop
  endfacet
  facet normal -0.45399049973954775 -0.8910065241883673 0
    outer loop
      vertex -18.21188470506255 4.855950864665639 -3
      vertex -17.960993272936776 4.728115294937453 -3
      vertex -17.960993272936776 4.728115294937453 -1
    endloop
  endfacet
  facet normal 0.9876883405951377 -0.15643446504023056 0
    outer loop
      vertex -19.39 4 -3
      vertex -19.34595086466564 4.278115294937453 -1
      vertex -19.39 4 -1
    endloop
  endfacet
  facet normal 0.8910065241883699 -0.4539904997395428 0
    outer loop
      vertex -19.34595086466564 4.278115294937453 -3
      vertex -19.218115294937455 4.5290067270632255 -1
      vertex -19.34595086466564 4.278115294937453 -1
    endloop
  endfacet
  facet normal 0.7071067811865491 -0.7071067811865459 0
    outer loop
      vertex -19.218115294937455 4.5290067270632255 -3
      vertex -19.01900672706323 4.728115294937453 -1
      vertex -19.218115294937455 4.5290067270632255 -1
    endloop
  endfacet
  facet normal -1 0 0
    outer loop
      vertex -17.59 -4 -1
      vertex -17.59 4 -1
      vertex -17.59 4 -3
    endloop
  endfacet
  facet normal -0.7071067811865491 -0.7071067811865459 0
    outer loop
      vertex -17.960993272936776 4.728115294937453 -3
      vertex -17.76188470506255 4.5290067270632255 -1
      vertex -17.960993272936776 4.728115294937453 -1
    endloop
  endfacet
  facet normal -0.8910065241883648 -0.4539904997395528 0
    outer loop
      vertex -17.76188470506255 4.5290067270632255 -3
      vertex -17.63404913533436 4.278115294937453 -1
      vertex -17.76188470506255 4.5290067270632255 -1
    endloop
  endfacet
  facet normal -0.9876883405951377 -0.15643446504023056 0
    outer loop
      vertex -17.63404913533436 4.278115294937453 -3
      vertex -17.59 4 -1
      vertex -17.63404913533436 4.278115294937453 -1
    endloop
  endfacet
  facet normal 0.45399049973954264 -0.8910065241883699 0
    outer loop
      vertex -19.01900672706323 4.728115294937453 -3
      vertex -18.768115294937452 4.855950864665639 -1
      vertex -19.01900672706323 4.728115294937453 -1
    endloop
  endfacet
  facet normal 0.15643446504023206 -0.9876883405951375 0
    outer loop
      vertex -18.768115294937452 4.855950864665639 -3
      vertex -18.490000000000002 4.9 -1
      vertex -18.768115294937452 4.855950864665639 -1
    endloop
  endfacet
  facet normal -0.15643446504023012 -0.9876883405951379 0
    outer loop
      vertex -18.490000000000002 4.9 -3
      vertex -18.21188470506255 4.855950864665639 -1
      vertex -18.490000000000002 4.9 -1
    endloop
  endfacet
  facet normal -0.45399049973954775 -0.8910065241883673 0
    outer loop
      vertex -18.21188470506255 4.855950864665639 -3
      vertex -17.960993272936776 4.728115294937453 -1
      vertex -18.21188470506255 4.855950864665639 -1
    endloop
  endfacet
  facet normal -0.8216855558899977 -0.5699410910276127 0
    outer loop
      vertex 7.450000002980232 -5.5871322914958 -3
      vertex 6.96000000089407 -4.880698011815548 -1
      vertex 6.96000000089407 -4.880698011815548 -3
    endloop
  endfacet
  facet normal 0 0 -1
    outer loop
      vertex 5.490000002086163 -2.033424676954746 -3
      vertex 5 -3.100000002980232 -3
      vertex 5 -1.9 -3
    endloop
  endfacet
  facet normal 0 0 -1
    outer loop
      vertex 5.490000002086163 -3.2334246799349784 -3
      vertex 5 -3.100000002980232 -3
      vertex 5.490000002086163 -2.033424676954746 -3
    endloop
  endfacet
  facet normal 0 0 -1
    outer loop
      vertex 5.490000002086163 -3.2334246799349784 -3
      vertex 5.490000002086163 -2.033424676954746 -3
      vertex 5.9799999967217445 -2.4149596109986304 -3
    endloop
  endfacet
  facet normal 0 0 -1
    outer loop
      vertex 5.490000002086163 -3.2334246799349784 -3
      vertex 6.469999998807907 -2.991019347310066 -3
      vertex 5.9799999967217445 -3.614959606528282 -3
    endloop
  endfacet
  facet normal 0 0 -1
    outer loop
      vertex 5.490000002086163 -3.2334246799349784 -3
      vertex 5.9799999967217445 -2.4149596109986304 -3
      vertex 6.469999998807907 -2.991019347310066 -3
    endloop
  endfacet
  facet normal 0 0 -1
    outer loop
      vertex 6.469999998807907 -4.191019342839718 -3
      vertex 5.9799999967217445 -3.614959606528282 -3
      vertex 6.96000000089407 -3.680698016285896 -3
    endloop
  endfacet
  facet normal 0 0 -1
    outer loop
      vertex 6.96000000089407 -4.880698011815548 -3
      vertex 6.469999998807907 -4.191019342839718 -3
      vertex 7.450000002980232 -4.387132288515568 -3
    endloop
  endfacet
  facet normal 0 0 -1
    outer loop
      vertex 6.469999998807907 -4.191019342839718 -3
      vertex 6.96000000089407 -3.680698016285896 -3
      vertex 7.450000002980232 -4.387132288515568 -3
    endloop
  endfacet
  facet normal 0 0 -1
    outer loop
      vertex 5.9799999967217445 -3.614959606528282 -3
      vertex 6.469999998807907 -2.991019347310066 -3
      vertex 6.96000000089407 -3.680698016285896 -3
    endloop
  endfacet
  facet normal -0.2627294046022674 -0.9648695559283328 0
    outer loop
      vertex 5.490000002086163 -3.2334246799349784 -3
      vertex 5 -3.100000002980232 -1
      vertex 5 -3.100000002980232 -3
    endloop
  endfacet
  facet normal -0.7617113993795016 -0.6479164637939997 0
    outer loop
      vertex 6.469999998807907 -4.191019342839718 -3
      vertex 5.9799999967217445 -3.614959606528282 -1
      vertex 5.9799999967217445 -3.614959606528282 -3
    endloop
  endfacet
  facet normal -0.6143657461666479 -0.7890213748290333 0
    outer loop
      vertex 5.490000002086163 -3.2334246799349784 -3
      vertex 5.9799999967217445 -3.614959606528282 -3
      vertex 5.490000002086163 -3.2334246799349784 -1
    endloop
  endfacet
  facet normal -0.8151998526198259 -0.579179765089056 0
    outer loop
      vertex 6.96000000089407 -4.880698011815548 -3
      vertex 6.469999998807907 -4.191019342839718 -1
      vertex 6.469999998807907 -4.191019342839718 -3
    endloop
  endfacet
  facet normal 0.7617113993795014 0.6479164637939999 0
    outer loop
      vertex 6.469999998807907 -2.991019347310066 -3
      vertex 5.9799999967217445 -2.4149596109986304 -3
      vertex 6.469999998807907 -2.991019347310066 -1
    endloop
  endfacet
  facet normal 0.8151998526198259 0.579179765089056 0
    outer loop
      vertex 6.96000000089407 -3.680698016285896 -3
      vertex 6.469999998807907 -2.991019347310066 -3
      vertex 6.96000000089407 -3.680698016285896 -1
    endloop
  endfacet
  facet normal 0.2627294046022674 0.9648695559283328 0
    outer loop
      vertex 5.490000002086163 -2.033424676954746 -3
      vertex 5 -1.9 -3
      vertex 5.490000002086163 -2.033424676954746 -1
    endloop
  endfacet
  facet normal 0.6143657536356115 0.7890213690133793 0
    outer loop
      vertex 5.490000002086163 -2.033424676954746 -3
      vertex 5.9799999967217445 -2.4149596109986304 -1
      vertex 5.9799999967217445 -2.4149596109986304 -3
    endloop
  endfacet
  facet normal 0 0 -1
    outer loop
      vertex 7.450000002980232 -5.5871322914958 -3
      vertex 6.96000000089407 -4.880698011815548 -3
      vertex 7.939999997615814 -5.011105583608151 -3
    endloop
  endfacet
  facet normal 0 0 -1
    outer loop
      vertex 6.96000000089407 -4.880698011815548 -3
      vertex 7.450000002980232 -4.387132288515568 -3
      vertex 7.939999997615814 -5.011105583608151 -3
    endloop
  endfacet
  facet normal 0 0 -1
    outer loop
      vertex 7.450000002980232 -5.5871322914958 -3
      vertex 8.429999999701977 -5.464982689917088 -3
      vertex 7.939999997615814 -6.2111055791378025 -3
    endloop
  endfacet
  facet normal 0 0 -1
    outer loop
      vertex 7.450000002980232 -5.5871322914958 -3
      vertex 7.939999997615814 -5.011105583608151 -3
      vertex 8.429999999701977 -5.464982689917088 -3
    endloop
  endfacet
  facet normal 0 0 -1
    outer loop
      vertex 8.429999999701977 -6.66498269289732 -3
      vertex 7.939999997615814 -6.2111055791378025 -3
      vertex 8.92000000178814 -5.6850179299712185 -3
    endloop
  endfacet
  facet normal 0 0 -1
    outer loop
      vertex 8.92000000178814 -6.885017932951451 -3
      vertex 8.92000000178814 -5.6850179299712185 -3
      vertex 9.409999996423721 -6.840308004617691 -3
    endloop
  endfacet
  facet normal 0 0 -1
    outer loop
      vertex 8.429999999701977 -6.66498269289732 -3
      vertex 8.92000000178814 -5.6850179299712185 -3
      vertex 8.92000000178814 -6.885017932951451 -3
    endloop
  endfacet
  facet normal 0 0 -1
    outer loop
      vertex 7.939999997615814 -6.2111055791378025 -3
      vertex 8.429999999701977 -5.464982689917088 -3
      vertex 8.92000000178814 -5.6850179299712185 -3
    endloop
  endfacet
  facet normal 0 0 -1
    outer loop
      vertex 9.409999996423721 -6.840308004617691 -3
      vertex 8.92000000178814 -5.6850179299712185 -3
      vertex 9.409999996423721 -5.64030800908804 -3
    endloop
  endfacet
  facet normal 0 0 -1
    outer loop
      vertex 9.409999996423721 -6.840308004617691 -3
      vertex 9.409999996423721 -5.64030800908804 -3
      vertex 9.899999998509884 -6.537132287025452 -3
    endloop
  endfacet
  facet normal 0 0 -1
    outer loop
      vertex 9.899999998509884 -6.537132287025452 -3
      vertex 9.409999996423721 -5.64030800908804 -3
      vertex 10.390000000596046 -6.018070907890797 -3
    endloop
  endfacet
  facet normal 0 0 -1
    outer loop
      vertex 9.409999996423721 -5.64030800908804 -3
      vertex 9.899999998509884 -5.3371322914958 -3
      vertex 10.390000000596046 -6.018070907890797 -3
    endloop
  endfacet
  facet normal 0 0 -1
    outer loop
      vertex 10.390000000596046 -6.018070907890797 -3
      vertex 9.899999998509884 -5.3371322914958 -3
      vertex 10.880000002682209 -5.356024497747422 -3
    endloop
  endfacet
  facet normal 0 0 -1
    outer loop
      vertex 9.899999998509884 -5.3371322914958 -3
      vertex 10.390000000596046 -4.818070912361145 -3
      vertex 10.880000002682209 -5.356024497747422 -3
    endloop
  endfacet
  facet normal 0 0 -1
    outer loop
      vertex 10.390000000596046 -4.818070912361145 -3
      vertex 11.369999997317791 -4.643975505232811 -3
      vertex 10.880000002682209 -5.356024497747422 -3
    endloop
  endfacet
  facet normal -0.6795478039967209 -0.733631230308003 0
    outer loop
      vertex 8.429999999701977 -6.66498269289732 -3
      vertex 7.939999997615814 -6.2111055791378025 -1
      vertex 7.939999997615814 -6.2111055791378025 -3
    endloop
  endfacet
  facet normal -0.7864804139076575 -0.6176152188374568 0
    outer loop
      vertex 7.450000002980232 -5.5871322914958 -3
      vertex 7.939999997615814 -6.2111055791378025 -3
      vertex 7.450000002980232 -5.5871322914958 -1
    endloop
  endfacet
  facet normal 0.7864804174898424 0.6176152142758491 0
    outer loop
      vertex 7.450000002980232 -4.387132288515568 -3
      vertex 7.939999997615814 -5.011105583608151 -1
      vertex 7.939999997615814 -5.011105583608151 -3
    endloop
  endfacet
  facet normal -0.4096450013637686 -0.9122450179955373 0
    outer loop
      vertex 8.429999999701977 -6.66498269289732 -3
      vertex 8.92000000178814 -6.885017932951451 -3
      vertex 8.429999999701977 -6.66498269289732 -1
    endloop
  endfacet
  facet normal 0.09086727424440788 -0.9958630119004278 0
    outer loop
      vertex 8.92000000178814 -6.885017932951451 -3
      vertex 9.409999996423721 -6.840308004617691 -3
      vertex 8.92000000178814 -6.885017932951451 -1
    endloop
  endfacet
  facet normal 0.6795477979929035 0.7336312358692179 0
    outer loop
      vertex 8.429999999701977 -5.464982689917088 -3
      vertex 7.939999997615814 -5.011105583608151 -3
      vertex 8.429999999701977 -5.464982689917088 -1
    endloop
  endfacet
  facet normal 0.4096450013637686 0.9122450179955373 0
    outer loop
      vertex 8.92000000178814 -5.6850179299712185 -3
      vertex 8.429999999701977 -5.464982689917088 -3
      vertex 8.92000000178814 -5.6850179299712185 -1
    endloop
  endfacet
  facet normal 0.5261568429950064 -0.8503875449285039 0
    outer loop
      vertex 9.409999996423721 -6.840308004617691 -3
      vertex 9.899999998509884 -6.537132287025452 -3
      vertex 9.409999996423721 -6.840308004617691 -1
    endloop
  endfacet
  facet normal 0.7271702252645922 -0.6864571825603125 0
    outer loop
      vertex 9.899999998509884 -6.537132287025452 -3
      vertex 10.390000000596046 -6.018070907890797 -3
      vertex 9.899999998509884 -6.537132287025452 -1
    endloop
  endfacet
  facet normal -0.09086725922707356 0.9958630132706806 0
    outer loop
      vertex 8.92000000178814 -5.6850179299712185 -3
      vertex 9.409999996423721 -5.64030800908804 -1
      vertex 9.409999996423721 -5.64030800908804 -3
    endloop
  endfacet
  facet normal -0.5261568429950064 0.8503875449285039 0
    outer loop
      vertex 9.409999996423721 -5.64030800908804 -3
      vertex 9.899999998509884 -5.3371322914958 -1
      vertex 9.899999998509884 -5.3371322914958 -3
    endloop
  endfacet
  facet normal -0.7271702252645922 0.6864571825603125 0
    outer loop
      vertex 9.899999998509884 -5.3371322914958 -3
      vertex 10.390000000596046 -4.818070912361145 -1
      vertex 10.390000000596046 -4.818070912361145 -3
    endloop
  endfacet
  facet normal 0.803792168598902 -0.5949102030551116 0
    outer loop
      vertex 10.390000000596046 -6.018070907890797 -3
      vertex 10.880000002682209 -5.356024497747422 -3
      vertex 10.390000000596046 -6.018070907890797 -1
    endloop
  endfacet
  facet normal 0.8237899853183962 -0.5668951050142491 0
    outer loop
      vertex 10.880000002682209 -5.356024497747422 -3
      vertex 11.369999997317791 -4.643975505232811 -3
      vertex 10.880000002682209 -5.356024497747422 -1
    endloop
  endfacet
  facet normal 0 0 -1
    outer loop
      vertex 10.390000000596046 -4.818070912361145 -3
      vertex 10.880000002682209 -4.156024494767189 -3
      vertex 11.369999997317791 -4.643975505232811 -3
    endloop
  endfacet
  facet normal 0.8216855530749619 0.5699410950860571 0
    outer loop
      vertex 7.450000002980232 -4.387132288515568 -3
      vertex 6.96000000089407 -3.680698016285896 -3
      vertex 7.450000002980232 -4.387132288515568 -1
    endloop
  endfacet
  facet normal -0.8037921718003636 0.5949101987295686 0
    outer loop
      vertex 10.390000000596046 -4.818070912361145 -3
      vertex 10.880000002682209 -4.156024494767189 -1
      vertex 10.880000002682209 -4.156024494767189 -3
    endloop
  endfacet
  facet normal -0.8237899853183963 0.5668951050142489 0
    outer loop
      vertex 10.880000002682209 -4.156024494767189 -3
      vertex 11.369999997317791 -3.4439755022525786 -1
      vertex 11.369999997317791 -3.4439755022525786 -3
    endloop
  endfacet
  facet normal 0.2627294046022674 0.9648695559283328 0
    outer loop
      vertex 5.490000002086163 -2.033424676954746 -1
      vertex 5 -1.9 -3
      vertex 5 -1.9 -1
    endloop
  endfacet
  facet normal -0.2627294046022674 -0.9648695559283328 0
    outer loop
      vertex 5.490000002086163 -3.2334246799349784 -3
      vertex 5.490000002086163 -3.2334246799349784 -1
      vertex 5 -3.100000002980232 -1
    endloop
  endfacet
  facet normal -0.6143657461666479 -0.7890213748290333 0
    outer loop
      vertex 5.9799999967217445 -3.614959606528282 -3
      vertex 5.9799999967217445 -3.614959606528282 -1
      vertex 5.490000002086163 -3.2334246799349784 -1
    endloop
  endfacet
  facet normal 0.7617113993795014 0.6479164637939999 0
    outer loop
      vertex 5.9799999967217445 -2.4149596109986304 -3
      vertex 5.9799999967217445 -2.4149596109986304 -1
      vertex 6.469999998807907 -2.991019347310066 -1
    endloop
  endfacet
  facet normal -0.7617113993795016 -0.6479164637939997 0
    outer loop
      vertex 6.469999998807907 -4.191019342839718 -3
      vertex 6.469999998807907 -4.191019342839718 -1
      vertex 5.9799999967217445 -3.614959606528282 -1
    endloop
  endfacet
  facet normal -0.8151998526198259 -0.579179765089056 0
    outer loop
      vertex 6.96000000089407 -4.880698011815548 -3
      vertex 6.96000000089407 -4.880698011815548 -1
      vertex 6.469999998807907 -4.191019342839718 -1
    endloop
  endfacet
  facet normal 0.8216855530749619 0.5699410950860571 0
    outer loop
      vertex 6.96000000089407 -3.680698016285896 -3
      vertex 6.96000000089407 -3.680698016285896 -1
      vertex 7.450000002980232 -4.387132288515568 -1
    endloop
  endfacet
  facet normal 0.8151998526198259 0.579179765089056 0
    outer loop
      vertex 6.96000000089407 -3.680698016285896 -1
      vertex 6.469999998807907 -2.991019347310066 -3
      vertex 6.469999998807907 -2.991019347310066 -1
    endloop
  endfacet
  facet normal 0.6143657536356115 0.7890213690133793 0
    outer loop
      vertex 5.490000002086163 -2.033424676954746 -3
      vertex 5.490000002086163 -2.033424676954746 -1
      vertex 5.9799999967217445 -2.4149596109986304 -1
    endloop
  endfacet
  facet normal 0 0 1
    outer loop
      vertex 5.490000002086163 -2.033424676954746 -1
      vertex 5 -1.9 -1
      vertex 5 -3.100000002980232 -1
    endloop
  endfacet
  facet normal 0 0 1
    outer loop
      vertex 5.490000002086163 -3.2334246799349784 -1
      vertex 5.490000002086163 -2.033424676954746 -1
      vertex 5 -3.100000002980232 -1
    endloop
  endfacet
  facet normal 0 0 1
    outer loop
      vertex 5.490000002086163 -3.2334246799349784 -1
      vertex 5.9799999967217445 -2.4149596109986304 -1
      vertex 5.490000002086163 -2.033424676954746 -1
    endloop
  endfacet
  facet normal 0 0 1
    outer loop
      vertex 5.490000002086163 -3.2334246799349784 -1
      vertex 5.9799999967217445 -3.614959606528282 -1
      vertex 6.469999998807907 -2.991019347310066 -1
    endloop
  endfacet
  facet normal 0 0 1
    outer loop
      vertex 5.490000002086163 -3.2334246799349784 -1
      vertex 6.469999998807907 -2.991019347310066 -1
      vertex 5.9799999967217445 -2.4149596109986304 -1
    endloop
  endfacet
  facet normal 0 0 1
    outer loop
      vertex 6.469999998807907 -4.191019342839718 -1
      vertex 6.96000000089407 -3.680698016285896 -1
      vertex 5.9799999967217445 -3.614959606528282 -1
    endloop
  endfacet
  facet normal 0 0 1
    outer loop
      vertex 6.96000000089407 -4.880698011815548 -1
      vertex 7.450000002980232 -4.387132288515568 -1
      vertex 6.469999998807907 -4.191019342839718 -1
    endloop
  endfacet
  facet normal 0 0 1
    outer loop
      vertex 6.469999998807907 -4.191019342839718 -1
      vertex 7.450000002980232 -4.387132288515568 -1
      vertex 6.96000000089407 -3.680698016285896 -1
    endloop
  endfacet
  facet normal 0 0 1
    outer loop
      vertex 5.9799999967217445 -3.614959606528282 -1
      vertex 6.96000000089407 -3.680698016285896 -1
      vertex 6.469999998807907 -2.991019347310066 -1
    endloop
  endfacet
  facet normal -0.7864804139076575 -0.6176152188374568 0
    outer loop
      vertex 7.450000002980232 -5.5871322914958 -1
      vertex 7.939999997615814 -6.2111055791378025 -3
      vertex 7.939999997615814 -6.2111055791378025 -1
    endloop
  endfacet
  facet normal -0.8216855558899977 -0.5699410910276127 0
    outer loop
      vertex 7.450000002980232 -5.5871322914958 -3
      vertex 7.450000002980232 -5.5871322914958 -1
      vertex 6.96000000089407 -4.880698011815548 -1
    endloop
  endfacet
  facet normal 0.6795477979929035 0.7336312358692179 0
    outer loop
      vertex 7.939999997615814 -5.011105583608151 -3
      vertex 7.939999997615814 -5.011105583608151 -1
      vertex 8.429999999701977 -5.464982689917088 -1
    endloop
  endfacet
  facet normal -0.6795478039967209 -0.733631230308003 0
    outer loop
      vertex 8.429999999701977 -6.66498269289732 -3
      vertex 8.429999999701977 -6.66498269289732 -1
      vertex 7.939999997615814 -6.2111055791378025 -1
    endloop
  endfacet
  facet normal -0.4096450013637686 -0.9122450179955373 0
    outer loop
      vertex 8.92000000178814 -6.885017932951451 -3
      vertex 8.92000000178814 -6.885017932951451 -1
      vertex 8.429999999701977 -6.66498269289732 -1
    endloop
  endfacet
  facet normal 0.4096450013637686 0.9122450179955373 0
    outer loop
      vertex 8.429999999701977 -5.464982689917088 -3
      vertex 8.429999999701977 -5.464982689917088 -1
      vertex 8.92000000178814 -5.6850179299712185 -1
    endloop
  endfacet
  facet normal -0.09086725922707356 0.9958630132706806 0
    outer loop
      vertex 8.92000000178814 -5.6850179299712185 -3
      vertex 8.92000000178814 -5.6850179299712185 -1
      vertex 9.409999996423721 -5.64030800908804 -1
    endloop
  endfacet
  facet normal 0.09086727424440788 -0.9958630119004278 0
    outer loop
      vertex 9.409999996423721 -6.840308004617691 -3
      vertex 9.409999996423721 -6.840308004617691 -1
      vertex 8.92000000178814 -6.885017932951451 -1
    endloop
  endfacet
  facet normal 0.5261568429950064 -0.8503875449285039 0
    outer loop
      vertex 9.899999998509884 -6.537132287025452 -3
      vertex 9.899999998509884 -6.537132287025452 -1
      vertex 9.409999996423721 -6.840308004617691 -1
    endloop
  endfacet
  facet normal 0.7271702252645922 -0.6864571825603125 0
    outer loop
      vertex 9.899999998509884 -6.537132287025452 -1
      vertex 10.390000000596046 -6.018070907890797 -3
      vertex 10.390000000596046 -6.018070907890797 -1
    endloop
  endfacet
  facet normal -0.5261568429950064 0.8503875449285039 0
    outer loop
      vertex 9.409999996423721 -5.64030800908804 -3
      vertex 9.409999996423721 -5.64030800908804 -1
      vertex 9.899999998509884 -5.3371322914958 -1
    endloop
  endfacet
  facet normal -0.7271702252645922 0.6864571825603125 0
    outer loop
      vertex 9.899999998509884 -5.3371322914958 -3
      vertex 9.899999998509884 -5.3371322914958 -1
      vertex 10.390000000596046 -4.818070912361145 -1
    endloop
  endfacet
  facet normal 0.803792168598902 -0.5949102030551116 0
    outer loop
      vertex 10.880000002682209 -5.356024497747422 -3
      vertex 10.880000002682209 -5.356024497747422 -1
      vertex 10.390000000596046 -6.018070907890797 -1
    endloop
  endfacet
  facet normal 0.8237899853183962 -0.5668951050142491 0
    outer loop
      vertex 11.369999997317791 -4.643975505232811 -3
      vertex 11.369999997317791 -4.643975505232811 -1
      vertex 10.880000002682209 -5.356024497747422 -1
    endloop
  endfacet
  facet normal 0 0 1
    outer loop
      vertex 7.450000002980232 -5.5871322914958 -1
      vertex 7.939999997615814 -5.011105583608151 -1
      vertex 6.96000000089407 -4.880698011815548 -1
    endloop
  endfacet
  facet normal 0 0 1
    outer loop
      vertex 6.96000000089407 -4.880698011815548 -1
      vertex 7.939999997615814 -5.011105583608151 -1
      vertex 7.450000002980232 -4.387132288515568 -1
    endloop
  endfacet
  facet normal 0 0 1
    outer loop
      vertex 7.450000002980232 -5.5871322914958 -1
      vertex 7.939999997615814 -6.2111055791378025 -1
      vertex 8.429999999701977 -5.464982689917088 -1
    endloop
  endfacet
  facet normal 0 0 1
    outer loop
      vertex 7.450000002980232 -5.5871322914958 -1
      vertex 8.429999999701977 -5.464982689917088 -1
      vertex 7.939999997615814 -5.011105583608151 -1
    endloop
  endfacet
  facet normal 0 0 1
    outer loop
      vertex 8.429999999701977 -6.66498269289732 -1
      vertex 8.92000000178814 -5.6850179299712185 -1
      vertex 7.939999997615814 -6.2111055791378025 -1
    endloop
  endfacet
  facet normal 0 0 1
    outer loop
      vertex 8.92000000178814 -6.885017932951451 -1
      vertex 9.409999996423721 -6.840308004617691 -1
      vertex 8.92000000178814 -5.6850179299712185 -1
    endloop
  endfacet
  facet normal 0 0 1
    outer loop
      vertex 8.429999999701977 -6.66498269289732 -1
      vertex 8.92000000178814 -6.885017932951451 -1
      vertex 8.92000000178814 -5.6850179299712185 -1
    endloop
  endfacet
  facet normal 0 0 1
    outer loop
      vertex 7.939999997615814 -6.2111055791378025 -1
      vertex 8.92000000178814 -5.6850179299712185 -1
      vertex 8.429999999701977 -5.464982689917088 -1
    endloop
  endfacet
  facet normal 0 0 1
    outer loop
      vertex 9.409999996423721 -6.840308004617691 -1
      vertex 9.409999996423721 -5.64030800908804 -1
      vertex 8.92000000178814 -5.6850179299712185 -1
    endloop
  endfacet
  facet normal 0 0 1
    outer loop
      vertex 9.409999996423721 -6.840308004617691 -1
      vertex 9.899999998509884 -6.537132287025452 -1
      vertex 9.409999996423721 -5.64030800908804 -1
    endloop
  endfacet
  facet normal 0 0 1
    outer loop
      vertex 9.899999998509884 -6.537132287025452 -1
      vertex 10.390000000596046 -6.018070907890797 -1
      vertex 9.409999996423721 -5.64030800908804 -1
    endloop
  endfacet
  facet normal 0 0 1
    outer loop
      vertex 9.409999996423721 -5.64030800908804 -1
      vertex 10.390000000596046 -6.018070907890797 -1
      vertex 9.899999998509884 -5.3371322914958 -1
    endloop
  endfacet
  facet normal 0 0 1
    outer loop
      vertex 10.390000000596046 -6.018070907890797 -1
      vertex 10.880000002682209 -5.356024497747422 -1
      vertex 9.899999998509884 -5.3371322914958 -1
    endloop
  endfacet
  facet normal 0 0 1
    outer loop
      vertex 9.899999998509884 -5.3371322914958 -1
      vertex 10.880000002682209 -5.356024497747422 -1
      vertex 10.390000000596046 -4.818070912361145 -1
    endloop
  endfacet
  facet normal 0 0 1
    outer loop
      vertex 10.390000000596046 -4.818070912361145 -1
      vertex 10.880000002682209 -5.356024497747422 -1
      vertex 11.369999997317791 -4.643975505232811 -1
    endloop
  endfacet
  facet normal 0.7864804174898424 0.6176152142758491 0
    outer loop
      vertex 7.450000002980232 -4.387132288515568 -3
      vertex 7.450000002980232 -4.387132288515568 -1
      vertex 7.939999997615814 -5.011105583608151 -1
    endloop
  endfacet
  facet normal -0.8037921718003636 0.5949101987295686 0
    outer loop
      vertex 10.390000000596046 -4.818070912361145 -3
      vertex 10.390000000596046 -4.818070912361145 -1
      vertex 10.880000002682209 -4.156024494767189 -1
    endloop
  endfacet
  facet normal -0.8237899853183963 0.5668951050142489 0
    outer loop
      vertex 10.880000002682209 -4.156024494767189 -3
      vertex 10.880000002682209 -4.156024494767189 -1
      vertex 11.369999997317791 -3.4439755022525786 -1
    endloop
  endfacet
  facet normal 0 0 1
    outer loop
      vertex 10.390000000596046 -4.818070912361145 -1
      vertex 11.369999997317791 -4.643975505232811 -1
      vertex 10.880000002682209 -4.156024494767189 -1
    endloop
  endfacet
  facet normal 0 0 -1
    outer loop
      vertex 10.880000002682209 -4.156024494767189 -3
      vertex 11.859999999403954 -3.981929087638855 -3
      vertex 11.369999997317791 -4.643975505232811 -3
    endloop
  endfacet
  facet normal 0 0 -1
    outer loop
      vertex 10.880000002682209 -4.156024494767189 -3
      vertex 11.369999997317791 -3.4439755022525786 -3
      vertex 11.859999999403954 -3.981929087638855 -3
    endloop
  endfacet
  facet normal 0 0 -1
    outer loop
      vertex 11.859999999403954 -3.981929087638855 -3
      vertex 11.369999997317791 -3.4439755022525786 -3
      vertex 12.350000001490116 -3.4628677085042 -3
    endloop
  endfacet
  facet normal 0 0 -1
    outer loop
      vertex 11.369999997317791 -3.4439755022525786 -3
      vertex 11.859999999403954 -2.7819290921092032 -3
      vertex 12.350000001490116 -3.4628677085042 -3
    endloop
  endfacet
  facet normal 0 0 -1
    outer loop
      vertex 12.350000001490116 -3.4628677085042 -3
      vertex 11.859999999403954 -2.7819290921092032 -3
      vertex 12.840000003576279 -3.1596919909119605 -3
    endloop
  endfacet
  facet normal 0 0 -1
    outer loop
      vertex 12.840000003576279 -3.1596919909119605 -3
      vertex 11.859999999403954 -2.7819290921092032 -3
      vertex 12.350000001490116 -2.2628677129745483 -3
    endloop
  endfacet
  facet normal 0 0 -1
    outer loop
      vertex 12.840000003576279 -3.1596919909119605 -3
      vertex 12.350000001490116 -2.2628677129745483 -3
      vertex 12.840000003576279 -1.9596919953823089 -3
    endloop
  endfacet
  facet normal 0 0 -1
    outer loop
      vertex 12.840000003576279 -3.1596919909119605 -3
      vertex 12.840000003576279 -1.9596919953823089 -3
      vertex 13.32999999821186 -3.114982070028782 -3
    endloop
  endfacet
  facet normal 0 0 -1
    outer loop
      vertex 12.840000003576279 -1.9596919953823089 -3
      vertex 13.32999999821186 -1.9149820670485496 -3
      vertex 13.32999999821186 -3.114982070028782 -3
    endloop
  endfacet
  facet normal 0 0 -1
    outer loop
      vertex 13.32999999821186 -3.114982070028782 -3
      vertex 13.32999999821186 -1.9149820670485496 -3
      vertex 13.820000000298023 -2.13501730710268 -3
    endloop
  endfacet
  facet normal 0 0 -1
    outer loop
      vertex 13.820000000298023 -3.3350173100829124 -3
      vertex 13.32999999821186 -3.114982070028782 -3
      vertex 14.310000002384186 -2.588894420862198 -3
    endloop
  endfacet
  facet normal 0 0 -1
    outer loop
      vertex 13.32999999821186 -3.114982070028782 -3
      vertex 13.820000000298023 -2.13501730710268 -3
      vertex 14.310000002384186 -2.588894420862198 -3
    endloop
  endfacet
  facet normal 0 0 -1
    outer loop
      vertex 14.799999997019768 -4.412867711484433 -3
      vertex 14.310000002384186 -3.7888944163918494 -3
      vertex 15.28999999910593 -3.919301988184452 -3
    endloop
  endfacet
  facet normal 0 0 -1
    outer loop
      vertex 14.310000002384186 -3.7888944163918494 -3
      vertex 14.799999997019768 -3.2128677085042 -3
      vertex 15.28999999910593 -3.919301988184452 -3
    endloop
  endfacet
  facet normal 0 0 -1
    outer loop
      vertex 13.820000000298023 -3.3350173100829124 -3
      vertex 14.799999997019768 -3.2128677085042 -3
      vertex 14.310000002384186 -3.7888944163918494 -3
    endloop
  endfacet
  facet normal 0 0 -1
    outer loop
      vertex 13.820000000298023 -3.3350173100829124 -3
      vertex 14.310000002384186 -2.588894420862198 -3
      vertex 14.799999997019768 -3.2128677085042 -3
    endloop
  endfacet
  facet normal 0.8037921718003638 -0.5949101987295683 0
    outer loop
      vertex 11.369999997317791 -4.643975505232811 -3
      vertex 11.859999999403954 -3.981929087638855 -3
      vertex 11.369999997317791 -4.643975505232811 -1
    endloop
  endfacet
  facet normal 0.7271702252645922 -0.6864571825603125 0
    outer loop
      vertex 11.859999999403954 -3.981929087638855 -3
      vertex 12.350000001490116 -3.4628677085042 -3
      vertex 11.859999999403954 -3.981929087638855 -1
    endloop
  endfacet
  facet normal -0.803792168598902 0.5949102030551116 0
    outer loop
      vertex 11.369999997317791 -3.4439755022525786 -3
      vertex 11.859999999403954 -2.7819290921092032 -1
      vertex 11.859999999403954 -2.7819290921092032 -3
    endloop
  endfacet
  facet normal -0.7271702252645922 0.6864571825603125 0
    outer loop
      vertex 11.859999999403954 -2.7819290921092032 -3
      vertex 12.350000001490116 -2.2628677129745483 -1
      vertex 12.350000001490116 -2.2628677129745483 -3
    endloop
  endfacet
  facet normal 0.5261568429950064 -0.8503875449285039 0
    outer loop
      vertex 12.350000001490116 -3.4628677085042 -3
      vertex 12.840000003576279 -3.1596919909119605 -3
      vertex 12.350000001490116 -3.4628677085042 -1
    endloop
  endfacet
  facet normal 0.09086725922707356 -0.9958630132706806 0
    outer loop
      vertex 12.840000003576279 -3.1596919909119605 -3
      vertex 13.32999999821186 -3.114982070028782 -3
      vertex 12.840000003576279 -3.1596919909119605 -1
    endloop
  endfacet
  facet normal -0.5261568429950064 0.8503875449285039 0
    outer loop
      vertex 12.350000001490116 -2.2628677129745483 -3
      vertex 12.840000003576279 -1.9596919953823089 -1
      vertex 12.840000003576279 -1.9596919953823089 -3
    endloop
  endfacet
  facet normal -0.09086727424440788 0.9958630119004278 0
    outer loop
      vertex 12.840000003576279 -1.9596919953823089 -3
      vertex 13.32999999821186 -1.9149820670485496 -1
      vertex 13.32999999821186 -1.9149820670485496 -3
    endloop
  endfacet
  facet normal -0.4096450013637686 -0.9122450179955373 0
    outer loop
      vertex 13.820000000298023 -3.3350173100829124 -3
      vertex 13.32999999821186 -3.114982070028782 -1
      vertex 13.32999999821186 -3.114982070028782 -3
    endloop
  endfacet
  facet normal -0.6795477979929035 -0.7336312358692179 0
    outer loop
      vertex 13.820000000298023 -3.3350173100829124 -3
      vertex 14.310000002384186 -3.7888944163918494 -3
      vertex 13.820000000298023 -3.3350173100829124 -1
    endloop
  endfacet
  facet normal 0.6795478039967209 0.733631230308003 0
    outer loop
      vertex 14.310000002384186 -2.588894420862198 -3
      vertex 13.820000000298023 -2.13501730710268 -3
      vertex 14.310000002384186 -2.588894420862198 -1
    endloop
  endfacet
  facet normal -0.7864804174898427 -0.6176152142758489 0
    outer loop
      vertex 14.799999997019768 -4.412867711484433 -3
      vertex 14.310000002384186 -3.7888944163918494 -1
      vertex 14.310000002384186 -3.7888944163918494 -3
    endloop
  endfacet
  facet normal -0.8216855530749617 -0.5699410950860573 0
    outer loop
      vertex 14.799999997019768 -4.412867711484433 -3
      vertex 15.28999999910593 -5.119301983714104 -3
      vertex 14.799999997019768 -4.412867711484433 -1
    endloop
  endfacet
  facet normal 0.8216855558899977 0.5699410910276127 0
    outer loop
      vertex 14.799999997019768 -3.2128677085042 -3
      vertex 15.28999999910593 -3.919301988184452 -1
      vertex 15.28999999910593 -3.919301988184452 -3
    endloop
  endfacet
  facet normal 0.7864804139076575 0.6176152188374568 0
    outer loop
      vertex 14.799999997019768 -3.2128677085042 -3
      vertex 14.310000002384186 -2.588894420862198 -3
      vertex 14.799999997019768 -3.2128677085042 -1
    endloop
  endfacet
  facet normal 0.4096450013637686 0.9122450179955373 0
    outer loop
      vertex 13.820000000298023 -2.13501730710268 -3
      vertex 13.32999999821186 -1.9149820670485496 -3
      vertex 13.820000000298023 -2.13501730710268 -1
    endloop
  endfacet
  facet normal 0 0 -1
    outer loop
      vertex 16.270000003278255 -6.38504038900137 -3
      vertex 15.780000001192093 -5.808980652689934 -3
      vertex 16.759999997913837 -5.566575320065022 -3
    endloop
  endfacet
  facet normal 0 0 -1
    outer loop
      vertex 15.780000001192093 -5.808980652689934 -3
      vertex 15.28999999910593 -5.119301983714104 -3
      vertex 16.270000003278255 -5.185040393471718 -3
    endloop
  endfacet
  facet normal 0 0 -1
    outer loop
      vertex 14.799999997019768 -4.412867711484433 -3
      vertex 15.780000001192093 -4.6089806571602825 -3
      vertex 15.28999999910593 -5.119301983714104 -3
    endloop
  endfacet
  facet normal 0 0 -1
    outer loop
      vertex 15.28999999910593 -5.119301983714104 -3
      vertex 15.780000001192093 -4.6089806571602825 -3
      vertex 16.270000003278255 -5.185040393471718 -3
    endloop
  endfacet
  facet normal 0 0 -1
    outer loop
      vertex 15.780000001192093 -5.808980652689934 -3
      vertex 16.270000003278255 -5.185040393471718 -3
      vertex 16.759999997913837 -5.566575320065022 -3
    endloop
  endfacet
  facet normal 0 0 -1
    outer loop
      vertex 16.270000003278255 -6.38504038900137 -3
      vertex 16.759999997913837 -5.566575320065022 -3
      vertex 16.759999997913837 -6.766575323045254 -3
    endloop
  endfacet
  facet normal 0 0 -1
    outer loop
      vertex 16.759999997913837 -6.766575323045254 -3
      vertex 17.25 -5.699999997019768 -3
      vertex 17.25 -6.9 -3
    endloop
  endfacet
  facet normal 0 0 -1
    outer loop
      vertex 16.759999997913837 -6.766575323045254 -3
      vertex 16.759999997913837 -5.566575320065022 -3
      vertex 17.25 -5.699999997019768 -3
    endloop
  endfacet
  facet normal 0 0 -1
    outer loop
      vertex 17.25 -6.9 -3
      vertex 17.25 -5.699999997019768 -3
      vertex 17.740000002086163 -6.766575323045254 -3
    endloop
  endfacet
  facet normal 0 0 -1
    outer loop
      vertex 17.740000002086163 -6.766575323045254 -3
      vertex 17.25 -5.699999997019768 -3
      vertex 17.740000002086163 -5.566575320065022 -3
    endloop
  endfacet
  facet normal 0 0 -1
    outer loop
      vertex 17.740000002086163 -6.766575323045254 -3
      vertex 17.740000002086163 -5.566575320065022 -3
      vertex 18.229999996721745 -6.38504038900137 -3
    endloop
  endfacet
  facet normal 0 0 -1
    outer loop
      vertex 18.229999996721745 -6.38504038900137 -3
      vertex 17.740000002086163 -5.566575320065022 -3
      vertex 18.719999998807907 -5.808980652689934 -3
    endloop
  endfacet
  facet normal 0 0 -1
    outer loop
      vertex 17.740000002086163 -5.566575320065022 -3
      vertex 18.229999996721745 -5.185040393471718 -3
      vertex 18.719999998807907 -5.808980652689934 -3
    endloop
  endfacet
  facet normal 0 0 -1
    outer loop
      vertex 18.229999996721745 -5.185040393471718 -3
      vertex 19.21000000089407 -5.119301983714104 -3
      vertex 18.719999998807907 -5.808980652689934 -3
    endloop
  endfacet
  facet normal 0 0 -1
    outer loop
      vertex 18.229999996721745 -5.185040393471718 -3
      vertex 18.719999998807907 -4.6089806571602825 -3
      vertex 19.21000000089407 -5.119301983714104 -3
    endloop
  endfacet
  facet normal 0 0 -1
    outer loop
      vertex 19.21000000089407 -5.119301983714104 -3
      vertex 18.719999998807907 -4.6089806571602825 -3
      vertex 19.700000002980232 -4.412867711484433 -3
    endloop
  endfacet
  facet normal -0.7617113993795014 -0.6479164637939999 0
    outer loop
      vertex 16.270000003278255 -6.38504038900137 -3
      vertex 15.780000001192093 -5.808980652689934 -1
      vertex 15.780000001192093 -5.808980652689934 -3
    endloop
  endfacet
  facet normal -0.8151998526198259 -0.579179765089056 0
    outer loop
      vertex 15.780000001192093 -5.808980652689934 -3
      vertex 15.28999999910593 -5.119301983714104 -1
      vertex 15.28999999910593 -5.119301983714104 -3
    endloop
  endfacet
  facet normal 0.7617113993795014 0.6479164637939999 0
    outer loop
      vertex 16.270000003278255 -5.185040393471718 -3
      vertex 15.780000001192093 -4.6089806571602825 -3
      vertex 16.270000003278255 -5.185040393471718 -1
    endloop
  endfacet
  facet normal -0.6143657536356115 -0.7890213690133793 0
    outer loop
      vertex 16.270000003278255 -6.38504038900137 -3
      vertex 16.759999997913837 -6.766575323045254 -3
      vertex 16.270000003278255 -6.38504038900137 -1
    endloop
  endfacet
  facet normal -0.2627294046022674 -0.9648695559283328 0
    outer loop
      vertex 16.759999997913837 -6.766575323045254 -3
      vertex 17.25 -6.9 -3
      vertex 16.759999997913837 -6.766575323045254 -1
    endloop
  endfacet
  facet normal 0.6143657461666479 0.7890213748290333 0
    outer loop
      vertex 16.270000003278255 -5.185040393471718 -3
      vertex 16.759999997913837 -5.566575320065022 -1
      vertex 16.759999997913837 -5.566575320065022 -3
    endloop
  endfacet
  facet normal 0.2627294046022674 0.9648695559283328 0
    outer loop
      vertex 16.759999997913837 -5.566575320065022 -3
      vertex 17.25 -5.699999997019768 -1
      vertex 17.25 -5.699999997019768 -3
    endloop
  endfacet
  facet normal 0.2627294046022674 -0.9648695559283328 0
    outer loop
      vertex 17.25 -6.9 -3
      vertex 17.740000002086163 -6.766575323045254 -3
      vertex 17.25 -6.9 -1
    endloop
  endfacet
  facet normal 0.6143657536356115 -0.7890213690133793 0
    outer loop
      vertex 17.740000002086163 -6.766575323045254 -3
      vertex 18.229999996721745 -6.38504038900137 -3
      vertex 17.740000002086163 -6.766575323045254 -1
    endloop
  endfacet
  facet normal -0.2627294046022674 0.9648695559283328 0
    outer loop
      vertex 17.25 -5.699999997019768 -3
      vertex 17.740000002086163 -5.566575320065022 -1
      vertex 17.740000002086163 -5.566575320065022 -3
    endloop
  endfacet
  facet normal -0.6143657461666479 0.7890213748290333 0
    outer loop
      vertex 17.740000002086163 -5.566575320065022 -3
      vertex 18.229999996721745 -5.185040393471718 -1
      vertex 18.229999996721745 -5.185040393471718 -3
    endloop
  endfacet
  facet normal 0.7617113993795014 -0.6479164637939999 0
    outer loop
      vertex 18.229999996721745 -6.38504038900137 -3
      vertex 18.719999998807907 -5.808980652689934 -3
      vertex 18.229999996721745 -6.38504038900137 -1
    endloop
  endfacet
  facet normal -0.7617113993795014 0.6479164637939999 0
    outer loop
      vertex 18.229999996721745 -5.185040393471718 -3
      vertex 18.719999998807907 -4.6089806571602825 -1
      vertex 18.719999998807907 -4.6089806571602825 -3
    endloop
  endfacet
  facet normal 0.8151998526198259 -0.579179765089056 0
    outer loop
      vertex 18.719999998807907 -5.808980652689934 -3
      vertex 19.21000000089407 -5.119301983714104 -3
      vertex 18.719999998807907 -5.808980652689934 -1
    endloop
  endfacet
  facet normal 0 0 -1
    outer loop
      vertex 14.799999997019768 -4.412867711484433 -3
      vertex 15.28999999910593 -3.919301988184452 -3
      vertex 15.780000001192093 -4.6089806571602825 -3
    endloop
  endfacet
  facet normal 0 0 -1
    outer loop
      vertex 18.719999998807907 -4.6089806571602825 -3
      vertex 19.21000000089407 -3.919301988184452 -3
      vertex 19.700000002980232 -4.412867711484433 -3
    endloop
  endfacet
  facet normal 0.8151998526198261 0.5791797650890558 0
    outer loop
      vertex 15.780000001192093 -4.6089806571602825 -3
      vertex 15.28999999910593 -3.919301988184452 -3
      vertex 15.780000001192093 -4.6089806571602825 -1
    endloop
  endfacet
  facet normal -0.8151998526198261 0.5791797650890558 0
    outer loop
      vertex 18.719999998807907 -4.6089806571602825 -3
      vertex 19.21000000089407 -3.919301988184452 -1
      vertex 19.21000000089407 -3.919301988184452 -3
    endloop
  endfacet
  facet normal -0.8216855530749617 -0.5699410950860573 0
    outer loop
      vertex 14.799999997019768 -4.412867711484433 -1
      vertex 15.28999999910593 -5.119301983714104 -3
      vertex 15.28999999910593 -5.119301983714104 -1
    endloop
  endfacet
  facet normal 0.8037921718003638 -0.5949101987295683 0
    outer loop
      vertex 11.859999999403954 -3.981929087638855 -3
      vertex 11.859999999403954 -3.981929087638855 -1
      vertex 11.369999997317791 -4.643975505232811 -1
    endloop
  endfacet
  facet normal 0.7271702252645922 -0.6864571825603125 0
    outer loop
      vertex 12.350000001490116 -3.4628677085042 -3
      vertex 12.350000001490116 -3.4628677085042 -1
      vertex 11.859999999403954 -3.981929087638855 -1
    endloop
  endfacet
  facet normal -0.803792168598902 0.5949102030551116 0
    outer loop
      vertex 11.369999997317791 -3.4439755022525786 -3
      vertex 11.369999997317791 -3.4439755022525786 -1
      vertex 11.859999999403954 -2.7819290921092032 -1
    endloop
  endfacet
  facet normal -0.7271702252645922 0.6864571825603125 0
    outer loop
      vertex 11.859999999403954 -2.7819290921092032 -3
      vertex 11.859999999403954 -2.7819290921092032 -1
      vertex 12.350000001490116 -2.2628677129745483 -1
    endloop
  endfacet
  facet normal 0.5261568429950064 -0.8503875449285039 0
    outer loop
      vertex 12.840000003576279 -3.1596919909119605 -3
      vertex 12.840000003576279 -3.1596919909119605 -1
      vertex 12.350000001490116 -3.4628677085042 -1
    endloop
  endfacet
  facet normal 0.09086725922707356 -0.9958630132706806 0
    outer loop
      vertex 12.840000003576279 -3.1596919909119605 -1
      vertex 13.32999999821186 -3.114982070028782 -3
      vertex 13.32999999821186 -3.114982070028782 -1
    endloop
  endfacet
  facet normal -0.5261568429950064 0.8503875449285039 0
    outer loop
      vertex 12.350000001490116 -2.2628677129745483 -3
      vertex 12.350000001490116 -2.2628677129745483 -1
      vertex 12.840000003576279 -1.9596919953823089 -1
    endloop
  endfacet
  facet normal -0.09086727424440788 0.9958630119004278 0
    outer loop
      vertex 12.840000003576279 -1.9596919953823089 -3
      vertex 12.840000003576279 -1.9596919953823089 -1
      vertex 13.32999999821186 -1.9149820670485496 -1
    endloop
  endfacet
  facet normal -0.6795477979929035 -0.7336312358692179 0
    outer loop
      vertex 14.310000002384186 -3.7888944163918494 -3
      vertex 14.310000002384186 -3.7888944163918494 -1
      vertex 13.820000000298023 -3.3350173100829124 -1
    endloop
  endfacet
  facet normal -0.4096450013637686 -0.9122450179955373 0
    outer loop
      vertex 13.820000000298023 -3.3350173100829124 -3
      vertex 13.820000000298023 -3.3350173100829124 -1
      vertex 13.32999999821186 -3.114982070028782 -1
    endloop
  endfacet
  facet normal -0.7864804174898427 -0.6176152142758489 0
    outer loop
      vertex 14.799999997019768 -4.412867711484433 -3
      vertex 14.799999997019768 -4.412867711484433 -1
      vertex 14.310000002384186 -3.7888944163918494 -1
    endloop
  endfacet
  facet normal 0.7864804139076575 0.6176152188374568 0
    outer loop
      vertex 14.799999997019768 -3.2128677085042 -1
      vertex 14.310000002384186 -2.588894420862198 -3
      vertex 14.310000002384186 -2.588894420862198 -1
    endloop
  endfacet
  facet normal 0.8216855558899977 0.5699410910276127 0
    outer loop
      vertex 14.799999997019768 -3.2128677085042 -3
      vertex 14.799999997019768 -3.2128677085042 -1
      vertex 15.28999999910593 -3.919301988184452 -1
    endloop
  endfacet
  facet normal 0.4096450013637686 0.9122450179955373 0
    outer loop
      vertex 13.32999999821186 -1.9149820670485496 -3
      vertex 13.32999999821186 -1.9149820670485496 -1
      vertex 13.820000000298023 -2.13501730710268 -1
    endloop
  endfacet
  facet normal 0.6795478039967209 0.733631230308003 0
    outer loop
      vertex 13.820000000298023 -2.13501730710268 -3
      vertex 13.820000000298023 -2.13501730710268 -1
      vertex 14.310000002384186 -2.588894420862198 -1
    endloop
  endfacet
  facet normal 0 0 1
    outer loop
      vertex 10.880000002682209 -4.156024494767189 -1
      vertex 11.369999997317791 -4.643975505232811 -1
      vertex 11.859999999403954 -3.981929087638855 -1
    endloop
  endfacet
  facet normal 0 0 1
    outer loop
      vertex 10.880000002682209 -4.156024494767189 -1
      vertex 11.859999999403954 -3.981929087638855 -1
      vertex 11.369999997317791 -3.4439755022525786 -1
    endloop
  endfacet
  facet normal 0 0 1
    outer loop
      vertex 11.859999999403954 -3.981929087638855 -1
      vertex 12.350000001490116 -3.4628677085042 -1
      vertex 11.369999997317791 -3.4439755022525786 -1
    endloop
  endfacet
  facet normal 0 0 1
    outer loop
      vertex 11.369999997317791 -3.4439755022525786 -1
      vertex 12.350000001490116 -3.4628677085042 -1
      vertex 11.859999999403954 -2.7819290921092032 -1
    endloop
  endfacet
  facet normal 0 0 1
    outer loop
      vertex 12.350000001490116 -3.4628677085042 -1
      vertex 12.840000003576279 -3.1596919909119605 -1
      vertex 11.859999999403954 -2.7819290921092032 -1
    endloop
  endfacet
  facet normal 0 0 1
    outer loop
      vertex 12.840000003576279 -3.1596919909119605 -1
      vertex 12.350000001490116 -2.2628677129745483 -1
      vertex 11.859999999403954 -2.7819290921092032 -1
    endloop
  endfacet
  facet normal 0 0 1
    outer loop
      vertex 12.840000003576279 -3.1596919909119605 -1
      vertex 12.840000003576279 -1.9596919953823089 -1
      vertex 12.350000001490116 -2.2628677129745483 -1
    endloop
  endfacet
  facet normal 0 0 1
    outer loop
      vertex 12.840000003576279 -3.1596919909119605 -1
      vertex 13.32999999821186 -3.114982070028782 -1
      vertex 12.840000003576279 -1.9596919953823089 -1
    endloop
  endfacet
  facet normal 0 0 1
    outer loop
      vertex 12.840000003576279 -1.9596919953823089 -1
      vertex 13.32999999821186 -3.114982070028782 -1
      vertex 13.32999999821186 -1.9149820670485496 -1
    endloop
  endfacet
  facet normal 0 0 1
    outer loop
      vertex 13.32999999821186 -3.114982070028782 -1
      vertex 13.820000000298023 -2.13501730710268 -1
      vertex 13.32999999821186 -1.9149820670485496 -1
    endloop
  endfacet
  facet normal 0 0 1
    outer loop
      vertex 13.820000000298023 -3.3350173100829124 -1
      vertex 14.310000002384186 -2.588894420862198 -1
      vertex 13.32999999821186 -3.114982070028782 -1
    endloop
  endfacet
  facet normal 0 0 1
    outer loop
      vertex 13.32999999821186 -3.114982070028782 -1
      vertex 14.310000002384186 -2.588894420862198 -1
      vertex 13.820000000298023 -2.13501730710268 -1
    endloop
  endfacet
  facet normal 0 0 1
    outer loop
      vertex 14.799999997019768 -4.412867711484433 -1
      vertex 15.28999999910593 -3.919301988184452 -1
      vertex 14.310000002384186 -3.7888944163918494 -1
    endloop
  endfacet
  facet normal 0 0 1
    outer loop
      vertex 14.310000002384186 -3.7888944163918494 -1
      vertex 15.28999999910593 -3.919301988184452 -1
      vertex 14.799999997019768 -3.2128677085042 -1
    endloop
  endfacet
  facet normal 0 0 1
    outer loop
      vertex 13.820000000298023 -3.3350173100829124 -1
      vertex 14.310000002384186 -3.7888944163918494 -1
      vertex 14.799999997019768 -3.2128677085042 -1
    endloop
  endfacet
  facet normal 0 0 1
    outer loop
      vertex 13.820000000298023 -3.3350173100829124 -1
      vertex 14.799999997019768 -3.2128677085042 -1
      vertex 14.310000002384186 -2.588894420862198 -1
    endloop
  endfacet
  facet normal -0.7617113993795014 -0.6479164637939999 0
    outer loop
      vertex 16.270000003278255 -6.38504038900137 -3
      vertex 16.270000003278255 -6.38504038900137 -1
      vertex 15.780000001192093 -5.808980652689934 -1
    endloop
  endfacet
  facet normal -0.8151998526198259 -0.579179765089056 0
    outer loop
      vertex 15.780000001192093 -5.808980652689934 -3
      vertex 15.780000001192093 -5.808980652689934 -1
      vertex 15.28999999910593 -5.119301983714104 -1
    endloop
  endfacet
  facet normal 0.7617113993795014 0.6479164637939999 0
    outer loop
      vertex 15.780000001192093 -4.6089806571602825 -3
      vertex 15.780000001192093 -4.6089806571602825 -1
      vertex 16.270000003278255 -5.185040393471718 -1
    endloop
  endfacet
  facet normal -0.6143657536356115 -0.7890213690133793 0
    outer loop
      vertex 16.759999997913837 -6.766575323045254 -3
      vertex 16.759999997913837 -6.766575323045254 -1
      vertex 16.270000003278255 -6.38504038900137 -1
    endloop
  endfacet
  facet normal -0.2627294046022674 -0.9648695559283328 0
    outer loop
      vertex 17.25 -6.9 -3
      vertex 17.25 -6.9 -1
      vertex 16.759999997913837 -6.766575323045254 -1
    endloop
  endfacet
  facet normal 0.6143657461666479 0.7890213748290333 0
    outer loop
      vertex 16.270000003278255 -5.185040393471718 -3
      vertex 16.270000003278255 -5.185040393471718 -1
      vertex 16.759999997913837 -5.566575320065022 -1
    endloop
  endfacet
  facet normal 0.2627294046022674 0.9648695559283328 0
    outer loop
      vertex 16.759999997913837 -5.566575320065022 -3
      vertex 16.759999997913837 -5.566575320065022 -1
      vertex 17.25 -5.699999997019768 -1
    endloop
  endfacet
  facet normal 0.2627294046022674 -0.9648695559283328 0
    outer loop
      vertex 17.740000002086163 -6.766575323045254 -3
      vertex 17.740000002086163 -6.766575323045254 -1
      vertex 17.25 -6.9 -1
    endloop
  endfacet
  facet normal 0.6143657536356115 -0.7890213690133793 0
    outer loop
      vertex 18.229999996721745 -6.38504038900137 -3
      vertex 18.229999996721745 -6.38504038900137 -1
      vertex 17.740000002086163 -6.766575323045254 -1
    endloop
  endfacet
  facet normal -0.2627294046022674 0.9648695559283328 0
    outer loop
      vertex 17.25 -5.699999997019768 -3
      vertex 17.25 -5.699999997019768 -1
      vertex 17.740000002086163 -5.566575320065022 -1
    endloop
  endfacet
  facet normal -0.6143657461666479 0.7890213748290333 0
    outer loop
      vertex 17.740000002086163 -5.566575320065022 -3
      vertex 17.740000002086163 -5.566575320065022 -1
      vertex 18.229999996721745 -5.185040393471718 -1
    endloop
  endfacet
  facet normal 0.7617113993795014 -0.6479164637939999 0
    outer loop
      vertex 18.229999996721745 -6.38504038900137 -1
      vertex 18.719999998807907 -5.808980652689934 -3
      vertex 18.719999998807907 -5.808980652689934 -1
    endloop
  endfacet
  facet normal -0.7617113993795014 0.6479164637939999 0
    outer loop
      vertex 18.229999996721745 -5.185040393471718 -3
      vertex 18.229999996721745 -5.185040393471718 -1
      vertex 18.719999998807907 -4.6089806571602825 -1
    endloop
  endfacet
  facet normal 0.8151998526198259 -0.579179765089056 0
    outer loop
      vertex 19.21000000089407 -5.119301983714104 -3
      vertex 19.21000000089407 -5.119301983714104 -1
      vertex 18.719999998807907 -5.808980652689934 -1
    endloop
  endfacet
  facet normal 0 0 1
    outer loop
      vertex 16.270000003278255 -6.38504038900137 -1
      vertex 16.759999997913837 -5.566575320065022 -1
      vertex 15.780000001192093 -5.808980652689934 -1
    endloop
  endfacet
  facet normal 0 0 1
    outer loop
      vertex 15.780000001192093 -5.808980652689934 -1
      vertex 16.270000003278255 -5.185040393471718 -1
      vertex 15.28999999910593 -5.119301983714104 -1
    endloop
  endfacet
  facet normal 0 0 1
    outer loop
      vertex 14.799999997019768 -4.412867711484433 -1
      vertex 15.28999999910593 -5.119301983714104 -1
      vertex 15.780000001192093 -4.6089806571602825 -1
    endloop
  endfacet
  facet normal 0 0 1
    outer loop
      vertex 15.28999999910593 -5.119301983714104 -1
      vertex 16.270000003278255 -5.185040393471718 -1
      vertex 15.780000001192093 -4.6089806571602825 -1
    endloop
  endfacet
  facet normal 0 0 1
    outer loop
      vertex 15.780000001192093 -5.808980652689934 -1
      vertex 16.759999997913837 -5.566575320065022 -1
      vertex 16.270000003278255 -5.185040393471718 -1
    endloop
  endfacet
  facet normal 0 0 1
    outer loop
      vertex 16.270000003278255 -6.38504038900137 -1
      vertex 16.759999997913837 -6.766575323045254 -1
      vertex 16.759999997913837 -5.566575320065022 -1
    endloop
  endfacet
  facet normal 0 0 1
    outer loop
      vertex 16.759999997913837 -6.766575323045254 -1
      vertex 17.25 -6.9 -1
      vertex 17.25 -5.699999997019768 -1
    endloop
  endfacet
  facet normal 0 0 1
    outer loop
      vertex 16.759999997913837 -6.766575323045254 -1
      vertex 17.25 -5.699999997019768 -1
      vertex 16.759999997913837 -5.566575320065022 -1
    endloop
  endfacet
  facet normal 0 0 1
    outer loop
      vertex 17.25 -6.9 -1
      vertex 17.740000002086163 -6.766575323045254 -1
      vertex 17.25 -5.699999997019768 -1
    endloop
  endfacet
  facet normal 0 0 1
    outer loop
      vertex 17.740000002086163 -6.766575323045254 -1
      vertex 17.740000002086163 -5.566575320065022 -1
      vertex 17.25 -5.699999997019768 -1
    endloop
  endfacet
  facet normal 0 0 1
    outer loop
      vertex 17.740000002086163 -6.766575323045254 -1
      vertex 18.229999996721745 -6.38504038900137 -1
      vertex 17.740000002086163 -5.566575320065022 -1
    endloop
  endfacet
  facet normal 0 0 1
    outer loop
      vertex 18.229999996721745 -6.38504038900137 -1
      vertex 18.719999998807907 -5.808980652689934 -1
      vertex 17.740000002086163 -5.566575320065022 -1
    endloop
  endfacet
  facet normal 0 0 1
    outer loop
      vertex 17.740000002086163 -5.566575320065022 -1
      vertex 18.719999998807907 -5.808980652689934 -1
      vertex 18.229999996721745 -5.185040393471718 -1
    endloop
  endfacet
  facet normal 0 0 1
    outer loop
      vertex 18.229999996721745 -5.185040393471718 -1
      vertex 18.719999998807907 -5.808980652689934 -1
      vertex 19.21000000089407 -5.119301983714104 -1
    endloop
  endfacet
  facet normal 0 0 1
    outer loop
      vertex 18.229999996721745 -5.185040393471718 -1
      vertex 19.21000000089407 -5.119301983714104 -1
      vertex 18.719999998807907 -4.6089806571602825 -1
    endloop
  endfacet
  facet normal 0 0 1
    outer loop
      vertex 19.21000000089407 -5.119301983714104 -1
      vertex 19.700000002980232 -4.412867711484433 -1
      vertex 18.719999998807907 -4.6089806571602825 -1
    endloop
  endfacet
  facet normal 0.8151998526198261 0.5791797650890558 0
    outer loop
      vertex 15.28999999910593 -3.919301988184452 -3
      vertex 15.28999999910593 -3.919301988184452 -1
      vertex 15.780000001192093 -4.6089806571602825 -1
    endloop
  endfacet
  facet normal -0.8151998526198261 0.5791797650890558 0
    outer loop
      vertex 18.719999998807907 -4.6089806571602825 -3
      vertex 18.719999998807907 -4.6089806571602825 -1
      vertex 19.21000000089407 -3.919301988184452 -1
    endloop
  endfacet
  facet normal 0 0 1
    outer loop
      vertex 14.799999997019768 -4.412867711484433 -1
      vertex 15.780000001192093 -4.6089806571602825 -1
      vertex 15.28999999910593 -3.919301988184452 -1
    endloop
  endfacet
  facet normal 0 0 1
    outer loop
      vertex 18.719999998807907 -4.6089806571602825 -1
      vertex 19.700000002980232 -4.412867711484433 -1
      vertex 19.21000000089407 -3.919301988184452 -1
    endloop
  endfacet
  facet normal 0.8216855530749617 -0.5699410950860573 0
    outer loop
      vertex 19.21000000089407 -5.119301983714104 -3
      vertex 19.700000002980232 -4.412867711484433 -3
      vertex 19.21000000089407 -5.119301983714104 -1
    endloop
  endfacet
  facet normal -0.8237899853183962 -0.5668951050142491 0
    outer loop
      vertex 23.61999999731779 -5.356024497747422 -3
      vertex 23.13000000268221 -4.643975505232811 -1
      vertex 23.13000000268221 -4.643975505232811 -3
    endloop
  endfacet
  facet normal 0 0 -1
    outer loop
      vertex 19.21000000089407 -3.919301988184452 -3
      vertex 20.189999997615814 -3.7888944163918494 -3
      vertex 19.700000002980232 -4.412867711484433 -3
    endloop
  endfacet
  facet normal 0 0 -1
    outer loop
      vertex 19.21000000089407 -3.919301988184452 -3
      vertex 19.700000002980232 -3.2128677085042 -3
      vertex 20.189999997615814 -3.7888944163918494 -3
    endloop
  endfacet
  facet normal 0 0 -1
    outer loop
      vertex 20.189999997615814 -3.7888944163918494 -3
      vertex 19.700000002980232 -3.2128677085042 -3
      vertex 20.679999999701977 -3.3350173100829124 -3
    endloop
  endfacet
  facet normal 0 0 -1
    outer loop
      vertex 19.700000002980232 -3.2128677085042 -3
      vertex 20.189999997615814 -2.588894420862198 -3
      vertex 20.679999999701977 -3.3350173100829124 -3
    endloop
  endfacet
  facet normal 0 0 -1
    outer loop
      vertex 20.679999999701977 -3.3350173100829124 -3
      vertex 20.189999997615814 -2.588894420862198 -3
      vertex 21.17000000178814 -3.114982070028782 -3
    endloop
  endfacet
  facet normal 0 0 -1
    outer loop
      vertex 20.189999997615814 -2.588894420862198 -3
      vertex 20.679999999701977 -2.13501730710268 -3
      vertex 21.17000000178814 -3.114982070028782 -3
    endloop
  endfacet
  facet normal 0 0 -1
    outer loop
      vertex 21.17000000178814 -3.114982070028782 -3
      vertex 20.679999999701977 -2.13501730710268 -3
      vertex 21.17000000178814 -1.9149820670485496 -3
    endloop
  endfacet
  facet normal 0 0 -1
    outer loop
      vertex 21.65999999642372 -3.1596919909119605 -3
      vertex 21.17000000178814 -3.114982070028782 -3
      vertex 21.65999999642372 -1.9596919953823089 -3
    endloop
  endfacet
  facet normal 0 0 -1
    outer loop
      vertex 21.65999999642372 -3.1596919909119605 -3
      vertex 21.65999999642372 -1.9596919953823089 -3
      vertex 22.149999998509884 -2.2628677129745483 -3
    endloop
  endfacet
  facet normal 0 0 -1
    outer loop
      vertex 21.65999999642372 -3.1596919909119605 -3
      vertex 22.640000000596046 -2.7819290921092032 -3
      vertex 22.149999998509884 -3.4628677085042 -3
    endloop
  endfacet
  facet normal 0 0 -1
    outer loop
      vertex 21.65999999642372 -3.1596919909119605 -3
      vertex 22.149999998509884 -2.2628677129745483 -3
      vertex 22.640000000596046 -2.7819290921092032 -3
    endloop
  endfacet
  facet normal 0 0 -1
    outer loop
      vertex 22.640000000596046 -3.981929087638855 -3
      vertex 22.149999998509884 -3.4628677085042 -3
      vertex 23.13000000268221 -3.4439755022525786 -3
    endloop
  endfacet
  facet normal 0 0 -1
    outer loop
      vertex 22.640000000596046 -3.981929087638855 -3
      vertex 23.61999999731779 -4.156024494767189 -3
      vertex 23.13000000268221 -4.643975505232811 -3
    endloop
  endfacet
  facet normal 0 0 -1
    outer loop
      vertex 22.640000000596046 -3.981929087638855 -3
      vertex 23.13000000268221 -3.4439755022525786 -3
      vertex 23.61999999731779 -4.156024494767189 -3
    endloop
  endfacet
  facet normal 0 0 -1
    outer loop
      vertex 22.149999998509884 -3.4628677085042 -3
      vertex 22.640000000596046 -2.7819290921092032 -3
      vertex 23.13000000268221 -3.4439755022525786 -3
    endloop
  endfacet
  facet normal 0 0 -1
    outer loop
      vertex 21.17000000178814 -3.114982070028782 -3
      vertex 21.17000000178814 -1.9149820670485496 -3
      vertex 21.65999999642372 -1.9596919953823089 -3
    endloop
  endfacet
  facet normal 0.7864804174898427 -0.6176152142758489 0
    outer loop
      vertex 19.700000002980232 -4.412867711484433 -3
      vertex 20.189999997615814 -3.7888944163918494 -3
      vertex 19.700000002980232 -4.412867711484433 -1
    endloop
  endfacet
  facet normal -0.8216855558899977 0.5699410910276127 0
    outer loop
      vertex 19.21000000089407 -3.919301988184452 -3
      vertex 19.700000002980232 -3.2128677085042 -1
      vertex 19.700000002980232 -3.2128677085042 -3
    endloop
  endfacet
  facet normal -0.7864804139076575 0.6176152188374568 0
    outer loop
      vertex 19.700000002980232 -3.2128677085042 -3
      vertex 20.189999997615814 -2.588894420862198 -1
      vertex 20.189999997615814 -2.588894420862198 -3
    endloop
  endfacet
  facet normal 0.6795477979929035 -0.7336312358692179 0
    outer loop
      vertex 20.189999997615814 -3.7888944163918494 -3
      vertex 20.679999999701977 -3.3350173100829124 -3
      vertex 20.189999997615814 -3.7888944163918494 -1
    endloop
  endfacet
  facet normal 0.4096450013637686 -0.9122450179955373 0
    outer loop
      vertex 20.679999999701977 -3.3350173100829124 -3
      vertex 21.17000000178814 -3.114982070028782 -3
      vertex 20.679999999701977 -3.3350173100829124 -1
    endloop
  endfacet
  facet normal -0.6795478039967209 0.733631230308003 0
    outer loop
      vertex 20.189999997615814 -2.588894420862198 -3
      vertex 20.679999999701977 -2.13501730710268 -1
      vertex 20.679999999701977 -2.13501730710268 -3
    endloop
  endfacet
  facet normal -0.4096450013637686 0.9122450179955373 0
    outer loop
      vertex 20.679999999701977 -2.13501730710268 -3
      vertex 21.17000000178814 -1.9149820670485496 -1
      vertex 21.17000000178814 -1.9149820670485496 -3
    endloop
  endfacet
  facet normal -0.7271702252645922 -0.6864571825603125 0
    outer loop
      vertex 22.640000000596046 -3.981929087638855 -3
      vertex 22.149999998509884 -3.4628677085042 -1
      vertex 22.149999998509884 -3.4628677085042 -3
    endloop
  endfacet
  facet normal -0.09086725922707356 -0.9958630132706806 0
    outer loop
      vertex 21.65999999642372 -3.1596919909119605 -3
      vertex 21.17000000178814 -3.114982070028782 -1
      vertex 21.17000000178814 -3.114982070028782 -3
    endloop
  endfacet
  facet normal -0.5261568429950064 -0.8503875449285039 0
    outer loop
      vertex 21.65999999642372 -3.1596919909119605 -3
      vertex 22.149999998509884 -3.4628677085042 -3
      vertex 21.65999999642372 -3.1596919909119605 -1
    endloop
  endfacet
  facet normal -0.8037921718003638 -0.5949101987295683 0
    outer loop
      vertex 22.640000000596046 -3.981929087638855 -3
      vertex 23.13000000268221 -4.643975505232811 -3
      vertex 22.640000000596046 -3.981929087638855 -1
    endloop
  endfacet
  facet normal 0.7271702252645922 0.6864571825603125 0
    outer loop
      vertex 22.640000000596046 -2.7819290921092032 -3
      vertex 22.149999998509884 -2.2628677129745483 -3
      vertex 22.640000000596046 -2.7819290921092032 -1
    endloop
  endfacet
  facet normal 0.803792168598902 0.5949102030551116 0
    outer loop
      vertex 23.13000000268221 -3.4439755022525786 -3
      vertex 22.640000000596046 -2.7819290921092032 -3
      vertex 23.13000000268221 -3.4439755022525786 -1
    endloop
  endfacet
  facet normal 0.09086727424440788 0.9958630119004278 0
    outer loop
      vertex 21.17000000178814 -1.9149820670485496 -3
      vertex 21.65999999642372 -1.9596919953823089 -1
      vertex 21.65999999642372 -1.9596919953823089 -3
    endloop
  endfacet
  facet normal 0.5261568429950064 0.8503875449285039 0
    outer loop
      vertex 21.65999999642372 -1.9596919953823089 -3
      vertex 22.149999998509884 -2.2628677129745483 -1
      vertex 22.149999998509884 -2.2628677129745483 -3
    endloop
  endfacet
  facet normal 0 0 -1
    outer loop
      vertex 23.61999999731779 -5.356024497747422 -3
      vertex 23.13000000268221 -4.643975505232811 -3
      vertex 24.109999999403954 -4.818070912361145 -3
    endloop
  endfacet
  facet normal 0 0 -1
    outer loop
      vertex 23.61999999731779 -5.356024497747422 -3
      vertex 24.600000001490116 -5.3371322914958 -3
      vertex 24.109999999403954 -6.018070907890797 -3
    endloop
  endfacet
  facet normal 0 0 -1
    outer loop
      vertex 23.61999999731779 -5.356024497747422 -3
      vertex 24.109999999403954 -4.818070912361145 -3
      vertex 24.600000001490116 -5.3371322914958 -3
    endloop
  endfacet
  facet normal 0 0 -1
    outer loop
      vertex 24.600000001490116 -6.537132287025452 -3
      vertex 24.109999999403954 -6.018070907890797 -3
      vertex 25.09000000357628 -5.64030800908804 -3
    endloop
  endfacet
  facet normal 0 0 -1
    outer loop
      vertex 24.600000001490116 -6.537132287025452 -3
      vertex 25.09000000357628 -5.64030800908804 -3
      vertex 25.09000000357628 -6.840308004617691 -3
    endloop
  endfacet
  facet normal 0 0 -1
    outer loop
      vertex 25.09000000357628 -6.840308004617691 -3
      vertex 25.09000000357628 -5.64030800908804 -3
      vertex 25.57999999821186 -5.6850179299712185 -3
    endloop
  endfacet
  facet normal 0 0 -1
    outer loop
      vertex 24.109999999403954 -6.018070907890797 -3
      vertex 24.600000001490116 -5.3371322914958 -3
      vertex 25.09000000357628 -5.64030800908804 -3
    endloop
  endfacet
  facet normal 0 0 -1
    outer loop
      vertex 25.09000000357628 -6.840308004617691 -3
      vertex 25.57999999821186 -5.6850179299712185 -3
      vertex 25.57999999821186 -6.885017932951451 -3
    endloop
  endfacet
  facet normal 0 0 -1
    outer loop
      vertex 25.57999999821186 -6.885017932951451 -3
      vertex 25.57999999821186 -5.6850179299712185 -3
      vertex 26.070000000298023 -6.66498269289732 -3
    endloop
  endfacet
  facet normal 0 0 -1
    outer loop
      vertex 26.070000000298023 -6.66498269289732 -3
      vertex 25.57999999821186 -5.6850179299712185 -3
      vertex 26.560000002384186 -6.2111055791378025 -3
    endloop
  endfacet
  facet normal 0 0 -1
    outer loop
      vertex 25.57999999821186 -5.6850179299712185 -3
      vertex 26.070000000298023 -5.464982689917088 -3
      vertex 26.560000002384186 -6.2111055791378025 -3
    endloop
  endfacet
  facet normal 0 0 -1
    outer loop
      vertex 26.560000002384186 -6.2111055791378025 -3
      vertex 26.070000000298023 -5.464982689917088 -3
      vertex 27.049999997019768 -5.5871322914958 -3
    endloop
  endfacet
  facet normal 0 0 -1
    outer loop
      vertex 27.049999997019768 -5.5871322914958 -3
      vertex 26.070000000298023 -5.464982689917088 -3
      vertex 26.560000002384186 -5.011105583608151 -3
    endloop
  endfacet
  facet normal 0 0 -1
    outer loop
      vertex 27.049999997019768 -5.5871322914958 -3
      vertex 26.560000002384186 -5.011105583608151 -3
      vertex 27.53999999910593 -4.880698011815548 -3
    endloop
  endfacet
  facet normal 0 0 -1
    outer loop
      vertex 26.560000002384186 -5.011105583608151 -3
      vertex 27.049999997019768 -4.387132288515568 -3
      vertex 27.53999999910593 -4.880698011815548 -3
    endloop
  endfacet
  facet normal -0.7271702252645922 -0.6864571825603125 0
    outer loop
      vertex 24.600000001490116 -6.537132287025452 -3
      vertex 24.109999999403954 -6.018070907890797 -1
      vertex 24.109999999403954 -6.018070907890797 -3
    endloop
  endfacet
  facet normal -0.803792168598902 -0.5949102030551116 0
    outer loop
      vertex 23.61999999731779 -5.356024497747422 -3
      vertex 24.109999999403954 -6.018070907890797 -3
      vertex 23.61999999731779 -5.356024497747422 -1
    endloop
  endfacet
  facet normal -0.5261568429950064 -0.8503875449285039 0
    outer loop
      vertex 24.600000001490116 -6.537132287025452 -3
      vertex 25.09000000357628 -6.840308004617691 -3
      vertex 24.600000001490116 -6.537132287025452 -1
    endloop
  endfacet
  facet normal -0.09086727424440788 -0.9958630119004278 0
    outer loop
      vertex 25.09000000357628 -6.840308004617691 -3
      vertex 25.57999999821186 -6.885017932951451 -3
      vertex 25.09000000357628 -6.840308004617691 -1
    endloop
  endfacet
  facet normal 0.7271702252645922 0.6864571825603125 0
    outer loop
      vertex 24.600000001490116 -5.3371322914958 -3
      vertex 24.109999999403954 -4.818070912361145 -3
      vertex 24.600000001490116 -5.3371322914958 -1
    endloop
  endfacet
  facet normal 0.5261568429950064 0.8503875449285039 0
    outer loop
      vertex 25.09000000357628 -5.64030800908804 -3
      vertex 24.600000001490116 -5.3371322914958 -3
      vertex 25.09000000357628 -5.64030800908804 -1
    endloop
  endfacet
  facet normal 0.4096450013637686 -0.9122450179955373 0
    outer loop
      vertex 25.57999999821186 -6.885017932951451 -3
      vertex 26.070000000298023 -6.66498269289732 -3
      vertex 25.57999999821186 -6.885017932951451 -1
    endloop
  endfacet
  facet normal 0.6795478039967209 -0.733631230308003 0
    outer loop
      vertex 26.070000000298023 -6.66498269289732 -3
      vertex 26.560000002384186 -6.2111055791378025 -3
      vertex 26.070000000298023 -6.66498269289732 -1
    endloop
  endfacet
  facet normal 0.09086725922707356 0.9958630132706806 0
    outer loop
      vertex 25.09000000357628 -5.64030800908804 -3
      vertex 25.57999999821186 -5.6850179299712185 -1
      vertex 25.57999999821186 -5.6850179299712185 -3
    endloop
  endfacet
  facet normal -0.4096450013637686 0.9122450179955373 0
    outer loop
      vertex 25.57999999821186 -5.6850179299712185 -3
      vertex 26.070000000298023 -5.464982689917088 -1
      vertex 26.070000000298023 -5.464982689917088 -3
    endloop
  endfacet
  facet normal 0.7864804139076575 -0.6176152188374568 0
    outer loop
      vertex 26.560000002384186 -6.2111055791378025 -3
      vertex 27.049999997019768 -5.5871322914958 -3
      vertex 26.560000002384186 -6.2111055791378025 -1
    endloop
  endfacet
  facet normal -0.6795477979929035 0.7336312358692179 0
    outer loop
      vertex 26.070000000298023 -5.464982689917088 -3
      vertex 26.560000002384186 -5.011105583608151 -1
      vertex 26.560000002384186 -5.011105583608151 -3
    endloop
  endfacet
  facet normal 0.8216855558899977 -0.5699410910276127 0
    outer loop
      vertex 27.049999997019768 -5.5871322914958 -3
      vertex 27.53999999910593 -4.880698011815548 -3
      vertex 27.049999997019768 -5.5871322914958 -1
    endloop
  endfacet
  facet normal 0 0 -1
    outer loop
      vertex 24.109999999403954 -4.818070912361145 -3
      vertex 23.13000000268221 -4.643975505232811 -3
      vertex 23.61999999731779 -4.156024494767189 -3
    endloop
  endfacet
  facet normal 0.8237899853183963 0.5668951050142489 0
    outer loop
      vertex 23.61999999731779 -4.156024494767189 -3
      vertex 23.13000000268221 -3.4439755022525786 -3
      vertex 23.61999999731779 -4.156024494767189 -1
    endloop
  endfacet
  facet normal 0.8037921718003636 0.5949101987295686 0
    outer loop
      vertex 24.109999999403954 -4.818070912361145 -3
      vertex 23.61999999731779 -4.156024494767189 -3
      vertex 24.109999999403954 -4.818070912361145 -1
    endloop
  endfacet
  facet normal -0.7864804174898424 0.6176152142758491 0
    outer loop
      vertex 26.560000002384186 -5.011105583608151 -3
      vertex 27.049999997019768 -4.387132288515568 -1
      vertex 27.049999997019768 -4.387132288515568 -3
    endloop
  endfacet
  facet normal -0.8216855530749619 0.5699410950860571 0
    outer loop
      vertex 27.049999997019768 -4.387132288515568 -3
      vertex 27.53999999910593 -3.680698016285896 -1
      vertex 27.53999999910593 -3.680698016285896 -3
    endloop
  endfacet
  facet normal 0.8216855530749617 -0.5699410950860573 0
    outer loop
      vertex 19.700000002980232 -4.412867711484433 -3
      vertex 19.700000002980232 -4.412867711484433 -1
      vertex 19.21000000089407 -5.119301983714104 -1
    endloop
  endfacet
  facet normal -0.8216855558899977 0.5699410910276127 0
    outer loop
      vertex 19.21000000089407 -3.919301988184452 -3
      vertex 19.21000000089407 -3.919301988184452 -1
      vertex 19.700000002980232 -3.2128677085042 -1
    endloop
  endfacet
  facet normal 0.7864804174898427 -0.6176152142758489 0
    outer loop
      vertex 20.189999997615814 -3.7888944163918494 -3
      vertex 20.189999997615814 -3.7888944163918494 -1
      vertex 19.700000002980232 -4.412867711484433 -1
    endloop
  endfacet
  facet normal -0.7864804139076575 0.6176152188374568 0
    outer loop
      vertex 19.700000002980232 -3.2128677085042 -3
      vertex 19.700000002980232 -3.2128677085042 -1
      vertex 20.189999997615814 -2.588894420862198 -1
    endloop
  endfacet
  facet normal 0.6795477979929035 -0.7336312358692179 0
    outer loop
      vertex 20.679999999701977 -3.3350173100829124 -3
      vertex 20.679999999701977 -3.3350173100829124 -1
      vertex 20.189999997615814 -3.7888944163918494 -1
    endloop
  endfacet
  facet normal -0.6795478039967209 0.733631230308003 0
    outer loop
      vertex 20.189999997615814 -2.588894420862198 -3
      vertex 20.189999997615814 -2.588894420862198 -1
      vertex 20.679999999701977 -2.13501730710268 -1
    endloop
  endfacet
  facet normal 0.4096450013637686 -0.9122450179955373 0
    outer loop
      vertex 20.679999999701977 -3.3350173100829124 -1
      vertex 21.17000000178814 -3.114982070028782 -3
      vertex 21.17000000178814 -3.114982070028782 -1
    endloop
  endfacet
  facet normal -0.4096450013637686 0.9122450179955373 0
    outer loop
      vertex 20.679999999701977 -2.13501730710268 -3
      vertex 20.679999999701977 -2.13501730710268 -1
      vertex 21.17000000178814 -1.9149820670485496 -1
    endloop
  endfacet
  facet normal -0.09086725922707356 -0.9958630132706806 0
    outer loop
      vertex 21.65999999642372 -3.1596919909119605 -3
      vertex 21.65999999642372 -3.1596919909119605 -1
      vertex 21.17000000178814 -3.114982070028782 -1
    endloop
  endfacet
  facet normal -0.5261568429950064 -0.8503875449285039 0
    outer loop
      vertex 21.65999999642372 -3.1596919909119605 -1
      vertex 22.149999998509884 -3.4628677085042 -3
      vertex 22.149999998509884 -3.4628677085042 -1
    endloop
  endfacet
  facet normal 0.7271702252645922 0.6864571825603125 0
    outer loop
      vertex 22.149999998509884 -2.2628677129745483 -3
      vertex 22.149999998509884 -2.2628677129745483 -1
      vertex 22.640000000596046 -2.7819290921092032 -1
    endloop
  endfacet
  facet normal -0.7271702252645922 -0.6864571825603125 0
    outer loop
      vertex 22.640000000596046 -3.981929087638855 -3
      vertex 22.640000000596046 -3.981929087638855 -1
      vertex 22.149999998509884 -3.4628677085042 -1
    endloop
  endfacet
  facet normal -0.8037921718003638 -0.5949101987295683 0
    outer loop
      vertex 23.13000000268221 -4.643975505232811 -3
      vertex 23.13000000268221 -4.643975505232811 -1
      vertex 22.640000000596046 -3.981929087638855 -1
    endloop
  endfacet
  facet normal 0.8237899853183963 0.5668951050142489 0
    outer loop
      vertex 23.13000000268221 -3.4439755022525786 -3
      vertex 23.13000000268221 -3.4439755022525786 -1
      vertex 23.61999999731779 -4.156024494767189 -1
    endloop
  endfacet
  facet normal 0.803792168598902 0.5949102030551116 0
    outer loop
      vertex 23.13000000268221 -3.4439755022525786 -1
      vertex 22.640000000596046 -2.7819290921092032 -3
      vertex 22.640000000596046 -2.7819290921092032 -1
    endloop
  endfacet
  facet normal 0.09086727424440788 0.9958630119004278 0
    outer loop
      vertex 21.17000000178814 -1.9149820670485496 -3
      vertex 21.17000000178814 -1.9149820670485496 -1
      vertex 21.65999999642372 -1.9596919953823089 -1
    endloop
  endfacet
  facet normal 0.5261568429950064 0.8503875449285039 0
    outer loop
      vertex 21.65999999642372 -1.9596919953823089 -3
      vertex 21.65999999642372 -1.9596919953823089 -1
      vertex 22.149999998509884 -2.2628677129745483 -1
    endloop
  endfacet
  facet normal 0 0 1
    outer loop
      vertex 19.21000000089407 -3.919301988184452 -1
      vertex 19.700000002980232 -4.412867711484433 -1
      vertex 20.189999997615814 -3.7888944163918494 -1
    endloop
  endfacet
  facet normal 0 0 1
    outer loop
      vertex 19.21000000089407 -3.919301988184452 -1
      vertex 20.189999997615814 -3.7888944163918494 -1
      vertex 19.700000002980232 -3.2128677085042 -1
    endloop
  endfacet
  facet normal 0 0 1
    outer loop
      vertex 20.189999997615814 -3.7888944163918494 -1
      vertex 20.679999999701977 -3.3350173100829124 -1
      vertex 19.700000002980232 -3.2128677085042 -1
    endloop
  endfacet
  facet normal 0 0 1
    outer loop
      vertex 19.700000002980232 -3.2128677085042 -1
      vertex 20.679999999701977 -3.3350173100829124 -1
      vertex 20.189999997615814 -2.588894420862198 -1
    endloop
  endfacet
  facet normal 0 0 1
    outer loop
      vertex 20.679999999701977 -3.3350173100829124 -1
      vertex 21.17000000178814 -3.114982070028782 -1
      vertex 20.189999997615814 -2.588894420862198 -1
    endloop
  endfacet
  facet normal 0 0 1
    outer loop
      vertex 20.189999997615814 -2.588894420862198 -1
      vertex 21.17000000178814 -3.114982070028782 -1
      vertex 20.679999999701977 -2.13501730710268 -1
    endloop
  endfacet
  facet normal 0 0 1
    outer loop
      vertex 21.17000000178814 -3.114982070028782 -1
      vertex 21.17000000178814 -1.9149820670485496 -1
      vertex 20.679999999701977 -2.13501730710268 -1
    endloop
  endfacet
  facet normal 0 0 1
    outer loop
      vertex 21.65999999642372 -3.1596919909119605 -1
      vertex 21.65999999642372 -1.9596919953823089 -1
      vertex 21.17000000178814 -3.114982070028782 -1
    endloop
  endfacet
  facet normal 0 0 1
    outer loop
      vertex 21.65999999642372 -3.1596919909119605 -1
      vertex 22.149999998509884 -2.2628677129745483 -1
      vertex 21.65999999642372 -1.9596919953823089 -1
    endloop
  endfacet
  facet normal 0 0 1
    outer loop
      vertex 21.65999999642372 -3.1596919909119605 -1
      vertex 22.149999998509884 -3.4628677085042 -1
      vertex 22.640000000596046 -2.7819290921092032 -1
    endloop
  endfacet
  facet normal 0 0 1
    outer loop
      vertex 21.65999999642372 -3.1596919909119605 -1
      vertex 22.640000000596046 -2.7819290921092032 -1
      vertex 22.149999998509884 -2.2628677129745483 -1
    endloop
  endfacet
  facet normal 0 0 1
    outer loop
      vertex 22.640000000596046 -3.981929087638855 -1
      vertex 23.13000000268221 -3.4439755022525786 -1
      vertex 22.149999998509884 -3.4628677085042 -1
    endloop
  endfacet
  facet normal 0 0 1
    outer loop
      vertex 22.640000000596046 -3.981929087638855 -1
      vertex 23.13000000268221 -4.643975505232811 -1
      vertex 23.61999999731779 -4.156024494767189 -1
    endloop
  endfacet
  facet normal 0 0 1
    outer loop
      vertex 22.640000000596046 -3.981929087638855 -1
      vertex 23.61999999731779 -4.156024494767189 -1
      vertex 23.13000000268221 -3.4439755022525786 -1
    endloop
  endfacet
  facet normal 0 0 1
    outer loop
      vertex 22.149999998509884 -3.4628677085042 -1
      vertex 23.13000000268221 -3.4439755022525786 -1
      vertex 22.640000000596046 -2.7819290921092032 -1
    endloop
  endfacet
  facet normal 0 0 1
    outer loop
      vertex 21.17000000178814 -3.114982070028782 -1
      vertex 21.65999999642372 -1.9596919953823089 -1
      vertex 21.17000000178814 -1.9149820670485496 -1
    endloop
  endfacet
  facet normal -0.8237899853183962 -0.5668951050142491 0
    outer loop
      vertex 23.61999999731779 -5.356024497747422 -3
      vertex 23.61999999731779 -5.356024497747422 -1
      vertex 23.13000000268221 -4.643975505232811 -1
    endloop
  endfacet
  facet normal -0.803792168598902 -0.5949102030551116 0
    outer loop
      vertex 24.109999999403954 -6.018070907890797 -3
      vertex 24.109999999403954 -6.018070907890797 -1
      vertex 23.61999999731779 -5.356024497747422 -1
    endloop
  endfacet
  facet normal 0.7271702252645922 0.6864571825603125 0
    outer loop
      vertex 24.109999999403954 -4.818070912361145 -3
      vertex 24.109999999403954 -4.818070912361145 -1
      vertex 24.600000001490116 -5.3371322914958 -1
    endloop
  endfacet
  facet normal -0.7271702252645922 -0.6864571825603125 0
    outer loop
      vertex 24.600000001490116 -6.537132287025452 -3
      vertex 24.600000001490116 -6.537132287025452 -1
      vertex 24.109999999403954 -6.018070907890797 -1
    endloop
  endfacet
  facet normal -0.5261568429950064 -0.8503875449285039 0
    outer loop
      vertex 25.09000000357628 -6.840308004617691 -3
      vertex 25.09000000357628 -6.840308004617691 -1
      vertex 24.600000001490116 -6.537132287025452 -1
    endloop
  endfacet
  facet normal 0.5261568429950064 0.8503875449285039 0
    outer loop
      vertex 24.600000001490116 -5.3371322914958 -3
      vertex 24.600000001490116 -5.3371322914958 -1
      vertex 25.09000000357628 -5.64030800908804 -1
    endloop
  endfacet
  facet normal 0.09086725922707356 0.9958630132706806 0
    outer loop
      vertex 25.09000000357628 -5.64030800908804 -3
      vertex 25.09000000357628 -5.64030800908804 -1
      vertex 25.57999999821186 -5.6850179299712185 -1
    endloop
  endfacet
  facet normal -0.09086727424440788 -0.9958630119004278 0
    outer loop
      vertex 25.57999999821186 -6.885017932951451 -3
      vertex 25.57999999821186 -6.885017932951451 -1
      vertex 25.09000000357628 -6.840308004617691 -1
    endloop
  endfacet
  facet normal 0.4096450013637686 -0.9122450179955373 0
    outer loop
      vertex 26.070000000298023 -6.66498269289732 -3
      vertex 26.070000000298023 -6.66498269289732 -1
      vertex 25.57999999821186 -6.885017932951451 -1
    endloop
  endfacet
  facet normal -0.4096450013637686 0.9122450179955373 0
    outer loop
      vertex 25.57999999821186 -5.6850179299712185 -3
      vertex 25.57999999821186 -5.6850179299712185 -1
      vertex 26.070000000298023 -5.464982689917088 -1
    endloop
  endfacet
  facet normal -0.6795477979929035 0.7336312358692179 0
    outer loop
      vertex 26.070000000298023 -5.464982689917088 -3
      vertex 26.070000000298023 -5.464982689917088 -1
      vertex 26.560000002384186 -5.011105583608151 -1
    endloop
  endfacet
  facet normal 0.6795478039967209 -0.733631230308003 0
    outer loop
      vertex 26.070000000298023 -6.66498269289732 -1
      vertex 26.560000002384186 -6.2111055791378025 -3
      vertex 26.560000002384186 -6.2111055791378025 -1
    endloop
  endfacet
  facet normal -0.7864804174898424 0.6176152142758491 0
    outer loop
      vertex 26.560000002384186 -5.011105583608151 -3
      vertex 26.560000002384186 -5.011105583608151 -1
      vertex 27.049999997019768 -4.387132288515568 -1
    endloop
  endfacet
  facet normal 0.7864804139076575 -0.6176152188374568 0
    outer loop
      vertex 27.049999997019768 -5.5871322914958 -3
      vertex 27.049999997019768 -5.5871322914958 -1
      vertex 26.560000002384186 -6.2111055791378025 -1
    endloop
  endfacet
  facet normal 0.8216855558899977 -0.5699410910276127 0
    outer loop
      vertex 27.53999999910593 -4.880698011815548 -3
      vertex 27.53999999910593 -4.880698011815548 -1
      vertex 27.049999997019768 -5.5871322914958 -1
    endloop
  endfacet
  facet normal 0 0 1
    outer loop
      vertex 23.61999999731779 -5.356024497747422 -1
      vertex 24.109999999403954 -4.818070912361145 -1
      vertex 23.13000000268221 -4.643975505232811 -1
    endloop
  endfacet
  facet normal 0 0 1
    outer loop
      vertex 23.61999999731779 -5.356024497747422 -1
      vertex 24.109999999403954 -6.018070907890797 -1
      vertex 24.600000001490116 -5.3371322914958 -1
    endloop
  endfacet
  facet normal 0 0 1
    outer loop
      vertex 23.61999999731779 -5.356024497747422 -1
      vertex 24.600000001490116 -5.3371322914958 -1
      vertex 24.109999999403954 -4.818070912361145 -1
    endloop
  endfacet
  facet normal 0 0 1
    outer loop
      vertex 24.600000001490116 -6.537132287025452 -1
      vertex 25.09000000357628 -5.64030800908804 -1
      vertex 24.109999999403954 -6.018070907890797 -1
    endloop
  endfacet
  facet normal 0 0 1
    outer loop
      vertex 24.600000001490116 -6.537132287025452 -1
      vertex 25.09000000357628 -6.840308004617691 -1
      vertex 25.09000000357628 -5.64030800908804 -1
    endloop
  endfacet
  facet normal 0 0 1
    outer loop
      vertex 25.09000000357628 -6.840308004617691 -1
      vertex 25.57999999821186 -5.6850179299712185 -1
      vertex 25.09000000357628 -5.64030800908804 -1
    endloop
  endfacet
  facet normal 0 0 1
    outer loop
      vertex 24.109999999403954 -6.018070907890797 -1
      vertex 25.09000000357628 -5.64030800908804 -1
      vertex 24.600000001490116 -5.3371322914958 -1
    endloop
  endfacet
  facet normal 0 0 1
    outer loop
      vertex 25.09000000357628 -6.840308004617691 -1
      vertex 25.57999999821186 -6.885017932951451 -1
      vertex 25.57999999821186 -5.6850179299712185 -1
    endloop
  endfacet
  facet normal 0 0 1
    outer loop
      vertex 25.57999999821186 -6.885017932951451 -1
      vertex 26.070000000298023 -6.66498269289732 -1
      vertex 25.57999999821186 -5.6850179299712185 -1
    endloop
  endfacet
  facet normal 0 0 1
    outer loop
      vertex 26.070000000298023 -6.66498269289732 -1
      vertex 26.560000002384186 -6.2111055791378025 -1
      vertex 25.57999999821186 -5.6850179299712185 -1
    endloop
  endfacet
  facet normal 0 0 1
    outer loop
      vertex 25.57999999821186 -5.6850179299712185 -1
      vertex 26.560000002384186 -6.2111055791378025 -1
      vertex 26.070000000298023 -5.464982689917088 -1
    endloop
  endfacet
  facet normal 0 0 1
    outer loop
      vertex 26.560000002384186 -6.2111055791378025 -1
      vertex 27.049999997019768 -5.5871322914958 -1
      vertex 26.070000000298023 -5.464982689917088 -1
    endloop
  endfacet
  facet normal 0 0 1
    outer loop
      vertex 27.049999997019768 -5.5871322914958 -1
      vertex 26.560000002384186 -5.011105583608151 -1
      vertex 26.070000000298023 -5.464982689917088 -1
    endloop
  endfacet
  facet normal 0 0 1
    outer loop
      vertex 27.049999997019768 -5.5871322914958 -1
      vertex 27.53999999910593 -4.880698011815548 -1
      vertex 26.560000002384186 -5.011105583608151 -1
    endloop
  endfacet
  facet normal 0 0 1
    outer loop
      vertex 26.560000002384186 -5.011105583608151 -1
      vertex 27.53999999910593 -4.880698011815548 -1
      vertex 27.049999997019768 -4.387132288515568 -1
    endloop
  endfacet
  facet normal 0.8037921718003636 0.5949101987295686 0
    outer loop
      vertex 23.61999999731779 -4.156024494767189 -3
      vertex 23.61999999731779 -4.156024494767189 -1
      vertex 24.109999999403954 -4.818070912361145 -1
    endloop
  endfacet
  facet normal -0.8216855530749619 0.5699410950860571 0
    outer loop
      vertex 27.049999997019768 -4.387132288515568 -3
      vertex 27.049999997019768 -4.387132288515568 -1
      vertex 27.53999999910593 -3.680698016285896 -1
    endloop
  endfacet
  facet normal 0 0 1
    outer loop
      vertex 24.109999999403954 -4.818070912361145 -1
      vertex 23.61999999731779 -4.156024494767189 -1
      vertex 23.13000000268221 -4.643975505232811 -1
    endloop
  endfacet
  facet normal 0 0 -1
    outer loop
      vertex 27.53999999910593 -4.880698011815548 -3
      vertex 27.049999997019768 -4.387132288515568 -3
      vertex 28.030000001192093 -4.191019342839718 -3
    endloop
  endfacet
  facet normal 0 0 -1
    outer loop
      vertex 27.049999997019768 -4.387132288515568 -3
      vertex 27.53999999910593 -3.680698016285896 -3
      vertex 28.030000001192093 -4.191019342839718 -3
    endloop
  endfacet
  facet normal 0 0 -1
    outer loop
      vertex 28.030000001192093 -4.191019342839718 -3
      vertex 27.53999999910593 -3.680698016285896 -3
      vertex 28.520000003278255 -3.614959606528282 -3
    endloop
  endfacet
  facet normal 0 0 -1
    outer loop
      vertex 27.53999999910593 -3.680698016285896 -3
      vertex 28.030000001192093 -2.991019347310066 -3
      vertex 28.520000003278255 -3.614959606528282 -3
    endloop
  endfacet
  facet normal 0 0 -1
    outer loop
      vertex 28.520000003278255 -3.614959606528282 -3
      vertex 28.030000001192093 -2.991019347310066 -3
      vertex 29.009999997913837 -3.2334246799349784 -3
    endloop
  endfacet
  facet normal 0 0 -1
    outer loop
      vertex 29.009999997913837 -3.2334246799349784 -3
      vertex 28.030000001192093 -2.991019347310066 -3
      vertex 28.520000003278255 -2.4149596109986304 -3
    endloop
  endfacet
  facet normal 0 0 -1
    outer loop
      vertex 29.009999997913837 -3.2334246799349784 -3
      vertex 28.520000003278255 -2.4149596109986304 -3
      vertex 29.009999997913837 -2.033424676954746 -3
    endloop
  endfacet
  facet normal 0 0 -1
    outer loop
      vertex 29.009999997913837 -3.2334246799349784 -3
      vertex 29.009999997913837 -2.033424676954746 -3
      vertex 29.5 -3.100000002980232 -3
    endloop
  endfacet
  facet normal 0 0 -1
    outer loop
      vertex 29.009999997913837 -2.033424676954746 -3
      vertex 29.5 -1.9 -3
      vertex 29.5 -3.100000002980232 -3
    endloop
  endfacet
  facet normal 0.8151998526198259 -0.579179765089056 0
    outer loop
      vertex 27.53999999910593 -4.880698011815548 -3
      vertex 28.030000001192093 -4.191019342839718 -3
      vertex 27.53999999910593 -4.880698011815548 -1
    endloop
  endfacet
  facet normal 0.7617113993795016 -0.6479164637939997 0
    outer loop
      vertex 28.030000001192093 -4.191019342839718 -3
      vertex 28.520000003278255 -3.614959606528282 -3
      vertex 28.030000001192093 -4.191019342839718 -1
    endloop
  endfacet
  facet normal -0.8151998526198259 0.579179765089056 0
    outer loop
      vertex 27.53999999910593 -3.680698016285896 -3
      vertex 28.030000001192093 -2.991019347310066 -1
      vertex 28.030000001192093 -2.991019347310066 -3
    endloop
  endfacet
  facet normal -0.7617113993795014 0.6479164637939999 0
    outer loop
      vertex 28.030000001192093 -2.991019347310066 -3
      vertex 28.520000003278255 -2.4149596109986304 -1
      vertex 28.520000003278255 -2.4149596109986304 -3
    endloop
  endfacet
  facet normal 0.6143657461666479 -0.7890213748290333 0
    outer loop
      vertex 28.520000003278255 -3.614959606528282 -3
      vertex 29.009999997913837 -3.2334246799349784 -3
      vertex 28.520000003278255 -3.614959606528282 -1
    endloop
  endfacet
  facet normal 0.2627294046022674 -0.9648695559283328 0
    outer loop
      vertex 29.009999997913837 -3.2334246799349784 -3
      vertex 29.5 -3.100000002980232 -3
      vertex 29.009999997913837 -3.2334246799349784 -1
    endloop
  endfacet
  facet normal -0.6143657536356115 0.7890213690133793 0
    outer loop
      vertex 28.520000003278255 -2.4149596109986304 -3
      vertex 29.009999997913837 -2.033424676954746 -1
      vertex 29.009999997913837 -2.033424676954746 -3
    endloop
  endfacet
  facet normal -0.2627294046022674 0.9648695559283328 0
    outer loop
      vertex 29.009999997913837 -2.033424676954746 -3
      vertex 29.5 -1.9 -1
      vertex 29.5 -1.9 -3
    endloop
  endfacet
  facet normal 0.8151998526198259 -0.579179765089056 0
    outer loop
      vertex 28.030000001192093 -4.191019342839718 -3
      vertex 28.030000001192093 -4.191019342839718 -1
      vertex 27.53999999910593 -4.880698011815548 -1
    endloop
  endfacet
  facet normal 0.7617113993795016 -0.6479164637939997 0
    outer loop
      vertex 28.520000003278255 -3.614959606528282 -3
      vertex 28.520000003278255 -3.614959606528282 -1
      vertex 28.030000001192093 -4.191019342839718 -1
    endloop
  endfacet
  facet normal -0.8151998526198259 0.579179765089056 0
    outer loop
      vertex 27.53999999910593 -3.680698016285896 -3
      vertex 27.53999999910593 -3.680698016285896 -1
      vertex 28.030000001192093 -2.991019347310066 -1
    endloop
  endfacet
  facet normal -0.7617113993795014 0.6479164637939999 0
    outer loop
      vertex 28.030000001192093 -2.991019347310066 -3
      vertex 28.030000001192093 -2.991019347310066 -1
      vertex 28.520000003278255 -2.4149596109986304 -1
    endloop
  endfacet
  facet normal 0.6143657461666479 -0.7890213748290333 0
    outer loop
      vertex 29.009999997913837 -3.2334246799349784 -3
      vertex 29.009999997913837 -3.2334246799349784 -1
      vertex 28.520000003278255 -3.614959606528282 -1
    endloop
  endfacet
  facet normal 0.2627294046022674 -0.9648695559283328 0
    outer loop
      vertex 29.009999997913837 -3.2334246799349784 -1
      vertex 29.5 -3.100000002980232 -3
      vertex 29.5 -3.100000002980232 -1
    endloop
  endfacet
  facet normal -0.6143657536356115 0.7890213690133793 0
    outer loop
      vertex 28.520000003278255 -2.4149596109986304 -3
      vertex 28.520000003278255 -2.4149596109986304 -1
      vertex 29.009999997913837 -2.033424676954746 -1
    endloop
  endfacet
  facet normal -0.2627294046022674 0.9648695559283328 0
    outer loop
      vertex 29.009999997913837 -2.033424676954746 -3
      vertex 29.009999997913837 -2.033424676954746 -1
      vertex 29.5 -1.9 -1
    endloop
  endfacet
  facet normal 0 0 1
    outer loop
      vertex 27.53999999910593 -4.880698011815548 -1
      vertex 28.030000001192093 -4.191019342839718 -1
      vertex 27.049999997019768 -4.387132288515568 -1
    endloop
  endfacet
  facet normal 0 0 1
    outer loop
      vertex 27.049999997019768 -4.387132288515568 -1
      vertex 28.030000001192093 -4.191019342839718 -1
      vertex 27.53999999910593 -3.680698016285896 -1
    endloop
  endfacet
  facet normal 0 0 1
    outer loop
      vertex 28.030000001192093 -4.191019342839718 -1
      vertex 28.520000003278255 -3.614959606528282 -1
      vertex 27.53999999910593 -3.680698016285896 -1
    endloop
  endfacet
  facet normal 0 0 1
    outer loop
      vertex 27.53999999910593 -3.680698016285896 -1
      vertex 28.520000003278255 -3.614959606528282 -1
      vertex 28.030000001192093 -2.991019347310066 -1
    endloop
  endfacet
  facet normal 0 0 1
    outer loop
      vertex 28.520000003278255 -3.614959606528282 -1
      vertex 29.009999997913837 -3.2334246799349784 -1
      vertex 28.030000001192093 -2.991019347310066 -1
    endloop
  endfacet
  facet normal 0 0 1
    outer loop
      vertex 29.009999997913837 -3.2334246799349784 -1
      vertex 28.520000003278255 -2.4149596109986304 -1
      vertex 28.030000001192093 -2.991019347310066 -1
    endloop
  endfacet
  facet normal 0 0 1
    outer loop
      vertex 29.009999997913837 -3.2334246799349784 -1
      vertex 29.009999997913837 -2.033424676954746 -1
      vertex 28.520000003278255 -2.4149596109986304 -1
    endloop
  endfacet
  facet normal 0 0 1
    outer loop
      vertex 29.009999997913837 -3.2334246799349784 -1
      vertex 29.5 -3.100000002980232 -1
      vertex 29.009999997913837 -2.033424676954746 -1
    endloop
  endfacet
  facet normal 0 0 1
    outer loop
      vertex 29.009999997913837 -2.033424676954746 -1
      vertex 29.5 -3.100000002980232 -1
      vertex 29.5 -1.9 -1
    endloop
  endfacet
  facet normal 0 0 -1
    outer loop
      vertex 5.490000002086163 2.033424676954746 -3
      vertex 5 1.9 -3
      vertex 5 3.100000002980232 -3
    endloop
  endfacet
  facet normal 0 0 -1
    outer loop
      vertex 5.490000002086163 2.033424676954746 -3
      vertex 5 3.100000002980232 -3
      vertex 5.490000002086163 3.2334246799349784 -3
    endloop
  endfacet
  facet normal 0 0 -1
    outer loop
      vertex 5.490000002086163 2.033424676954746 -3
      vertex 5.490000002086163 3.2334246799349784 -3
      vertex 5.9799999967217445 2.4149596109986304 -3
    endloop
  endfacet
  facet normal 0 0 -1
    outer loop
      vertex 5.9799999967217445 2.4149596109986304 -3
      vertex 5.490000002086163 3.2334246799349784 -3
      vertex 6.469999998807907 2.991019347310066 -3
    endloop
  endfacet
  facet normal 0 0 -1
    outer loop
      vertex 6.469999998807907 2.991019347310066 -3
      vertex 5.490000002086163 3.2334246799349784 -3
      vertex 5.9799999967217445 3.614959606528282 -3
    endloop
  endfacet
  facet normal 0 0 -1
    outer loop
      vertex 6.469999998807907 2.991019347310066 -3
      vertex 5.9799999967217445 3.614959606528282 -3
      vertex 6.96000000089407 3.680698016285896 -3
    endloop
  endfacet
  facet normal 0 0 -1
    outer loop
      vertex 5.9799999967217445 3.614959606528282 -3
      vertex 6.469999998807907 4.191019342839718 -3
      vertex 6.96000000089407 3.680698016285896 -3
    endloop
  endfacet
  facet normal 0 0 -1
    outer loop
      vertex 6.96000000089407 3.680698016285896 -3
      vertex 6.469999998807907 4.191019342839718 -3
      vertex 7.450000002980232 4.387132288515568 -3
    endloop
  endfacet
  facet normal 0 0 -1
    outer loop
      vertex 6.469999998807907 4.191019342839718 -3
      vertex 6.96000000089407 4.880698011815548 -3
      vertex 7.450000002980232 4.387132288515568 -3
    endloop
  endfacet
  facet normal -0.2627294046022674 0.9648695559283328 0
    outer loop
      vertex 5.490000002086163 3.2334246799349784 -3
      vertex 5 3.100000002980232 -3
      vertex 5 3.100000002980232 -1
    endloop
  endfacet
  facet normal 0.2627294046022674 -0.9648695559283328 0
    outer loop
      vertex 5.490000002086163 2.033424676954746 -3
      vertex 5.490000002086163 2.033424676954746 -1
      vertex 5 1.9 -3
    endloop
  endfacet
  facet normal 0.6143657536356115 -0.7890213690133793 0
    outer loop
      vertex 5.490000002086163 2.033424676954746 -3
      vertex 5.9799999967217445 2.4149596109986304 -3
      vertex 5.9799999967217445 2.4149596109986304 -1
    endloop
  endfacet
  facet normal -0.6143657461666479 0.7890213748290333 0
    outer loop
      vertex 5.490000002086163 3.2334246799349784 -3
      vertex 5.490000002086163 3.2334246799349784 -1
      vertex 5.9799999967217445 3.614959606528282 -3
    endloop
  endfacet
  facet normal -0.7617113993795016 0.6479164637939997 0
    outer loop
      vertex 5.9799999967217445 3.614959606528282 -3
      vertex 5.9799999967217445 3.614959606528282 -1
      vertex 6.469999998807907 4.191019342839718 -3
    endloop
  endfacet
  facet normal 0.7617113993795014 -0.6479164637939999 0
    outer loop
      vertex 5.9799999967217445 2.4149596109986304 -3
      vertex 6.469999998807907 2.991019347310066 -3
      vertex 6.469999998807907 2.991019347310066 -1
    endloop
  endfacet
  facet normal 0.8151998526198259 -0.579179765089056 0
    outer loop
      vertex 6.469999998807907 2.991019347310066 -3
      vertex 6.96000000089407 3.680698016285896 -3
      vertex 6.96000000089407 3.680698016285896 -1
    endloop
  endfacet
  facet normal -0.8151998526198259 0.579179765089056 0
    outer loop
      vertex 6.469999998807907 4.191019342839718 -3
      vertex 6.469999998807907 4.191019342839718 -1
      vertex 6.96000000089407 4.880698011815548 -3
    endloop
  endfacet
  facet normal -0.8216855558899977 0.5699410910276127 0
    outer loop
      vertex 6.96000000089407 4.880698011815548 -3
      vertex 6.96000000089407 4.880698011815548 -1
      vertex 7.450000002980232 5.5871322914958 -3
    endloop
  endfacet
  facet normal 0 0 -1
    outer loop
      vertex 10.880000002682209 4.156024494767189 -3
      vertex 10.390000000596046 4.818070912361145 -3
      vertex 11.369999997317791 4.643975505232811 -3
    endloop
  endfacet
  facet normal 0.8216855530749619 -0.5699410950860571 0
    outer loop
      vertex 6.96000000089407 3.680698016285896 -3
      vertex 7.450000002980232 4.387132288515568 -3
      vertex 7.450000002980232 4.387132288515568 -1
    endloop
  endfacet
  facet normal -0.8037921718003636 -0.5949101987295686 0
    outer loop
      vertex 10.880000002682209 4.156024494767189 -3
      vertex 10.880000002682209 4.156024494767189 -1
      vertex 10.390000000596046 4.818070912361145 -3
    endloop
  endfacet
  facet normal -0.8237899853183963 -0.5668951050142489 0
    outer loop
      vertex 10.880000002682209 4.156024494767189 -3
      vertex 11.369999997317791 3.4439755022525786 -3
      vertex 11.369999997317791 3.4439755022525786 -1
    endloop
  endfacet
  facet normal 0 0 -1
    outer loop
      vertex 7.450000002980232 4.387132288515568 -3
      vertex 6.96000000089407 4.880698011815548 -3
      vertex 7.939999997615814 5.011105583608151 -3
    endloop
  endfacet
  facet normal 0 0 -1
    outer loop
      vertex 6.96000000089407 4.880698011815548 -3
      vertex 7.450000002980232 5.5871322914958 -3
      vertex 7.939999997615814 5.011105583608151 -3
    endloop
  endfacet
  facet normal 0 0 -1
    outer loop
      vertex 7.450000002980232 5.5871322914958 -3
      vertex 8.429999999701977 5.464982689917088 -3
      vertex 7.939999997615814 5.011105583608151 -3
    endloop
  endfacet
  facet normal 0 0 -1
    outer loop
      vertex 7.450000002980232 5.5871322914958 -3
      vertex 7.939999997615814 6.2111055791378025 -3
      vertex 8.429999999701977 5.464982689917088 -3
    endloop
  endfacet
  facet normal 0 0 -1
    outer loop
      vertex 8.429999999701977 5.464982689917088 -3
      vertex 7.939999997615814 6.2111055791378025 -3
      vertex 8.92000000178814 5.6850179299712185 -3
    endloop
  endfacet
  facet normal 0 0 -1
    outer loop
      vertex 7.939999997615814 6.2111055791378025 -3
      vertex 8.429999999701977 6.66498269289732 -3
      vertex 8.92000000178814 5.6850179299712185 -3
    endloop
  endfacet
  facet normal 0 0 -1
    outer loop
      vertex 8.92000000178814 5.6850179299712185 -3
      vertex 8.429999999701977 6.66498269289732 -3
      vertex 8.92000000178814 6.885017932951451 -3
    endloop
  endfacet
  facet normal 0 0 -1
    outer loop
      vertex 8.92000000178814 5.6850179299712185 -3
      vertex 8.92000000178814 6.885017932951451 -3
      vertex 9.409999996423721 6.840308004617691 -3
    endloop
  endfacet
  facet normal 0 0 -1
    outer loop
      vertex 9.409999996423721 5.64030800908804 -3
      vertex 10.390000000596046 6.018070907890797 -3
      vertex 9.899999998509884 5.3371322914958 -3
    endloop
  endfacet
  facet normal 0 0 -1
    outer loop
      vertex 8.92000000178814 5.6850179299712185 -3
      vertex 9.409999996423721 6.840308004617691 -3
      vertex 9.409999996423721 5.64030800908804 -3
    endloop
  endfacet
  facet normal 0 0 -1
    outer loop
      vertex 9.409999996423721 5.64030800908804 -3
      vertex 9.409999996423721 6.840308004617691 -3
      vertex 9.899999998509884 6.537132287025452 -3
    endloop
  endfacet
  facet normal 0 0 -1
    outer loop
      vertex 9.409999996423721 5.64030800908804 -3
      vertex 9.899999998509884 6.537132287025452 -3
      vertex 10.390000000596046 6.018070907890797 -3
    endloop
  endfacet
  facet normal 0 0 -1
    outer loop
      vertex 10.390000000596046 4.818070912361145 -3
      vertex 9.899999998509884 5.3371322914958 -3
      vertex 10.880000002682209 5.356024497747422 -3
    endloop
  endfacet
  facet normal 0 0 -1
    outer loop
      vertex 9.899999998509884 5.3371322914958 -3
      vertex 10.390000000596046 6.018070907890797 -3
      vertex 10.880000002682209 5.356024497747422 -3
    endloop
  endfacet
  facet normal 0 0 -1
    outer loop
      vertex 10.390000000596046 4.818070912361145 -3
      vertex 10.880000002682209 5.356024497747422 -3
      vertex 11.369999997317791 4.643975505232811 -3
    endloop
  endfacet
  facet normal -0.7864804139076575 0.6176152188374568 0
    outer loop
      vertex 7.450000002980232 5.5871322914958 -3
      vertex 7.450000002980232 5.5871322914958 -1
      vertex 7.939999997615814 6.2111055791378025 -3
    endloop
  endfacet
  facet normal 0.7864804174898424 -0.6176152142758491 0
    outer loop
      vertex 7.450000002980232 4.387132288515568 -3
      vertex 7.939999997615814 5.011105583608151 -3
      vertex 7.939999997615814 5.011105583608151 -1
    endloop
  endfacet
  facet normal -0.6795478039967209 0.733631230308003 0
    outer loop
      vertex 7.939999997615814 6.2111055791378025 -3
      vertex 7.939999997615814 6.2111055791378025 -1
      vertex 8.429999999701977 6.66498269289732 -3
    endloop
  endfacet
  facet normal 0.6795477979929035 -0.7336312358692179 0
    outer loop
      vertex 7.939999997615814 5.011105583608151 -3
      vertex 8.429999999701977 5.464982689917088 -3
      vertex 8.429999999701977 5.464982689917088 -1
    endloop
  endfacet
  facet normal 0.4096450013637686 -0.9122450179955373 0
    outer loop
      vertex 8.429999999701977 5.464982689917088 -3
      vertex 8.92000000178814 5.6850179299712185 -3
      vertex 8.92000000178814 5.6850179299712185 -1
    endloop
  endfacet
  facet normal -0.4096450013637686 0.9122450179955373 0
    outer loop
      vertex 8.429999999701977 6.66498269289732 -3
      vertex 8.429999999701977 6.66498269289732 -1
      vertex 8.92000000178814 6.885017932951451 -3
    endloop
  endfacet
  facet normal 0.09086727424440788 0.9958630119004278 0
    outer loop
      vertex 8.92000000178814 6.885017932951451 -3
      vertex 8.92000000178814 6.885017932951451 -1
      vertex 9.409999996423721 6.840308004617691 -3
    endloop
  endfacet
  facet normal -0.09086725922707356 -0.9958630132706806 0
    outer loop
      vertex 8.92000000178814 5.6850179299712185 -3
      vertex 9.409999996423721 5.64030800908804 -3
      vertex 9.409999996423721 5.64030800908804 -1
    endloop
  endfacet
  facet normal -0.5261568429950064 -0.8503875449285039 0
    outer loop
      vertex 9.409999996423721 5.64030800908804 -3
      vertex 9.899999998509884 5.3371322914958 -3
      vertex 9.899999998509884 5.3371322914958 -1
    endloop
  endfacet
  facet normal -0.7271702252645922 -0.6864571825603125 0
    outer loop
      vertex 10.390000000596046 4.818070912361145 -3
      vertex 10.390000000596046 4.818070912361145 -1
      vertex 9.899999998509884 5.3371322914958 -3
    endloop
  endfacet
  facet normal 0.5261568429950064 0.8503875449285039 0
    outer loop
      vertex 9.409999996423721 6.840308004617691 -3
      vertex 9.409999996423721 6.840308004617691 -1
      vertex 9.899999998509884 6.537132287025452 -3
    endloop
  endfacet
  facet normal 0.7271702252645922 0.6864571825603125 0
    outer loop
      vertex 10.390000000596046 6.018070907890797 -3
      vertex 9.899999998509884 6.537132287025452 -3
      vertex 9.899999998509884 6.537132287025452 -1
    endloop
  endfacet
  facet normal 0.803792168598902 0.5949102030551116 0
    outer loop
      vertex 10.880000002682209 5.356024497747422 -3
      vertex 10.390000000596046 6.018070907890797 -3
      vertex 10.390000000596046 6.018070907890797 -1
    endloop
  endfacet
  facet normal 0.8237899853183962 0.5668951050142491 0
    outer loop
      vertex 10.880000002682209 5.356024497747422 -3
      vertex 10.880000002682209 5.356024497747422 -1
      vertex 11.369999997317791 4.643975505232811 -3
    endloop
  endfacet
  facet normal 0.2627294046022674 -0.9648695559283328 0
    outer loop
      vertex 5.490000002086163 2.033424676954746 -1
      vertex 5 1.9 -1
      vertex 5 1.9 -3
    endloop
  endfacet
  facet normal 0.6143657536356115 -0.7890213690133793 0
    outer loop
      vertex 5.490000002086163 2.033424676954746 -3
      vertex 5.9799999967217445 2.4149596109986304 -1
      vertex 5.490000002086163 2.033424676954746 -1
    endloop
  endfacet
  facet normal -0.2627294046022674 0.9648695559283328 0
    outer loop
      vertex 5.490000002086163 3.2334246799349784 -3
      vertex 5 3.100000002980232 -1
      vertex 5.490000002086163 3.2334246799349784 -1
    endloop
  endfacet
  facet normal 0.7617113993795014 -0.6479164637939999 0
    outer loop
      vertex 5.9799999967217445 2.4149596109986304 -3
      vertex 6.469999998807907 2.991019347310066 -1
      vertex 5.9799999967217445 2.4149596109986304 -1
    endloop
  endfacet
  facet normal -0.6143657461666479 0.7890213748290333 0
    outer loop
      vertex 5.9799999967217445 3.614959606528282 -3
      vertex 5.490000002086163 3.2334246799349784 -1
      vertex 5.9799999967217445 3.614959606528282 -1
    endloop
  endfacet
  facet normal 0.8151998526198259 -0.579179765089056 0
    outer loop
      vertex 6.469999998807907 2.991019347310066 -3
      vertex 6.96000000089407 3.680698016285896 -1
      vertex 6.469999998807907 2.991019347310066 -1
    endloop
  endfacet
  facet normal -0.7617113993795016 0.6479164637939997 0
    outer loop
      vertex 6.469999998807907 4.191019342839718 -3
      vertex 5.9799999967217445 3.614959606528282 -1
      vertex 6.469999998807907 4.191019342839718 -1
    endloop
  endfacet
  facet normal 0.8216855530749619 -0.5699410950860571 0
    outer loop
      vertex 6.96000000089407 3.680698016285896 -3
      vertex 7.450000002980232 4.387132288515568 -1
      vertex 6.96000000089407 3.680698016285896 -1
    endloop
  endfacet
  facet normal -0.8151998526198259 0.579179765089056 0
    outer loop
      vertex 6.96000000089407 4.880698011815548 -3
      vertex 6.469999998807907 4.191019342839718 -1
      vertex 6.96000000089407 4.880698011815548 -1
    endloop
  endfacet
  facet normal 0 0 1
    outer loop
      vertex 5.490000002086163 2.033424676954746 -1
      vertex 5 3.100000002980232 -1
      vertex 5 1.9 -1
    endloop
  endfacet
  facet normal 0 0 1
    outer loop
      vertex 5.490000002086163 2.033424676954746 -1
      vertex 5.490000002086163 3.2334246799349784 -1
      vertex 5 3.100000002980232 -1
    endloop
  endfacet
  facet normal 0 0 1
    outer loop
      vertex 5.490000002086163 2.033424676954746 -1
      vertex 5.9799999967217445 2.4149596109986304 -1
      vertex 5.490000002086163 3.2334246799349784 -1
    endloop
  endfacet
  facet normal 0 0 1
    outer loop
      vertex 5.9799999967217445 2.4149596109986304 -1
      vertex 6.469999998807907 2.991019347310066 -1
      vertex 5.490000002086163 3.2334246799349784 -1
    endloop
  endfacet
  facet normal 0 0 1
    outer loop
      vertex 6.469999998807907 2.991019347310066 -1
      vertex 5.9799999967217445 3.614959606528282 -1
      vertex 5.490000002086163 3.2334246799349784 -1
    endloop
  endfacet
  facet normal 0 0 1
    outer loop
      vertex 6.469999998807907 2.991019347310066 -1
      vertex 6.96000000089407 3.680698016285896 -1
      vertex 5.9799999967217445 3.614959606528282 -1
    endloop
  endfacet
  facet normal 0 0 1
    outer loop
      vertex 5.9799999967217445 3.614959606528282 -1
      vertex 6.96000000089407 3.680698016285896 -1
      vertex 6.469999998807907 4.191019342839718 -1
    endloop
  endfacet
  facet normal 0 0 1
    outer loop
      vertex 6.96000000089407 3.680698016285896 -1
      vertex 7.450000002980232 4.387132288515568 -1
      vertex 6.469999998807907 4.191019342839718 -1
    endloop
  endfacet
  facet normal 0 0 1
    outer loop
      vertex 6.469999998807907 4.191019342839718 -1
      vertex 7.450000002980232 4.387132288515568 -1
      vertex 6.96000000089407 4.880698011815548 -1
    endloop
  endfacet
  facet normal 0.7864804174898424 -0.6176152142758491 0
    outer loop
      vertex 7.450000002980232 4.387132288515568 -3
      vertex 7.939999997615814 5.011105583608151 -1
      vertex 7.450000002980232 4.387132288515568 -1
    endloop
  endfacet
  facet normal -0.8037921718003636 -0.5949101987295686 0
    outer loop
      vertex 10.390000000596046 4.818070912361145 -3
      vertex 10.880000002682209 4.156024494767189 -1
      vertex 10.390000000596046 4.818070912361145 -1
    endloop
  endfacet
  facet normal -0.8237899853183963 -0.5668951050142489 0
    outer loop
      vertex 10.880000002682209 4.156024494767189 -3
      vertex 11.369999997317791 3.4439755022525786 -1
      vertex 10.880000002682209 4.156024494767189 -1
    endloop
  endfacet
  facet normal 0 0 1
    outer loop
      vertex 10.880000002682209 4.156024494767189 -1
      vertex 11.369999997317791 4.643975505232811 -1
      vertex 10.390000000596046 4.818070912361145 -1
    endloop
  endfacet
  facet normal -0.8216855558899977 0.5699410910276127 0
    outer loop
      vertex 7.450000002980232 5.5871322914958 -3
      vertex 6.96000000089407 4.880698011815548 -1
      vertex 7.450000002980232 5.5871322914958 -1
    endloop
  endfacet
  facet normal 0.6795477979929035 -0.7336312358692179 0
    outer loop
      vertex 7.939999997615814 5.011105583608151 -3
      vertex 8.429999999701977 5.464982689917088 -1
      vertex 7.939999997615814 5.011105583608151 -1
    endloop
  endfacet
  facet normal -0.7864804139076575 0.6176152188374568 0
    outer loop
      vertex 7.450000002980232 5.5871322914958 -1
      vertex 7.939999997615814 6.2111055791378025 -1
      vertex 7.939999997615814 6.2111055791378025 -3
    endloop
  endfacet
  facet normal 0.4096450013637686 -0.9122450179955373 0
    outer loop
      vertex 8.429999999701977 5.464982689917088 -3
      vertex 8.92000000178814 5.6850179299712185 -1
      vertex 8.429999999701977 5.464982689917088 -1
    endloop
  endfacet
  facet normal -0.09086725922707356 -0.9958630132706806 0
    outer loop
      vertex 8.92000000178814 5.6850179299712185 -3
      vertex 9.409999996423721 5.64030800908804 -1
      vertex 8.92000000178814 5.6850179299712185 -1
    endloop
  endfacet
  facet normal -0.6795478039967209 0.733631230308003 0
    outer loop
      vertex 7.939999997615814 6.2111055791378025 -1
      vertex 8.429999999701977 6.66498269289732 -1
      vertex 8.429999999701977 6.66498269289732 -3
    endloop
  endfacet
  facet normal -0.4096450013637686 0.9122450179955373 0
    outer loop
      vertex 8.92000000178814 6.885017932951451 -3
      vertex 8.429999999701977 6.66498269289732 -1
      vertex 8.92000000178814 6.885017932951451 -1
    endloop
  endfacet
  facet normal -0.5261568429950064 -0.8503875449285039 0
    outer loop
      vertex 9.409999996423721 5.64030800908804 -3
      vertex 9.899999998509884 5.3371322914958 -1
      vertex 9.409999996423721 5.64030800908804 -1
    endloop
  endfacet
  facet normal -0.7271702252645922 -0.6864571825603125 0
    outer loop
      vertex 9.899999998509884 5.3371322914958 -3
      vertex 10.390000000596046 4.818070912361145 -1
      vertex 9.899999998509884 5.3371322914958 -1
    endloop
  endfacet
  facet normal 0.09086727424440788 0.9958630119004278 0
    outer loop
      vertex 9.409999996423721 6.840308004617691 -3
      vertex 8.92000000178814 6.885017932951451 -1
      vertex 9.409999996423721 6.840308004617691 -1
    endloop
  endfacet
  facet normal 0.5261568429950064 0.8503875449285039 0
    outer loop
      vertex 9.899999998509884 6.537132287025452 -3
      vertex 9.409999996423721 6.840308004617691 -1
      vertex 9.899999998509884 6.537132287025452 -1
    endloop
  endfacet
  facet normal 0.7271702252645922 0.6864571825603125 0
    outer loop
      vertex 10.390000000596046 6.018070907890797 -3
      vertex 9.899999998509884 6.537132287025452 -1
      vertex 10.390000000596046 6.018070907890797 -1
    endloop
  endfacet
  facet normal 0.803792168598902 0.5949102030551116 0
    outer loop
      vertex 10.880000002682209 5.356024497747422 -3
      vertex 10.390000000596046 6.018070907890797 -1
      vertex 10.880000002682209 5.356024497747422 -1
    endloop
  endfacet
  facet normal 0.8237899853183962 0.5668951050142491 0
    outer loop
      vertex 11.369999997317791 4.643975505232811 -3
      vertex 10.880000002682209 5.356024497747422 -1
      vertex 11.369999997317791 4.643975505232811 -1
    endloop
  endfacet
  facet normal 0 0 1
    outer loop
      vertex 7.450000002980232 4.387132288515568 -1
      vertex 7.939999997615814 5.011105583608151 -1
      vertex 6.96000000089407 4.880698011815548 -1
    endloop
  endfacet
  facet normal 0 0 1
    outer loop
      vertex 6.96000000089407 4.880698011815548 -1
      vertex 7.939999997615814 5.011105583608151 -1
      vertex 7.450000002980232 5.5871322914958 -1
    endloop
  endfacet
  facet normal 0 0 1
    outer loop
      vertex 7.450000002980232 5.5871322914958 -1
      vertex 7.939999997615814 5.011105583608151 -1
      vertex 8.429999999701977 5.464982689917088 -1
    endloop
  endfacet
  facet normal 0 0 1
    outer loop
      vertex 7.450000002980232 5.5871322914958 -1
      vertex 8.429999999701977 5.464982689917088 -1
      vertex 7.939999997615814 6.2111055791378025 -1
    endloop
  endfacet
  facet normal 0 0 1
    outer loop
      vertex 8.429999999701977 5.464982689917088 -1
      vertex 8.92000000178814 5.6850179299712185 -1
      vertex 7.939999997615814 6.2111055791378025 -1
    endloop
  endfacet
  facet normal 0 0 1
    outer loop
      vertex 7.939999997615814 6.2111055791378025 -1
      vertex 8.92000000178814 5.6850179299712185 -1
      vertex 8.429999999701977 6.66498269289732 -1
    endloop
  endfacet
  facet normal 0 0 1
    outer loop
      vertex 8.92000000178814 5.6850179299712185 -1
      vertex 8.92000000178814 6.885017932951451 -1
      vertex 8.429999999701977 6.66498269289732 -1
    endloop
  endfacet
  facet normal 0 0 1
    outer loop
      vertex 8.92000000178814 5.6850179299712185 -1
      vertex 9.409999996423721 6.840308004617691 -1
      vertex 8.92000000178814 6.885017932951451 -1
    endloop
  endfacet
  facet normal 0 0 1
    outer loop
      vertex 9.409999996423721 5.64030800908804 -1
      vertex 9.899999998509884 5.3371322914958 -1
      vertex 10.390000000596046 6.018070907890797 -1
    endloop
  endfacet
  facet normal 0 0 1
    outer loop
      vertex 8.92000000178814 5.6850179299712185 -1
      vertex 9.409999996423721 5.64030800908804 -1
      vertex 9.409999996423721 6.840308004617691 -1
    endloop
  endfacet
  facet normal 0 0 1
    outer loop
      vertex 9.409999996423721 5.64030800908804 -1
      vertex 9.899999998509884 6.537132287025452 -1
      vertex 9.409999996423721 6.840308004617691 -1
    endloop
  endfacet
  facet normal 0 0 1
    outer loop
      vertex 9.409999996423721 5.64030800908804 -1
      vertex 10.390000000596046 6.018070907890797 -1
      vertex 9.899999998509884 6.537132287025452 -1
    endloop
  endfacet
  facet normal 0 0 1
    outer loop
      vertex 10.390000000596046 4.818070912361145 -1
      vertex 10.880000002682209 5.356024497747422 -1
      vertex 9.899999998509884 5.3371322914958 -1
    endloop
  endfacet
  facet normal 0 0 1
    outer loop
      vertex 9.899999998509884 5.3371322914958 -1
      vertex 10.880000002682209 5.356024497747422 -1
      vertex 10.390000000596046 6.018070907890797 -1
    endloop
  endfacet
  facet normal 0 0 1
    outer loop
      vertex 10.390000000596046 4.818070912361145 -1
      vertex 11.369999997317791 4.643975505232811 -1
      vertex 10.880000002682209 5.356024497747422 -1
    endloop
  endfacet
  facet normal 0 0 -1
    outer loop
      vertex 12.840000003576279 1.9596919953823089 -3
      vertex 13.32999999821186 3.114982070028782 -3
      vertex 13.32999999821186 1.9149820670485496 -3
    endloop
  endfacet
  facet normal 0 0 -1
    outer loop
      vertex 11.859999999403954 2.7819290921092032 -3
      vertex 11.369999997317791 3.4439755022525786 -3
      vertex 12.350000001490116 3.4628677085042 -3
    endloop
  endfacet
  facet normal 0 0 -1
    outer loop
      vertex 10.880000002682209 4.156024494767189 -3
      vertex 11.859999999403954 3.981929087638855 -3
      vertex 11.369999997317791 3.4439755022525786 -3
    endloop
  endfacet
  facet normal 0 0 -1
    outer loop
      vertex 10.880000002682209 4.156024494767189 -3
      vertex 11.369999997317791 4.643975505232811 -3
      vertex 11.859999999403954 3.981929087638855 -3
    endloop
  endfacet
  facet normal 0 0 -1
    outer loop
      vertex 11.369999997317791 3.4439755022525786 -3
      vertex 11.859999999403954 3.981929087638855 -3
      vertex 12.350000001490116 3.4628677085042 -3
    endloop
  endfacet
  facet normal 0 0 -1
    outer loop
      vertex 12.350000001490116 2.2628677129745483 -3
      vertex 11.859999999403954 2.7819290921092032 -3
      vertex 12.840000003576279 3.1596919909119605 -3
    endloop
  endfacet
  facet normal 0 0 -1
    outer loop
      vertex 12.350000001490116 2.2628677129745483 -3
      vertex 12.840000003576279 3.1596919909119605 -3
      vertex 12.840000003576279 1.9596919953823089 -3
    endloop
  endfacet
  facet normal 0 0 -1
    outer loop
      vertex 11.859999999403954 2.7819290921092032 -3
      vertex 12.350000001490116 3.4628677085042 -3
      vertex 12.840000003576279 3.1596919909119605 -3
    endloop
  endfacet
  facet normal 0 0 -1
    outer loop
      vertex 12.840000003576279 1.9596919953823089 -3
      vertex 12.840000003576279 3.1596919909119605 -3
      vertex 13.32999999821186 3.114982070028782 -3
    endloop
  endfacet
  facet normal 0 0 -1
    outer loop
      vertex 13.32999999821186 1.9149820670485496 -3
      vertex 13.32999999821186 3.114982070028782 -3
      vertex 13.820000000298023 2.13501730710268 -3
    endloop
  endfacet
  facet normal 0 0 -1
    outer loop
      vertex 13.820000000298023 2.13501730710268 -3
      vertex 13.32999999821186 3.114982070028782 -3
      vertex 14.310000002384186 2.588894420862198 -3
    endloop
  endfacet
  facet normal 0 0 -1
    outer loop
      vertex 13.32999999821186 3.114982070028782 -3
      vertex 13.820000000298023 3.3350173100829124 -3
      vertex 14.310000002384186 2.588894420862198 -3
    endloop
  endfacet
  facet normal 0 0 -1
    outer loop
      vertex 14.310000002384186 2.588894420862198 -3
      vertex 13.820000000298023 3.3350173100829124 -3
      vertex 14.799999997019768 3.2128677085042 -3
    endloop
  endfacet
  facet normal 0 0 -1
    outer loop
      vertex 13.820000000298023 3.3350173100829124 -3
      vertex 14.310000002384186 3.7888944163918494 -3
      vertex 14.799999997019768 3.2128677085042 -3
    endloop
  endfacet
  facet normal 0 0 -1
    outer loop
      vertex 14.799999997019768 3.2128677085042 -3
      vertex 14.310000002384186 3.7888944163918494 -3
      vertex 15.28999999910593 3.919301988184452 -3
    endloop
  endfacet
  facet normal 0 0 -1
    outer loop
      vertex 14.310000002384186 3.7888944163918494 -3
      vertex 14.799999997019768 4.412867711484433 -3
      vertex 15.28999999910593 3.919301988184452 -3
    endloop
  endfacet
  facet normal -0.5261568429950064 -0.8503875449285039 0
    outer loop
      vertex 12.350000001490116 2.2628677129745483 -3
      vertex 12.840000003576279 1.9596919953823089 -3
      vertex 12.840000003576279 1.9596919953823089 -1
    endloop
  endfacet
  facet normal -0.09086727424440788 -0.9958630119004278 0
    outer loop
      vertex 12.840000003576279 1.9596919953823089 -3
      vertex 13.32999999821186 1.9149820670485496 -3
      vertex 13.32999999821186 1.9149820670485496 -1
    endloop
  endfacet
  facet normal -0.803792168598902 -0.5949102030551116 0
    outer loop
      vertex 11.859999999403954 2.7819290921092032 -3
      vertex 11.859999999403954 2.7819290921092032 -1
      vertex 11.369999997317791 3.4439755022525786 -3
    endloop
  endfacet
  facet normal -0.7271702252645922 -0.6864571825603125 0
    outer loop
      vertex 12.350000001490116 2.2628677129745483 -3
      vertex 12.350000001490116 2.2628677129745483 -1
      vertex 11.859999999403954 2.7819290921092032 -3
    endloop
  endfacet
  facet normal 0.8037921718003638 0.5949101987295683 0
    outer loop
      vertex 11.859999999403954 3.981929087638855 -3
      vertex 11.369999997317791 4.643975505232811 -3
      vertex 11.369999997317791 4.643975505232811 -1
    endloop
  endfacet
  facet normal 0.7271702252645922 0.6864571825603125 0
    outer loop
      vertex 12.350000001490116 3.4628677085042 -3
      vertex 11.859999999403954 3.981929087638855 -3
      vertex 11.859999999403954 3.981929087638855 -1
    endloop
  endfacet
  facet normal 0.5261568429950064 0.8503875449285039 0
    outer loop
      vertex 12.350000001490116 3.4628677085042 -3
      vertex 12.350000001490116 3.4628677085042 -1
      vertex 12.840000003576279 3.1596919909119605 -3
    endloop
  endfacet
  facet normal 0.09086725922707356 0.9958630132706806 0
    outer loop
      vertex 13.32999999821186 3.114982070028782 -3
      vertex 12.840000003576279 3.1596919909119605 -3
      vertex 12.840000003576279 3.1596919909119605 -1
    endloop
  endfacet
  facet normal 0.4096450013637686 -0.9122450179955373 0
    outer loop
      vertex 13.32999999821186 1.9149820670485496 -3
      vertex 13.820000000298023 2.13501730710268 -3
      vertex 13.820000000298023 2.13501730710268 -1
    endloop
  endfacet
  facet normal -0.4096450013637686 0.9122450179955373 0
    outer loop
      vertex 13.32999999821186 3.114982070028782 -3
      vertex 13.32999999821186 3.114982070028782 -1
      vertex 13.820000000298023 3.3350173100829124 -3
    endloop
  endfacet
  facet normal 0.6795478039967209 -0.733631230308003 0
    outer loop
      vertex 13.820000000298023 2.13501730710268 -3
      vertex 14.310000002384186 2.588894420862198 -3
      vertex 14.310000002384186 2.588894420862198 -1
    endloop
  endfacet
  facet normal -0.6795477979929035 0.7336312358692179 0
    outer loop
      vertex 13.820000000298023 3.3350173100829124 -3
      vertex 13.820000000298023 3.3350173100829124 -1
      vertex 14.310000002384186 3.7888944163918494 -3
    endloop
  endfacet
  facet normal 0.7864804139076575 -0.6176152188374568 0
    outer loop
      vertex 14.310000002384186 2.588894420862198 -3
      vertex 14.799999997019768 3.2128677085042 -3
      vertex 14.799999997019768 3.2128677085042 -1
    endloop
  endfacet
  facet normal -0.7864804174898427 0.6176152142758489 0
    outer loop
      vertex 14.310000002384186 3.7888944163918494 -3
      vertex 14.310000002384186 3.7888944163918494 -1
      vertex 14.799999997019768 4.412867711484433 -3
    endloop
  endfacet
  facet normal 0.8216855558899977 -0.5699410910276127 0
    outer loop
      vertex 14.799999997019768 3.2128677085042 -3
      vertex 15.28999999910593 3.919301988184452 -3
      vertex 15.28999999910593 3.919301988184452 -1
    endloop
  endfacet
  facet normal -0.8216855530749617 0.5699410950860573 0
    outer loop
      vertex 14.799999997019768 4.412867711484433 -3
      vertex 14.799999997019768 4.412867711484433 -1
      vertex 15.28999999910593 5.119301983714104 -3
    endloop
  endfacet
  facet normal 0 0 -1
    outer loop
      vertex 14.799999997019768 4.412867711484433 -3
      vertex 15.780000001192093 4.6089806571602825 -3
      vertex 15.28999999910593 3.919301988184452 -3
    endloop
  endfacet
  facet normal 0 0 -1
    outer loop
      vertex 19.21000000089407 3.919301988184452 -3
      vertex 18.719999998807907 4.6089806571602825 -3
      vertex 19.700000002980232 4.412867711484433 -3
    endloop
  endfacet
  facet normal 0.8151998526198261 -0.5791797650890558 0
    outer loop
      vertex 15.28999999910593 3.919301988184452 -3
      vertex 15.780000001192093 4.6089806571602825 -3
      vertex 15.780000001192093 4.6089806571602825 -1
    endloop
  endfacet
  facet normal -0.8151998526198261 -0.5791797650890558 0
    outer loop
      vertex 19.21000000089407 3.919301988184452 -3
      vertex 19.21000000089407 3.919301988184452 -1
      vertex 18.719999998807907 4.6089806571602825 -3
    endloop
  endfacet
  facet normal 0 0 -1
    outer loop
      vertex 14.799999997019768 4.412867711484433 -3
      vertex 15.28999999910593 5.119301983714104 -3
      vertex 15.780000001192093 4.6089806571602825 -3
    endloop
  endfacet
  facet normal 0 0 -1
    outer loop
      vertex 15.780000001192093 4.6089806571602825 -3
      vertex 15.28999999910593 5.119301983714104 -3
      vertex 16.270000003278255 5.185040393471718 -3
    endloop
  endfacet
  facet normal 0 0 -1
    outer loop
      vertex 15.28999999910593 5.119301983714104 -3
      vertex 15.780000001192093 5.808980652689934 -3
      vertex 16.270000003278255 5.185040393471718 -3
    endloop
  endfacet
  facet normal 0 0 -1
    outer loop
      vertex 16.270000003278255 5.185040393471718 -3
      vertex 15.780000001192093 5.808980652689934 -3
      vertex 16.759999997913837 5.566575320065022 -3
    endloop
  endfacet
  facet normal 0 0 -1
    outer loop
      vertex 15.780000001192093 5.808980652689934 -3
      vertex 16.270000003278255 6.38504038900137 -3
      vertex 16.759999997913837 5.566575320065022 -3
    endloop
  endfacet
  facet normal 0 0 -1
    outer loop
      vertex 16.759999997913837 5.566575320065022 -3
      vertex 16.270000003278255 6.38504038900137 -3
      vertex 16.759999997913837 6.766575323045254 -3
    endloop
  endfacet
  facet normal 0 0 -1
    outer loop
      vertex 16.759999997913837 5.566575320065022 -3
      vertex 16.759999997913837 6.766575323045254 -3
      vertex 17.25 5.699999997019768 -3
    endloop
  endfacet
  facet normal 0 0 -1
    outer loop
      vertex 17.25 5.699999997019768 -3
      vertex 16.759999997913837 6.766575323045254 -3
      vertex 17.25 6.9 -3
    endloop
  endfacet
  facet normal 0 0 -1
    outer loop
      vertex 18.229999996721745 5.185040393471718 -3
      vertex 17.740000002086163 5.566575320065022 -3
      vertex 18.719999998807907 5.808980652689934 -3
    endloop
  endfacet
  facet normal 0 0 -1
    outer loop
      vertex 17.25 5.699999997019768 -3
      vertex 17.740000002086163 6.766575323045254 -3
      vertex 17.740000002086163 5.566575320065022 -3
    endloop
  endfacet
  facet normal 0 0 -1
    outer loop
      vertex 17.25 5.699999997019768 -3
      vertex 17.25 6.9 -3
      vertex 17.740000002086163 6.766575323045254 -3
    endloop
  endfacet
  facet normal 0 0 -1
    outer loop
      vertex 17.740000002086163 5.566575320065022 -3
      vertex 17.740000002086163 6.766575323045254 -3
      vertex 18.229999996721745 6.38504038900137 -3
    endloop
  endfacet
  facet normal 0 0 -1
    outer loop
      vertex 17.740000002086163 5.566575320065022 -3
      vertex 18.229999996721745 6.38504038900137 -3
      vertex 18.719999998807907 5.808980652689934 -3
    endloop
  endfacet
  facet normal 0 0 -1
    outer loop
      vertex 18.229999996721745 5.185040393471718 -3
      vertex 19.21000000089407 5.119301983714104 -3
      vertex 18.719999998807907 4.6089806571602825 -3
    endloop
  endfacet
  facet normal 0 0 -1
    outer loop
      vertex 18.229999996721745 5.185040393471718 -3
      vertex 18.719999998807907 5.808980652689934 -3
      vertex 19.21000000089407 5.119301983714104 -3
    endloop
  endfacet
  facet normal 0 0 -1
    outer loop
      vertex 18.719999998807907 4.6089806571602825 -3
      vertex 19.21000000089407 5.119301983714104 -3
      vertex 19.700000002980232 4.412867711484433 -3
    endloop
  endfacet
  facet normal -0.8151998526198259 0.579179765089056 0
    outer loop
      vertex 15.28999999910593 5.119301983714104 -3
      vertex 15.28999999910593 5.119301983714104 -1
      vertex 15.780000001192093 5.808980652689934 -3
    endloop
  endfacet
  facet normal 0.7617113993795014 -0.6479164637939999 0
    outer loop
      vertex 15.780000001192093 4.6089806571602825 -3
      vertex 16.270000003278255 5.185040393471718 -3
      vertex 16.270000003278255 5.185040393471718 -1
    endloop
  endfacet
  facet normal -0.7617113993795014 0.6479164637939999 0
    outer loop
      vertex 15.780000001192093 5.808980652689934 -3
      vertex 15.780000001192093 5.808980652689934 -1
      vertex 16.270000003278255 6.38504038900137 -3
    endloop
  endfacet
  facet normal 0.6143657461666479 -0.7890213748290333 0
    outer loop
      vertex 16.270000003278255 5.185040393471718 -3
      vertex 16.759999997913837 5.566575320065022 -3
      vertex 16.759999997913837 5.566575320065022 -1
    endloop
  endfacet
  facet normal 0.2627294046022674 -0.9648695559283328 0
    outer loop
      vertex 16.759999997913837 5.566575320065022 -3
      vertex 17.25 5.699999997019768 -3
      vertex 17.25 5.699999997019768 -1
    endloop
  endfacet
  facet normal -0.6143657536356115 0.7890213690133793 0
    outer loop
      vertex 16.270000003278255 6.38504038900137 -3
      vertex 16.270000003278255 6.38504038900137 -1
      vertex 16.759999997913837 6.766575323045254 -3
    endloop
  endfacet
  facet normal -0.2627294046022674 0.9648695559283328 0
    outer loop
      vertex 16.759999997913837 6.766575323045254 -3
      vertex 16.759999997913837 6.766575323045254 -1
      vertex 17.25 6.9 -3
    endloop
  endfacet
  facet normal -0.2627294046022674 -0.9648695559283328 0
    outer loop
      vertex 17.25 5.699999997019768 -3
      vertex 17.740000002086163 5.566575320065022 -3
      vertex 17.740000002086163 5.566575320065022 -1
    endloop
  endfacet
  facet normal -0.6143657461666479 -0.7890213748290333 0
    outer loop
      vertex 18.229999996721745 5.185040393471718 -3
      vertex 18.229999996721745 5.185040393471718 -1
      vertex 17.740000002086163 5.566575320065022 -3
    endloop
  endfacet
  facet normal 0.2627294046022674 0.9648695559283328 0
    outer loop
      vertex 17.25 6.9 -3
      vertex 17.25 6.9 -1
      vertex 17.740000002086163 6.766575323045254 -3
    endloop
  endfacet
  facet normal 0.6143657536356115 0.7890213690133793 0
    outer loop
      vertex 18.229999996721745 6.38504038900137 -3
      vertex 17.740000002086163 6.766575323045254 -3
      vertex 17.740000002086163 6.766575323045254 -1
    endloop
  endfacet
  facet normal -0.7617113993795014 -0.6479164637939999 0
    outer loop
      vertex 18.229999996721745 5.185040393471718 -3
      vertex 18.719999998807907 4.6089806571602825 -3
      vertex 18.719999998807907 4.6089806571602825 -1
    endloop
  endfacet
  facet normal 0.8151998526198259 0.579179765089056 0
    outer loop
      vertex 19.21000000089407 5.119301983714104 -3
      vertex 18.719999998807907 5.808980652689934 -3
      vertex 18.719999998807907 5.808980652689934 -1
    endloop
  endfacet
  facet normal 0.7617113993795014 0.6479164637939999 0
    outer loop
      vertex 18.719999998807907 5.808980652689934 -3
      vertex 18.229999996721745 6.38504038900137 -3
      vertex 18.229999996721745 6.38504038900137 -1
    endloop
  endfacet
  facet normal -0.5261568429950064 -0.8503875449285039 0
    outer loop
      vertex 12.350000001490116 2.2628677129745483 -3
      vertex 12.840000003576279 1.9596919953823089 -1
      vertex 12.350000001490116 2.2628677129745483 -1
    endloop
  endfacet
  facet normal -0.09086727424440788 -0.9958630119004278 0
    outer loop
      vertex 12.840000003576279 1.9596919953823089 -3
      vertex 13.32999999821186 1.9149820670485496 -1
      vertex 12.840000003576279 1.9596919953823089 -1
    endloop
  endfacet
  facet normal -0.803792168598902 -0.5949102030551116 0
    outer loop
      vertex 11.859999999403954 2.7819290921092032 -1
      vertex 11.369999997317791 3.4439755022525786 -1
      vertex 11.369999997317791 3.4439755022525786 -3
    endloop
  endfacet
  facet normal -0.7271702252645922 -0.6864571825603125 0
    outer loop
      vertex 11.859999999403954 2.7819290921092032 -3
      vertex 12.350000001490116 2.2628677129745483 -1
      vertex 11.859999999403954 2.7819290921092032 -1
    endloop
  endfacet
  facet normal 0.8037921718003638 0.5949101987295683 0
    outer loop
      vertex 11.859999999403954 3.981929087638855 -3
      vertex 11.369999997317791 4.643975505232811 -1
      vertex 11.859999999403954 3.981929087638855 -1
    endloop
  endfacet
  facet normal 0.7271702252645922 0.6864571825603125 0
    outer loop
      vertex 12.350000001490116 3.4628677085042 -3
      vertex 11.859999999403954 3.981929087638855 -1
      vertex 12.350000001490116 3.4628677085042 -1
    endloop
  endfacet
  facet normal 0.5261568429950064 0.8503875449285039 0
    outer loop
      vertex 12.840000003576279 3.1596919909119605 -3
      vertex 12.350000001490116 3.4628677085042 -1
      vertex 12.840000003576279 3.1596919909119605 -1
    endloop
  endfacet
  facet normal 0.09086725922707356 0.9958630132706806 0
    outer loop
      vertex 13.32999999821186 3.114982070028782 -3
      vertex 12.840000003576279 3.1596919909119605 -1
      vertex 13.32999999821186 3.114982070028782 -1
    endloop
  endfacet
  facet normal 0.4096450013637686 -0.9122450179955373 0
    outer loop
      vertex 13.32999999821186 1.9149820670485496 -3
      vertex 13.820000000298023 2.13501730710268 -1
      vertex 13.32999999821186 1.9149820670485496 -1
    endloop
  endfacet
  facet normal 0.6795478039967209 -0.733631230308003 0
    outer loop
      vertex 13.820000000298023 2.13501730710268 -3
      vertex 14.310000002384186 2.588894420862198 -1
      vertex 13.820000000298023 2.13501730710268 -1
    endloop
  endfacet
  facet normal -0.4096450013637686 0.9122450179955373 0
    outer loop
      vertex 13.32999999821186 3.114982070028782 -1
      vertex 13.820000000298023 3.3350173100829124 -1
      vertex 13.820000000298023 3.3350173100829124 -3
    endloop
  endfacet
  facet normal -0.6795477979929035 0.7336312358692179 0
    outer loop
      vertex 14.310000002384186 3.7888944163918494 -3
      vertex 13.820000000298023 3.3350173100829124 -1
      vertex 14.310000002384186 3.7888944163918494 -1
    endloop
  endfacet
  facet normal 0.7864804139076575 -0.6176152188374568 0
    outer loop
      vertex 14.310000002384186 2.588894420862198 -3
      vertex 14.799999997019768 3.2128677085042 -1
      vertex 14.310000002384186 2.588894420862198 -1
    endloop
  endfacet
  facet normal 0.8216855558899977 -0.5699410910276127 0
    outer loop
      vertex 14.799999997019768 3.2128677085042 -3
      vertex 15.28999999910593 3.919301988184452 -1
      vertex 14.799999997019768 3.2128677085042 -1
    endloop
  endfacet
  facet normal -0.7864804174898427 0.6176152142758489 0
    outer loop
      vertex 14.799999997019768 4.412867711484433 -3
      vertex 14.310000002384186 3.7888944163918494 -1
      vertex 14.799999997019768 4.412867711484433 -1
    endloop
  endfacet
  facet normal 0 0 1
    outer loop
      vertex 12.840000003576279 1.9596919953823089 -1
      vertex 13.32999999821186 1.9149820670485496 -1
      vertex 13.32999999821186 3.114982070028782 -1
    endloop
  endfacet
  facet normal 0 0 1
    outer loop
      vertex 11.859999999403954 2.7819290921092032 -1
      vertex 12.350000001490116 3.4628677085042 -1
      vertex 11.369999997317791 3.4439755022525786 -1
    endloop
  endfacet
  facet normal 0 0 1
    outer loop
      vertex 10.880000002682209 4.156024494767189 -1
      vertex 11.369999997317791 3.4439755022525786 -1
      vertex 11.859999999403954 3.981929087638855 -1
    endloop
  endfacet
  facet normal 0 0 1
    outer loop
      vertex 10.880000002682209 4.156024494767189 -1
      vertex 11.859999999403954 3.981929087638855 -1
      vertex 11.369999997317791 4.643975505232811 -1
    endloop
  endfacet
  facet normal 0 0 1
    outer loop
      vertex 11.369999997317791 3.4439755022525786 -1
      vertex 12.350000001490116 3.4628677085042 -1
      vertex 11.859999999403954 3.981929087638855 -1
    endloop
  endfacet
  facet normal 0 0 1
    outer loop
      vertex 12.350000001490116 2.2628677129745483 -1
      vertex 12.840000003576279 3.1596919909119605 -1
      vertex 11.859999999403954 2.7819290921092032 -1
    endloop
  endfacet
  facet normal 0 0 1
    outer loop
      vertex 12.350000001490116 2.2628677129745483 -1
      vertex 12.840000003576279 1.9596919953823089 -1
      vertex 12.840000003576279 3.1596919909119605 -1
    endloop
  endfacet
  facet normal 0 0 1
    outer loop
      vertex 11.859999999403954 2.7819290921092032 -1
      vertex 12.840000003576279 3.1596919909119605 -1
      vertex 12.350000001490116 3.4628677085042 -1
    endloop
  endfacet
  facet normal 0 0 1
    outer loop
      vertex 12.840000003576279 1.9596919953823089 -1
      vertex 13.32999999821186 3.114982070028782 -1
      vertex 12.840000003576279 3.1596919909119605 -1
    endloop
  endfacet
  facet normal 0 0 1
    outer loop
      vertex 13.32999999821186 1.9149820670485496 -1
      vertex 13.820000000298023 2.13501730710268 -1
      vertex 13.32999999821186 3.114982070028782 -1
    endloop
  endfacet
  facet normal 0 0 1
    outer loop
      vertex 13.820000000298023 2.13501730710268 -1
      vertex 14.310000002384186 2.588894420862198 -1
      vertex 13.32999999821186 3.114982070028782 -1
    endloop
  endfacet
  facet normal 0 0 1
    outer loop
      vertex 13.32999999821186 3.114982070028782 -1
      vertex 14.310000002384186 2.588894420862198 -1
      vertex 13.820000000298023 3.3350173100829124 -1
    endloop
  endfacet
  facet normal 0 0 1
    outer loop
      vertex 14.310000002384186 2.588894420862198 -1
      vertex 14.799999997019768 3.2128677085042 -1
      vertex 13.820000000298023 3.3350173100829124 -1
    endloop
  endfacet
  facet normal 0 0 1
    outer loop
      vertex 13.820000000298023 3.3350173100829124 -1
      vertex 14.799999997019768 3.2128677085042 -1
      vertex 14.310000002384186 3.7888944163918494 -1
    endloop
  endfacet
  facet normal 0 0 1
    outer loop
      vertex 14.799999997019768 3.2128677085042 -1
      vertex 15.28999999910593 3.919301988184452 -1
      vertex 14.310000002384186 3.7888944163918494 -1
    endloop
  endfacet
  facet normal 0 0 1
    outer loop
      vertex 14.310000002384186 3.7888944163918494 -1
      vertex 15.28999999910593 3.919301988184452 -1
      vertex 14.799999997019768 4.412867711484433 -1
    endloop
  endfacet
  facet normal -0.8216855530749617 0.5699410950860573 0
    outer loop
      vertex 14.799999997019768 4.412867711484433 -1
      vertex 15.28999999910593 5.119301983714104 -1
      vertex 15.28999999910593 5.119301983714104 -3
    endloop
  endfacet
  facet normal 0.8151998526198261 -0.5791797650890558 0
    outer loop
      vertex 15.28999999910593 3.919301988184452 -3
      vertex 15.780000001192093 4.6089806571602825 -1
      vertex 15.28999999910593 3.919301988184452 -1
    endloop
  endfacet
  facet normal -0.8151998526198261 -0.5791797650890558 0
    outer loop
      vertex 18.719999998807907 4.6089806571602825 -3
      vertex 19.21000000089407 3.919301988184452 -1
      vertex 18.719999998807907 4.6089806571602825 -1
    endloop
  endfacet
  facet normal 0 0 1
    outer loop
      vertex 14.799999997019768 4.412867711484433 -1
      vertex 15.28999999910593 3.919301988184452 -1
      vertex 15.780000001192093 4.6089806571602825 -1
    endloop
  endfacet
  facet normal 0 0 1
    outer loop
      vertex 19.21000000089407 3.919301988184452 -1
      vertex 19.700000002980232 4.412867711484433 -1
      vertex 18.719999998807907 4.6089806571602825 -1
    endloop
  endfacet
  facet normal -0.8151998526198259 0.579179765089056 0
    outer loop
      vertex 15.780000001192093 5.808980652689934 -3
      vertex 15.28999999910593 5.119301983714104 -1
      vertex 15.780000001192093 5.808980652689934 -1
    endloop
  endfacet
  facet normal 0.7617113993795014 -0.6479164637939999 0
    outer loop
      vertex 15.780000001192093 4.6089806571602825 -3
      vertex 16.270000003278255 5.185040393471718 -1
      vertex 15.780000001192093 4.6089806571602825 -1
    endloop
  endfacet
  facet normal -0.7617113993795014 0.6479164637939999 0
    outer loop
      vertex 15.780000001192093 5.808980652689934 -1
      vertex 16.270000003278255 6.38504038900137 -1
      vertex 16.270000003278255 6.38504038900137 -3
    endloop
  endfacet
  facet normal 0.6143657461666479 -0.7890213748290333 0
    outer loop
      vertex 16.270000003278255 5.185040393471718 -3
      vertex 16.759999997913837 5.566575320065022 -1
      vertex 16.270000003278255 5.185040393471718 -1
    endloop
  endfacet
  facet normal 0.2627294046022674 -0.9648695559283328 0
    outer loop
      vertex 16.759999997913837 5.566575320065022 -3
      vertex 17.25 5.699999997019768 -1
      vertex 16.759999997913837 5.566575320065022 -1
    endloop
  endfacet
  facet normal -0.6143657536356115 0.7890213690133793 0
    outer loop
      vertex 16.759999997913837 6.766575323045254 -3
      vertex 16.270000003278255 6.38504038900137 -1
      vertex 16.759999997913837 6.766575323045254 -1
    endloop
  endfacet
  facet normal -0.2627294046022674 0.9648695559283328 0
    outer loop
      vertex 17.25 6.9 -3
      vertex 16.759999997913837 6.766575323045254 -1
      vertex 17.25 6.9 -1
    endloop
  endfacet
  facet normal -0.2627294046022674 -0.9648695559283328 0
    outer loop
      vertex 17.25 5.699999997019768 -3
      vertex 17.740000002086163 5.566575320065022 -1
      vertex 17.25 5.699999997019768 -1
    endloop
  endfacet
  facet normal -0.6143657461666479 -0.7890213748290333 0
    outer loop
      vertex 17.740000002086163 5.566575320065022 -3
      vertex 18.229999996721745 5.185040393471718 -1
      vertex 17.740000002086163 5.566575320065022 -1
    endloop
  endfacet
  facet normal 0.2627294046022674 0.9648695559283328 0
    outer loop
      vertex 17.740000002086163 6.766575323045254 -3
      vertex 17.25 6.9 -1
      vertex 17.740000002086163 6.766575323045254 -1
    endloop
  endfacet
  facet normal 0.6143657536356115 0.7890213690133793 0
    outer loop
      vertex 18.229999996721745 6.38504038900137 -3
      vertex 17.740000002086163 6.766575323045254 -1
      vertex 18.229999996721745 6.38504038900137 -1
    endloop
  endfacet
  facet normal -0.7617113993795014 -0.6479164637939999 0
    outer loop
      vertex 18.229999996721745 5.185040393471718 -3
      vertex 18.719999998807907 4.6089806571602825 -1
      vertex 18.229999996721745 5.185040393471718 -1
    endloop
  endfacet
  facet normal 0.8151998526198259 0.579179765089056 0
    outer loop
      vertex 19.21000000089407 5.119301983714104 -3
      vertex 18.719999998807907 5.808980652689934 -1
      vertex 19.21000000089407 5.119301983714104 -1
    endloop
  endfacet
  facet normal 0.7617113993795014 0.6479164637939999 0
    outer loop
      vertex 18.719999998807907 5.808980652689934 -3
      vertex 18.229999996721745 6.38504038900137 -1
      vertex 18.719999998807907 5.808980652689934 -1
    endloop
  endfacet
  facet normal 0 0 1
    outer loop
      vertex 14.799999997019768 4.412867711484433 -1
      vertex 15.780000001192093 4.6089806571602825 -1
      vertex 15.28999999910593 5.119301983714104 -1
    endloop
  endfacet
  facet normal 0 0 1
    outer loop
      vertex 15.780000001192093 4.6089806571602825 -1
      vertex 16.270000003278255 5.185040393471718 -1
      vertex 15.28999999910593 5.119301983714104 -1
    endloop
  endfacet
  facet normal 0 0 1
    outer loop
      vertex 15.28999999910593 5.119301983714104 -1
      vertex 16.270000003278255 5.185040393471718 -1
      vertex 15.780000001192093 5.808980652689934 -1
    endloop
  endfacet
  facet normal 0 0 1
    outer loop
      vertex 16.270000003278255 5.185040393471718 -1
      vertex 16.759999997913837 5.566575320065022 -1
      vertex 15.780000001192093 5.808980652689934 -1
    endloop
  endfacet
  facet normal 0 0 1
    outer loop
      vertex 15.780000001192093 5.808980652689934 -1
      vertex 16.759999997913837 5.566575320065022 -1
      vertex 16.270000003278255 6.38504038900137 -1
    endloop
  endfacet
  facet normal 0 0 1
    outer loop
      vertex 16.759999997913837 5.566575320065022 -1
      vertex 16.759999997913837 6.766575323045254 -1
      vertex 16.270000003278255 6.38504038900137 -1
    endloop
  endfacet
  facet normal 0 0 1
    outer loop
      vertex 16.759999997913837 5.566575320065022 -1
      vertex 17.25 5.699999997019768 -1
      vertex 16.759999997913837 6.766575323045254 -1
    endloop
  endfacet
  facet normal 0 0 1
    outer loop
      vertex 17.25 5.699999997019768 -1
      vertex 17.25 6.9 -1
      vertex 16.759999997913837 6.766575323045254 -1
    endloop
  endfacet
  facet normal 0 0 1
    outer loop
      vertex 18.229999996721745 5.185040393471718 -1
      vertex 18.719999998807907 5.808980652689934 -1
      vertex 17.740000002086163 5.566575320065022 -1
    endloop
  endfacet
  facet normal 0 0 1
    outer loop
      vertex 17.25 5.699999997019768 -1
      vertex 17.740000002086163 5.566575320065022 -1
      vertex 17.740000002086163 6.766575323045254 -1
    endloop
  endfacet
  facet normal 0 0 1
    outer loop
      vertex 17.25 5.699999997019768 -1
      vertex 17.740000002086163 6.766575323045254 -1
      vertex 17.25 6.9 -1
    endloop
  endfacet
  facet normal 0 0 1
    outer loop
      vertex 17.740000002086163 5.566575320065022 -1
      vertex 18.229999996721745 6.38504038900137 -1
      vertex 17.740000002086163 6.766575323045254 -1
    endloop
  endfacet
  facet normal 0 0 1
    outer loop
      vertex 17.740000002086163 5.566575320065022 -1
      vertex 18.719999998807907 5.808980652689934 -1
      vertex 18.229999996721745 6.38504038900137 -1
    endloop
  endfacet
  facet normal 0 0 1
    outer loop
      vertex 18.229999996721745 5.185040393471718 -1
      vertex 18.719999998807907 4.6089806571602825 -1
      vertex 19.21000000089407 5.119301983714104 -1
    endloop
  endfacet
  facet normal 0 0 1
    outer loop
      vertex 18.229999996721745 5.185040393471718 -1
      vertex 19.21000000089407 5.119301983714104 -1
      vertex 18.719999998807907 5.808980652689934 -1
    endloop
  endfacet
  facet normal 0 0 1
    outer loop
      vertex 18.719999998807907 4.6089806571602825 -1
      vertex 19.700000002980232 4.412867711484433 -1
      vertex 19.21000000089407 5.119301983714104 -1
    endloop
  endfacet
  facet normal 0 0 -1
    outer loop
      vertex 20.189999997615814 2.588894420862198 -3
      vertex 19.700000002980232 3.2128677085042 -3
      vertex 20.679999999701977 3.3350173100829124 -3
    endloop
  endfacet
  facet normal 0 0 -1
    outer loop
      vertex 19.700000002980232 3.2128677085042 -3
      vertex 20.189999997615814 3.7888944163918494 -3
      vertex 20.679999999701977 3.3350173100829124 -3
    endloop
  endfacet
  facet normal 0 0 -1
    outer loop
      vertex 19.700000002980232 3.2128677085042 -3
      vertex 19.21000000089407 3.919301988184452 -3
      vertex 20.189999997615814 3.7888944163918494 -3
    endloop
  endfacet
  facet normal 0 0 -1
    outer loop
      vertex 20.189999997615814 3.7888944163918494 -3
      vertex 19.21000000089407 3.919301988184452 -3
      vertex 19.700000002980232 4.412867711484433 -3
    endloop
  endfacet
  facet normal 0 0 -1
    outer loop
      vertex 20.189999997615814 2.588894420862198 -3
      vertex 21.17000000178814 3.114982070028782 -3
      vertex 20.679999999701977 2.13501730710268 -3
    endloop
  endfacet
  facet normal 0 0 -1
    outer loop
      vertex 20.189999997615814 2.588894420862198 -3
      vertex 20.679999999701977 3.3350173100829124 -3
      vertex 21.17000000178814 3.114982070028782 -3
    endloop
  endfacet
  facet normal 0 0 -1
    outer loop
      vertex 21.17000000178814 1.9149820670485496 -3
      vertex 20.679999999701977 2.13501730710268 -3
      vertex 21.17000000178814 3.114982070028782 -3
    endloop
  endfacet
  facet normal 0 0 -1
    outer loop
      vertex 21.17000000178814 1.9149820670485496 -3
      vertex 21.17000000178814 3.114982070028782 -3
      vertex 21.65999999642372 1.9596919953823089 -3
    endloop
  endfacet
  facet normal 0 0 -1
    outer loop
      vertex 21.65999999642372 1.9596919953823089 -3
      vertex 21.17000000178814 3.114982070028782 -3
      vertex 21.65999999642372 3.1596919909119605 -3
    endloop
  endfacet
  facet normal 0 0 -1
    outer loop
      vertex 21.65999999642372 1.9596919953823089 -3
      vertex 21.65999999642372 3.1596919909119605 -3
      vertex 22.149999998509884 2.2628677129745483 -3
    endloop
  endfacet
  facet normal 0 0 -1
    outer loop
      vertex 21.65999999642372 3.1596919909119605 -3
      vertex 22.640000000596046 2.7819290921092032 -3
      vertex 22.149999998509884 2.2628677129745483 -3
    endloop
  endfacet
  facet normal 0 0 -1
    outer loop
      vertex 21.65999999642372 3.1596919909119605 -3
      vertex 22.149999998509884 3.4628677085042 -3
      vertex 22.640000000596046 2.7819290921092032 -3
    endloop
  endfacet
  facet normal 0 0 -1
    outer loop
      vertex 22.640000000596046 2.7819290921092032 -3
      vertex 22.149999998509884 3.4628677085042 -3
      vertex 23.13000000268221 3.4439755022525786 -3
    endloop
  endfacet
  facet normal 0 0 -1
    outer loop
      vertex 22.149999998509884 3.4628677085042 -3
      vertex 22.640000000596046 3.981929087638855 -3
      vertex 23.13000000268221 3.4439755022525786 -3
    endloop
  endfacet
  facet normal 0 0 -1
    outer loop
      vertex 23.13000000268221 3.4439755022525786 -3
      vertex 22.640000000596046 3.981929087638855 -3
      vertex 23.61999999731779 4.156024494767189 -3
    endloop
  endfacet
  facet normal 0 0 -1
    outer loop
      vertex 22.640000000596046 3.981929087638855 -3
      vertex 23.13000000268221 4.643975505232811 -3
      vertex 23.61999999731779 4.156024494767189 -3
    endloop
  endfacet
  facet normal -0.6795478039967209 -0.733631230308003 0
    outer loop
      vertex 20.189999997615814 2.588894420862198 -3
      vertex 20.679999999701977 2.13501730710268 -3
      vertex 20.679999999701977 2.13501730710268 -1
    endloop
  endfacet
  facet normal -0.4096450013637686 -0.9122450179955373 0
    outer loop
      vertex 21.17000000178814 1.9149820670485496 -3
      vertex 21.17000000178814 1.9149820670485496 -1
      vertex 20.679999999701977 2.13501730710268 -3
    endloop
  endfacet
  facet normal -0.8216855558899977 -0.5699410910276127 0
    outer loop
      vertex 19.700000002980232 3.2128677085042 -3
      vertex 19.700000002980232 3.2128677085042 -1
      vertex 19.21000000089407 3.919301988184452 -3
    endloop
  endfacet
  facet normal -0.7864804139076575 -0.6176152188374568 0
    outer loop
      vertex 20.189999997615814 2.588894420862198 -3
      vertex 20.189999997615814 2.588894420862198 -1
      vertex 19.700000002980232 3.2128677085042 -3
    endloop
  endfacet
  facet normal 0.7864804174898427 0.6176152142758489 0
    outer loop
      vertex 20.189999997615814 3.7888944163918494 -3
      vertex 19.700000002980232 4.412867711484433 -3
      vertex 19.700000002980232 4.412867711484433 -1
    endloop
  endfacet
  facet normal 0.4096450013637686 0.9122450179955373 0
    outer loop
      vertex 21.17000000178814 3.114982070028782 -3
      vertex 20.679999999701977 3.3350173100829124 -3
      vertex 20.679999999701977 3.3350173100829124 -1
    endloop
  endfacet
  facet normal 0.6795477979929035 0.7336312358692179 0
    outer loop
      vertex 20.189999997615814 3.7888944163918494 -3
      vertex 20.189999997615814 3.7888944163918494 -1
      vertex 20.679999999701977 3.3350173100829124 -3
    endloop
  endfacet
  facet normal 0.09086727424440788 -0.9958630119004278 0
    outer loop
      vertex 21.17000000178814 1.9149820670485496 -3
      vertex 21.65999999642372 1.9596919953823089 -3
      vertex 21.65999999642372 1.9596919953823089 -1
    endloop
  endfacet
  facet normal 0.5261568429950064 -0.8503875449285039 0
    outer loop
      vertex 21.65999999642372 1.9596919953823089 -3
      vertex 22.149999998509884 2.2628677129745483 -3
      vertex 22.149999998509884 2.2628677129745483 -1
    endloop
  endfacet
  facet normal -0.09086725922707356 0.9958630132706806 0
    outer loop
      vertex 21.17000000178814 3.114982070028782 -3
      vertex 21.17000000178814 3.114982070028782 -1
      vertex 21.65999999642372 3.1596919909119605 -3
    endloop
  endfacet
  facet normal -0.5261568429950064 0.8503875449285039 0
    outer loop
      vertex 21.65999999642372 3.1596919909119605 -3
      vertex 21.65999999642372 3.1596919909119605 -1
      vertex 22.149999998509884 3.4628677085042 -3
    endloop
  endfacet
  facet normal -0.7271702252645922 0.6864571825603125 0
    outer loop
      vertex 22.149999998509884 3.4628677085042 -3
      vertex 22.149999998509884 3.4628677085042 -1
      vertex 22.640000000596046 3.981929087638855 -3
    endloop
  endfacet
  facet normal 0.7271702252645922 -0.6864571825603125 0
    outer loop
      vertex 22.149999998509884 2.2628677129745483 -3
      vertex 22.640000000596046 2.7819290921092032 -3
      vertex 22.640000000596046 2.7819290921092032 -1
    endloop
  endfacet
  facet normal 0.803792168598902 -0.5949102030551116 0
    outer loop
      vertex 22.640000000596046 2.7819290921092032 -3
      vertex 23.13000000268221 3.4439755022525786 -3
      vertex 23.13000000268221 3.4439755022525786 -1
    endloop
  endfacet
  facet normal -0.8037921718003638 0.5949101987295683 0
    outer loop
      vertex 22.640000000596046 3.981929087638855 -3
      vertex 22.640000000596046 3.981929087638855 -1
      vertex 23.13000000268221 4.643975505232811 -3
    endloop
  endfacet
  facet normal 0.8216855530749617 0.5699410950860573 0
    outer loop
      vertex 19.700000002980232 4.412867711484433 -3
      vertex 19.21000000089407 5.119301983714104 -3
      vertex 19.21000000089407 5.119301983714104 -1
    endloop
  endfacet
  facet normal -0.8237899853183962 0.5668951050142491 0
    outer loop
      vertex 23.13000000268221 4.643975505232811 -3
      vertex 23.13000000268221 4.643975505232811 -1
      vertex 23.61999999731779 5.356024497747422 -3
    endloop
  endfacet
  facet normal 0 0 -1
    outer loop
      vertex 23.61999999731779 4.156024494767189 -3
      vertex 23.13000000268221 4.643975505232811 -3
      vertex 24.109999999403954 4.818070912361145 -3
    endloop
  endfacet
  facet normal 0.8237899853183963 -0.5668951050142489 0
    outer loop
      vertex 23.13000000268221 3.4439755022525786 -3
      vertex 23.61999999731779 4.156024494767189 -3
      vertex 23.61999999731779 4.156024494767189 -1
    endloop
  endfacet
  facet normal 0.8037921718003636 -0.5949101987295686 0
    outer loop
      vertex 23.61999999731779 4.156024494767189 -3
      vertex 24.109999999403954 4.818070912361145 -3
      vertex 24.109999999403954 4.818070912361145 -1
    endloop
  endfacet
  facet normal -0.8216855530749619 -0.5699410950860571 0
    outer loop
      vertex 27.049999997019768 4.387132288515568 -3
      vertex 27.53999999910593 3.680698016285896 -3
      vertex 27.53999999910593 3.680698016285896 -1
    endloop
  endfacet
  facet normal -0.7864804174898424 -0.6176152142758491 0
    outer loop
      vertex 27.049999997019768 4.387132288515568 -3
      vertex 27.049999997019768 4.387132288515568 -1
      vertex 26.560000002384186 5.011105583608151 -3
    endloop
  endfacet
  facet normal 0 0 -1
    outer loop
      vertex 23.13000000268221 4.643975505232811 -3
      vertex 23.61999999731779 5.356024497747422 -3
      vertex 24.109999999403954 4.818070912361145 -3
    endloop
  endfacet
  facet normal 0 0 -1
    outer loop
      vertex 23.61999999731779 5.356024497747422 -3
      vertex 24.600000001490116 5.3371322914958 -3
      vertex 24.109999999403954 4.818070912361145 -3
    endloop
  endfacet
  facet normal 0 0 -1
    outer loop
      vertex 23.61999999731779 5.356024497747422 -3
      vertex 24.109999999403954 6.018070907890797 -3
      vertex 24.600000001490116 5.3371322914958 -3
    endloop
  endfacet
  facet normal 0 0 -1
    outer loop
      vertex 24.600000001490116 5.3371322914958 -3
      vertex 24.109999999403954 6.018070907890797 -3
      vertex 25.09000000357628 5.64030800908804 -3
    endloop
  endfacet
  facet normal 0 0 -1
    outer loop
      vertex 24.109999999403954 6.018070907890797 -3
      vertex 24.600000001490116 6.537132287025452 -3
      vertex 25.09000000357628 5.64030800908804 -3
    endloop
  endfacet
  facet normal 0 0 -1
    outer loop
      vertex 25.09000000357628 5.64030800908804 -3
      vertex 24.600000001490116 6.537132287025452 -3
      vertex 25.09000000357628 6.840308004617691 -3
    endloop
  endfacet
  facet normal 0 0 -1
    outer loop
      vertex 25.09000000357628 5.64030800908804 -3
      vertex 25.09000000357628 6.840308004617691 -3
      vertex 25.57999999821186 5.6850179299712185 -3
    endloop
  endfacet
  facet normal 0 0 -1
    outer loop
      vertex 25.57999999821186 5.6850179299712185 -3
      vertex 26.560000002384186 6.2111055791378025 -3
      vertex 26.070000000298023 5.464982689917088 -3
    endloop
  endfacet
  facet normal 0 0 -1
    outer loop
      vertex 25.57999999821186 5.6850179299712185 -3
      vertex 25.57999999821186 6.885017932951451 -3
      vertex 26.070000000298023 6.66498269289732 -3
    endloop
  endfacet
  facet normal 0 0 -1
    outer loop
      vertex 25.57999999821186 5.6850179299712185 -3
      vertex 25.09000000357628 6.840308004617691 -3
      vertex 25.57999999821186 6.885017932951451 -3
    endloop
  endfacet
  facet normal 0 0 -1
    outer loop
      vertex 25.57999999821186 5.6850179299712185 -3
      vertex 26.070000000298023 6.66498269289732 -3
      vertex 26.560000002384186 6.2111055791378025 -3
    endloop
  endfacet
  facet normal 0 0 -1
    outer loop
      vertex 26.560000002384186 5.011105583608151 -3
      vertex 26.070000000298023 5.464982689917088 -3
      vertex 27.049999997019768 5.5871322914958 -3
    endloop
  endfacet
  facet normal 0 0 -1
    outer loop
      vertex 26.070000000298023 5.464982689917088 -3
      vertex 26.560000002384186 6.2111055791378025 -3
      vertex 27.049999997019768 5.5871322914958 -3
    endloop
  endfacet
  facet normal 0 0 -1
    outer loop
      vertex 27.049999997019768 4.387132288515568 -3
      vertex 26.560000002384186 5.011105583608151 -3
      vertex 27.53999999910593 4.880698011815548 -3
    endloop
  endfacet
  facet normal 0 0 -1
    outer loop
      vertex 26.560000002384186 5.011105583608151 -3
      vertex 27.049999997019768 5.5871322914958 -3
      vertex 27.53999999910593 4.880698011815548 -3
    endloop
  endfacet
  facet normal -0.803792168598902 0.5949102030551116 0
    outer loop
      vertex 23.61999999731779 5.356024497747422 -3
      vertex 23.61999999731779 5.356024497747422 -1
      vertex 24.109999999403954 6.018070907890797 -3
    endloop
  endfacet
  facet normal -0.7271702252645922 0.6864571825603125 0
    outer loop
      vertex 24.109999999403954 6.018070907890797 -3
      vertex 24.109999999403954 6.018070907890797 -1
      vertex 24.600000001490116 6.537132287025452 -3
    endloop
  endfacet
  facet normal 0.7271702252645922 -0.6864571825603125 0
    outer loop
      vertex 24.109999999403954 4.818070912361145 -3
      vertex 24.600000001490116 5.3371322914958 -3
      vertex 24.600000001490116 5.3371322914958 -1
    endloop
  endfacet
  facet normal 0.5261568429950064 -0.8503875449285039 0
    outer loop
      vertex 24.600000001490116 5.3371322914958 -3
      vertex 25.09000000357628 5.64030800908804 -3
      vertex 25.09000000357628 5.64030800908804 -1
    endloop
  endfacet
  facet normal -0.5261568429950064 0.8503875449285039 0
    outer loop
      vertex 24.600000001490116 6.537132287025452 -3
      vertex 24.600000001490116 6.537132287025452 -1
      vertex 25.09000000357628 6.840308004617691 -3
    endloop
  endfacet
  facet normal -0.09086727424440788 0.9958630119004278 0
    outer loop
      vertex 25.09000000357628 6.840308004617691 -3
      vertex 25.09000000357628 6.840308004617691 -1
      vertex 25.57999999821186 6.885017932951451 -3
    endloop
  endfacet
  facet normal 0.09086725922707356 -0.9958630132706806 0
    outer loop
      vertex 25.09000000357628 5.64030800908804 -3
      vertex 25.57999999821186 5.6850179299712185 -3
      vertex 25.57999999821186 5.6850179299712185 -1
    endloop
  endfacet
  facet normal -0.4096450013637686 -0.9122450179955373 0
    outer loop
      vertex 25.57999999821186 5.6850179299712185 -3
      vertex 26.070000000298023 5.464982689917088 -3
      vertex 26.070000000298023 5.464982689917088 -1
    endloop
  endfacet
  facet normal 0.4096450013637686 0.9122450179955373 0
    outer loop
      vertex 25.57999999821186 6.885017932951451 -3
      vertex 25.57999999821186 6.885017932951451 -1
      vertex 26.070000000298023 6.66498269289732 -3
    endloop
  endfacet
  facet normal 0.6795478039967209 0.733631230308003 0
    outer loop
      vertex 26.560000002384186 6.2111055791378025 -3
      vertex 26.070000000298023 6.66498269289732 -3
      vertex 26.070000000298023 6.66498269289732 -1
    endloop
  endfacet
  facet normal -0.6795477979929035 -0.7336312358692179 0
    outer loop
      vertex 26.560000002384186 5.011105583608151 -3
      vertex 26.560000002384186 5.011105583608151 -1
      vertex 26.070000000298023 5.464982689917088 -3
    endloop
  endfacet
  facet normal 0.8216855558899977 0.5699410910276127 0
    outer loop
      vertex 27.049999997019768 5.5871322914958 -3
      vertex 27.049999997019768 5.5871322914958 -1
      vertex 27.53999999910593 4.880698011815548 -3
    endloop
  endfacet
  facet normal 0.7864804139076575 0.6176152188374568 0
    outer loop
      vertex 26.560000002384186 6.2111055791378025 -3
      vertex 26.560000002384186 6.2111055791378025 -1
      vertex 27.049999997019768 5.5871322914958 -3
    endloop
  endfacet
  facet normal -0.4096450013637686 -0.9122450179955373 0
    outer loop
      vertex 20.679999999701977 2.13501730710268 -3
      vertex 21.17000000178814 1.9149820670485496 -1
      vertex 20.679999999701977 2.13501730710268 -1
    endloop
  endfacet
  facet normal -0.7864804139076575 -0.6176152188374568 0
    outer loop
      vertex 20.189999997615814 2.588894420862198 -1
      vertex 19.700000002980232 3.2128677085042 -1
      vertex 19.700000002980232 3.2128677085042 -3
    endloop
  endfacet
  facet normal -0.8216855558899977 -0.5699410910276127 0
    outer loop
      vertex 19.21000000089407 3.919301988184452 -3
      vertex 19.700000002980232 3.2128677085042 -1
      vertex 19.21000000089407 3.919301988184452 -1
    endloop
  endfacet
  facet normal 0.8216855530749617 0.5699410950860573 0
    outer loop
      vertex 19.700000002980232 4.412867711484433 -3
      vertex 19.21000000089407 5.119301983714104 -1
      vertex 19.700000002980232 4.412867711484433 -1
    endloop
  endfacet
  facet normal 0.7864804174898427 0.6176152142758489 0
    outer loop
      vertex 20.189999997615814 3.7888944163918494 -3
      vertex 19.700000002980232 4.412867711484433 -1
      vertex 20.189999997615814 3.7888944163918494 -1
    endloop
  endfacet
  facet normal -0.6795478039967209 -0.733631230308003 0
    outer loop
      vertex 20.189999997615814 2.588894420862198 -3
      vertex 20.679999999701977 2.13501730710268 -1
      vertex 20.189999997615814 2.588894420862198 -1
    endloop
  endfacet
  facet normal 0.6795477979929035 0.7336312358692179 0
    outer loop
      vertex 20.679999999701977 3.3350173100829124 -3
      vertex 20.189999997615814 3.7888944163918494 -1
      vertex 20.679999999701977 3.3350173100829124 -1
    endloop
  endfacet
  facet normal 0.4096450013637686 0.9122450179955373 0
    outer loop
      vertex 21.17000000178814 3.114982070028782 -3
      vertex 20.679999999701977 3.3350173100829124 -1
      vertex 21.17000000178814 3.114982070028782 -1
    endloop
  endfacet
  facet normal 0.09086727424440788 -0.9958630119004278 0
    outer loop
      vertex 21.17000000178814 1.9149820670485496 -3
      vertex 21.65999999642372 1.9596919953823089 -1
      vertex 21.17000000178814 1.9149820670485496 -1
    endloop
  endfacet
  facet normal 0.5261568429950064 -0.8503875449285039 0
    outer loop
      vertex 21.65999999642372 1.9596919953823089 -3
      vertex 22.149999998509884 2.2628677129745483 -1
      vertex 21.65999999642372 1.9596919953823089 -1
    endloop
  endfacet
  facet normal -0.09086725922707356 0.9958630132706806 0
    outer loop
      vertex 21.17000000178814 3.114982070028782 -1
      vertex 21.65999999642372 3.1596919909119605 -1
      vertex 21.65999999642372 3.1596919909119605 -3
    endloop
  endfacet
  facet normal 0.7271702252645922 -0.6864571825603125 0
    outer loop
      vertex 22.149999998509884 2.2628677129745483 -3
      vertex 22.640000000596046 2.7819290921092032 -1
      vertex 22.149999998509884 2.2628677129745483 -1
    endloop
  endfacet
  facet normal -0.5261568429950064 0.8503875449285039 0
    outer loop
      vertex 21.65999999642372 3.1596919909119605 -1
      vertex 22.149999998509884 3.4628677085042 -1
      vertex 22.149999998509884 3.4628677085042 -3
    endloop
  endfacet
  facet normal 0.803792168598902 -0.5949102030551116 0
    outer loop
      vertex 22.640000000596046 2.7819290921092032 -3
      vertex 23.13000000268221 3.4439755022525786 -1
      vertex 22.640000000596046 2.7819290921092032 -1
    endloop
  endfacet
  facet normal -0.7271702252645922 0.6864571825603125 0
    outer loop
      vertex 22.640000000596046 3.981929087638855 -3
      vertex 22.149999998509884 3.4628677085042 -1
      vertex 22.640000000596046 3.981929087638855 -1
    endloop
  endfacet
  facet normal 0.8237899853183963 -0.5668951050142489 0
    outer loop
      vertex 23.13000000268221 3.4439755022525786 -3
      vertex 23.61999999731779 4.156024494767189 -1
      vertex 23.13000000268221 3.4439755022525786 -1
    endloop
  endfacet
  facet normal -0.8037921718003638 0.5949101987295683 0
    outer loop
      vertex 23.13000000268221 4.643975505232811 -3
      vertex 22.640000000596046 3.981929087638855 -1
      vertex 23.13000000268221 4.643975505232811 -1
    endloop
  endfacet
  facet normal 0 0 1
    outer loop
      vertex 20.189999997615814 2.588894420862198 -1
      vertex 20.679999999701977 3.3350173100829124 -1
      vertex 19.700000002980232 3.2128677085042 -1
    endloop
  endfacet
  facet normal 0 0 1
    outer loop
      vertex 19.700000002980232 3.2128677085042 -1
      vertex 20.679999999701977 3.3350173100829124 -1
      vertex 20.189999997615814 3.7888944163918494 -1
    endloop
  endfacet
  facet normal 0 0 1
    outer loop
      vertex 19.700000002980232 3.2128677085042 -1
      vertex 20.189999997615814 3.7888944163918494 -1
      vertex 19.21000000089407 3.919301988184452 -1
    endloop
  endfacet
  facet normal 0 0 1
    outer loop
      vertex 20.189999997615814 3.7888944163918494 -1
      vertex 19.700000002980232 4.412867711484433 -1
      vertex 19.21000000089407 3.919301988184452 -1
    endloop
  endfacet
  facet normal 0 0 1
    outer loop
      vertex 20.189999997615814 2.588894420862198 -1
      vertex 20.679999999701977 2.13501730710268 -1
      vertex 21.17000000178814 3.114982070028782 -1
    endloop
  endfacet
  facet normal 0 0 1
    outer loop
      vertex 20.189999997615814 2.588894420862198 -1
      vertex 21.17000000178814 3.114982070028782 -1
      vertex 20.679999999701977 3.3350173100829124 -1
    endloop
  endfacet
  facet normal 0 0 1
    outer loop
      vertex 21.17000000178814 1.9149820670485496 -1
      vertex 21.17000000178814 3.114982070028782 -1
      vertex 20.679999999701977 2.13501730710268 -1
    endloop
  endfacet
  facet normal 0 0 1
    outer loop
      vertex 21.17000000178814 1.9149820670485496 -1
      vertex 21.65999999642372 1.9596919953823089 -1
      vertex 21.17000000178814 3.114982070028782 -1
    endloop
  endfacet
  facet normal 0 0 1
    outer loop
      vertex 21.65999999642372 1.9596919953823089 -1
      vertex 21.65999999642372 3.1596919909119605 -1
      vertex 21.17000000178814 3.114982070028782 -1
    endloop
  endfacet
  facet normal 0 0 1
    outer loop
      vertex 21.65999999642372 1.9596919953823089 -1
      vertex 22.149999998509884 2.2628677129745483 -1
      vertex 21.65999999642372 3.1596919909119605 -1
    endloop
  endfacet
  facet normal 0 0 1
    outer loop
      vertex 21.65999999642372 3.1596919909119605 -1
      vertex 22.149999998509884 2.2628677129745483 -1
      vertex 22.640000000596046 2.7819290921092032 -1
    endloop
  endfacet
  facet normal 0 0 1
    outer loop
      vertex 21.65999999642372 3.1596919909119605 -1
      vertex 22.640000000596046 2.7819290921092032 -1
      vertex 22.149999998509884 3.4628677085042 -1
    endloop
  endfacet
  facet normal 0 0 1
    outer loop
      vertex 22.640000000596046 2.7819290921092032 -1
      vertex 23.13000000268221 3.4439755022525786 -1
      vertex 22.149999998509884 3.4628677085042 -1
    endloop
  endfacet
  facet normal 0 0 1
    outer loop
      vertex 22.149999998509884 3.4628677085042 -1
      vertex 23.13000000268221 3.4439755022525786 -1
      vertex 22.640000000596046 3.981929087638855 -1
    endloop
  endfacet
  facet normal 0 0 1
    outer loop
      vertex 23.13000000268221 3.4439755022525786 -1
      vertex 23.61999999731779 4.156024494767189 -1
      vertex 22.640000000596046 3.981929087638855 -1
    endloop
  endfacet
  facet normal 0 0 1
    outer loop
      vertex 22.640000000596046 3.981929087638855 -1
      vertex 23.61999999731779 4.156024494767189 -1
      vertex 23.13000000268221 4.643975505232811 -1
    endloop
  endfacet
  facet normal 0.8037921718003636 -0.5949101987295686 0
    outer loop
      vertex 23.61999999731779 4.156024494767189 -3
      vertex 24.109999999403954 4.818070912361145 -1
      vertex 23.61999999731779 4.156024494767189 -1
    endloop
  endfacet
  facet normal -0.8216855530749619 -0.5699410950860571 0
    outer loop
      vertex 27.049999997019768 4.387132288515568 -3
      vertex 27.53999999910593 3.680698016285896 -1
      vertex 27.049999997019768 4.387132288515568 -1
    endloop
  endfacet
  facet normal 0 0 1
    outer loop
      vertex 23.61999999731779 4.156024494767189 -1
      vertex 24.109999999403954 4.818070912361145 -1
      vertex 23.13000000268221 4.643975505232811 -1
    endloop
  endfacet
  facet normal -0.8237899853183962 0.5668951050142491 0
    outer loop
      vertex 23.61999999731779 5.356024497747422 -3
      vertex 23.13000000268221 4.643975505232811 -1
      vertex 23.61999999731779 5.356024497747422 -1
    endloop
  endfacet
  facet normal 0.7271702252645922 -0.6864571825603125 0
    outer loop
      vertex 24.109999999403954 4.818070912361145 -3
      vertex 24.600000001490116 5.3371322914958 -1
      vertex 24.109999999403954 4.818070912361145 -1
    endloop
  endfacet
  facet normal -0.803792168598902 0.5949102030551116 0
    outer loop
      vertex 24.109999999403954 6.018070907890797 -3
      vertex 23.61999999731779 5.356024497747422 -1
      vertex 24.109999999403954 6.018070907890797 -1
    endloop
  endfacet
  facet normal 0.5261568429950064 -0.8503875449285039 0
    outer loop
      vertex 24.600000001490116 5.3371322914958 -3
      vertex 25.09000000357628 5.64030800908804 -1
      vertex 24.600000001490116 5.3371322914958 -1
    endloop
  endfacet
  facet normal 0.09086725922707356 -0.9958630132706806 0
    outer loop
      vertex 25.09000000357628 5.64030800908804 -3
      vertex 25.57999999821186 5.6850179299712185 -1
      vertex 25.09000000357628 5.64030800908804 -1
    endloop
  endfacet
  facet normal -0.7271702252645922 0.6864571825603125 0
    outer loop
      vertex 24.109999999403954 6.018070907890797 -1
      vertex 24.600000001490116 6.537132287025452 -1
      vertex 24.600000001490116 6.537132287025452 -3
    endloop
  endfacet
  facet normal -0.5261568429950064 0.8503875449285039 0
    outer loop
      vertex 25.09000000357628 6.840308004617691 -3
      vertex 24.600000001490116 6.537132287025452 -1
      vertex 25.09000000357628 6.840308004617691 -1
    endloop
  endfacet
  facet normal -0.4096450013637686 -0.9122450179955373 0
    outer loop
      vertex 25.57999999821186 5.6850179299712185 -3
      vertex 26.070000000298023 5.464982689917088 -1
      vertex 25.57999999821186 5.6850179299712185 -1
    endloop
  endfacet
  facet normal -0.6795477979929035 -0.7336312358692179 0
    outer loop
      vertex 26.070000000298023 5.464982689917088 -3
      vertex 26.560000002384186 5.011105583608151 -1
      vertex 26.070000000298023 5.464982689917088 -1
    endloop
  endfacet
  facet normal -0.09086727424440788 0.9958630119004278 0
    outer loop
      vertex 25.57999999821186 6.885017932951451 -3
      vertex 25.09000000357628 6.840308004617691 -1
      vertex 25.57999999821186 6.885017932951451 -1
    endloop
  endfacet
  facet normal 0.4096450013637686 0.9122450179955373 0
    outer loop
      vertex 26.070000000298023 6.66498269289732 -3
      vertex 25.57999999821186 6.885017932951451 -1
      vertex 26.070000000298023 6.66498269289732 -1
    endloop
  endfacet
  facet normal -0.7864804174898424 -0.6176152142758491 0
    outer loop
      vertex 26.560000002384186 5.011105583608151 -3
      vertex 27.049999997019768 4.387132288515568 -1
      vertex 26.560000002384186 5.011105583608151 -1
    endloop
  endfacet
  facet normal 0.8216855558899977 0.5699410910276127 0
    outer loop
      vertex 27.53999999910593 4.880698011815548 -3
      vertex 27.049999997019768 5.5871322914958 -1
      vertex 27.53999999910593 4.880698011815548 -1
    endloop
  endfacet
  facet normal 0.7864804139076575 0.6176152188374568 0
    outer loop
      vertex 27.049999997019768 5.5871322914958 -3
      vertex 26.560000002384186 6.2111055791378025 -1
      vertex 27.049999997019768 5.5871322914958 -1
    endloop
  endfacet
  facet normal 0.6795478039967209 0.733631230308003 0
    outer loop
      vertex 26.560000002384186 6.2111055791378025 -3
      vertex 26.070000000298023 6.66498269289732 -1
      vertex 26.560000002384186 6.2111055791378025 -1
    endloop
  endfacet
  facet normal 0 0 1
    outer loop
      vertex 23.13000000268221 4.643975505232811 -1
      vertex 24.109999999403954 4.818070912361145 -1
      vertex 23.61999999731779 5.356024497747422 -1
    endloop
  endfacet
  facet normal 0 0 1
    outer loop
      vertex 23.61999999731779 5.356024497747422 -1
      vertex 24.109999999403954 4.818070912361145 -1
      vertex 24.600000001490116 5.3371322914958 -1
    endloop
  endfacet
  facet normal 0 0 1
    outer loop
      vertex 23.61999999731779 5.356024497747422 -1
      vertex 24.600000001490116 5.3371322914958 -1
      vertex 24.109999999403954 6.018070907890797 -1
    endloop
  endfacet
  facet normal 0 0 1
    outer loop
      vertex 24.600000001490116 5.3371322914958 -1
      vertex 25.09000000357628 5.64030800908804 -1
      vertex 24.109999999403954 6.018070907890797 -1
    endloop
  endfacet
  facet normal 0 0 1
    outer loop
      vertex 24.109999999403954 6.018070907890797 -1
      vertex 25.09000000357628 5.64030800908804 -1
      vertex 24.600000001490116 6.537132287025452 -1
    endloop
  endfacet
  facet normal 0 0 1
    outer loop
      vertex 25.09000000357628 5.64030800908804 -1
      vertex 25.09000000357628 6.840308004617691 -1
      vertex 24.600000001490116 6.537132287025452 -1
    endloop
  endfacet
  facet normal 0 0 1
    outer loop
      vertex 25.09000000357628 5.64030800908804 -1
      vertex 25.57999999821186 5.6850179299712185 -1
      vertex 25.09000000357628 6.840308004617691 -1
    endloop
  endfacet
  facet normal 0 0 1
    outer loop
      vertex 25.57999999821186 5.6850179299712185 -1
      vertex 26.070000000298023 5.464982689917088 -1
      vertex 26.560000002384186 6.2111055791378025 -1
    endloop
  endfacet
  facet normal 0 0 1
    outer loop
      vertex 25.57999999821186 5.6850179299712185 -1
      vertex 26.070000000298023 6.66498269289732 -1
      vertex 25.57999999821186 6.885017932951451 -1
    endloop
  endfacet
  facet normal 0 0 1
    outer loop
      vertex 25.57999999821186 5.6850179299712185 -1
      vertex 25.57999999821186 6.885017932951451 -1
      vertex 25.09000000357628 6.840308004617691 -1
    endloop
  endfacet
  facet normal 0 0 1
    outer loop
      vertex 25.57999999821186 5.6850179299712185 -1
      vertex 26.560000002384186 6.2111055791378025 -1
      vertex 26.070000000298023 6.66498269289732 -1
    endloop
  endfacet
  facet normal 0 0 1
    outer loop
      vertex 26.560000002384186 5.011105583608151 -1
      vertex 27.049999997019768 5.5871322914958 -1
      vertex 26.070000000298023 5.464982689917088 -1
    endloop
  endfacet
  facet normal 0 0 1
    outer loop
      vertex 26.070000000298023 5.464982689917088 -1
      vertex 27.049999997019768 5.5871322914958 -1
      vertex 26.560000002384186 6.2111055791378025 -1
    endloop
  endfacet
  facet normal 0 0 1
    outer loop
      vertex 27.049999997019768 4.387132288515568 -1
      vertex 27.53999999910593 4.880698011815548 -1
      vertex 26.560000002384186 5.011105583608151 -1
    endloop
  endfacet
  facet normal 0 0 1
    outer loop
      vertex 26.560000002384186 5.011105583608151 -1
      vertex 27.53999999910593 4.880698011815548 -1
      vertex 27.049999997019768 5.5871322914958 -1
    endloop
  endfacet
  facet normal 0 0 -1
    outer loop
      vertex 28.030000001192093 2.991019347310066 -3
      vertex 27.53999999910593 3.680698016285896 -3
      vertex 28.520000003278255 3.614959606528282 -3
    endloop
  endfacet
  facet normal 0 0 -1
    outer loop
      vertex 27.049999997019768 4.387132288515568 -3
      vertex 28.030000001192093 4.191019342839718 -3
      vertex 27.53999999910593 3.680698016285896 -3
    endloop
  endfacet
  facet normal 0 0 -1
    outer loop
      vertex 27.049999997019768 4.387132288515568 -3
      vertex 27.53999999910593 4.880698011815548 -3
      vertex 28.030000001192093 4.191019342839718 -3
    endloop
  endfacet
  facet normal 0 0 -1
    outer loop
      vertex 27.53999999910593 3.680698016285896 -3
      vertex 28.030000001192093 4.191019342839718 -3
      vertex 28.520000003278255 3.614959606528282 -3
    endloop
  endfacet
  facet normal 0 0 -1
    outer loop
      vertex 28.030000001192093 2.991019347310066 -3
      vertex 29.009999997913837 3.2334246799349784 -3
      vertex 28.520000003278255 2.4149596109986304 -3
    endloop
  endfacet
  facet normal 0 0 -1
    outer loop
      vertex 29.009999997913837 2.033424676954746 -3
      vertex 28.520000003278255 2.4149596109986304 -3
      vertex 29.009999997913837 3.2334246799349784 -3
    endloop
  endfacet
  facet normal 0 0 -1
    outer loop
      vertex 28.030000001192093 2.991019347310066 -3
      vertex 28.520000003278255 3.614959606528282 -3
      vertex 29.009999997913837 3.2334246799349784 -3
    endloop
  endfacet
  facet normal 0 0 -1
    outer loop
      vertex 29.009999997913837 2.033424676954746 -3
      vertex 29.5 3.100000002980232 -3
      vertex 29.5 1.9 -3
    endloop
  endfacet
  facet normal 0 0 -1
    outer loop
      vertex 29.009999997913837 2.033424676954746 -3
      vertex 29.009999997913837 3.2334246799349784 -3
      vertex 29.5 3.100000002980232 -3
    endloop
  endfacet
  facet normal -0.6143657536356115 -0.7890213690133793 0
    outer loop
      vertex 29.009999997913837 2.033424676954746 -3
      vertex 29.009999997913837 2.033424676954746 -1
      vertex 28.520000003278255 2.4149596109986304 -3
    endloop
  endfacet
  facet normal -0.2627294046022674 -0.9648695559283328 0
    outer loop
      vertex 29.009999997913837 2.033424676954746 -3
      vertex 29.5 1.9 -3
      vertex 29.5 1.9 -1
    endloop
  endfacet
  facet normal -0.8151998526198259 -0.579179765089056 0
    outer loop
      vertex 28.030000001192093 2.991019347310066 -3
      vertex 28.030000001192093 2.991019347310066 -1
      vertex 27.53999999910593 3.680698016285896 -3
    endloop
  endfacet
  facet normal -0.7617113993795014 -0.6479164637939999 0
    outer loop
      vertex 28.030000001192093 2.991019347310066 -3
      vertex 28.520000003278255 2.4149596109986304 -3
      vertex 28.520000003278255 2.4149596109986304 -1
    endloop
  endfacet
  facet normal 0.8151998526198259 0.579179765089056 0
    outer loop
      vertex 28.030000001192093 4.191019342839718 -3
      vertex 27.53999999910593 4.880698011815548 -3
      vertex 27.53999999910593 4.880698011815548 -1
    endloop
  endfacet
  facet normal 0.7617113993795016 0.6479164637939997 0
    outer loop
      vertex 28.520000003278255 3.614959606528282 -3
      vertex 28.030000001192093 4.191019342839718 -3
      vertex 28.030000001192093 4.191019342839718 -1
    endloop
  endfacet
  facet normal 0.6143657461666479 0.7890213748290333 0
    outer loop
      vertex 29.009999997913837 3.2334246799349784 -3
      vertex 28.520000003278255 3.614959606528282 -3
      vertex 28.520000003278255 3.614959606528282 -1
    endloop
  endfacet
  facet normal 0.2627294046022674 0.9648695559283328 0
    outer loop
      vertex 29.009999997913837 3.2334246799349784 -3
      vertex 29.009999997913837 3.2334246799349784 -1
      vertex 29.5 3.100000002980232 -3
    endloop
  endfacet
  facet normal -0.6143657536356115 -0.7890213690133793 0
    outer loop
      vertex 28.520000003278255 2.4149596109986304 -3
      vertex 29.009999997913837 2.033424676954746 -1
      vertex 28.520000003278255 2.4149596109986304 -1
    endloop
  endfacet
  facet normal -0.2627294046022674 -0.9648695559283328 0
    outer loop
      vertex 29.009999997913837 2.033424676954746 -3
      vertex 29.5 1.9 -1
      vertex 29.009999997913837 2.033424676954746 -1
    endloop
  endfacet
  facet normal -0.8151998526198259 -0.579179765089056 0
    outer loop
      vertex 28.030000001192093 2.991019347310066 -1
      vertex 27.53999999910593 3.680698016285896 -1
      vertex 27.53999999910593 3.680698016285896 -3
    endloop
  endfacet
  facet normal -0.7617113993795014 -0.6479164637939999 0
    outer loop
      vertex 28.030000001192093 2.991019347310066 -3
      vertex 28.520000003278255 2.4149596109986304 -1
      vertex 28.030000001192093 2.991019347310066 -1
    endloop
  endfacet
  facet normal 0.8151998526198259 0.579179765089056 0
    outer loop
      vertex 28.030000001192093 4.191019342839718 -3
      vertex 27.53999999910593 4.880698011815548 -1
      vertex 28.030000001192093 4.191019342839718 -1
    endloop
  endfacet
  facet normal 0.7617113993795016 0.6479164637939997 0
    outer loop
      vertex 28.520000003278255 3.614959606528282 -3
      vertex 28.030000001192093 4.191019342839718 -1
      vertex 28.520000003278255 3.614959606528282 -1
    endloop
  endfacet
  facet normal 0.6143657461666479 0.7890213748290333 0
    outer loop
      vertex 29.009999997913837 3.2334246799349784 -3
      vertex 28.520000003278255 3.614959606528282 -1
      vertex 29.009999997913837 3.2334246799349784 -1
    endloop
  endfacet
  facet normal 0.2627294046022674 0.9648695559283328 0
    outer loop
      vertex 29.009999997913837 3.2334246799349784 -1
      vertex 29.5 3.100000002980232 -1
      vertex 29.5 3.100000002980232 -3
    endloop
  endfacet
  facet normal 0 0 1
    outer loop
      vertex 28.030000001192093 2.991019347310066 -1
      vertex 28.520000003278255 3.614959606528282 -1
      vertex 27.53999999910593 3.680698016285896 -1
    endloop
  endfacet
  facet normal 0 0 1
    outer loop
      vertex 27.049999997019768 4.387132288515568 -1
      vertex 27.53999999910593 3.680698016285896 -1
      vertex 28.030000001192093 4.191019342839718 -1
    endloop
  endfacet
  facet normal 0 0 1
    outer loop
      vertex 27.049999997019768 4.387132288515568 -1
      vertex 28.030000001192093 4.191019342839718 -1
      vertex 27.53999999910593 4.880698011815548 -1
    endloop
  endfacet
  facet normal 0 0 1
    outer loop
      vertex 27.53999999910593 3.680698016285896 -1
      vertex 28.520000003278255 3.614959606528282 -1
      vertex 28.030000001192093 4.191019342839718 -1
    endloop
  endfacet
  facet normal 0 0 1
    outer loop
      vertex 28.030000001192093 2.991019347310066 -1
      vertex 28.520000003278255 2.4149596109986304 -1
      vertex 29.009999997913837 3.2334246799349784 -1
    endloop
  endfacet
  facet normal 0 0 1
    outer loop
      vertex 29.009999997913837 2.033424676954746 -1
      vertex 29.009999997913837 3.2334246799349784 -1
      vertex 28.520000003278255 2.4149596109986304 -1
    endloop
  endfacet
  facet normal 0 0 1
    outer loop
      vertex 28.030000001192093 2.991019347310066 -1
      vertex 29.009999997913837 3.2334246799349784 -1
      vertex 28.520000003278255 3.614959606528282 -1
    endloop
  endfacet
  facet normal 0 0 1
    outer loop
      vertex 29.009999997913837 2.033424676954746 -1
      vertex 29.5 1.9 -1
      vertex 29.5 3.100000002980232 -1
    endloop
  endfacet
  facet normal 0 0 1
    outer loop
      vertex 29.009999997913837 2.033424676954746 -1
      vertex 29.5 3.100000002980232 -1
      vertex 29.009999997913837 3.2334246799349784 -1
    endloop
  endfacet
  facet normal 1 0 0
    outer loop
      vertex 0 -7.5 1
      vertex 0 -7.5 0
      vertex 0 7.5 0
    endloop
  endfacet
  facet normal 0 -1 0
    outer loop
      vertex -2 -7.5 5.799999997019768
      vertex -3 -7.5 0
      vertex 0 -7.5 0
    endloop
  endfacet
  facet normal -0.9854601157297301 0 0.1699069165924297
    outer loop
      vertex -2 -7.5 5.799999997019768
      vertex -3 7.5 0
      vertex -3 -7.5 0
    endloop
  endfacet
  facet normal 0 -1 0
    outer loop
      vertex 0 -7.5 1
      vertex -1 -7.5 5.799999997019768
      vertex 0 -7.5 0
    endloop
  endfacet
  facet normal 0.7071067811865475 0 -0.7071067811865475
    outer loop
      vertex 0 -7.5 1
      vertex 0.7999999970197678 7.5 1.7999999970197678
      vertex 0.7999999970197678 -7.5 1.7999999970197678
    endloop
  endfacet
  facet normal 1 0 0
    outer loop
      vertex 0.7999999970197678 -7.5 1.7999999970197678
      vertex 0.7999999970197678 7.5 2.7999999970197678
      vertex 0.7999999970197678 -7.5 2.7999999970197678
    endloop
  endfacet
  facet normal 0 -1 0
    outer loop
      vertex 0 -7.5 1
      vertex 0.7999999970197678 -7.5 1.7999999970197678
      vertex -1 -7.5 5.799999997019768
    endloop
  endfacet
  facet normal 0 -1 0
    outer loop
      vertex 0.7999999970197678 -7.5 1.7999999970197678
      vertex 0.7999999970197678 -7.5 2.7999999970197678
      vertex -1 -7.5 5.799999997019768
    endloop
  endfacet
  facet normal 0 -1 0
    outer loop
      vertex -2 -7.5 5.799999997019768
      vertex 0 -7.5 0
      vertex -1 -7.5 5.799999997019768
    endloop
  endfacet
  facet normal 0 0 1
    outer loop
      vertex -2 -7.5 5.799999997019768
      vertex -1 -7.5 5.799999997019768
      vertex -2 7.5 5.799999997019768
    endloop
  endfacet
  facet normal 0.8574929260883571 0 0.5144957548011716
    outer loop
      vertex 0.7999999970197678 -7.5 2.7999999970197678
      vertex -1 7.5 5.799999997019768
      vertex -1 -7.5 5.799999997019768
    endloop
  endfacet
  facet normal 0 1 0
    outer loop
      vertex 0 7.5 1
      vertex 0 7.5 0
      vertex -3 7.5 0
    endloop
  endfacet
  facet normal 1 0 0
    outer loop
      vertex 0 -7.5 1
      vertex 0 7.5 0
      vertex 0 7.5 1
    endloop
  endfacet
  facet normal 0.7071067811865475 0 -0.7071067811865475
    outer loop
      vertex 0 -7.5 1
      vertex 0 7.5 1
      vertex 0.7999999970197678 7.5 1.7999999970197678
    endloop
  endfacet
  facet normal 0 1 0
    outer loop
      vertex 0 7.5 1
      vertex -3 7.5 0
      vertex -1 7.5 5.799999997019768
    endloop
  endfacet
  facet normal 1 0 0
    outer loop
      vertex 0.7999999970197678 -7.5 1.7999999970197678
      vertex 0.7999999970197678 7.5 1.7999999970197678
      vertex 0.7999999970197678 7.5 2.7999999970197678
    endloop
  endfacet
  facet normal 0 1 0
    outer loop
      vertex 0 7.5 1
      vertex -1 7.5 5.799999997019768
      vertex 0.7999999970197678 7.5 1.7999999970197678
    endloop
  endfacet
  facet normal 0 1 0
    outer loop
      vertex 0.7999999970197678 7.5 1.7999999970197678
      vertex -1 7.5 5.799999997019768
      vertex 0.7999999970197678 7.5 2.7999999970197678
    endloop
  endfacet
  facet normal -0.9854601157297301 0 0.1699069165924297
    outer loop
      vertex -2 -7.5 5.799999997019768
      vertex -2 7.5 5.799999997019768
      vertex -3 7.5 0
    endloop
  endfacet
  facet normal 0 1 0
    outer loop
      vertex -2 7.5 5.799999997019768
      vertex -1 7.5 5.799999997019768
      vertex -3 7.5 0
    endloop
  endfacet
  facet normal 0.8574929260883571 0 0.5144957548011716
    outer loop
      vertex 0.7999999970197678 -7.5 2.7999999970197678
      vertex 0.7999999970197678 7.5 2.7999999970197678
      vertex -1 7.5 5.799999997019768
    endloop
  endfacet
  facet normal 0 0 1
    outer loop
      vertex -1 -7.5 5.799999997019768
      vertex -1 7.5 5.799999997019768
      vertex -2 7.5 5.799999997019768
    endloop
  endfacet
  facet normal 0 -1 0
    outer loop
      vertex 34.5 -12.5 1
      vertex 34.5 -12.5 0
      vertex 36.5 -12.5 0
    endloop
  endfacet
  facet normal -1 0 0
    outer loop
      vertex 34.5 -12.5 1
      vertex 34.5 12.5 1
      vertex 34.5 -12.5 0
    endloop
  endfacet
  facet normal 0.8944271909999159 0 0.4472135954999579
    outer loop
      vertex 34.5 -12.5 4
      vertex 36.5 -12.5 0
      vertex 36.5 12.5 0
    endloop
  endfacet
  facet normal 0 -1 0
    outer loop
      vertex 34.5 -12.5 1
      vertex 36.5 -12.5 0
      vertex 34.5 -12.5 4
    endloop
  endfacet
  facet normal 0 -1 0
    outer loop
      vertex 34.5 -12.5 1
      vertex 34.5 -12.5 4
      vertex 32.5 -12.5 3
    endloop
  endfacet
  facet normal -0.7071067811865475 0 -0.7071067811865475
    outer loop
      vertex 34.5 -12.5 1
      vertex 32.5 -12.5 3
      vertex 32.5 12.5 3
    endloop
  endfacet
  facet normal 0 -1 0
    outer loop
      vertex 32.5 -12.5 3
      vertex 34.5 -12.5 4
      vertex 32.5 -12.5 4
    endloop
  endfacet
  facet normal -1 0 0
    outer loop
      vertex 32.5 -12.5 3
      vertex 32.5 -12.5 4
      vertex 32.5 12.5 4
    endloop
  endfacet
  facet normal 0 0 1
    outer loop
      vertex 32.5 -12.5 4
      vertex 34.5 -12.5 4
      vertex 34.5 12.5 4
    endloop
  endfacet
  facet normal -1 0 0
    outer loop
      vertex 34.5 12.5 1
      vertex 34.5 12.5 0
      vertex 34.5 -12.5 0
    endloop
  endfacet
  facet normal 0 1 0
    outer loop
      vertex 34.5 12.5 1
      vertex 36.5 12.5 0
      vertex 34.5 12.5 0
    endloop
  endfacet
  facet normal -0.7071067811865475 0 -0.7071067811865475
    outer loop
      vertex 34.5 -12.5 1
      vertex 32.5 12.5 3
      vertex 34.5 12.5 1
    endloop
  endfacet
  facet normal 0.8944271909999159 0 0.4472135954999579
    outer loop
      vertex 34.5 -12.5 4
      vertex 36.5 12.5 0
      vertex 34.5 12.5 4
    endloop
  endfacet
  facet normal -1 0 0
    outer loop
      vertex 32.5 -12.5 3
      vertex 32.5 12.5 4
      vertex 32.5 12.5 3
    endloop
  endfacet
  facet normal 0 1 0
    outer loop
      vertex 34.5 12.5 1
      vertex 34.5 12.5 4
      vertex 36.5 12.5 0
    endloop
  endfacet
  facet normal 0 1 0
    outer loop
      vertex 34.5 12.5 1
      vertex 32.5 12.5 3
      vertex 34.5 12.5 4
    endloop
  endfacet
  facet normal 0 0 1
    outer loop
      vertex 32.5 -12.5 4
      vertex 34.5 12.5 4
      vertex 32.5 12.5 4
    endloop
  endfacet
  facet normal 0 1 0
    outer loop
      vertex 32.5 12.5 3
      vertex 32.5 12.5 4
      vertex 34.5 12.5 4
    endloop
  endfacet
  facet normal -1 0 0
    outer loop
      vertex 0 -29.529164503607785 -2.6
      vertex 0 -29.529164503607785 0
      vertex 0 -13.5 0
    endloop
  endfacet
  facet normal -1 0 0
    outer loop
      vertex 0 -29.529164503607785 -2.6
      vertex 0 -13.5 0
      vertex 0 -13.5 -2.6
    endloop
  endfacet
  facet normal 1 0 0
    outer loop
      vertex 5 -29.529164503607785 -2.6
      vertex 5 -13.5 -2.6
      vertex 5 -29.529164503607785 0
    endloop
  endfacet
  facet normal 1 0 0
    outer loop
      vertex 5 -13.5 -2.6
      vertex 5 -13.5 0
      vertex 5 -29.529164503607785 0
    endloop
  endfacet
  facet normal 0 0 1
    outer loop
      vertex 0 -29.728013391828657 0
      vertex 5 -29.703146181770084 0
      vertex 0 -29.529164503607785 0
    endloop
  endfacet
  facet normal 0 0 1
    outer loop
      vertex 0 -29.529164503607785 0
      vertex 5 -29.703146181770084 0
      vertex 3.6612152233123467 -13.5 0
    endloop
  endfacet
  facet normal 0 0 1
    outer loop
      vertex 0 -29.529164503607785 0
      vertex 3.6612152233123467 -13.5 0
      vertex 0 -13.5 0
    endloop
  endfacet
  facet normal 0 0 1
    outer loop
      vertex 3.6612152233123467 -13.5 0
      vertex 5 -29.703146181770084 0
      vertex 5 -29.529164503607785 0
    endloop
  endfacet
  facet normal 0 0 1
    outer loop
      vertex 3.6612152233123467 -13.5 0
      vertex 5 -29.529164503607785 0
      vertex 5 -13.5 0
    endloop
  endfacet
  facet normal -1 0 0
    outer loop
      vertex 0 13.5 -2.6
      vertex 0 13.5 0
      vertex 0 29.529164503607785 0
    endloop
  endfacet
  facet normal -1 0 0
    outer loop
      vertex 0 13.5 -2.6
      vertex 0 29.529164503607785 0
      vertex 0 29.529164503607785 -2.6
    endloop
  endfacet
  facet normal 1 0 0
    outer loop
      vertex 5 13.5 -2.6
      vertex 5 29.529164503607785 -2.6
      vertex 5 13.5 0
    endloop
  endfacet
  facet normal 1 0 0
    outer loop
      vertex 5 29.529164503607785 -2.6
      vertex 5 29.529164503607785 0
      vertex 5 13.5 0
    endloop
  endfacet
  facet normal 0 0 1
    outer loop
      vertex 0 13.5 0
      vertex 1.4061264466995205 13.5 0
      vertex 0 29.529164503607785 0
    endloop
  endfacet
  facet normal 0 0 1
    outer loop
      vertex 1.4061264466995205 13.5 0
      vertex 0 30.335441005525116 0
      vertex 0 29.529164503607785 0
    endloop
  endfacet
  facet normal 0 0 1
    outer loop
      vertex 1.4061264466995205 13.5 0
      vertex 5 29.529164503607785 0
      vertex 0 30.335441005525116 0
    endloop
  endfacet
  facet normal 0 0 1
    outer loop
      vertex 1.4061264466995205 13.5 0
      vertex 5 13.5 0
      vertex 5 29.529164503607785 0
    endloop
  endfacet
  facet normal 0 0 1
    outer loop
      vertex 0 30.335441005525116 0
      vertex 5 29.529164503607785 0
      vertex 5 31.22776358898404 0
    endloop
  endfacet
  facet normal -1 0 0
    outer loop
      vertex 30 -29.529164503607785 -2.6
      vertex 30 -29.529164503607785 0
      vertex 30 -13.5 0
    endloop
  endfacet
  facet normal -1 0 0
    outer loop
      vertex 30 -29.529164503607785 -2.6
      vertex 30 -13.5 0
      vertex 30 -13.5 -2.6
    endloop
  endfacet
  facet normal 1 0 0
    outer loop
      vertex 35 -29.529164503607785 -2.6
      vertex 35 -13.5 -2.6
      vertex 35 -29.529164503607785 0
    endloop
  endfacet
  facet normal 1 0 0
    outer loop
      vertex 35 -13.5 -2.6
      vertex 35 -13.5 0
      vertex 35 -29.529164503607785 0
    endloop
  endfacet
  facet normal 0 0 1
    outer loop
      vertex 30 -31.310623493721337 0
      vertex 35 -30.41830091026241 0
      vertex 30 -29.529164503607785 0
    endloop
  endfacet
  facet normal 0 0 1
    outer loop
      vertex 30 -29.529164503607785 0
      vertex 33.64293785710993 -13.5 0
      vertex 30 -13.5 0
    endloop
  endfacet
  facet normal 0 0 1
    outer loop
      vertex 30 -29.529164503607785 0
      vertex 35 -30.41830091026241 0
      vertex 33.64293785710993 -13.5 0
    endloop
  endfacet
  facet normal 0 0 1
    outer loop
      vertex 35 -30.41830091026241 0
      vertex 35 -29.529164503607785 0
      vertex 33.64293785710993 -13.5 0
    endloop
  endfacet
  facet normal 0 0 1
    outer loop
      vertex 35 -29.529164503607785 0
      vertex 35 -13.5 0
      vertex 33.64293785710993 -13.5 0
    endloop
  endfacet
  facet normal -1 0 0
    outer loop
      vertex 30 13.5 -2.6
      vertex 30 13.5 0
      vertex 30 29.529164503607785 0
    endloop
  endfacet
  facet normal -1 0 0
    outer loop
      vertex 30 13.5 -2.6
      vertex 30 29.529164503607785 0
      vertex 30 29.529164503607785 -2.6
    endloop
  endfacet
  facet normal 1 0 0
    outer loop
      vertex 35 13.5 -2.6
      vertex 35 29.529164503607785 -2.6
      vertex 35 13.5 0
    endloop
  endfacet
  facet normal 1 0 0
    outer loop
      vertex 35 29.529164503607785 -2.6
      vertex 35 29.529164503607785 0
      vertex 35 13.5 0
    endloop
  endfacet
  facet normal 0 0 1
    outer loop
      vertex 30 13.5 0
      vertex 31.357062142890072 13.5 0
      vertex 30 29.529164503607785 0
    endloop
  endfacet
  facet normal 0 0 1
    outer loop
      vertex 31.357062142890072 13.5 0
      vertex 35 13.5 0
      vertex 35 29.529164503607785 0
    endloop
  endfacet
  facet normal 0 0 1
    outer loop
      vertex 30 29.529164503607785 0
      vertex 31.357062142890072 13.5 0
      vertex 35 29.529164503607785 0
    endloop
  endfacet
  facet normal 0 0 1
    outer loop
      vertex -1 -29.529164503607785 -2.6
      vertex 0 -29.529164503607785 -2.6
      vertex 0 -13.5 -2.6
    endloop
  endfacet
  facet normal 0 0 1
    outer loop
      vertex -1 -29.529164503607785 -2.6
      vertex 0 -13.5 -2.6
      vertex -1 -13.5 -2.6
    endloop
  endfacet
  facet normal 0 0 -1
    outer loop
      vertex -3.4800383312127847 -32.64148526022553 -3
      vertex -3.4844555433772326 -32.625 -3
      vertex 37.98445554337723 -32.625 -3
    endloop
  endfacet
  facet normal 0 0 -1
    outer loop
      vertex -5 -31.75 -3
      vertex 29.5 -10.847327014286224 -3
      vertex -4.125 -31.984455543377234 -3
    endloop
  endfacet
  facet normal 0 0 -1
    outer loop
      vertex -5 -31.75 -3
      vertex -5 -29.59002510654032 -3
      vertex 29.5 -10.847327014286224 -3
    endloop
  endfacet
  facet normal 0 0 -1
    outer loop
      vertex -4.125 -31.984455543377234 -3
      vertex 29.5 -10.847327014286224 -3
      vertex -3.4844555433772326 -32.625 -3
    endloop
  endfacet
  facet normal 0 0 -1
    outer loop
      vertex -5 -10.508668648955995 -3
      vertex -5 10.508668648955995 -3
      vertex 5 -7.5 -3
    endloop
  endfacet
  facet normal 0 0 -1
    outer loop
      vertex 5 -7.5 -3
      vertex -5 10.508668648955995 -3
      vertex 5 -3.100000002980232 -3
    endloop
  endfacet
  facet normal 0 0 -1
    outer loop
      vertex -5 -29.59002510654032 -3
      vertex -5 -10.847327014286224 -3
      vertex 29.5 -10.847327014286224 -3
    endloop
  endfacet
  facet normal 0 0 -1
    outer loop
      vertex -5 -10.508668648955995 -3
      vertex 5 -7.5 -3
      vertex 29 -7.5 -3
    endloop
  endfacet
  facet normal 0 0 -1
    outer loop
      vertex -5 10.508668648955995 -3
      vertex 5 -1.9 -3
      vertex 5 -3.100000002980232 -3
    endloop
  endfacet
  facet normal 0 0 -1
    outer loop
      vertex 5 -1.9 -3
      vertex -5 10.508668648955995 -3
      vertex 5 1.9 -3
    endloop
  endfacet
  facet normal 0 0 -1
    outer loop
      vertex -5 10.508668648955995 -3
      vertex 5 3.100000002980232 -3
      vertex 5 1.9 -3
    endloop
  endfacet
  facet normal 0 0 -1
    outer loop
      vertex -5 10.508668648955995 -3
      vertex 5 7.5 -3
      vertex 5 3.100000002980232 -3
    endloop
  endfacet
  facet normal 0 0 -1
    outer loop
      vertex -5 10.508668648955995 -3
      vertex 29 10.508668648955995 -3
      vertex 5 7.5 -3
    endloop
  endfacet
  facet normal 0 0 1
    outer loop
      vertex -1 13.5 -2.6
      vertex 0 13.5 -2.6
      vertex 0 29.529164503607785 -2.6
    endloop
  endfacet
  facet normal 0 0 1
    outer loop
      vertex -1 13.5 -2.6
      vertex 0 29.529164503607785 -2.6
      vertex -1 29.529164503607785 -2.6
    endloop
  endfacet
  facet normal 0 0 -1
    outer loop
      vertex -5 10.847327014286224 -3
      vertex -5 30.07339564756734 -3
      vertex 38.625 31.984455543377234 -3
    endloop
  endfacet
  facet normal 0 0 1
    outer loop
      vertex 5 -29.529164503607785 -2.6
      vertex 30 -13.5 -2.6
      vertex 5 -13.5 -2.6
    endloop
  endfacet
  facet normal 0 0 -1
    outer loop
      vertex -3.4800383312127847 -32.64148526022553 -3
      vertex 37.98445554337723 -32.625 -3
      vertex 37.77801775591113 -33.395436311425605 -3
    endloop
  endfacet
  facet normal 0 0 -1
    outer loop
      vertex -3.4844555433772326 -32.625 -3
      vertex 29.5 -10.847327014286224 -3
      vertex 37.98445554337723 -32.625 -3
    endloop
  endfacet
  facet normal 0 0 1
    outer loop
      vertex 5 -29.529164503607785 -2.6
      vertex 30 -29.529164503607785 -2.6
      vertex 30 -13.5 -2.6
    endloop
  endfacet
  facet normal 0 0 -1
    outer loop
      vertex -5 -10.508668648955995 -3
      vertex 29 -7.5 -3
      vertex 29 -10.508668648955995 -3
    endloop
  endfacet
  facet normal 0 0 1
    outer loop
      vertex 35 -29.529164503607785 -2.6
      vertex 35.61623273029579 -29.529164503607785 -2.6
      vertex 35.61623273029579 -13.5 -2.6
    endloop
  endfacet
  facet normal 0 0 1
    outer loop
      vertex 35 -29.529164503607785 -2.6
      vertex 35.61623273029579 -13.5 -2.6
      vertex 35 -13.5 -2.6
    endloop
  endfacet
  facet normal 0 0 -1
    outer loop
      vertex 38.625 -31.984455543377234 -3
      vertex 39.5 -29.529164503607785 -3
      vertex 39.5 -31.75 -3
    endloop
  endfacet
  facet normal 0 0 -1
    outer loop
      vertex 29.5 -10.847327014286224 -3
      vertex 29.5 -10.574385037970886 -3
      vertex 37.98445554337723 -32.625 -3
    endloop
  endfacet
  facet normal 0 0 -1
    outer loop
      vertex 29.5 -10.574385037970886 -3
      vertex 29.5 -10.508668648955995 -3
      vertex 37.98445554337723 -32.625 -3
    endloop
  endfacet
  facet normal 0 0 -1
    outer loop
      vertex 29.5 -10.508668648955995 -3
      vertex 29.5 -3.100000002980232 -3
      vertex 37.98445554337723 -32.625 -3
    endloop
  endfacet
  facet normal 0 0 -1
    outer loop
      vertex 29.5 -1.9 -3
      vertex 37.98445554337723 -32.625 -3
      vertex 29.5 -3.100000002980232 -3
    endloop
  endfacet
  facet normal 0 0 -1
    outer loop
      vertex 29.5 1.9 -3
      vertex 37.98445554337723 -32.625 -3
      vertex 29.5 -1.9 -3
    endloop
  endfacet
  facet normal 0 0 -1
    outer loop
      vertex 37.98445554337723 -32.625 -3
      vertex 29.5 1.9 -3
      vertex 29.5 3.100000002980232 -3
    endloop
  endfacet
  facet normal 0 0 -1
    outer loop
      vertex 37.98445554337723 -32.625 -3
      vertex 29.5 3.100000002980232 -3
      vertex 29.5 10.508668648955995 -3
    endloop
  endfacet
  facet normal 0 0 -1
    outer loop
      vertex 37.98445554337723 -32.625 -3
      vertex 38.625 31.984455543377234 -3
      vertex 38.625 -31.984455543377234 -3
    endloop
  endfacet
  facet normal 0 0 -1
    outer loop
      vertex 38.625 -31.984455543377234 -3
      vertex 39.5 29.529164503607785 -3
      vertex 39.5 -29.529164503607785 -3
    endloop
  endfacet
  facet normal 0 0 -1
    outer loop
      vertex 5 7.5 -3
      vertex 29 10.508668648955995 -3
      vertex 29 7.5 -3
    endloop
  endfacet
  facet normal 0 0 -1
    outer loop
      vertex -5 10.847327014286224 -3
      vertex 38.625 31.984455543377234 -3
      vertex 29.5 10.847327014286224 -3
    endloop
  endfacet
  facet normal 0 0 1
    outer loop
      vertex 5 13.5 -2.6
      vertex 30 29.529164503607785 -2.6
      vertex 5 29.529164503607785 -2.6
    endloop
  endfacet
  facet normal 0 0 1
    outer loop
      vertex 5 13.5 -2.6
      vertex 30 13.5 -2.6
      vertex 30 29.529164503607785 -2.6
    endloop
  endfacet
  facet normal 0 0 -1
    outer loop
      vertex -5 30.07339564756734 -3
      vertex 37.98445554337723 32.625 -3
      vertex 38.625 31.984455543377234 -3
    endloop
  endfacet
  facet normal 0 0 -1
    outer loop
      vertex -5 30.07339564756734 -3
      vertex 37.86981229373115 33.05285443242396 -3
      vertex 37.98445554337723 32.625 -3
    endloop
  endfacet
  facet normal 0 0 -1
    outer loop
      vertex 37.98445554337723 -32.625 -3
      vertex 29.5 10.508668648955995 -3
      vertex 38.625 31.984455543377234 -3
    endloop
  endfacet
  facet normal 0 0 -1
    outer loop
      vertex 29.5 10.508668648955995 -3
      vertex 29.5 10.574385037970886 -3
      vertex 38.625 31.984455543377234 -3
    endloop
  endfacet
  facet normal 0 0 -1
    outer loop
      vertex 29.5 10.574385037970886 -3
      vertex 29.5 10.847327014286224 -3
      vertex 38.625 31.984455543377234 -3
    endloop
  endfacet
  facet normal 0 0 -1
    outer loop
      vertex 38.625 -31.984455543377234 -3
      vertex 39.5 31.75 -3
      vertex 39.5 29.529164503607785 -3
    endloop
  endfacet
  facet normal 0 0 -1
    outer loop
      vertex 38.625 -31.984455543377234 -3
      vertex 38.625 31.984455543377234 -3
      vertex 39.5 31.75 -3
    endloop
  endfacet
  facet normal 0 0 1
    outer loop
      vertex 35 13.5 -2.6
      vertex 35.61623273029579 13.5 -2.6
      vertex 35.61623273029579 29.529164503607785 -2.6
    endloop
  endfacet
  facet normal 0 0 1
    outer loop
      vertex 35 13.5 -2.6
      vertex 35.61623273029579 29.529164503607785 -2.6
      vertex 35 29.529164503607785 -2.6
    endloop
  endfacet
  facet normal -1 0 0
    outer loop
      vertex -9 -13.5 -3
      vertex -9 -12.57347315653656 -1.9011271242968684
      vertex -9 -10.847327014286224 -3
    endloop
  endfacet
  facet normal -1 0 0
    outer loop
      vertex -9 -13.5 -3
      vertex -9 -12.618882064536894 -1.7613728757031315
      vertex -9 -12.57347315653656 -1.9011271242968684
    endloop
  endfacet
  facet normal 0 -1 0
    outer loop
      vertex -9 -13.5 -3
      vertex -8.883767269704208 -13.5 -3
      vertex -8.883767269704208 -13.5 0
    endloop
  endfacet
  facet normal 0 0 -1
    outer loop
      vertex -9 -13.5 -3
      vertex -6.099005703753754 -12.008060076216216 -3
      vertex -8.883767269704208 -13.5 -3
    endloop
  endfacet
  facet normal 0 0 -1
    outer loop
      vertex -9 -13.5 -3
      vertex -9 -10.847327014286224 -3
      vertex -6.099005703753754 -12.008060076216216 -3
    endloop
  endfacet
  facet normal 0 0 -1
    outer loop
      vertex -9 -10.847327014286224 -3
      vertex -6.225725054795446 -10.847327014286224 -3
      vertex -6.099005703753754 -12.008060076216216 -3
    endloop
  endfacet
  facet normal -1 0 0
    outer loop
      vertex -9 -13.5 -3
      vertex -9 -13.5 0
      vertex -9 -12.618882064536894 -1.7613728757031315
    endloop
  endfacet
  facet normal -1 0 0
    outer loop
      vertex -9 -10.615 -2.875
      vertex -9 -12.381117935463106 -1.750680889890861
      vertex -9 -6.5 -1
    endloop
  endfacet
  facet normal 0 -1 0
    outer loop
      vertex -9 -13.5 -3
      vertex -8.883767269704208 -13.5 0
      vertex -9 -13.5 0
    endloop
  endfacet
  facet normal -1 0 0
    outer loop
      vertex -9 -12.618882064536894 -1.7613728757031315
      vertex -9 -13.5 0
      vertex -9 -12.618882064536894 -1.1613728757031316
    endloop
  endfacet
  facet normal -1 0 0
    outer loop
      vertex -9 -12.381117935463106 -1.750680889890861
      vertex -9 -12.381117935463106 -1.272219596657398
      vertex -9 -10.54152684346344 -0.10112712429686832
    endloop
  endfacet
  facet normal -1 0 0
    outer loop
      vertex -9 -12.381117935463106 -1.750680889890861
      vertex -9 -10.54152684346344 -0.10112712429686832
      vertex -9 -6.5 -1
    endloop
  endfacet
  facet normal -1 0 0
    outer loop
      vertex -9 -10.508668648955995 -3
      vertex -9 -10.496117935463106 -2.9613728757031317
      vertex -9 -6.5 -3
    endloop
  endfacet
  facet normal -1 0 0
    outer loop
      vertex -9 -10.496117935463106 -2.9613728757031317
      vertex -9 -10.615 -2.875
      vertex -9 -6.5 -1
    endloop
  endfacet
  facet normal -1 0 0
    outer loop
      vertex -9 -10.496117935463106 -2.9613728757031317
      vertex -9 -6.5 -1
      vertex -9 -6.5 -3
    endloop
  endfacet
  facet normal 0 0 -1
    outer loop
      vertex -9 -10.508668648955995 -3
      vertex -8.557198155764532 10.508668648955995 -3
      vertex -6.262697007854259 -10.508668648955995 -3
    endloop
  endfacet
  facet normal 0 0 -1
    outer loop
      vertex -9 -10.508668648955995 -3
      vertex -9 -6.5 -3
      vertex -8.557198155764532 10.508668648955995 -3
    endloop
  endfacet
  facet normal 0 0 -1
    outer loop
      vertex -8.557198155764532 10.508668648955995 -3
      vertex -9 -6.5 -3
      vertex -9 -6.487 -3
    endloop
  endfacet
  facet normal -1 0 0
    outer loop
      vertex -9 -12.618882064536894 -1.1613728757031316
      vertex -9 -13.5 0
      vertex -9 -12.5 -1.075
    endloop
  endfacet
  facet normal -1 0 0
    outer loop
      vertex -9 -12.5 -1.075
      vertex -9 -13.5 0
      vertex -9 -10.811354166666666 0
    endloop
  endfacet
  facet normal 0 0 1
    outer loop
      vertex -9 -13.5 0
      vertex -8.883767269704208 -13.5 0
      vertex -9 -10.811354166666666 0
    endloop
  endfacet
  facet normal 0 0 1
    outer loop
      vertex -8.883767269704208 -13.5 0
      vertex -1.1096396247530116 -13.5 0
      vertex -9 -10.811354166666666 0
    endloop
  endfacet
  facet normal -1 0 0
    outer loop
      vertex -9 -10.54152684346344 -0.10112712429686832
      vertex -9 10.508668648955995 0
      vertex -9 -6.5 -1
    endloop
  endfacet
  facet normal -1 0 0
    outer loop
      vertex -9 -10.54152684346344 -0.10112712429686832
      vertex -9 -10.508668648955995 0
      vertex -9 10.508668648955995 0
    endloop
  endfacet
  facet normal 0 0 1
    outer loop
      vertex -9 -10.508668648955995 0
      vertex -3 -7.5 0
      vertex -9 10.508668648955995 0
    endloop
  endfacet
  facet normal 0 -1 0
    outer loop
      vertex -1 -13.5 -2.6
      vertex 0 -13.5 -2.6
      vertex 0 -13.5 0
    endloop
  endfacet
  facet normal 0 -1 0
    outer loop
      vertex -1 -13.5 -2.6
      vertex 0 -13.5 0
      vertex -1 -13.5 0
    endloop
  endfacet
  facet normal 0 0 1
    outer loop
      vertex -9 -10.811354166666666 0
      vertex -1.1096396247530116 -13.5 0
      vertex -1 -13.5 0
    endloop
  endfacet
  facet normal 0 0 1
    outer loop
      vertex -9 -10.811354166666666 0
      vertex -1 -13.5 0
      vertex 0 -13.5 0
    endloop
  endfacet
  facet normal 0 0 1
    outer loop
      vertex -9 -10.811354166666666 0
      vertex 0 -13.5 0
      vertex 3.6612152233123467 -13.5 0
    endloop
  endfacet
  facet normal 0 0 1
    outer loop
      vertex -9 -10.811354166666666 0
      vertex 3.6612152233123467 -13.5 0
      vertex 5 -13.5 0
    endloop
  endfacet
  facet normal 0 0 1
    outer loop
      vertex -9 -10.508668648955995 0
      vertex 0 -7.5 0
      vertex -3 -7.5 0
    endloop
  endfacet
  facet normal 0 0 1
    outer loop
      vertex -9 -10.508668648955995 0
      vertex 5 -7.5 0
      vertex 0 -7.5 0
    endloop
  endfacet
  facet normal 0 0 1
    outer loop
      vertex 5 -7.5 0
      vertex 0 7.5 0
      vertex 0 -7.5 0
    endloop
  endfacet
  facet normal 0 0 1
    outer loop
      vertex -9 -10.811354166666666 0
      vertex 5 -13.5 0
      vertex 30 -13.5 0
    endloop
  endfacet
  facet normal 0 0 1
    outer loop
      vertex -9 -10.508668648955995 0
      vertex 29 -10.508668648955995 0
      vertex 5 -7.5 0
    endloop
  endfacet
  facet normal -1 0 0
    outer loop
      vertex -9 10.508668648955995 -3
      vertex -9 6.5 -3
      vertex -9 10.496117935463106 -2.9613728757031317
    endloop
  endfacet
  facet normal 0 0 -1
    outer loop
      vertex -8.557198155764532 10.508668648955995 -3
      vertex -9 -6.487 -3
      vertex -9 6.5 -3
    endloop
  endfacet
  facet normal 0 0 -1
    outer loop
      vertex -9 10.508668648955995 -3
      vertex -8.557198155764532 10.508668648955995 -3
      vertex -9 6.5 -3
    endloop
  endfacet
  facet normal -1 0 0
    outer loop
      vertex -9 10.54152684346344 -0.10112712429686832
      vertex -9 6.5 -3
      vertex -9 6.5 -1
    endloop
  endfacet
  facet normal 0 0 -1
    outer loop
      vertex -9 10.847327014286224 -3
      vertex -9 13.5 -3
      vertex -8.883767269704208 13.5 -3
    endloop
  endfacet
  facet normal -1 0 0
    outer loop
      vertex -9 10.847327014286224 -3
      vertex -9 12.57347315653656 -1.9011271242968684
      vertex -9 13.5 -3
    endloop
  endfacet
  facet normal -1 0 0
    outer loop
      vertex -9 10.496117935463106 -2.9613728757031317
      vertex -9 6.5 -3
      vertex -9 12.381117935463106 -1.272219596657398
    endloop
  endfacet
  facet normal -1 0 0
    outer loop
      vertex -9 10.496117935463106 -2.9613728757031317
      vertex -9 12.381117935463106 -1.272219596657398
      vertex -9 10.615 -2.875
    endloop
  endfacet
  facet normal -1 0 0
    outer loop
      vertex -9 13.5 -3
      vertex -9 12.57347315653656 -1.9011271242968684
      vertex -9 12.618882064536894 -1.7613728757031315
    endloop
  endfacet
  facet normal -1 0 0
    outer loop
      vertex -9 10.615 -2.875
      vertex -9 12.381117935463106 -1.272219596657398
      vertex -9 12.381117935463106 -1.750680889890861
    endloop
  endfacet
  facet normal 0 1 0
    outer loop
      vertex -9 13.5 -3
      vertex -9 13.5 0
      vertex -8.883767269704208 13.5 -3
    endloop
  endfacet
  facet normal 0 0 -1
    outer loop
      vertex -9 10.847327014286224 -3
      vertex -8.883767269704208 13.5 -3
      vertex -8.594170108823342 10.847327014286224 -3
    endloop
  endfacet
  facet normal -1 0 0
    outer loop
      vertex -9 12.381117935463106 -1.272219596657398
      vertex -9 6.5 -3
      vertex -9 10.54152684346344 -0.10112712429686832
    endloop
  endfacet
  facet normal -1 0 0
    outer loop
      vertex -9 13.5 -3
      vertex -9 12.618882064536894 -1.7613728757031315
      vertex -9 13.5 0
    endloop
  endfacet
  facet normal -1 0 0
    outer loop
      vertex -9 12.618882064536894 -1.7613728757031315
      vertex -9 12.618882064536894 -1.1613728757031316
      vertex -9 13.5 0
    endloop
  endfacet
  facet normal 0 1 0
    outer loop
      vertex -8.883767269704208 13.5 -3
      vertex -9 13.5 0
      vertex -8.883767269704208 13.5 0
    endloop
  endfacet
  facet normal -1 0 0
    outer loop
      vertex -9 10.508668648955995 0
      vertex -9 6.5 -1
      vertex -9 -6.5 -1
    endloop
  endfacet
  facet normal -1 0 0
    outer loop
      vertex -9 10.54152684346344 -0.10112712429686832
      vertex -9 6.5 -1
      vertex -9 10.508668648955995 0
    endloop
  endfacet
  facet normal 0 0 1
    outer loop
      vertex -9 10.508668648955995 0
      vertex -3 -7.5 0
      vertex -3 7.5 0
    endloop
  endfacet
  facet normal -1 0 0
    outer loop
      vertex -9 12.618882064536894 -1.1613728757031316
      vertex -9 12.5 -1.075
      vertex -9 13.5 0
    endloop
  endfacet
  facet normal -1 0 0
    outer loop
      vertex -9 12.5 -1.075
      vertex -9 10.811354166666666 0
      vertex -9 13.5 0
    endloop
  endfacet
  facet normal 0 1 0
    outer loop
      vertex -1 13.5 -2.6
      vertex -1 13.5 0
      vertex 0 13.5 -2.6
    endloop
  endfacet
  facet normal 0 1 0
    outer loop
      vertex 0 13.5 -2.6
      vertex -1 13.5 0
      vertex 0 13.5 0
    endloop
  endfacet
  facet normal 0 0 1
    outer loop
      vertex -9 10.508668648955995 0
      vertex -3 7.5 0
      vertex 0 7.5 0
    endloop
  endfacet
  facet normal 0 0 1
    outer loop
      vertex -9 10.508668648955995 0
      vertex 0 7.5 0
      vertex 5 7.5 0
    endloop
  endfacet
  facet normal 0 0 1
    outer loop
      vertex 5 -7.5 0
      vertex 5 7.5 0
      vertex 0 7.5 0
    endloop
  endfacet
  facet normal 0 0 1
    outer loop
      vertex -9 10.508668648955995 0
      vertex 5 7.5 0
      vertex 29 7.5 0
    endloop
  endfacet
  facet normal 0 0 1
    outer loop
      vertex -9 10.811354166666666 0
      vertex 29.5 10.811354166666668 0
      vertex -9 13.5 0
    endloop
  endfacet
  facet normal 0 0 1
    outer loop
      vertex -9 13.5 0
      vertex 29.5 10.811354166666668 0
      vertex -8.883767269704208 13.5 0
    endloop
  endfacet
  facet normal 0 0 1
    outer loop
      vertex -8.883767269704208 13.5 0
      vertex 29.5 10.811354166666668 0
      vertex -1.2943198598123686 13.5 0
    endloop
  endfacet
  facet normal 0 0 1
    outer loop
      vertex -1.2943198598123686 13.5 0
      vertex 29.5 10.811354166666668 0
      vertex -1 13.5 0
    endloop
  endfacet
  facet normal 0 0 1
    outer loop
      vertex -1 13.5 0
      vertex 29.5 10.811354166666668 0
      vertex 0 13.5 0
    endloop
  endfacet
  facet normal 0 0 1
    outer loop
      vertex 0 13.5 0
      vertex 29.5 10.811354166666668 0
      vertex 1.4061264466995205 13.5 0
    endloop
  endfacet
  facet normal 0 -1 0
    outer loop
      vertex 5 -13.5 -2.6
      vertex 30 -13.5 0
      vertex 5 -13.5 0
    endloop
  endfacet
  facet normal 0 -1 0
    outer loop
      vertex 5 -13.5 -2.6
      vertex 30 -13.5 -2.6
      vertex 30 -13.5 0
    endloop
  endfacet
  facet normal 0 0 1
    outer loop
      vertex -9 -10.811354166666666 0
      vertex 30 -13.5 0
      vertex 33.64293785710993 -13.5 0
    endloop
  endfacet
  facet normal 0 0 1
    outer loop
      vertex -9 -10.811354166666666 0
      vertex 33.64293785710993 -13.5 0
      vertex 29.5 -10.811354166666668 0
    endloop
  endfacet
  facet normal 0 0 1
    outer loop
      vertex 5 -7.5 0
      vertex 29 -10.508668648955995 0
      vertex 29 -7.5 0
    endloop
  endfacet
  facet normal 0 -1 0
    outer loop
      vertex 35 -13.5 -2.6
      vertex 35.61623273029579 -13.5 -2.6
      vertex 35.61623273029579 -13.5 0
    endloop
  endfacet
  facet normal 0 -1 0
    outer loop
      vertex 35 -13.5 -2.6
      vertex 35.61623273029579 -13.5 0
      vertex 35 -13.5 0
    endloop
  endfacet
  facet normal 0 0 1
    outer loop
      vertex 29.5 -10.811354166666668 0
      vertex 33.64293785710993 -13.5 0
      vertex 35 -13.5 0
    endloop
  endfacet
  facet normal 0 0 1
    outer loop
      vertex 29.5 -10.811354166666668 0
      vertex 35 -13.5 0
      vertex 35.61623273029579 -13.5 0
    endloop
  endfacet
  facet normal 0 0 1
    outer loop
      vertex 29.5 -10.811354166666668 0
      vertex 35.61623273029579 -13.5 0
      vertex 34.5 -12.5 0
    endloop
  endfacet
  facet normal 0 0 1
    outer loop
      vertex 29.5 -10.811354166666668 0
      vertex 34.5 -12.5 0
      vertex 30 13.5 0
    endloop
  endfacet
  facet normal 0 0 1
    outer loop
      vertex 35.61623273029579 -13.5 0
      vertex 36.5 -12.5 0
      vertex 34.5 -12.5 0
    endloop
  endfacet
  facet normal 0 0 1
    outer loop
      vertex 35.61623273029579 -13.5 0
      vertex 41.01641861504794 -13.5 0
      vertex 36.5 -12.5 0
    endloop
  endfacet
  facet normal 0 0 1
    outer loop
      vertex 41.01641861504794 -13.5 0
      vertex 36.5 12.5 0
      vertex 36.5 -12.5 0
    endloop
  endfacet
  facet normal 0 1 0
    outer loop
      vertex 5 13.5 -2.6
      vertex 5 13.5 0
      vertex 30 13.5 -2.6
    endloop
  endfacet
  facet normal 0 1 0
    outer loop
      vertex 5 13.5 0
      vertex 30 13.5 0
      vertex 30 13.5 -2.6
    endloop
  endfacet
  facet normal 0 0 1
    outer loop
      vertex 1.4061264466995205 13.5 0
      vertex 29.5 10.811354166666668 0
      vertex 5 13.5 0
    endloop
  endfacet
  facet normal 0 0 1
    outer loop
      vertex -9 10.508668648955995 0
      vertex 29 7.5 0
      vertex 29 10.508668648955995 0
    endloop
  endfacet
  facet normal 0 0 1
    outer loop
      vertex 5 13.5 0
      vertex 29.5 10.811354166666668 0
      vertex 30 13.5 0
    endloop
  endfacet
  facet normal 0 1 0
    outer loop
      vertex 35 13.5 -2.6
      vertex 35 13.5 0
      vertex 35.61623273029579 13.5 -2.6
    endloop
  endfacet
  facet normal 0 1 0
    outer loop
      vertex 35.61623273029579 13.5 -2.6
      vertex 35 13.5 0
      vertex 35.61623273029579 13.5 0
    endloop
  endfacet
  facet normal 0 0 1
    outer loop
      vertex 29.5 -10.811354166666668 0
      vertex 30 13.5 0
      vertex 29.5 10.811354166666668 0
    endloop
  endfacet
  facet normal 0 0 1
    outer loop
      vertex 31.357062142890072 13.5 0
      vertex 34.5 -12.5 0
      vertex 34.5 12.5 0
    endloop
  endfacet
  facet normal 0 0 1
    outer loop
      vertex 30 13.5 0
      vertex 34.5 -12.5 0
      vertex 31.357062142890072 13.5 0
    endloop
  endfacet
  facet normal 0 0 1
    outer loop
      vertex 31.357062142890072 13.5 0
      vertex 34.5 12.5 0
      vertex 35 13.5 0
    endloop
  endfacet
  facet normal 0 0 1
    outer loop
      vertex 35 13.5 0
      vertex 34.5 12.5 0
      vertex 35.61623273029579 13.5 0
    endloop
  endfacet
  facet normal 0 0 1
    outer loop
      vertex 41.01641861504794 -13.5 0
      vertex 42.4431568574672 13.5 0
      vertex 36.5 12.5 0
    endloop
  endfacet
  facet normal 0 0 1
    outer loop
      vertex 35.61623273029579 13.5 0
      vertex 34.5 12.5 0
      vertex 36.5 12.5 0
    endloop
  endfacet
  facet normal 0 0 1
    outer loop
      vertex 35.61623273029579 13.5 0
      vertex 36.5 12.5 0
      vertex 42.4431568574672 13.5 0
    endloop
  endfacet
  facet normal 0.707106781186549 0.707106781186546 0
    outer loop
      vertex -6.515544456622767 -34.375 -3
      vertex -6.515544456622767 -34.375 0
      vertex -5.875 -35.01554445662277 -3
    endloop
  endfacet
  facet normal 0.9659258262890682 0.258819045102521 0
    outer loop
      vertex -6.75 -33.5 -3
      vertex -6.75 -33.5 0
      vertex -6.515544456622767 -34.375 -3
    endloop
  endfacet
  facet normal 0.9659258262890682 -0.258819045102521 0
    outer loop
      vertex -6.75 -33.5 -3
      vertex -6.515544456622767 -32.625 -3
      vertex -6.515544456622767 -32.625 0
    endloop
  endfacet
  facet normal 0.2588190451025183 0.965925826289069 0
    outer loop
      vertex -5.875 -35.01554445662277 -3
      vertex -5.875 -35.01554445662277 0
      vertex -5 -35.25 -3
    endloop
  endfacet
  facet normal 0.707106781186547 -0.707106781186548 0
    outer loop
      vertex -6.515544456622767 -32.625 -3
      vertex -5.875 -31.984455543377234 -3
      vertex -5.875 -31.984455543377234 0
    endloop
  endfacet
  facet normal 0.2588190451025219 -0.9659258262890679 0
    outer loop
      vertex -5.875 -31.984455543377234 -3
      vertex -5 -31.75 -3
      vertex -5 -31.75 0
    endloop
  endfacet
  facet normal 0.25881904510251846 0.9659258262890689 6.520872192126627e-17
    outer loop
      vertex -5 -35.25 -3
      vertex -5.875 -35.01554445662277 0
      vertex -5.069853434686875 -35.23128282858711 0
    endloop
  endfacet
  facet normal 0.25881904510251585 0.9659258262890695 0
    outer loop
      vertex -5 -35.25 -3
      vertex -5.069853434686875 -35.23128282858711 0
      vertex -5 -35.25 0
    endloop
  endfacet
  facet normal 0.9659258262890682 0.258819045102521 0
    outer loop
      vertex -6.515544456622767 -34.375 -3
      vertex -6.75 -33.5 0
      vertex -6.515544456622767 -34.375 0
    endloop
  endfacet
  facet normal 0.707106781186549 0.707106781186546 0
    outer loop
      vertex -5.875 -35.01554445662277 -3
      vertex -6.515544456622767 -34.375 0
      vertex -5.875 -35.01554445662277 0
    endloop
  endfacet
  facet normal 0.9659258262890682 -0.258819045102521 0
    outer loop
      vertex -6.75 -33.5 -3
      vertex -6.515544456622767 -32.625 0
      vertex -6.75 -33.5 0
    endloop
  endfacet
  facet normal 0.707106781186547 -0.707106781186548 0
    outer loop
      vertex -6.515544456622767 -32.625 -3
      vertex -5.875 -31.984455543377234 0
      vertex -6.515544456622767 -32.625 0
    endloop
  endfacet
  facet normal 0.2588190451025219 -0.9659258262890679 0
    outer loop
      vertex -5.875 -31.984455543377234 -3
      vertex -5 -31.75 0
      vertex -5.875 -31.984455543377234 0
    endloop
  endfacet
  facet normal -0.2588190451025183 0.965925826289069 0
    outer loop
      vertex -5 -35.25 -3
      vertex -5 -35.25 0
      vertex -4.125 -35.01554445662277 -3
    endloop
  endfacet
  facet normal -0.707106781186549 0.707106781186546 0
    outer loop
      vertex -4.125 -35.01554445662277 -3
      vertex -4.125 -35.01554445662277 0
      vertex -3.4844555433772326 -34.375 -3
    endloop
  endfacet
  facet normal -0.9659258262890682 0.258819045102521 0
    outer loop
      vertex -3.4844555433772326 -34.375 -3
      vertex -3.4844555433772326 -34.375 0
      vertex -3.25 -33.5 -3
    endloop
  endfacet
  facet normal -0.9659258262890627 -0.2588190451025418 -6.496693000909977e-15
    outer loop
      vertex -3.4800383312127847 -32.64148526022553 -3
      vertex -3.25 -33.5 0
      vertex -3.4844555433772326 -32.625 -3
    endloop
  endfacet
  facet normal -0.9659258262890682 -0.25881904510252063 0
    outer loop
      vertex -3.25 -33.5 -3
      vertex -3.25 -33.5 0
      vertex -3.4800383312127847 -32.64148526022553 -3
    endloop
  endfacet
  facet normal -0.2588190451025219 -0.9659258262890679 0
    outer loop
      vertex -5 -31.75 -3
      vertex -4.125 -31.984455543377234 -3
      vertex -4.125 -31.984455543377234 0
    endloop
  endfacet
  facet normal -0.707106781186547 -0.707106781186548 0
    outer loop
      vertex -4.125 -31.984455543377234 -3
      vertex -3.4844555433772326 -32.625 -3
      vertex -3.4844555433772326 -32.625 0
    endloop
  endfacet
  facet normal -0.2588190451025183 0.965925826289069 0
    outer loop
      vertex -4.125 -35.01554445662277 -3
      vertex -5 -35.25 0
      vertex -4.125 -35.01554445662277 0
    endloop
  endfacet
  facet normal -0.707106781186549 0.707106781186546 0
    outer loop
      vertex -3.4844555433772326 -34.375 -3
      vertex -4.125 -35.01554445662277 0
      vertex -3.4844555433772326 -34.375 0
    endloop
  endfacet
  facet normal -0.9659258262890682 -0.258819045102521 0
    outer loop
      vertex -3.4844555433772326 -32.625 -3
      vertex -3.25 -33.5 0
      vertex -3.4844555433772326 -32.625 0
    endloop
  endfacet
  facet normal -0.9659258262890682 0.258819045102521 0
    outer loop
      vertex -3.25 -33.5 -3
      vertex -3.4844555433772326 -34.375 0
      vertex -3.25 -33.5 0
    endloop
  endfacet
  facet normal -0.2588190451025217 -0.9659258262890681 0
    outer loop
      vertex -5 -31.75 -3
      vertex -4.220171894258428 -31.958954311168547 0
      vertex -5 -31.75 0
    endloop
  endfacet
  facet normal -0.25881904510252385 -0.9659258262890675 5.63397997267054e-16
    outer loop
      vertex -5 -31.75 -3
      vertex -4.125 -31.984455543377234 0
      vertex -4.220171894258428 -31.958954311168547 0
    endloop
  endfacet
  facet normal -0.707106781186547 -0.707106781186548 0
    outer loop
      vertex -4.125 -31.984455543377234 -3
      vertex -3.4844555433772326 -32.625 0
      vertex -4.125 -31.984455543377234 0
    endloop
  endfacet
  facet normal 0.707106781186547 0.707106781186548 0
    outer loop
      vertex -6.515544456622767 32.625 -3
      vertex -6.515544456622767 32.625 0
      vertex -5.875 31.984455543377234 -3
    endloop
  endfacet
  facet normal 0.2588190451025219 0.9659258262890679 0
    outer loop
      vertex -5.875 31.984455543377234 -3
      vertex -5.875 31.984455543377234 0
      vertex -5 31.75 -3
    endloop
  endfacet
  facet normal 0.9659258262890682 0.258819045102521 0
    outer loop
      vertex -6.515544456622767 32.625 -3
      vertex -6.75 33.5 -3
      vertex -6.75 33.5 0
    endloop
  endfacet
  facet normal 0.9659258262890682 -0.258819045102521 0
    outer loop
      vertex -6.75 33.5 -3
      vertex -6.515544456622767 34.375 -3
      vertex -6.515544456622767 34.375 0
    endloop
  endfacet
  facet normal 0.707106781186549 -0.707106781186546 0
    outer loop
      vertex -6.515544456622767 34.375 -3
      vertex -5.875 35.01554445662277 -3
      vertex -5.875 35.01554445662277 0
    endloop
  endfacet
  facet normal 0.2588190451025183 -0.965925826289069 0
    outer loop
      vertex -5.875 35.01554445662277 -3
      vertex -5 35.25 -3
      vertex -5 35.25 0
    endloop
  endfacet
  facet normal 0.707106781186547 0.707106781186548 0
    outer loop
      vertex -5.875 31.984455543377234 -3
      vertex -6.515544456622767 32.625 0
      vertex -5.875 31.984455543377234 0
    endloop
  endfacet
  facet normal 0.2588190451025219 0.9659258262890679 0
    outer loop
      vertex -5 31.75 -3
      vertex -5.875 31.984455543377234 0
      vertex -5 31.75 0
    endloop
  endfacet
  facet normal 0.9659258262890682 0.258819045102521 0
    outer loop
      vertex -6.515544456622767 32.625 -3
      vertex -6.75 33.5 0
      vertex -6.515544456622767 32.625 0
    endloop
  endfacet
  facet normal 0.9659258262890682 -0.258819045102521 0
    outer loop
      vertex -6.75 33.5 -3
      vertex -6.515544456622767 34.375 0
      vertex -6.75 33.5 0
    endloop
  endfacet
  facet normal 0.707106781186549 -0.707106781186546 0
    outer loop
      vertex -6.515544456622767 34.375 -3
      vertex -5.875 35.01554445662277 0
      vertex -6.515544456622767 34.375 0
    endloop
  endfacet
  facet normal 0.25881904510252046 -0.9659258262890684 0
    outer loop
      vertex -5.875 35.01554445662277 -3
      vertex -5.020999501937046 35.244373200414515 0
      vertex -5.875 35.01554445662277 0
    endloop
  endfacet
  facet normal 0.25881904510243137 -0.9659258262890922 2.723602608966295e-14
    outer loop
      vertex -5.875 35.01554445662277 -3
      vertex -5 35.25 0
      vertex -5.020999501937046 35.244373200414515 0
    endloop
  endfacet
  facet normal -0.2588190451025219 0.9659258262890679 0
    outer loop
      vertex -5 31.75 -3
      vertex -5 31.75 0
      vertex -4.125 31.984455543377234 -3
    endloop
  endfacet
  facet normal -0.707106781186547 0.707106781186548 0
    outer loop
      vertex -4.125 31.984455543377234 -3
      vertex -4.125 31.984455543377234 0
      vertex -3.4844555433772326 32.625 -3
    endloop
  endfacet
  facet normal -0.2588190451025183 -0.965925826289069 0
    outer loop
      vertex -4.125 35.01554445662277 -3
      vertex -4.125 35.01554445662277 0
      vertex -5 35.25 -3
    endloop
  endfacet
  facet normal -0.9659258262890682 0.258819045102521 0
    outer loop
      vertex -3.4844555433772326 32.625 -3
      vertex -3.4844555433772326 32.625 0
      vertex -3.25 33.5 -3
    endloop
  endfacet
  facet normal -0.9659258262890682 -0.258819045102521 0
    outer loop
      vertex -3.4844555433772326 34.375 -3
      vertex -3.25 33.5 -3
      vertex -3.25 33.5 0
    endloop
  endfacet
  facet normal -0.707106781186549 -0.707106781186546 0
    outer loop
      vertex -4.125 35.01554445662277 -3
      vertex -3.4844555433772326 34.375 -3
      vertex -3.4844555433772326 34.375 0
    endloop
  endfacet
  facet normal -0.2588190451025219 0.9659258262890679 0
    outer loop
      vertex -4.125 31.984455543377234 -3
      vertex -5 31.75 0
      vertex -4.125 31.984455543377234 0
    endloop
  endfacet
  facet normal -0.707106781186547 0.707106781186548 0
    outer loop
      vertex -3.4844555433772326 32.625 -3
      vertex -4.125 31.984455543377234 0
      vertex -3.4844555433772326 32.625 0
    endloop
  endfacet
  facet normal -0.707106781186549 -0.707106781186546 0
    outer loop
      vertex -4.125 35.01554445662277 -3
      vertex -3.4844555433772326 34.375 0
      vertex -4.125 35.01554445662277 0
    endloop
  endfacet
  facet normal -0.965925826289068 0.25881904510252207 3.19814895630559e-16
    outer loop
      vertex -3.25 33.5 -3
      vertex -3.4844555433772326 32.625 0
      vertex -3.4020949983371738 32.93237373862856 0
    endloop
  endfacet
  facet normal -0.9659258262890683 0.25881904510252046 0
    outer loop
      vertex -3.25 33.5 -3
      vertex -3.4020949983371738 32.93237373862856 0
      vertex -3.25 33.5 0
    endloop
  endfacet
  facet normal -0.9659258262890682 -0.258819045102521 0
    outer loop
      vertex -3.4844555433772326 34.375 -3
      vertex -3.25 33.5 0
      vertex -3.4844555433772326 34.375 0
    endloop
  endfacet
  facet normal -0.2588190451025183 -0.965925826289069 0
    outer loop
      vertex -5 35.25 -3
      vertex -4.125 35.01554445662277 0
      vertex -5 35.25 0
    endloop
  endfacet
  facet normal 0.7071067811865475 0.7071067811865475 0
    outer loop
      vertex 37.98445554337723 -34.375 -3
      vertex 37.98445554337723 -34.375 0
      vertex 38.625 -35.01554445662277 -3
    endloop
  endfacet
  facet normal 0.965925826289069 0.2588190451025183 0
    outer loop
      vertex 37.75 -33.5 -3
      vertex 37.75 -33.5 0
      vertex 37.98445554337723 -34.375 -3
    endloop
  endfacet
  facet normal 0.965925826289066 -0.2588190451025293 3.43999452699144e-15
    outer loop
      vertex 37.75 -33.5 -3
      vertex 37.77801775591113 -33.395436311425605 -3
      vertex 37.98445554337723 -32.625 0
    endloop
  endfacet
  facet normal 0.9659258262890693 -0.2588190451025168 0
    outer loop
      vertex 37.77801775591113 -33.395436311425605 -3
      vertex 37.98445554337723 -32.625 -3
      vertex 37.98445554337723 -32.625 0
    endloop
  endfacet
  facet normal 0.2588190451025183 0.965925826289069 0
    outer loop
      vertex 39.5 -35.25 -3
      vertex 38.625 -35.01554445662277 -3
      vertex 38.625 -35.01554445662277 0
    endloop
  endfacet
  facet normal 0.7071067811865455 -0.7071067811865495 0
    outer loop
      vertex 37.98445554337723 -32.625 -3
      vertex 38.625 -31.984455543377234 -3
      vertex 38.625 -31.984455543377234 0
    endloop
  endfacet
  facet normal 0.2588190451025219 -0.9659258262890679 0
    outer loop
      vertex 38.625 -31.984455543377234 -3
      vertex 39.5 -31.75 -3
      vertex 39.5 -31.75 0
    endloop
  endfacet
  facet normal -0.2588190451025183 0.965925826289069 0
    outer loop
      vertex 39.5 -35.25 -3
      vertex 39.5 -35.25 0
      vertex 40.375 -35.01554445662277 -3
    endloop
  endfacet
  facet normal -0.7071067811865475 0.7071067811865475 0
    outer loop
      vertex 40.375 -35.01554445662277 -3
      vertex 40.375 -35.01554445662277 0
      vertex 41.01554445662277 -34.375 -3
    endloop
  endfacet
  facet normal -0.965925826289069 0.2588190451025183 0
    outer loop
      vertex 41.01554445662277 -34.375 -3
      vertex 41.01554445662277 -34.375 0
      vertex 41.25 -33.5 -3
    endloop
  endfacet
  facet normal -0.965925826289069 -0.2588190451025183 0
    outer loop
      vertex 41.25 -33.5 -3
      vertex 41.25 -33.5 0
      vertex 41.01554445662277 -32.625 -3
    endloop
  endfacet
  facet normal -0.2588190451025219 -0.9659258262890679 0
    outer loop
      vertex 39.5 -31.75 -3
      vertex 40.375 -31.984455543377234 -3
      vertex 40.375 -31.984455543377234 0
    endloop
  endfacet
  facet normal -0.7071067811865455 -0.7071067811865495 0
    outer loop
      vertex 40.375 -31.984455543377234 -3
      vertex 41.01554445662277 -32.625 -3
      vertex 41.01554445662277 -32.625 0
    endloop
  endfacet
  facet normal 0.2588190451025183 0.965925826289069 0
    outer loop
      vertex 39.5 -35.25 -3
      vertex 38.625 -35.01554445662277 0
      vertex 39.5 -35.25 0
    endloop
  endfacet
  facet normal 0.965925826289069 0.2588190451025183 0
    outer loop
      vertex 37.98445554337723 -34.375 -3
      vertex 37.75 -33.5 0
      vertex 37.98445554337723 -34.375 0
    endloop
  endfacet
  facet normal 0.7071067811865475 0.7071067811865475 0
    outer loop
      vertex 38.625 -35.01554445662277 -3
      vertex 37.98445554337723 -34.375 0
      vertex 38.625 -35.01554445662277 0
    endloop
  endfacet
  facet normal 0.965925826289069 -0.2588190451025183 0
    outer loop
      vertex 37.75 -33.5 -3
      vertex 37.98445554337723 -32.625 0
      vertex 37.75 -33.5 0
    endloop
  endfacet
  facet normal 0.7071067811865429 -0.7071067811865521 0
    outer loop
      vertex 37.98445554337723 -32.625 -3
      vertex 38.532718057264276 -32.07673748611296 0
      vertex 37.98445554337723 -32.625 0
    endloop
  endfacet
  facet normal 0.7071067811865611 -0.7071067811865339 -6.663848434706546e-15
    outer loop
      vertex 37.98445554337723 -32.625 -3
      vertex 38.625 -31.984455543377234 0
      vertex 38.532718057264276 -32.07673748611296 0
    endloop
  endfacet
  facet normal 0.2588190451025219 -0.9659258262890679 0
    outer loop
      vertex 38.625 -31.984455543377234 -3
      vertex 39.5 -31.75 0
      vertex 38.625 -31.984455543377234 0
    endloop
  endfacet
  facet normal -0.25881904510251325 0.9659258262890703 1.5662109402103928e-15
    outer loop
      vertex 40.375 -35.01554445662277 -3
      vertex 39.5 -35.25 0
      vertex 39.982146721021294 -35.120809175469034 0
    endloop
  endfacet
  facet normal -0.2588190451025244 0.9659258262890672 0
    outer loop
      vertex 40.375 -35.01554445662277 -3
      vertex 39.982146721021294 -35.120809175469034 0
      vertex 40.375 -35.01554445662277 0
    endloop
  endfacet
  facet normal -0.7071067811865475 0.7071067811865475 0
    outer loop
      vertex 41.01554445662277 -34.375 -3
      vertex 40.375 -35.01554445662277 0
      vertex 41.01554445662277 -34.375 0
    endloop
  endfacet
  facet normal -0.965925826289069 0.2588190451025183 0
    outer loop
      vertex 41.25 -33.5 -3
      vertex 41.01554445662277 -34.375 0
      vertex 41.25 -33.5 0
    endloop
  endfacet
  facet normal -0.965925826289069 -0.2588190451025183 0
    outer loop
      vertex 41.01554445662277 -32.625 -3
      vertex 41.25 -33.5 0
      vertex 41.01554445662277 -32.625 0
    endloop
  endfacet
  facet normal -0.2588190451025219 -0.9659258262890679 0
    outer loop
      vertex 39.5 -31.75 -3
      vertex 40.375 -31.984455543377234 0
      vertex 39.5 -31.75 0
    endloop
  endfacet
  facet normal -0.7071067811865455 -0.7071067811865495 0
    outer loop
      vertex 40.375 -31.984455543377234 -3
      vertex 41.01554445662277 -32.625 0
      vertex 40.375 -31.984455543377234 0
    endloop
  endfacet
  facet normal 0.7071067811865455 0.7071067811865495 0
    outer loop
      vertex 37.98445554337723 32.625 -3
      vertex 37.98445554337723 32.625 0
      vertex 38.625 31.984455543377234 -3
    endloop
  endfacet
  facet normal 0.2588190451025219 0.9659258262890679 0
    outer loop
      vertex 38.625 31.984455543377234 -3
      vertex 38.625 31.984455543377234 0
      vertex 39.5 31.75 -3
    endloop
  endfacet
  facet normal 0.9659258262890674 0.2588190451025243 -1.869389339352042e-15
    outer loop
      vertex 37.98445554337723 32.625 -3
      vertex 37.86981229373115 33.05285443242396 -3
      vertex 37.75 33.5 0
    endloop
  endfacet
  facet normal 0.9659258262890705 0.2588190451025126 0
    outer loop
      vertex 37.75 33.5 -3
      vertex 37.75 33.5 0
      vertex 37.86981229373115 33.05285443242396 -3
    endloop
  endfacet
  facet normal 0.965925826289069 -0.2588190451025183 0
    outer loop
      vertex 37.75 33.5 -3
      vertex 37.98445554337723 34.375 -3
      vertex 37.98445554337723 34.375 0
    endloop
  endfacet
  facet normal 0.7071067811865475 -0.7071067811865475 0
    outer loop
      vertex 37.98445554337723 34.375 -3
      vertex 38.625 35.01554445662277 -3
      vertex 38.625 35.01554445662277 0
    endloop
  endfacet
  facet normal 0.2588190451025183 -0.965925826289069 0
    outer loop
      vertex 38.625 35.01554445662277 -3
      vertex 39.5 35.25 -3
      vertex 39.5 35.25 0
    endloop
  endfacet
  facet normal -0.2588190451025219 0.9659258262890679 0
    outer loop
      vertex 39.5 31.75 -3
      vertex 39.5 31.75 0
      vertex 40.375 31.984455543377234 -3
    endloop
  endfacet
  facet normal -0.7071067811865455 0.7071067811865495 0
    outer loop
      vertex 40.375 31.984455543377234 -3
      vertex 40.375 31.984455543377234 0
      vertex 41.01554445662277 32.625 -3
    endloop
  endfacet
  facet normal -0.2588190451025183 -0.965925826289069 0
    outer loop
      vertex 39.5 35.25 -3
      vertex 40.375 35.01554445662277 -3
      vertex 40.375 35.01554445662277 0
    endloop
  endfacet
  facet normal -0.965925826289069 0.2588190451025183 0
    outer loop
      vertex 41.01554445662277 32.625 -3
      vertex 41.01554445662277 32.625 0
      vertex 41.25 33.5 -3
    endloop
  endfacet
  facet normal -0.965925826289069 -0.2588190451025183 0
    outer loop
      vertex 41.01554445662277 34.375 -3
      vertex 41.25 33.5 -3
      vertex 41.25 33.5 0
    endloop
  endfacet
  facet normal -0.7071067811865475 -0.7071067811865475 0
    outer loop
      vertex 40.375 35.01554445662277 -3
      vertex 41.01554445662277 34.375 -3
      vertex 41.01554445662277 34.375 0
    endloop
  endfacet
  facet normal 0.7071067811865476 0.7071067811865476 8.290525636425638e-16
    outer loop
      vertex 38.625 31.984455543377234 -3
      vertex 37.98445554337723 32.625 0
      vertex 38.29220445547892 32.31725108789831 0
    endloop
  endfacet
  facet normal 0.7071067811865438 0.7071067811865513 0
    outer loop
      vertex 38.625 31.984455543377234 -3
      vertex 38.29220445547892 32.31725108789831 0
      vertex 38.625 31.984455543377234 0
    endloop
  endfacet
  facet normal 0.2588190451025219 0.9659258262890679 0
    outer loop
      vertex 39.5 31.75 -3
      vertex 38.625 31.984455543377234 0
      vertex 39.5 31.75 0
    endloop
  endfacet
  facet normal 0.965925826289069 0.2588190451025183 0
    outer loop
      vertex 37.98445554337723 32.625 -3
      vertex 37.75 33.5 0
      vertex 37.98445554337723 32.625 0
    endloop
  endfacet
  facet normal 0.965925826289069 -0.2588190451025183 0
    outer loop
      vertex 37.75 33.5 -3
      vertex 37.98445554337723 34.375 0
      vertex 37.75 33.5 0
    endloop
  endfacet
  facet normal 0.7071067811865475 -0.7071067811865475 0
    outer loop
      vertex 37.98445554337723 34.375 -3
      vertex 38.625 35.01554445662277 0
      vertex 37.98445554337723 34.375 0
    endloop
  endfacet
  facet normal 0.2588190451025183 -0.965925826289069 0
    outer loop
      vertex 38.625 35.01554445662277 -3
      vertex 39.5 35.25 0
      vertex 38.625 35.01554445662277 0
    endloop
  endfacet
  facet normal -0.2588190451025219 0.9659258262890679 0
    outer loop
      vertex 40.375 31.984455543377234 -3
      vertex 39.5 31.75 0
      vertex 40.375 31.984455543377234 0
    endloop
  endfacet
  facet normal -0.7071067811865455 0.7071067811865495 0
    outer loop
      vertex 41.01554445662277 32.625 -3
      vertex 40.375 31.984455543377234 0
      vertex 41.01554445662277 32.625 0
    endloop
  endfacet
  facet normal -0.2588190451025244 -0.9659258262890672 1.9222022817608945e-15
    outer loop
      vertex 39.5 35.25 -3
      vertex 40.375 35.01554445662277 0
      vertex 39.982146721021294 35.120809175469034 0
    endloop
  endfacet
  facet normal -0.965925826289069 0.2588190451025183 0
    outer loop
      vertex 41.25 33.5 -3
      vertex 41.01554445662277 32.625 0
      vertex 41.25 33.5 0
    endloop
  endfacet
  facet normal -0.7071067811865475 -0.7071067811865475 0
    outer loop
      vertex 40.375 35.01554445662277 -3
      vertex 41.01554445662277 34.375 0
      vertex 40.375 35.01554445662277 0
    endloop
  endfacet
  facet normal -0.965925826289069 -0.2588190451025183 0
    outer loop
      vertex 41.01554445662277 34.375 -3
      vertex 41.25 33.5 0
      vertex 41.01554445662277 34.375 0
    endloop
  endfacet
  facet normal -0.25881904510251325 -0.9659258262890703 0
    outer loop
      vertex 39.5 35.25 -3
      vertex 39.982146721021294 35.120809175469034 0
      vertex 39.5 35.25 0
    endloop
  endfacet
  facet normal 1 0 0
    outer loop
      vertex 5 -7.5 -3
      vertex 5 -3.100000002980232 -3
      vertex 5 -7.5 0
    endloop
  endfacet
  facet normal 1 0 0
    outer loop
      vertex 5 -1.9 -3
      vertex 5 1.9 -3
      vertex 5 -1.9 -1
    endloop
  endfacet
  facet normal 1 0 0
    outer loop
      vertex 5 -7.5 0
      vertex 5 -3.100000002980232 -3
      vertex 5 -3.100000002980232 -1
    endloop
  endfacet
  facet normal 1 0 0
    outer loop
      vertex 5 -7.5 0
      vertex 5 -3.100000002980232 -1
      vertex 5 -1.9 -1
    endloop
  endfacet
  facet normal 1 0 0
    outer loop
      vertex 5 -7.5 0
      vertex 5 -1.9 -1
      vertex 5 1.9 -1
    endloop
  endfacet
  facet normal 1 0 0
    outer loop
      vertex 5 7.5 -3
      vertex 5 3.100000002980232 -1
      vertex 5 3.100000002980232 -3
    endloop
  endfacet
  facet normal 1 0 0
    outer loop
      vertex 5 -1.9 -1
      vertex 5 1.9 -3
      vertex 5 1.9 -1
    endloop
  endfacet
  facet normal 1 0 0
    outer loop
      vertex 5 7.5 -3
      vertex 5 7.5 0
      vertex 5 3.100000002980232 -1
    endloop
  endfacet
  facet normal 1 0 0
    outer loop
      vertex 5 -7.5 0
      vertex 5 1.9 -1
      vertex 5 7.5 0
    endloop
  endfacet
  facet normal 1 0 0
    outer loop
      vertex 5 7.5 0
      vertex 5 1.9 -1
      vertex 5 3.100000002980232 -1
    endloop
  endfacet
  facet normal 0 1 0
    outer loop
      vertex 5 -7.5 -3
      vertex 5 -7.5 0
      vertex 29 -7.5 -3
    endloop
  endfacet
  facet normal 0 1 0
    outer loop
      vertex 5 -7.5 0
      vertex 29 -7.5 0
      vertex 29 -7.5 -3
    endloop
  endfacet
  facet normal 0 -1 0
    outer loop
      vertex 5 7.5 -3
      vertex 29 7.5 0
      vertex 5 7.5 0
    endloop
  endfacet
  facet normal 0 -1 0
    outer loop
      vertex 5 7.5 -3
      vertex 29 7.5 -3
      vertex 29 7.5 0
    endloop
  endfacet
endsolid OpenSCAD_Model
